{"type":"FeatureCollection", "features": [
{"type":"Feature","geometry":{"type":"Polygon","coordinates":[[[-66.67041,18.15294],[-66.6712,18.15316],[-66.67212,18.15311],[-66.67262,18.1526],[-66.67393,18.15168],[-66.67475,18.1514],[-66.67512,18.151],[-66.67581,18.1507],[-66.67606,18.15069],[-66.67653,18.151],[-66.67688,18.15095],[-66.67703,18.15111],[-66.67716,18.153],[-66.67654,18.15364],[-66.6756,18.15416],[-66.67553,18.15464],[-66.67558,18.15511],[-66.67615,18.15581],[-66.67635,18.15658],[-66.67697,18.15711],[-66.67702,18.15734],[-66.6766,18.15874],[-66.6768,18.16037],[-66.67564,18.16079],[-66.67463,18.16144],[-66.67458,18.1617],[-66.67364,18.1624],[-66.67317,18.16261],[-66.67193,18.16276],[-66.67088,18.16358],[-66.67062,18.16399],[-66.67031,18.16565],[-66.6704,18.16595],[-66.67157,18.16686],[-66.67153,18.1672],[-66.67081,18.16785],[-66.66937,18.16767],[-66.66797,18.16795],[-66.66774,18.16819],[-66.66759,18.17025],[-66.66717,18.17095],[-66.66577,18.17163],[-66.66485,18.17269],[-66.66465,18.17389],[-66.66479,18.17553],[-66.66556,18.17606],[-66.66635,18.17637],[-66.66723,18.17627],[-66.66791,18.17648],[-66.6683,18.17718],[-66.66897,18.17775],[-66.66957,18.17859],[-66.66979,18.1792],[-66.67078,18.18003],[-66.67196,18.18046],[-66.67292,18.18211],[-66.674,18.18238],[-66.6746,18.18272],[-66.6759,18.18296],[-66.67684,18.18368],[-66.67765,18.18476],[-66.67874,18.18543],[-66.68046,18.18611],[-66.68082,18.18647],[-66.68124,18.18771],[-66.68165,18.18813],[-66.68164,18.18868],[-66.68193,18.1901],[-66.68283,18.19132],[-66.68372,18.19214],[-66.68395,18.1931],[-66.68464,18.19386],[-66.68453,18.19525],[-66.68466,18.19606],[-66.68511,18.19721],[-66.68492,18.19751],[-66.68417,18.19769],[-66.68355,18.19827],[-66.68266,18.19875],[-66.68195,18.20003],[-66.68125,18.20077],[-66.68106,18.20255],[-66.68121,18.2042],[-66.68343,18.20599],[-66.68438,18.20759],[-66.6862,18.20875],[-66.68747,18.20994],[-66.68932,18.21094],[-66.69032,18.21133],[-66.69078,18.21179],[-66.69173,18.2121],[-66.69255,18.2149],[-66.69262,18.21629],[-66.69311,18.21695],[-66.69366,18.21705],[-66.69547,18.2158],[-66.6958,18.2157],[-66.6967,18.21563],[-66.69715,18.21575],[-66.69799,18.21557],[-66.69981,18.21612],[-66.70109,18.21735],[-66.70152,18.21749],[-66.70181,18.21751],[-66.70398,18.21677],[-66.70474,18.21667],[-66.70529,18.21701],[-66.706,18.2171],[-66.70737,18.21683],[-66.70784,18.21702],[-66.70831,18.21759],[-66.70886,18.21797],[-66.71007,18.21847],[-66.71099,18.21824],[-66.71353,18.22009],[-66.71547,18.22051],[-66.71592,18.2214],[-66.71649,18.22104],[-66.71781,18.22096],[-66.71847,18.22053],[-66.71879,18.22055],[-66.71979,18.22183],[-66.7201,18.22193],[-66.7228,18.2212],[-66.72331,18.22153],[-66.72462,18.22114],[-66.72565,18.22181],[-66.72608,18.22279],[-66.72648,18.22273],[-66.72668,18.22292],[-66.72661,18.22347],[-66.72679,18.2236],[-66.72946,18.2249],[-66.72973,18.22534],[-66.7301,18.22558],[-66.7306,18.22572],[-66.73134,18.22569],[-66.73192,18.2261],[-66.73271,18.22575],[-66.73339,18.22562],[-66.73455,18.22488],[-66.73598,18.22441],[-66.73672,18.22394],[-66.73744,18.2227],[-66.73812,18.22195],[-66.73849,18.22132],[-66.73907,18.2208],[-66.73931,18.22073],[-66.73957,18.22078],[-66.74125,18.22181],[-66.74274,18.22225],[-66.74318,18.22261],[-66.74432,18.22253],[-66.74563,18.22204],[-66.74625,18.22222],[-66.74694,18.22214],[-66.74811,18.22228],[-66.74838,18.22249],[-66.74962,18.22281],[-66.75062,18.2236],[-66.75151,18.22389],[-66.75272,18.22378],[-66.7534,18.22396],[-66.75405,18.22359],[-66.75555,18.2233],[-66.75584,18.22341],[-66.75623,18.22455],[-66.75678,18.22505],[-66.7583,18.22506],[-66.75913,18.22529],[-66.75996,18.22528],[-66.76063,18.22591],[-66.76078,18.22697],[-66.76045,18.22835],[-66.76066,18.22913],[-66.76111,18.22981],[-66.76273,18.23095],[-66.76171,18.23123],[-66.76155,18.23169],[-66.76161,18.23241],[-66.76286,18.23289],[-66.76405,18.23444],[-66.76386,18.23604],[-66.76421,18.23661],[-66.76429,18.23738],[-66.76683,18.23846],[-66.76806,18.2397],[-66.76849,18.24058],[-66.76893,18.24113],[-66.76964,18.24161],[-66.77092,18.24167],[-66.77272,18.2411],[-66.77364,18.24126],[-66.77466,18.2426],[-66.77498,18.24283],[-66.77598,18.24314],[-66.77669,18.24405],[-66.77773,18.24627],[-66.7777,18.24657],[-66.7774,18.24705],[-66.77738,18.2474],[-66.7775,18.24754],[-66.77849,18.24837],[-66.77989,18.24885],[-66.78238,18.25057],[-66.78283,18.2504],[-66.78327,18.24974],[-66.78367,18.2494],[-66.78482,18.2491],[-66.78519,18.24874],[-66.78624,18.24859],[-66.78656,18.2486],[-66.78811,18.24954],[-66.78964,18.24997],[-66.79091,18.24977],[-66.79186,18.25008],[-66.79292,18.25004],[-66.7946,18.24985],[-66.79479,18.24971],[-66.79496,18.24924],[-66.79451,18.24881],[-66.79449,18.24801],[-66.7942,18.24783],[-66.7941,18.24739],[-66.79422,18.24696],[-66.79442,18.24682],[-66.79461,18.24713],[-66.79487,18.24707],[-66.7953,18.24585],[-66.79526,18.24518],[-66.79472,18.24479],[-66.79472,18.24456],[-66.79547,18.24378],[-66.79545,18.24352],[-66.795,18.2434],[-66.7948,18.24319],[-66.79489,18.24292],[-66.79506,18.24278],[-66.79608,18.24253],[-66.79637,18.24269],[-66.79624,18.2433],[-66.79632,18.24365],[-66.79741,18.24331],[-66.79772,18.24333],[-66.79794,18.2437],[-66.79899,18.24367],[-66.80001,18.24297],[-66.80036,18.24235],[-66.8004,18.24171],[-66.80069,18.24119],[-66.80073,18.24022],[-66.79952,18.24032],[-66.79923,18.24018],[-66.79919,18.23996],[-66.79964,18.23955],[-66.79988,18.23869],[-66.80029,18.23835],[-66.80034,18.23791],[-66.80014,18.23757],[-66.79957,18.23733],[-66.80017,18.23539],[-66.79998,18.23402],[-66.79873,18.2304],[-66.79893,18.2297],[-66.79968,18.22853],[-66.80047,18.22784],[-66.80205,18.22743],[-66.80341,18.22741],[-66.80513,18.22812],[-66.80735,18.2284],[-66.80803,18.22828],[-66.80985,18.22938],[-66.81068,18.22893],[-66.81172,18.22876],[-66.81296,18.22916],[-66.81416,18.23006],[-66.81605,18.23031],[-66.8169,18.23008],[-66.81763,18.23034],[-66.81861,18.23044],[-66.81922,18.2308],[-66.82031,18.23099],[-66.8217,18.23187],[-66.82468,18.23262],[-66.82653,18.23244],[-66.82763,18.23217],[-66.83059,18.23099],[-66.83083,18.23072],[-66.83133,18.22951],[-66.83294,18.22889],[-66.83329,18.22803],[-66.83274,18.22799],[-66.83226,18.2277],[-66.83228,18.2267],[-66.83208,18.22605],[-66.83184,18.22578],[-66.83071,18.22521],[-66.8305,18.22497],[-66.83023,18.22397],[-66.82934,18.22302],[-66.82914,18.22107],[-66.82997,18.21972],[-66.83031,18.22075],[-66.8306,18.22092],[-66.83192,18.22107],[-66.83247,18.22148],[-66.83298,18.22117],[-66.83329,18.22068],[-66.8343,18.22004],[-66.83499,18.2186],[-66.83498,18.21829],[-66.83466,18.21763],[-66.8337,18.21672],[-66.83371,18.21621],[-66.83413,18.2154],[-66.83399,18.21478],[-66.83367,18.21484],[-66.83307,18.21531],[-66.83282,18.21517],[-66.83286,18.21486],[-66.83472,18.21109],[-66.83495,18.21019],[-66.83516,18.20994],[-66.83577,18.21037],[-66.83608,18.21041],[-66.83635,18.20952],[-66.83619,18.20899],[-66.83521,18.208],[-66.83473,18.20709],[-66.8347,18.20532],[-66.8341,18.20316],[-66.83415,18.20262],[-66.83455,18.20172],[-66.83446,18.20155],[-66.835,18.20043],[-66.83487,18.19893],[-66.83434,18.19771],[-66.83311,18.19658],[-66.83283,18.19615],[-66.83272,18.19563],[-66.83284,18.19514],[-66.8335,18.19433],[-66.83462,18.19383],[-66.8363,18.19345],[-66.83684,18.1932],[-66.83718,18.1928],[-66.83707,18.19246],[-66.83612,18.19126],[-66.8356,18.18922],[-66.83563,18.18737],[-66.83635,18.18567],[-66.83621,18.18544],[-66.83532,18.18514],[-66.83411,18.18425],[-66.83422,18.18397],[-66.83491,18.18377],[-66.83494,18.18269],[-66.83436,18.18236],[-66.8333,18.18227],[-66.83268,18.18189],[-66.832,18.18008],[-66.83179,18.1798],[-66.83126,18.17966],[-66.83001,18.17961],[-66.82878,18.17927],[-66.82738,18.17817],[-66.82685,18.17668],[-66.8269,18.17641],[-66.8276,18.17549],[-66.82763,18.17471],[-66.82717,18.17443],[-66.82529,18.17421],[-66.82481,18.17375],[-66.8248,18.17351],[-66.82495,18.17292],[-66.82532,18.17249],[-66.82577,18.17219],[-66.82678,18.17217],[-66.82719,18.17158],[-66.82722,18.17129],[-66.82705,18.1704],[-66.82655,18.16978],[-66.82595,18.1686],[-66.82456,18.16795],[-66.82409,18.16758],[-66.82394,18.16724],[-66.8241,18.16593],[-66.82533,18.16309],[-66.82585,18.16245],[-66.82595,18.16162],[-66.8263,18.16076],[-66.82626,18.16048],[-66.82579,18.15988],[-66.82476,18.15926],[-66.82427,18.15771],[-66.82297,18.15666],[-66.82181,18.15596],[-66.8215,18.15522],[-66.82106,18.15293],[-66.82055,18.15251],[-66.81996,18.15237],[-66.81957,18.15191],[-66.81905,18.15163],[-66.81793,18.15057],[-66.81673,18.1506],[-66.81587,18.15024],[-66.81416,18.14994],[-66.8134,18.14963],[-66.81214,18.14987],[-66.80982,18.14957],[-66.80928,18.14943],[-66.80722,18.14846],[-66.80602,18.14821],[-66.80481,18.14826],[-66.8041,18.14808],[-66.80396,18.14785],[-66.80376,18.14646],[-66.80344,18.14565],[-66.80366,18.14426],[-66.80337,18.14245],[-66.80377,18.1412],[-66.80359,18.14064],[-66.80325,18.14039],[-66.80257,18.14027],[-66.80174,18.13982],[-66.80081,18.13835],[-66.79984,18.13803],[-66.79946,18.13771],[-66.79905,18.13695],[-66.79899,18.13578],[-66.79876,18.13544],[-66.7977,18.13461],[-66.79757,18.13353],[-66.79718,18.13315],[-66.79667,18.13306],[-66.79629,18.13323],[-66.79555,18.13392],[-66.79474,18.13425],[-66.79444,18.13422],[-66.79382,18.13368],[-66.79343,18.13355],[-66.79252,18.13386],[-66.79187,18.13457],[-66.79155,18.13468],[-66.79,18.13466],[-66.78934,18.13439],[-66.78863,18.13446],[-66.788,18.13492],[-66.7867,18.13677],[-66.78519,18.13732],[-66.78488,18.13766],[-66.78447,18.13859],[-66.78414,18.13873],[-66.78372,18.13852],[-66.78302,18.13714],[-66.78199,18.13627],[-66.78125,18.13602],[-66.78012,18.13591],[-66.77932,18.13542],[-66.77842,18.1352],[-66.77804,18.13487],[-66.77779,18.13441],[-66.77726,18.13403],[-66.77579,18.13385],[-66.77529,18.13345],[-66.77506,18.13307],[-66.77475,18.13295],[-66.77443,18.13311],[-66.77362,18.13399],[-66.77149,18.13403],[-66.77025,18.13493],[-66.76912,18.13502],[-66.76744,18.13505],[-66.76628,18.13477],[-66.76574,18.13355],[-66.76522,18.13305],[-66.76463,18.1327],[-66.76364,18.13252],[-66.7631,18.13228],[-66.76154,18.13107],[-66.76124,18.13061],[-66.76106,18.12997],[-66.76086,18.12977],[-66.75978,18.12952],[-66.75919,18.1291],[-66.75844,18.12714],[-66.75677,18.12534],[-66.75664,18.12477],[-66.75707,18.12372],[-66.75608,18.12301],[-66.75628,18.12249],[-66.75624,18.12228],[-66.75527,18.12085],[-66.7547,18.11955],[-66.7539,18.11902],[-66.75328,18.11805],[-66.75335,18.11752],[-66.75316,18.11721],[-66.7522,18.11692],[-66.75169,18.11595],[-66.75106,18.11513],[-66.75064,18.11487],[-66.75052,18.11441],[-66.75025,18.11413],[-66.74962,18.11376],[-66.74932,18.1138],[-66.74753,18.11453],[-66.74729,18.1154],[-66.74681,18.11555],[-66.74618,18.11598],[-66.74414,18.11589],[-66.74335,18.11671],[-66.74282,18.11701],[-66.74127,18.11739],[-66.74037,18.11745],[-66.73959,18.11717],[-66.73879,18.11615],[-66.73787,18.11589],[-66.73668,18.11578],[-66.73612,18.11492],[-66.73438,18.11385],[-66.73334,18.11345],[-66.73167,18.11191],[-66.73138,18.1119],[-66.73063,18.11252],[-66.72987,18.11241],[-66.72887,18.11252],[-66.72863,18.11269],[-66.72846,18.1131],[-66.72734,18.11332],[-66.72664,18.1151],[-66.72628,18.11559],[-66.72532,18.11634],[-66.72503,18.11695],[-66.72509,18.11765],[-66.72563,18.11884],[-66.72581,18.1197],[-66.72527,18.12073],[-66.72512,18.12134],[-66.72407,18.12215],[-66.72353,18.12301],[-66.72239,18.12376],[-66.72152,18.12531],[-66.72108,18.12585],[-66.71988,18.12635],[-66.7192,18.12741],[-66.71864,18.12788],[-66.71769,18.12799],[-66.71748,18.12899],[-66.71701,18.12977],[-66.71696,18.13026],[-66.71718,18.13156],[-66.71704,18.13176],[-66.71464,18.13198],[-66.7135,18.13181],[-66.71326,18.13085],[-66.71301,18.13042],[-66.71229,18.12965],[-66.7112,18.12931],[-66.71102,18.12866],[-66.71041,18.12815],[-66.71008,18.12825],[-66.70951,18.12926],[-66.70922,18.1294],[-66.70858,18.12908],[-66.70762,18.12958],[-66.7064,18.12945],[-66.70563,18.12969],[-66.70393,18.12964],[-66.70332,18.12937],[-66.70269,18.12884],[-66.70229,18.1294],[-66.70088,18.13033],[-66.70044,18.13082],[-66.69863,18.13084],[-66.69805,18.13062],[-66.69739,18.13086],[-66.69625,18.13068],[-66.69513,18.13091],[-66.69464,18.13084],[-66.69403,18.13054],[-66.69239,18.1302],[-66.6915,18.12978],[-66.69088,18.1297],[-66.69025,18.12999],[-66.68978,18.13075],[-66.68839,18.13105],[-66.68793,18.13146],[-66.68659,18.13176],[-66.68546,18.13157],[-66.68506,18.13177],[-66.6847,18.13172],[-66.68348,18.13078],[-66.68152,18.13019],[-66.68088,18.12957],[-66.68038,18.12956],[-66.67939,18.13007],[-66.67801,18.12976],[-66.67762,18.12978],[-66.67662,18.13024],[-66.67669,18.13114],[-66.67653,18.13312],[-66.67566,18.13406],[-66.67465,18.13574],[-66.67415,18.13896],[-66.67297,18.14065],[-66.67265,18.14203],[-66.67212,18.14337],[-66.67201,18.14456],[-66.67193,18.14485],[-66.67171,18.14493],[-66.67188,18.14544],[-66.67252,18.14591],[-66.67286,18.14663],[-66.6724,18.14766],[-66.67143,18.14913],[-66.67104,18.15026],[-66.67047,18.15091],[-66.67039,18.15155],[-66.67057,18.15217],[-66.67041,18.15294]]]},"properties":{"municipio":"Adjuntas","geoid":"72001","countyfp":"001","abrev_mun":"ADJ"}},
{"type":"Feature","geometry":{"type":"Polygon","coordinates":[[[-67.13227,18.38935],[-67.13299,18.38915],[-67.13382,18.38804],[-67.13382,18.38771],[-67.13311,18.38753],[-67.13311,18.38722],[-67.13331,18.38701],[-67.13371,18.38663],[-67.13492,18.38597],[-67.13583,18.38594],[-67.13861,18.38693],[-67.14113,18.38893],[-67.14154,18.38957],[-67.14138,18.3901],[-67.14062,18.39121],[-67.14072,18.39181],[-67.14091,18.39193],[-67.14176,18.39167],[-67.14243,18.39091],[-67.14285,18.39086],[-67.14427,18.39153],[-67.14438,18.39199],[-67.14417,18.39257],[-67.14448,18.39289],[-67.145,18.39306],[-67.14521,18.39296],[-67.14579,18.39193],[-67.14602,18.39181],[-67.14669,18.39189],[-67.14697,18.39213],[-67.1477,18.3936],[-67.14796,18.39385],[-67.14821,18.39382],[-67.14922,18.39249],[-67.1497,18.39224],[-67.15027,18.3922],[-67.15096,18.39266],[-67.15122,18.39357],[-67.15139,18.39375],[-67.15389,18.39498],[-67.15433,18.39475],[-67.15498,18.39402],[-67.15592,18.39352],[-67.15637,18.39358],[-67.15658,18.394],[-67.15618,18.39496],[-67.15629,18.3958],[-67.15543,18.39616],[-67.15477,18.39717],[-67.15487,18.39741],[-67.15556,18.39808],[-67.1557,18.39865],[-67.15528,18.39858],[-67.15398,18.39889],[-67.15365,18.39903],[-67.15345,18.3993],[-67.15365,18.39944],[-67.15425,18.39936],[-67.15505,18.39977],[-67.15606,18.40249],[-67.15667,18.40297],[-67.15755,18.40322],[-67.1576,18.40381],[-67.15799,18.40433],[-67.15799,18.40453],[-67.15769,18.4049],[-67.15719,18.40512],[-67.15707,18.40535],[-67.15714,18.40618],[-67.15699,18.4069],[-67.15712,18.40763],[-67.15792,18.40813],[-67.15915,18.40795],[-67.15934,18.40812],[-67.15934,18.40832],[-67.15887,18.40901],[-67.15868,18.40987],[-67.15819,18.40992],[-67.1579,18.4095],[-67.15766,18.40945],[-67.15709,18.40984],[-67.15693,18.4102],[-67.15694,18.41084],[-67.15718,18.411],[-67.15752,18.41061],[-67.15779,18.41051],[-67.15779,18.41078],[-67.15768,18.41105],[-67.1574,18.41127],[-67.15645,18.41166],[-67.1564,18.41246],[-67.15662,18.41252],[-67.15753,18.41232],[-67.15756,18.41177],[-67.1577,18.41161],[-67.15927,18.41047],[-67.16179,18.40975],[-67.16208,18.40974],[-67.16224,18.40992],[-67.16222,18.4103],[-67.16188,18.41084],[-67.16185,18.41129],[-67.16172,18.4115],[-67.16106,18.41145],[-67.16074,18.41267],[-67.16035,18.41301],[-67.15876,18.41375],[-67.15856,18.41399],[-67.15851,18.41427],[-67.15867,18.41477],[-67.15989,18.41552],[-67.16252,18.41366],[-67.16326,18.41379],[-67.16335,18.4134],[-67.16323,18.41331],[-67.16307,18.41345],[-67.16285,18.41341],[-67.16279,18.41297],[-67.16309,18.41283],[-67.16331,18.41297],[-67.16329,18.41278],[-67.16371,18.41241],[-67.16631,18.41093],[-67.17338,18.40741],[-67.17593,18.40655],[-67.17958,18.40461],[-67.18143,18.4039],[-67.18249,18.40315],[-67.1834,18.40274],[-67.18451,18.40189],[-67.18826,18.40019],[-67.18929,18.3993],[-67.18978,18.39855],[-67.1903,18.39824],[-67.19082,18.39701],[-67.19141,18.3964],[-67.19162,18.39585],[-67.19229,18.39516],[-67.19271,18.3941],[-67.19365,18.39343],[-67.19456,18.3925],[-67.19519,18.39216],[-67.19871,18.39119],[-67.20188,18.39008],[-67.20446,18.38887],[-67.20697,18.38751],[-67.20849,18.38697],[-67.20912,18.38641],[-67.21032,18.38598],[-67.21096,18.38591],[-67.21163,18.38497],[-67.21239,18.38455],[-67.21344,18.38419],[-67.2143,18.38363],[-67.21457,18.3833],[-67.21556,18.38291],[-67.21676,18.38219],[-67.21891,18.38144],[-67.2217,18.38108],[-67.22629,18.3785],[-67.22747,18.37827],[-67.23033,18.37799],[-67.23135,18.37773],[-67.23287,18.37755],[-67.2341,18.37718],[-67.23464,18.37722],[-67.23594,18.37683],[-67.23816,18.37647],[-67.2395,18.37561],[-67.23923,18.37544],[-67.23895,18.37491],[-67.23917,18.37354],[-67.23876,18.37241],[-67.23737,18.37216],[-67.23734,18.37145],[-67.23693,18.37075],[-67.23674,18.3707],[-67.2367,18.37113],[-67.2352,18.37133],[-67.23499,18.37111],[-67.23487,18.37086],[-67.23535,18.37044],[-67.23523,18.36963],[-67.23559,18.36905],[-67.23562,18.36868],[-67.23352,18.36763],[-67.23306,18.36715],[-67.23227,18.36677],[-67.2315,18.36608],[-67.23116,18.36515],[-67.23079,18.36493],[-67.23049,18.36409],[-67.22994,18.36439],[-67.22921,18.36373],[-67.22901,18.3637],[-67.22882,18.36375],[-67.22878,18.36438],[-67.2281,18.36442],[-67.22819,18.36364],[-67.22797,18.36318],[-67.22679,18.36296],[-67.22672,18.36275],[-67.2279,18.36242],[-67.22812,18.36225],[-67.22823,18.36173],[-67.22756,18.36062],[-67.22727,18.36053],[-67.22697,18.36078],[-67.22676,18.36073],[-67.22666,18.36055],[-67.2266,18.36027],[-67.22685,18.3593],[-67.22656,18.35886],[-67.22616,18.35855],[-67.22614,18.35775],[-67.22601,18.35749],[-67.22485,18.35736],[-67.22466,18.35724],[-67.22459,18.35702],[-67.22519,18.35636],[-67.22517,18.35612],[-67.22482,18.35574],[-67.22421,18.3554],[-67.22419,18.35472],[-67.22399,18.35423],[-67.22409,18.35346],[-67.22379,18.35218],[-67.22415,18.35184],[-67.22496,18.35199],[-67.22517,18.3519],[-67.22508,18.35123],[-67.22537,18.35033],[-67.22592,18.35031],[-67.22644,18.35111],[-67.22671,18.35114],[-67.22691,18.35096],[-67.22696,18.3505],[-67.22667,18.34926],[-67.2268,18.34902],[-67.22742,18.34871],[-67.22717,18.34856],[-67.22684,18.34858],[-67.22567,18.34934],[-67.22551,18.34854],[-67.22511,18.34806],[-67.22427,18.34754],[-67.22359,18.34622],[-67.22282,18.34546],[-67.22222,18.3456],[-67.22108,18.34619],[-67.22016,18.34619],[-67.21971,18.34595],[-67.21956,18.34567],[-67.21944,18.34472],[-67.21994,18.34313],[-67.21986,18.34269],[-67.21852,18.34255],[-67.21691,18.3427],[-67.21539,18.34151],[-67.2149,18.34134],[-67.21393,18.34134],[-67.21368,18.34094],[-67.21185,18.33952],[-67.21169,18.33912],[-67.21175,18.33802],[-67.21164,18.33764],[-67.21098,18.33669],[-67.2101,18.33601],[-67.20898,18.33568],[-67.20643,18.33596],[-67.20586,18.33588],[-67.20472,18.33497],[-67.20457,18.33456],[-67.20428,18.33429],[-67.20404,18.33417],[-67.20386,18.33424],[-67.20365,18.33403],[-67.20292,18.33392],[-67.20281,18.33373],[-67.20288,18.33346],[-67.20325,18.33295],[-67.20279,18.33289],[-67.20243,18.33268],[-67.2019,18.33265],[-67.1999,18.33178],[-67.19801,18.33182],[-67.19579,18.33063],[-67.19549,18.33027],[-67.19546,18.32955],[-67.19673,18.32606],[-67.19588,18.3256],[-67.19395,18.32414],[-67.19345,18.32433],[-67.19247,18.32411],[-67.19084,18.32338],[-67.18978,18.32326],[-67.18965,18.32299],[-67.18957,18.32146],[-67.18924,18.32069],[-67.18922,18.31948],[-67.18806,18.31732],[-67.18788,18.3158],[-67.18712,18.31506],[-67.18606,18.31352],[-67.18558,18.31313],[-67.18506,18.31288],[-67.18447,18.3128],[-67.18307,18.31286],[-67.18274,18.31299],[-67.18233,18.31349],[-67.1824,18.31422],[-67.18222,18.3143],[-67.18166,18.31418],[-67.18018,18.31437],[-67.1786,18.31556],[-67.17705,18.3163],[-67.17553,18.31674],[-67.17508,18.3171],[-67.17413,18.31749],[-67.17382,18.31806],[-67.17282,18.31823],[-67.17245,18.31814],[-67.17184,18.31731],[-67.17044,18.31584],[-67.1702,18.31587],[-67.16975,18.31618],[-67.16784,18.31675],[-67.16762,18.3159],[-67.16743,18.31575],[-67.16644,18.31577],[-67.16535,18.31538],[-67.16154,18.3158],[-67.16108,18.31598],[-67.16088,18.31711],[-67.16044,18.31773],[-67.15896,18.31832],[-67.15706,18.31949],[-67.15561,18.31967],[-67.15265,18.32043],[-67.15193,18.32035],[-67.15127,18.31981],[-67.15102,18.31979],[-67.15028,18.32072],[-67.14938,18.32134],[-67.14862,18.32212],[-67.14818,18.32216],[-67.1475,18.32182],[-67.14719,18.32181],[-67.14556,18.32267],[-67.14351,18.32236],[-67.14285,18.3215],[-67.14145,18.32163],[-67.14123,18.32142],[-67.14102,18.3205],[-67.14075,18.32009],[-67.14039,18.31983],[-67.13937,18.31953],[-67.13907,18.31908],[-67.13877,18.31807],[-67.13777,18.31711],[-67.1372,18.31674],[-67.13579,18.31723],[-67.13295,18.3178],[-67.13172,18.31754],[-67.13072,18.31758],[-67.13002,18.31804],[-67.1303,18.31897],[-67.13009,18.32135],[-67.12989,18.32218],[-67.12993,18.32241],[-67.13033,18.32274],[-67.13058,18.32327],[-67.1304,18.32494],[-67.132,18.32657],[-67.13221,18.32749],[-67.13297,18.32803],[-67.13324,18.32895],[-67.1343,18.33033],[-67.13426,18.33061],[-67.1335,18.33125],[-67.13312,18.33213],[-67.13239,18.33293],[-67.1312,18.33469],[-67.13101,18.33527],[-67.13098,18.33604],[-67.13191,18.33863],[-67.13197,18.33898],[-67.13178,18.34021],[-67.13242,18.34057],[-67.13311,18.34077],[-67.13342,18.34152],[-67.13344,18.34294],[-67.13439,18.34593],[-67.13445,18.34666],[-67.13426,18.34712],[-67.13391,18.34748],[-67.13334,18.34774],[-67.13282,18.34769],[-67.1316,18.34892],[-67.13134,18.34965],[-67.13158,18.35082],[-67.13102,18.35168],[-67.13076,18.35192],[-67.12979,18.35221],[-67.12913,18.35258],[-67.12836,18.35367],[-67.12806,18.35494],[-67.12819,18.35686],[-67.12754,18.35825],[-67.12747,18.35931],[-67.12716,18.36008],[-67.12813,18.36256],[-67.12837,18.36367],[-67.12818,18.3649],[-67.12863,18.36541],[-67.12861,18.36568],[-67.12796,18.36609],[-67.12791,18.36636],[-67.12732,18.36718],[-67.1266,18.37115],[-67.12661,18.37143],[-67.12683,18.37161],[-67.12824,18.37186],[-67.12933,18.37264],[-67.1302,18.37275],[-67.13063,18.37301],[-67.13068,18.37462],[-67.13086,18.37551],[-67.13062,18.37608],[-67.13001,18.37664],[-67.12988,18.37713],[-67.1294,18.37779],[-67.12948,18.37864],[-67.1301,18.3799],[-67.13025,18.3805],[-67.13019,18.38109],[-67.131,18.38138],[-67.13166,18.38248],[-67.13152,18.38387],[-67.13227,18.38935]]]},"properties":{"municipio":"Aguada","geoid":"72003","countyfp":"003","abrev_mun":"AGD"}},
{"type":"Feature","geometry":{"type":"MultiPolygon","coordinates":[[[[-67.10323,18.51313],[-67.1037,18.51283],[-67.10462,18.51252],[-67.10558,18.51243],[-67.10679,18.51208],[-67.10811,18.51202],[-67.1104,18.51245],[-67.1109,18.51229],[-67.11216,18.51254],[-67.11334,18.5132],[-67.11434,18.51335],[-67.11533,18.51279],[-67.1166,18.5125],[-67.11789,18.51249],[-67.11911,18.51272],[-67.12028,18.51265],[-67.12154,18.51232],[-67.12316,18.51221],[-67.12437,18.51189],[-67.12744,18.51072],[-67.1284,18.51079],[-67.12895,18.51068],[-67.12962,18.51039],[-67.12984,18.50989],[-67.13008,18.50994],[-67.13093,18.50927],[-67.1313,18.50876],[-67.13177,18.50859],[-67.13523,18.50782],[-67.13536,18.50796],[-67.13563,18.50795],[-67.13572,18.50817],[-67.13583,18.50811],[-67.13592,18.50822],[-67.1362,18.50807],[-67.13648,18.50814],[-67.13651,18.50801],[-67.1368,18.50798],[-67.13689,18.50809],[-67.13699,18.50797],[-67.13727,18.508],[-67.13744,18.50841],[-67.13771,18.50765],[-67.13845,18.5074],[-67.13887,18.50692],[-67.13948,18.50657],[-67.14005,18.50603],[-67.14133,18.50552],[-67.14281,18.50514],[-67.14336,18.50382],[-67.14376,18.50348],[-67.145,18.50296],[-67.14496,18.50285],[-67.14532,18.5024],[-67.14698,18.50074],[-67.14711,18.50029],[-67.14761,18.49998],[-67.14865,18.49877],[-67.15015,18.49789],[-67.15018,18.4977],[-67.15053,18.49743],[-67.15074,18.49742],[-67.1509,18.49711],[-67.15082,18.49669],[-67.151,18.49628],[-67.15154,18.4961],[-67.15171,18.4958],[-67.15191,18.49588],[-67.15202,18.4956],[-67.15242,18.4956],[-67.1525,18.49552],[-67.15234,18.49545],[-67.15266,18.4953],[-67.15288,18.495],[-67.15275,18.49494],[-67.15271,18.49458],[-67.15293,18.49443],[-67.15294,18.49418],[-67.15265,18.4938],[-67.15282,18.49306],[-67.153,18.49312],[-67.15287,18.49291],[-67.15294,18.49278],[-67.15395,18.49163],[-67.15584,18.49084],[-67.15626,18.4905],[-67.15841,18.48975],[-67.16066,18.48929],[-67.16197,18.48927],[-67.16213,18.48875],[-67.16318,18.48851],[-67.16407,18.48778],[-67.1667,18.48387],[-67.16692,18.48304],[-67.16699,18.48175],[-67.16721,18.48109],[-67.16862,18.47931],[-67.16892,18.47854],[-67.16878,18.47724],[-67.16938,18.47435],[-67.16901,18.47229],[-67.1687,18.4719],[-67.16857,18.47131],[-67.16857,18.47046],[-67.16905,18.46835],[-67.16886,18.46768],[-67.169,18.46741],[-67.16876,18.46543],[-67.16856,18.46518],[-67.16799,18.46325],[-67.16748,18.46225],[-67.16642,18.46115],[-67.16592,18.46092],[-67.16539,18.46014],[-67.16436,18.45789],[-67.16343,18.45745],[-67.16277,18.45649],[-67.16262,18.4555],[-67.16155,18.45309],[-67.16141,18.45166],[-67.16115,18.451],[-67.16122,18.45066],[-67.16106,18.45052],[-67.16099,18.44981],[-67.16066,18.44914],[-67.16078,18.44897],[-67.16068,18.44825],[-67.15956,18.4461],[-67.15962,18.44602],[-67.15949,18.44599],[-67.15944,18.44559],[-67.15911,18.44545],[-67.15877,18.44499],[-67.15787,18.44264],[-67.15758,18.44232],[-67.15733,18.44134],[-67.1574,18.44122],[-67.15707,18.44092],[-67.15687,18.44019],[-67.15652,18.43965],[-67.15643,18.43885],[-67.15668,18.43771],[-67.15657,18.43544],[-67.15693,18.43444],[-67.15675,18.4329],[-67.15653,18.43293],[-67.15673,18.43436],[-67.15672,18.43462],[-67.15655,18.43469],[-67.15598,18.4347],[-67.15564,18.43453],[-67.15511,18.43329],[-67.15523,18.43325],[-67.15524,18.43207],[-67.15573,18.43033],[-67.15617,18.42787],[-67.15581,18.42669],[-67.15521,18.42555],[-67.15514,18.42473],[-67.15536,18.42408],[-67.15608,18.42281],[-67.15631,18.42205],[-67.15639,18.4214],[-67.15627,18.41975],[-67.15658,18.41896],[-67.15716,18.41816],[-67.15846,18.41678],[-67.15989,18.41552],[-67.15867,18.41477],[-67.15851,18.41427],[-67.15856,18.41399],[-67.15876,18.41375],[-67.16035,18.41301],[-67.16074,18.41267],[-67.16106,18.41145],[-67.16172,18.4115],[-67.16185,18.41129],[-67.16188,18.41084],[-67.16222,18.4103],[-67.16224,18.40992],[-67.16208,18.40974],[-67.16179,18.40975],[-67.15927,18.41047],[-67.1577,18.41161],[-67.15756,18.41177],[-67.15753,18.41232],[-67.15662,18.41252],[-67.1564,18.41246],[-67.15645,18.41166],[-67.1574,18.41127],[-67.15768,18.41105],[-67.15779,18.41078],[-67.15779,18.41051],[-67.15752,18.41061],[-67.15718,18.411],[-67.15694,18.41084],[-67.15693,18.4102],[-67.15709,18.40984],[-67.15766,18.40945],[-67.1579,18.4095],[-67.15819,18.40992],[-67.15868,18.40987],[-67.15887,18.40901],[-67.15934,18.40832],[-67.15934,18.40812],[-67.15915,18.40795],[-67.15792,18.40813],[-67.15712,18.40763],[-67.15699,18.4069],[-67.15714,18.40618],[-67.15707,18.40535],[-67.15719,18.40512],[-67.15769,18.4049],[-67.15799,18.40453],[-67.15799,18.40433],[-67.1576,18.40381],[-67.15755,18.40322],[-67.15667,18.40297],[-67.15606,18.40249],[-67.15505,18.39977],[-67.15425,18.39936],[-67.15365,18.39944],[-67.15345,18.3993],[-67.15365,18.39903],[-67.15398,18.39889],[-67.15528,18.39858],[-67.1557,18.39865],[-67.15556,18.39808],[-67.15487,18.39741],[-67.15477,18.39717],[-67.15543,18.39616],[-67.15629,18.3958],[-67.15618,18.39496],[-67.15658,18.394],[-67.15637,18.39358],[-67.15592,18.39352],[-67.15498,18.39402],[-67.15433,18.39475],[-67.15389,18.39498],[-67.15139,18.39375],[-67.15122,18.39357],[-67.15096,18.39266],[-67.15027,18.3922],[-67.1497,18.39224],[-67.14922,18.39249],[-67.14821,18.39382],[-67.14796,18.39385],[-67.1477,18.3936],[-67.14697,18.39213],[-67.14669,18.39189],[-67.14602,18.39181],[-67.14579,18.39193],[-67.14521,18.39296],[-67.145,18.39306],[-67.14448,18.39289],[-67.14417,18.39257],[-67.14438,18.39199],[-67.14427,18.39153],[-67.14285,18.39086],[-67.14243,18.39091],[-67.14176,18.39167],[-67.14091,18.39193],[-67.14072,18.39181],[-67.14062,18.39121],[-67.14138,18.3901],[-67.14154,18.38957],[-67.14113,18.38893],[-67.13861,18.38693],[-67.13583,18.38594],[-67.13492,18.38597],[-67.13371,18.38663],[-67.13331,18.38701],[-67.13311,18.38722],[-67.13311,18.38753],[-67.13382,18.38771],[-67.13382,18.38804],[-67.13299,18.38915],[-67.13227,18.38935],[-67.12686,18.39742],[-67.12478,18.40222],[-67.12383,18.40375],[-67.12388,18.40504],[-67.12446,18.40787],[-67.125,18.4087],[-67.1256,18.40927],[-67.09839,18.43734],[-67.09535,18.43648],[-67.09375,18.43637],[-67.09287,18.43657],[-67.09117,18.43793],[-67.09051,18.43801],[-67.08987,18.43874],[-67.08927,18.43918],[-67.08876,18.43925],[-67.08782,18.43912],[-67.08671,18.43864],[-67.08713,18.43959],[-67.08741,18.44148],[-67.08563,18.44251],[-67.08394,18.44294],[-67.08393,18.4438],[-67.08339,18.44386],[-67.08338,18.44488],[-67.08026,18.44565],[-67.08011,18.44524],[-67.07698,18.44609],[-67.07628,18.44743],[-67.07574,18.45185],[-67.07431,18.45178],[-67.07407,18.45664],[-67.07084,18.45751],[-67.06655,18.45831],[-67.06051,18.45998],[-67.05682,18.46073],[-67.05637,18.46096],[-67.05628,18.46856],[-67.05858,18.46861],[-67.05884,18.47229],[-67.05913,18.4737],[-67.05899,18.47453],[-67.05913,18.47648],[-67.05829,18.48005],[-67.05937,18.48],[-67.06077,18.48024],[-67.06139,18.48064],[-67.06217,18.48213],[-67.06287,18.48408],[-67.06326,18.4844],[-67.06398,18.48454],[-67.06487,18.48418],[-67.0666,18.48374],[-67.06742,18.48391],[-67.06832,18.48453],[-67.06963,18.48612],[-67.07188,18.48726],[-67.07342,18.48773],[-67.0739,18.48859],[-67.07494,18.4889],[-67.07706,18.48896],[-67.07858,18.48857],[-67.07916,18.48799],[-67.07947,18.488],[-67.08074,18.4886],[-67.08134,18.48902],[-67.08239,18.48927],[-67.08252,18.48941],[-67.08236,18.48996],[-67.08307,18.49109],[-67.08251,18.4925],[-67.08267,18.49395],[-67.08249,18.49553],[-67.08297,18.49681],[-67.08371,18.49728],[-67.08492,18.49734],[-67.0851,18.49746],[-67.08514,18.49878],[-67.08533,18.49902],[-67.08581,18.4992],[-67.08664,18.49923],[-67.08725,18.49939],[-67.08747,18.49966],[-67.08776,18.5007],[-67.0885,18.50155],[-67.08903,18.50291],[-67.08952,18.50346],[-67.08991,18.50358],[-67.09124,18.50344],[-67.09185,18.50355],[-67.09538,18.50586],[-67.0961,18.50651],[-67.09646,18.50726],[-67.09634,18.50777],[-67.09565,18.50887],[-67.09585,18.51032],[-67.09612,18.51076],[-67.09717,18.51146],[-67.09759,18.51225],[-67.09854,18.51244],[-67.09982,18.51221],[-67.10085,18.51252],[-67.10216,18.51241],[-67.10278,18.51271],[-67.10323,18.51313]]],[[[-67.13751,18.50881],[-67.1376,18.5088],[-67.13754,18.50865],[-67.1374,18.50867],[-67.13751,18.50881]]]]},"properties":{"municipio":"Aguadilla","geoid":"72005","countyfp":"005","abrev_mun":"AGL"}},
{"type":"Feature","geometry":{"type":"Polygon","coordinates":[[[-66.11787,18.20984],[-66.11785,18.21016],[-66.11743,18.21092],[-66.11674,18.2114],[-66.1096,18.21352],[-66.10807,18.21408],[-66.10228,18.21706],[-66.10097,18.21814],[-66.09881,18.22048],[-66.09697,18.22194],[-66.09648,18.22272],[-66.09621,18.22355],[-66.09575,18.22414],[-66.09496,18.22432],[-66.09343,18.225],[-66.09268,18.22665],[-66.09202,18.22694],[-66.09072,18.22721],[-66.09019,18.2275],[-66.08989,18.22871],[-66.08914,18.22995],[-66.08817,18.23275],[-66.08706,18.23292],[-66.08666,18.23321],[-66.08623,18.23398],[-66.0859,18.23503],[-66.08509,18.23548],[-66.08491,18.23582],[-66.08489,18.23658],[-66.08439,18.23772],[-66.08484,18.2388],[-66.08464,18.23998],[-66.08486,18.24204],[-66.08467,18.24272],[-66.08414,18.24328],[-66.08248,18.24437],[-66.07928,18.24738],[-66.07701,18.25016],[-66.07506,18.25292],[-66.07472,18.25369],[-66.0747,18.25426],[-66.07747,18.25653],[-66.07664,18.25926],[-66.07501,18.26774],[-66.07279,18.2764],[-66.07082,18.28307],[-66.06633,18.30316],[-66.06731,18.30274],[-66.06807,18.30215],[-66.06913,18.30164],[-66.07071,18.3003],[-66.07116,18.29936],[-66.0714,18.29919],[-66.07241,18.29915],[-66.07265,18.29896],[-66.07283,18.29865],[-66.07294,18.29787],[-66.07552,18.29682],[-66.07686,18.29653],[-66.07722,18.29658],[-66.07807,18.2971],[-66.08048,18.29727],[-66.08412,18.29485],[-66.08039,18.29452],[-66.08097,18.29234],[-66.08171,18.29227],[-66.08207,18.2919],[-66.08309,18.29201],[-66.08262,18.29158],[-66.08221,18.29148],[-66.08204,18.29027],[-66.08268,18.28988],[-66.08642,18.28868],[-66.08675,18.28805],[-66.08598,18.28707],[-66.08571,18.28634],[-66.08645,18.28508],[-66.08788,18.28485],[-66.09014,18.28406],[-66.09047,18.28286],[-66.09069,18.28265],[-66.09198,18.28278],[-66.09231,18.28328],[-66.09528,18.28271],[-66.09599,18.28378],[-66.0966,18.28352],[-66.09912,18.28176],[-66.10565,18.27883],[-66.10709,18.27847],[-66.10821,18.27787],[-66.11195,18.27947],[-66.11322,18.27966],[-66.11491,18.27962],[-66.11563,18.27972],[-66.11844,18.28071],[-66.11974,18.28084],[-66.12084,18.2814],[-66.13505,18.27957],[-66.13583,18.27895],[-66.13684,18.2787],[-66.13914,18.27891],[-66.1395,18.27948],[-66.14014,18.27967],[-66.14056,18.27963],[-66.14079,18.27948],[-66.14083,18.27922],[-66.14069,18.27834],[-66.14092,18.27791],[-66.14118,18.27771],[-66.14202,18.27784],[-66.14319,18.27836],[-66.14361,18.27887],[-66.14385,18.27973],[-66.14418,18.27965],[-66.14688,18.28071],[-66.14791,18.28081],[-66.14834,18.28101],[-66.15106,18.28083],[-66.1523,18.28166],[-66.15376,18.28199],[-66.1544,18.2819],[-66.15496,18.28197],[-66.1572,18.28299],[-66.1581,18.28292],[-66.15867,18.28305],[-66.15978,18.28293],[-66.1604,18.28271],[-66.16079,18.28184],[-66.16099,18.28187],[-66.16107,18.28205],[-66.16109,18.28263],[-66.16141,18.28267],[-66.16192,18.28202],[-66.16188,18.28143],[-66.16233,18.28076],[-66.16313,18.28062],[-66.16407,18.28072],[-66.16456,18.28029],[-66.165,18.28012],[-66.16531,18.27966],[-66.16595,18.27978],[-66.16647,18.27958],[-66.1677,18.27792],[-66.16953,18.2785],[-66.17109,18.27921],[-66.17503,18.27727],[-66.17558,18.27655],[-66.17637,18.27641],[-66.1769,18.27608],[-66.17704,18.27586],[-66.1772,18.27449],[-66.17808,18.27319],[-66.17842,18.27217],[-66.17981,18.27092],[-66.18165,18.27012],[-66.18331,18.26906],[-66.18506,18.26748],[-66.18613,18.26617],[-66.18691,18.26364],[-66.18841,18.26213],[-66.18852,18.26172],[-66.18847,18.26078],[-66.18875,18.2602],[-66.19015,18.25899],[-66.19062,18.25874],[-66.18908,18.25632],[-66.18814,18.25556],[-66.18725,18.25378],[-66.18641,18.25361],[-66.18482,18.25246],[-66.18456,18.25171],[-66.18385,18.25059],[-66.18189,18.24996],[-66.18181,18.2485],[-66.18116,18.24759],[-66.18081,18.24738],[-66.17929,18.2472],[-66.17871,18.24693],[-66.17833,18.24656],[-66.17794,18.24562],[-66.17781,18.24463],[-66.17794,18.24405],[-66.17895,18.24276],[-66.17898,18.24142],[-66.17856,18.24032],[-66.17878,18.24006],[-66.17877,18.23935],[-66.17871,18.23905],[-66.17831,18.23862],[-66.17836,18.23799],[-66.17886,18.23757],[-66.17884,18.23733],[-66.17828,18.23725],[-66.17805,18.23707],[-66.17815,18.23592],[-66.17796,18.23542],[-66.17499,18.23334],[-66.17471,18.23273],[-66.17491,18.23224],[-66.17564,18.23152],[-66.17614,18.23051],[-66.17607,18.22957],[-66.17555,18.22935],[-66.17474,18.22858],[-66.17381,18.2286],[-66.17223,18.22808],[-66.17187,18.2277],[-66.17094,18.22728],[-66.17046,18.2269],[-66.16905,18.22637],[-66.16863,18.22492],[-66.16902,18.22424],[-66.16712,18.22407],[-66.16581,18.22367],[-66.1647,18.223],[-66.16275,18.22106],[-66.16238,18.22092],[-66.1622,18.22048],[-66.16194,18.22036],[-66.161,18.22045],[-66.16039,18.22022],[-66.15939,18.22046],[-66.1589,18.221],[-66.15845,18.22119],[-66.15764,18.22099],[-66.156,18.22137],[-66.15543,18.22124],[-66.15447,18.22173],[-66.15428,18.22202],[-66.15203,18.22212],[-66.15163,18.22247],[-66.15172,18.22346],[-66.15126,18.22363],[-66.15049,18.22343],[-66.15026,18.22354],[-66.14996,18.22441],[-66.14987,18.22536],[-66.14933,18.22604],[-66.1488,18.22704],[-66.14737,18.22872],[-66.14675,18.22909],[-66.14612,18.23047],[-66.14567,18.22984],[-66.1453,18.22955],[-66.14484,18.22859],[-66.14406,18.2282],[-66.14391,18.22798],[-66.14397,18.22746],[-66.1448,18.22696],[-66.14488,18.22608],[-66.14442,18.22529],[-66.14373,18.22527],[-66.14359,18.22502],[-66.14402,18.22419],[-66.14433,18.22409],[-66.14564,18.22416],[-66.14588,18.22402],[-66.14577,18.22365],[-66.14531,18.22338],[-66.14379,18.22303],[-66.14362,18.22281],[-66.14445,18.22134],[-66.14508,18.2214],[-66.14529,18.22198],[-66.14554,18.22197],[-66.14615,18.22046],[-66.1465,18.21816],[-66.14639,18.21781],[-66.14567,18.21738],[-66.14551,18.21716],[-66.14586,18.21591],[-66.14586,18.21492],[-66.14684,18.21364],[-66.14676,18.21343],[-66.1461,18.21324],[-66.14479,18.21351],[-66.14426,18.21336],[-66.14395,18.21277],[-66.14331,18.21224],[-66.14262,18.21093],[-66.1428,18.21031],[-66.14272,18.2101],[-66.14248,18.21006],[-66.14171,18.21062],[-66.14124,18.21076],[-66.14027,18.21085],[-66.13939,18.21059],[-66.13891,18.21023],[-66.13878,18.20915],[-66.13896,18.20794],[-66.13864,18.20693],[-66.13877,18.20655],[-66.13913,18.20615],[-66.13956,18.20602],[-66.13961,18.20569],[-66.13918,18.20509],[-66.13862,18.20368],[-66.13892,18.2032],[-66.13891,18.20287],[-66.13872,18.20224],[-66.13842,18.20184],[-66.13845,18.20155],[-66.13874,18.20099],[-66.13934,18.20057],[-66.14019,18.19934],[-66.14058,18.19819],[-66.14123,18.19789],[-66.14035,18.19771],[-66.13791,18.19776],[-66.13736,18.19766],[-66.13714,18.19773],[-66.13648,18.19849],[-66.13495,18.19875],[-66.1348,18.19966],[-66.13383,18.20041],[-66.13213,18.2007],[-66.1313,18.20149],[-66.13041,18.20195],[-66.12944,18.20357],[-66.12856,18.20445],[-66.12814,18.20522],[-66.12752,18.20526],[-66.12634,18.20641],[-66.12543,18.20674],[-66.12462,18.20791],[-66.12366,18.20772],[-66.12325,18.20779],[-66.12142,18.20893],[-66.12044,18.20921],[-66.11934,18.2097],[-66.11844,18.2096],[-66.11787,18.20984]]]},"properties":{"municipio":"Aguas Buenas","geoid":"72007","countyfp":"007","abrev_mun":"ABU"}},
{"type":"Feature","geometry":{"type":"Polygon","coordinates":[[[-66.2169,18.14322],[-66.2194,18.14278],[-66.22026,18.14286],[-66.22043,18.14317],[-66.22018,18.14417],[-66.21948,18.14516],[-66.21915,18.14525],[-66.21799,18.14498],[-66.21771,18.14508],[-66.21738,18.14558],[-66.21647,18.14612],[-66.21641,18.14662],[-66.2169,18.14774],[-66.21873,18.14862],[-66.22075,18.1487],[-66.22111,18.14886],[-66.22149,18.14875],[-66.22371,18.14891],[-66.22581,18.14946],[-66.22741,18.15067],[-66.22792,18.15178],[-66.22763,18.15229],[-66.2268,18.15257],[-66.22603,18.15309],[-66.22509,18.15335],[-66.2244,18.15375],[-66.22407,18.1541],[-66.22413,18.15472],[-66.22442,18.15515],[-66.22471,18.15542],[-66.22534,18.15568],[-66.22718,18.15708],[-66.22814,18.15761],[-66.22867,18.15834],[-66.22893,18.15904],[-66.22891,18.15944],[-66.22875,18.15961],[-66.22854,18.15961],[-66.22793,18.16012],[-66.2264,18.16017],[-66.22564,18.16006],[-66.2245,18.16049],[-66.22395,18.1611],[-66.22355,18.16283],[-66.22365,18.16371],[-66.22358,18.16504],[-66.22372,18.16572],[-66.224,18.16627],[-66.22432,18.16668],[-66.22455,18.16673],[-66.22497,18.16656],[-66.22523,18.16662],[-66.2258,18.16641],[-66.22612,18.16645],[-66.22646,18.16704],[-66.22663,18.16829],[-66.22857,18.1708],[-66.22917,18.17121],[-66.23056,18.17183],[-66.23229,18.17304],[-66.23312,18.17392],[-66.23434,18.17583],[-66.23712,18.17817],[-66.23916,18.17952],[-66.24051,18.18018],[-66.24153,18.18038],[-66.24274,18.18025],[-66.24328,18.17917],[-66.24429,18.17862],[-66.24451,18.17829],[-66.24466,18.17742],[-66.24495,18.17691],[-66.24643,18.17576],[-66.24754,18.17457],[-66.24835,18.17285],[-66.24842,18.17188],[-66.24823,18.1709],[-66.24879,18.17051],[-66.24894,18.17002],[-66.24849,18.16945],[-66.24702,18.16834],[-66.24722,18.16781],[-66.248,18.16727],[-66.24817,18.1668],[-66.24804,18.16603],[-66.24817,18.16575],[-66.24849,18.16554],[-66.24915,18.16549],[-66.24995,18.1658],[-66.2505,18.16575],[-66.25198,18.16527],[-66.25257,18.16529],[-66.25393,18.16551],[-66.25538,18.16609],[-66.25561,18.16627],[-66.25566,18.16651],[-66.25585,18.16846],[-66.25579,18.16936],[-66.25619,18.17077],[-66.25664,18.17106],[-66.25697,18.17081],[-66.25735,18.16994],[-66.2579,18.16989],[-66.25863,18.17024],[-66.25922,18.17083],[-66.25986,18.17105],[-66.26121,18.17112],[-66.26245,18.17089],[-66.26303,18.17092],[-66.26361,18.17112],[-66.26415,18.17156],[-66.26616,18.17256],[-66.26823,18.17235],[-66.26899,18.17241],[-66.27117,18.17295],[-66.27324,18.17373],[-66.2749,18.17327],[-66.27523,18.17264],[-66.27545,18.17258],[-66.27585,18.17276],[-66.27706,18.17393],[-66.27795,18.17422],[-66.27897,18.17378],[-66.27924,18.17344],[-66.27932,18.17299],[-66.28022,18.17261],[-66.28128,18.17138],[-66.28287,18.1714],[-66.28426,18.17047],[-66.28499,18.17017],[-66.28597,18.17008],[-66.28719,18.16939],[-66.28845,18.1694],[-66.2894,18.16874],[-66.29,18.16875],[-66.29119,18.16907],[-66.29147,18.16933],[-66.2917,18.16923],[-66.29191,18.1693],[-66.29215,18.16895],[-66.29212,18.16811],[-66.29236,18.16764],[-66.29251,18.16687],[-66.29243,18.16526],[-66.29285,18.16492],[-66.2934,18.16483],[-66.29752,18.16543],[-66.29824,18.16528],[-66.29871,18.16425],[-66.299,18.16255],[-66.29954,18.16135],[-66.30012,18.16053],[-66.30106,18.16081],[-66.3012,18.16067],[-66.30148,18.15931],[-66.30167,18.15917],[-66.30233,18.1594],[-66.30426,18.16145],[-66.3053,18.16102],[-66.3061,18.16028],[-66.30668,18.15993],[-66.30737,18.16005],[-66.30997,18.15926],[-66.31036,18.15798],[-66.31098,18.15748],[-66.31145,18.15754],[-66.31187,18.1573],[-66.31266,18.15639],[-66.31352,18.15503],[-66.31497,18.15352],[-66.31509,18.15312],[-66.31475,18.15185],[-66.3143,18.15163],[-66.31418,18.15144],[-66.31431,18.1496],[-66.31488,18.14835],[-66.3151,18.14703],[-66.31574,18.14514],[-66.31571,18.14399],[-66.31631,18.14337],[-66.31665,18.14252],[-66.31674,18.13976],[-66.31647,18.1391],[-66.31587,18.13851],[-66.31479,18.13829],[-66.31299,18.13816],[-66.31281,18.13811],[-66.31265,18.13767],[-66.31286,18.1373],[-66.31301,18.13646],[-66.31321,18.13618],[-66.31538,18.13447],[-66.31694,18.13266],[-66.31739,18.13141],[-66.32063,18.12591],[-66.28201,18.09572],[-66.28144,18.09545],[-66.27947,18.09517],[-66.27831,18.09517],[-66.27712,18.09546],[-66.27649,18.09461],[-66.27492,18.09319],[-66.2742,18.09201],[-66.27307,18.09121],[-66.27299,18.09089],[-66.27345,18.09007],[-66.27342,18.08971],[-66.27286,18.08876],[-66.27277,18.08835],[-66.27303,18.08728],[-66.27294,18.08659],[-66.27035,18.08701],[-66.26909,18.08616],[-66.26882,18.0861],[-66.26801,18.08629],[-66.26686,18.08545],[-66.26601,18.0854],[-66.26291,18.08566],[-66.2619,18.08429],[-66.26058,18.08352],[-66.26,18.08283],[-66.25973,18.08201],[-66.25946,18.078],[-66.25913,18.07746],[-66.25762,18.07597],[-66.24798,18.07662],[-66.24217,18.07716],[-66.24271,18.0781],[-66.24283,18.07933],[-66.24266,18.08005],[-66.24183,18.08126],[-66.24083,18.08227],[-66.24021,18.0832],[-66.23975,18.08464],[-66.23989,18.08552],[-66.23986,18.08663],[-66.23951,18.08747],[-66.23998,18.08916],[-66.23991,18.09202],[-66.24002,18.09295],[-66.23993,18.09318],[-66.238,18.09337],[-66.2362,18.09406],[-66.23497,18.09418],[-66.23378,18.09525],[-66.23123,18.09591],[-66.2294,18.09542],[-66.22446,18.09519],[-66.22493,18.09827],[-66.22554,18.09932],[-66.22558,18.1002],[-66.22626,18.1011],[-66.22692,18.10244],[-66.22501,18.10317],[-66.2243,18.10397],[-66.2254,18.10531],[-66.2254,18.10626],[-66.22636,18.1082],[-66.22467,18.1097],[-66.22464,18.11045],[-66.22494,18.11229],[-66.22493,18.11293],[-66.22572,18.11381],[-66.2261,18.11532],[-66.22671,18.11617],[-66.22683,18.11664],[-66.22661,18.1171],[-66.22496,18.11836],[-66.22367,18.11853],[-66.22303,18.11885],[-66.22246,18.11878],[-66.22171,18.11909],[-66.22036,18.12079],[-66.21998,18.12413],[-66.21952,18.12512],[-66.21951,18.12594],[-66.21912,18.12713],[-66.21905,18.12777],[-66.21906,18.12806],[-66.2203,18.12861],[-66.22073,18.12918],[-66.2207,18.13168],[-66.2204,18.13219],[-66.21927,18.13267],[-66.21882,18.13306],[-66.21857,18.13343],[-66.21825,18.13461],[-66.21699,18.13603],[-66.21667,18.13801],[-66.217,18.14064],[-66.21684,18.14166],[-66.21698,18.14212],[-66.21745,18.14219],[-66.21764,18.14237],[-66.21714,18.1428],[-66.2169,18.14322]]]},"properties":{"municipio":"Aibonito","geoid":"72009","countyfp":"009","abrev_mun":"AIB"}},
{"type":"Feature","geometry":{"type":"Polygon","coordinates":[[[-67.05253,18.30675],[-67.05316,18.30685],[-67.05378,18.30721],[-67.05501,18.30712],[-67.05671,18.30753],[-67.05695,18.30827],[-67.05899,18.30881],[-67.05923,18.30908],[-67.05941,18.30967],[-67.0598,18.30998],[-67.06037,18.31021],[-67.06121,18.3103],[-67.06189,18.31081],[-67.06246,18.31096],[-67.06354,18.31163],[-67.07179,18.3126],[-67.07791,18.31302],[-67.1,18.31956],[-67.10025,18.31923],[-67.10086,18.31895],[-67.10125,18.31859],[-67.10194,18.31853],[-67.1028,18.3186],[-67.1039,18.31895],[-67.10456,18.3187],[-67.10513,18.31871],[-67.10691,18.31971],[-67.10736,18.32018],[-67.10822,18.32013],[-67.10921,18.32072],[-67.11038,18.32039],[-67.11105,18.32072],[-67.11214,18.32003],[-67.11233,18.32004],[-67.11316,18.32145],[-67.11335,18.32206],[-67.1141,18.3226],[-67.1162,18.32347],[-67.11737,18.32325],[-67.1174,18.32284],[-67.11765,18.3226],[-67.11826,18.32256],[-67.11897,18.32281],[-67.12013,18.32377],[-67.12134,18.32397],[-67.12249,18.32282],[-67.1232,18.3224],[-67.12406,18.32152],[-67.12463,18.32201],[-67.12532,18.32207],[-67.1258,18.32205],[-67.12667,18.32166],[-67.12703,18.32078],[-67.127,18.32045],[-67.1265,18.31947],[-67.12665,18.31909],[-67.12708,18.3188],[-67.12792,18.31864],[-67.12871,18.31829],[-67.12943,18.3184],[-67.13002,18.31804],[-67.13072,18.31758],[-67.13172,18.31754],[-67.13295,18.3178],[-67.13579,18.31723],[-67.1372,18.31674],[-67.13777,18.31711],[-67.13877,18.31807],[-67.13907,18.31908],[-67.13937,18.31953],[-67.14039,18.31983],[-67.14075,18.32009],[-67.14102,18.3205],[-67.14123,18.32142],[-67.14145,18.32163],[-67.14285,18.3215],[-67.14351,18.32236],[-67.14556,18.32267],[-67.14719,18.32181],[-67.1475,18.32182],[-67.14818,18.32216],[-67.14862,18.32212],[-67.14938,18.32134],[-67.15028,18.32072],[-67.15102,18.31979],[-67.15127,18.31981],[-67.15193,18.32035],[-67.15265,18.32043],[-67.15561,18.31967],[-67.15706,18.31949],[-67.15896,18.31832],[-67.16044,18.31773],[-67.16088,18.31711],[-67.16108,18.31598],[-67.16154,18.3158],[-67.16535,18.31538],[-67.16644,18.31577],[-67.16743,18.31575],[-67.16762,18.3159],[-67.16784,18.31675],[-67.16975,18.31618],[-67.1702,18.31587],[-67.17044,18.31584],[-67.17184,18.31731],[-67.17245,18.31814],[-67.17282,18.31823],[-67.17382,18.31806],[-67.17413,18.31749],[-67.17508,18.3171],[-67.17553,18.31674],[-67.17705,18.3163],[-67.1786,18.31556],[-67.18018,18.31437],[-67.18166,18.31418],[-67.18222,18.3143],[-67.1824,18.31422],[-67.18233,18.31349],[-67.18274,18.31299],[-67.18258,18.31272],[-67.18172,18.31206],[-67.18168,18.31178],[-67.18209,18.31132],[-67.18281,18.31098],[-67.18382,18.311],[-67.18572,18.31063],[-67.18665,18.31057],[-67.18697,18.31066],[-67.18757,18.31167],[-67.1878,18.31179],[-67.1896,18.31187],[-67.18981,18.31179],[-67.18992,18.31136],[-67.18978,18.31036],[-67.18996,18.30976],[-67.19075,18.30922],[-67.19165,18.30907],[-67.19266,18.30827],[-67.19389,18.30771],[-67.1952,18.30776],[-67.19585,18.30757],[-67.19613,18.30763],[-67.19672,18.30787],[-67.19728,18.30831],[-67.19807,18.30944],[-67.19915,18.31028],[-67.20162,18.31038],[-67.20228,18.31003],[-67.20336,18.30848],[-67.20357,18.30834],[-67.20529,18.30804],[-67.20723,18.30681],[-67.2085,18.30633],[-67.21215,18.30616],[-67.21414,18.30631],[-67.21471,18.30598],[-67.2151,18.30525],[-67.2153,18.30511],[-67.21657,18.3055],[-67.21732,18.30532],[-67.21834,18.30474],[-67.21992,18.30588],[-67.22052,18.30587],[-67.22117,18.30534],[-67.2227,18.30333],[-67.22269,18.30276],[-67.22417,18.29909],[-67.22506,18.29832],[-67.22548,18.29772],[-67.22545,18.29682],[-67.22465,18.2965],[-67.22284,18.29664],[-67.22116,18.29703],[-67.21857,18.29628],[-67.21729,18.29567],[-67.21652,18.29549],[-67.21419,18.29536],[-67.21212,18.29565],[-67.21032,18.29513],[-67.20914,18.29444],[-67.2087,18.29403],[-67.2079,18.29363],[-67.20691,18.29346],[-67.20465,18.29343],[-67.20149,18.29283],[-67.19836,18.29175],[-67.19646,18.29077],[-67.19443,18.28874],[-67.19268,18.28636],[-67.19103,18.28348],[-67.19005,18.28114],[-67.18946,18.27886],[-67.18923,18.27677],[-67.18901,18.27184],[-67.18863,18.26988],[-67.18832,18.26668],[-67.18807,18.26592],[-67.1874,18.26677],[-67.1861,18.26719],[-67.18173,18.26712],[-67.17754,18.26755],[-67.17575,18.26757],[-67.17388,18.26782],[-67.17223,18.26821],[-67.16789,18.26954],[-67.1659,18.26994],[-67.16333,18.27125],[-67.16094,18.27322],[-67.16019,18.27356],[-67.15928,18.27377],[-67.15878,18.27377],[-67.15709,18.27327],[-67.15581,18.27333],[-67.15526,18.27323],[-67.15547,18.272],[-67.15528,18.27144],[-67.15466,18.27143],[-67.15371,18.27172],[-67.15324,18.27161],[-67.15314,18.27145],[-67.15318,18.27097],[-67.15385,18.27021],[-67.15404,18.2698],[-67.154,18.26949],[-67.15374,18.26922],[-67.15329,18.2691],[-67.15056,18.26895],[-67.14956,18.26855],[-67.14905,18.26869],[-67.14868,18.26921],[-67.14867,18.2698],[-67.14972,18.27042],[-67.14991,18.27066],[-67.14989,18.2713],[-67.14953,18.27171],[-67.14855,18.27189],[-67.14806,18.27184],[-67.14574,18.27123],[-67.14507,18.27077],[-67.14471,18.27019],[-67.14414,18.26837],[-67.14367,18.2679],[-67.14338,18.26787],[-67.14319,18.26801],[-67.14269,18.26984],[-67.14245,18.27026],[-67.14206,18.27055],[-67.14159,18.27051],[-67.14141,18.27014],[-67.14158,18.26877],[-67.14124,18.26736],[-67.14103,18.26699],[-67.14037,18.26673],[-67.13957,18.26662],[-67.13848,18.26671],[-67.13801,18.26647],[-67.13791,18.26629],[-67.13791,18.26602],[-67.13867,18.26555],[-67.13881,18.26532],[-67.1388,18.26486],[-67.13827,18.26475],[-67.13693,18.26511],[-67.13545,18.26494],[-67.13463,18.26454],[-67.13626,18.26254],[-67.13622,18.2623],[-67.136,18.26227],[-67.13543,18.26294],[-67.13519,18.26306],[-67.13496,18.26301],[-67.13485,18.26262],[-67.1352,18.26177],[-67.13513,18.26132],[-67.13522,18.26115],[-67.13622,18.26067],[-67.13651,18.26032],[-67.13675,18.26025],[-67.13744,18.26078],[-67.13782,18.26077],[-67.13826,18.25989],[-67.13906,18.25926],[-67.1389,18.25911],[-67.13806,18.2592],[-67.13808,18.25895],[-67.13844,18.25863],[-67.13834,18.25847],[-67.13786,18.25832],[-67.13819,18.25779],[-67.13814,18.2575],[-67.13789,18.25767],[-67.13778,18.25749],[-67.13834,18.25657],[-67.13826,18.25632],[-67.13789,18.25601],[-67.13836,18.25532],[-67.13827,18.25488],[-67.13783,18.25478],[-67.13797,18.25372],[-67.13769,18.25375],[-67.1372,18.25406],[-67.13701,18.25403],[-67.13689,18.25366],[-67.13702,18.2532],[-67.13621,18.25278],[-67.13621,18.25191],[-67.13605,18.25165],[-67.13536,18.25137],[-67.13527,18.25086],[-67.13494,18.25065],[-67.13414,18.24922],[-67.13467,18.24891],[-67.13518,18.24884],[-67.13548,18.24851],[-67.13614,18.24835],[-67.13629,18.24816],[-67.1365,18.24704],[-67.13607,18.24695],[-67.13589,18.24677],[-67.13578,18.24585],[-67.13547,18.24569],[-67.13516,18.24577],[-67.13492,18.24651],[-67.13468,18.24663],[-67.13384,18.24643],[-67.13381,18.24601],[-67.13366,18.24584],[-67.13188,18.24554],[-67.13162,18.24564],[-67.13144,18.24544],[-67.13142,18.24483],[-67.13127,18.24466],[-67.13096,18.2448],[-67.13046,18.24544],[-67.13019,18.2456],[-67.12932,18.24574],[-67.12784,18.24564],[-67.12696,18.24524],[-67.12589,18.24512],[-67.12479,18.24453],[-67.12308,18.24282],[-67.11888,18.24842],[-67.11805,18.24827],[-67.11789,18.24803],[-67.11759,18.24801],[-67.11693,18.24756],[-67.11667,18.24771],[-67.11639,18.2477],[-67.11559,18.24746],[-67.1151,18.24754],[-67.11466,18.24735],[-67.11365,18.24783],[-67.11336,18.24789],[-67.113,18.24775],[-67.11207,18.24813],[-67.11167,18.24865],[-67.1113,18.24886],[-67.11066,18.24905],[-67.10966,18.24899],[-67.10925,18.24923],[-67.10845,18.25003],[-67.10848,18.25047],[-67.10784,18.251],[-67.1079,18.25175],[-67.10637,18.25279],[-67.10519,18.25283],[-67.10458,18.25268],[-67.10325,18.25169],[-67.10232,18.2514],[-67.10094,18.25237],[-67.1,18.25265],[-67.0985,18.25283],[-67.09673,18.25266],[-67.09574,18.25213],[-67.0955,18.25166],[-67.09535,18.25091],[-67.09486,18.25054],[-67.09427,18.24984],[-67.09374,18.24954],[-67.09191,18.24926],[-67.09125,18.24985],[-67.0909,18.24988],[-67.0901,18.24949],[-67.0895,18.24949],[-67.08881,18.24927],[-67.08679,18.24918],[-67.08648,18.24935],[-67.08195,18.25496],[-67.07904,18.25858],[-67.07864,18.25885],[-67.07825,18.25892],[-67.07743,18.25838],[-67.07606,18.25773],[-67.07577,18.25706],[-67.07418,18.25461],[-67.07334,18.25442],[-67.07208,18.25477],[-67.06476,18.26127],[-67.06186,18.27008],[-67.06009,18.26904],[-67.05863,18.26892],[-67.05715,18.26784],[-67.05659,18.26724],[-67.05573,18.26712],[-67.05326,18.26609],[-67.05276,18.26621],[-67.05213,18.26614],[-67.05189,18.26617],[-67.05154,18.26681],[-67.05168,18.26798],[-67.05111,18.26859],[-67.05029,18.26852],[-67.04936,18.26874],[-67.04899,18.26892],[-67.04854,18.26939],[-67.04747,18.26971],[-67.04645,18.2703],[-67.04437,18.27097],[-67.04252,18.27093],[-67.04209,18.27074],[-67.04183,18.27112],[-67.04132,18.27124],[-67.04035,18.27182],[-67.04074,18.27326],[-67.04054,18.27457],[-67.04073,18.27627],[-67.04048,18.27696],[-67.03993,18.27758],[-67.0396,18.27858],[-67.03955,18.27927],[-67.03965,18.27988],[-67.04002,18.28064],[-67.04001,18.28146],[-67.04022,18.28168],[-67.04117,18.28195],[-67.04082,18.28323],[-67.03946,18.28442],[-67.03914,18.28572],[-67.03922,18.28765],[-67.03912,18.28787],[-67.03839,18.28803],[-67.03784,18.28976],[-67.0384,18.29004],[-67.03915,18.29101],[-67.03926,18.29172],[-67.03918,18.29297],[-67.03929,18.29315],[-67.04011,18.29316],[-67.04001,18.2937],[-67.0402,18.29634],[-67.04009,18.29695],[-67.04039,18.2982],[-67.04041,18.29932],[-67.04066,18.30038],[-67.05253,18.30675]]]},"properties":{"municipio":"Añasco","geoid":"72011","countyfp":"011","abrev_mun":"ANA"}},
{"type":"Feature","geometry":{"type":"MultiPolygon","coordinates":[[[[-66.58678,18.48465],[-66.58725,18.48489],[-66.58765,18.48477],[-66.58861,18.48494],[-66.59015,18.48554],[-66.59052,18.48546],[-66.59124,18.48579],[-66.59118,18.48597],[-66.59135,18.48606],[-66.59177,18.48577],[-66.59219,18.48577],[-66.59234,18.48584],[-66.59236,18.48605],[-66.59268,18.48601],[-66.59314,18.4863],[-66.59385,18.48638],[-66.5947,18.48683],[-66.59525,18.48695],[-66.59696,18.48799],[-66.59769,18.48817],[-66.59774,18.48831],[-66.59799,18.48819],[-66.6,18.48865],[-66.60051,18.48854],[-66.60099,18.48887],[-66.60226,18.48851],[-66.60289,18.48863],[-66.60295,18.48883],[-66.60451,18.48968],[-66.60719,18.49084],[-66.60899,18.4908],[-66.61123,18.49115],[-66.61314,18.49113],[-66.61903,18.49225],[-66.61946,18.49254],[-66.61927,18.49287],[-66.6196,18.49311],[-66.61981,18.4931],[-66.61977,18.49284],[-66.61992,18.49284],[-66.61989,18.49274],[-66.62012,18.49281],[-66.62019,18.49318],[-66.62063,18.49334],[-66.62097,18.4931],[-66.62135,18.49335],[-66.62128,18.49357],[-66.62153,18.49373],[-66.62172,18.49373],[-66.62205,18.49342],[-66.62255,18.49343],[-66.62277,18.49365],[-66.62295,18.49421],[-66.62321,18.49421],[-66.62358,18.49378],[-66.62389,18.49422],[-66.6241,18.49412],[-66.62411,18.49377],[-66.62452,18.49374],[-66.62441,18.49403],[-66.62452,18.49411],[-66.62496,18.49408],[-66.625,18.49373],[-66.62534,18.49382],[-66.62537,18.49366],[-66.62522,18.49342],[-66.62486,18.49332],[-66.62493,18.49296],[-66.62533,18.49264],[-66.62592,18.49257],[-66.62672,18.49283],[-66.62704,18.49368],[-66.62627,18.49395],[-66.62663,18.49391],[-66.62679,18.49428],[-66.62706,18.4943],[-66.62724,18.49385],[-66.6271,18.49374],[-66.62716,18.49352],[-66.62736,18.49344],[-66.62758,18.49361],[-66.62731,18.49386],[-66.62733,18.49425],[-66.62771,18.4943],[-66.62813,18.49401],[-66.62843,18.49409],[-66.6286,18.49399],[-66.62863,18.4935],[-66.62825,18.49345],[-66.62817,18.49327],[-66.6282,18.493],[-66.62849,18.49264],[-66.629,18.49234],[-66.63005,18.4923],[-66.63334,18.49271],[-66.63355,18.49287],[-66.63334,18.49351],[-66.63349,18.49384],[-66.63398,18.49366],[-66.63432,18.49288],[-66.63479,18.49294],[-66.63494,18.49318],[-66.63512,18.49312],[-66.63516,18.49287],[-66.63538,18.49297],[-66.6357,18.49291],[-66.63593,18.49315],[-66.63602,18.4935],[-66.63619,18.49364],[-66.63649,18.4936],[-66.63643,18.49387],[-66.63669,18.4939],[-66.63674,18.49325],[-66.63696,18.49302],[-66.63722,18.49286],[-66.63739,18.49322],[-66.63751,18.49324],[-66.63775,18.49309],[-66.63797,18.49267],[-66.63834,18.4926],[-66.63831,18.49278],[-66.63842,18.49284],[-66.63883,18.49272],[-66.63888,18.49257],[-66.63867,18.49251],[-66.63894,18.49236],[-66.63923,18.4927],[-66.63935,18.49316],[-66.63963,18.49327],[-66.63965,18.49298],[-66.63984,18.4928],[-66.64001,18.49276],[-66.64013,18.49299],[-66.64041,18.49271],[-66.64057,18.4927],[-66.64055,18.49285],[-66.64099,18.49288],[-66.64106,18.49312],[-66.64132,18.49267],[-66.64151,18.49313],[-66.64178,18.4928],[-66.64183,18.49308],[-66.64214,18.49298],[-66.64237,18.49306],[-66.64254,18.49291],[-66.64243,18.4928],[-66.64248,18.4926],[-66.64229,18.49264],[-66.64173,18.49217],[-66.64261,18.49047],[-66.64293,18.49007],[-66.64404,18.48955],[-66.64453,18.48889],[-66.64507,18.48868],[-66.6471,18.48851],[-66.64847,18.48868],[-66.64853,18.48855],[-66.64943,18.48837],[-66.65006,18.48847],[-66.65202,18.48836],[-66.65521,18.48846],[-66.65836,18.48791],[-66.65904,18.48803],[-66.66027,18.48792],[-66.66307,18.48816],[-66.66451,18.48758],[-66.66668,18.48753],[-66.66744,18.48781],[-66.66921,18.48808],[-66.6702,18.48855],[-66.67117,18.48857],[-66.67166,18.48896],[-66.67134,18.48955],[-66.67204,18.48952],[-66.67215,18.48982],[-66.67241,18.48973],[-66.67247,18.4895],[-66.67289,18.48935],[-66.673,18.48941],[-66.67309,18.48999],[-66.67414,18.48996],[-66.6747,18.48968],[-66.67413,18.48899],[-66.67505,18.48807],[-66.67559,18.48707],[-66.67601,18.48663],[-66.67692,18.48599],[-66.68061,18.48426],[-66.681,18.48379],[-66.68183,18.48324],[-66.6821,18.48274],[-66.68239,18.48261],[-66.68231,18.48256],[-66.68248,18.48265],[-66.6826,18.48211],[-66.68294,18.48213],[-66.68291,18.48174],[-66.68308,18.48145],[-66.68401,18.48115],[-66.68811,18.48077],[-66.69014,18.48086],[-66.693,18.48119],[-66.69465,18.48161],[-66.69506,18.48149],[-66.69566,18.48153],[-66.69637,18.48188],[-66.69682,18.48172],[-66.69695,18.48186],[-66.69677,18.48207],[-66.69684,18.4822],[-66.6972,18.48209],[-66.69725,18.48245],[-66.69749,18.48232],[-66.6978,18.48255],[-66.69786,18.48293],[-66.69834,18.48281],[-66.69928,18.48216],[-66.69934,18.48239],[-66.70013,18.4827],[-66.7002,18.48255],[-66.70041,18.48262],[-66.70082,18.48252],[-66.70075,18.48234],[-66.70103,18.48221],[-66.70102,18.48197],[-66.70139,18.48195],[-66.70165,18.48214],[-66.70137,18.48179],[-66.70382,18.48024],[-66.70376,18.48002],[-66.70363,18.48002],[-66.70206,18.4811],[-66.70253,18.4807],[-66.70216,18.48024],[-66.70122,18.48083],[-66.70076,18.48096],[-66.70039,18.47993],[-66.70022,18.47865],[-66.70042,18.4779],[-66.70123,18.47801],[-66.70031,18.4778],[-66.70053,18.47713],[-66.70117,18.47604],[-66.70213,18.4749],[-66.70408,18.47347],[-66.70602,18.47262],[-66.70766,18.47227],[-66.71013,18.47251],[-66.71158,18.47323],[-66.71274,18.47361],[-66.715,18.47373],[-66.71867,18.47435],[-66.72069,18.47559],[-66.72168,18.47575],[-66.72276,18.47565],[-66.72383,18.47493],[-66.72484,18.47483],[-66.72594,18.47449],[-66.72775,18.47442],[-66.72854,18.47462],[-66.72912,18.47491],[-66.72941,18.4749],[-66.73066,18.47441],[-66.73119,18.47368],[-66.73193,18.47336],[-66.736,18.47367],[-66.73699,18.47398],[-66.7372,18.47426],[-66.73746,18.47433],[-66.73831,18.47416],[-66.73893,18.4738],[-66.74009,18.4739],[-66.74235,18.47476],[-66.74515,18.47549],[-66.74692,18.4761],[-66.74737,18.47652],[-66.74759,18.47646],[-66.74836,18.47678],[-66.74874,18.4767],[-66.74862,18.47644],[-66.74883,18.47648],[-66.74923,18.47671],[-66.74894,18.47677],[-66.74947,18.47694],[-66.74936,18.47684],[-66.74955,18.4768],[-66.74992,18.47711],[-66.75004,18.477],[-66.75023,18.47706],[-66.75168,18.47786],[-66.7517,18.47798],[-66.75195,18.4779],[-66.7549,18.47909],[-66.7555,18.47964],[-66.75608,18.47986],[-66.75636,18.48012],[-66.75653,18.48002],[-66.75744,18.48002],[-66.75805,18.48044],[-66.75875,18.48059],[-66.75905,18.4811],[-66.76015,18.4812],[-66.76021,18.48131],[-66.7609,18.48122],[-66.76141,18.48154],[-66.76257,18.48191],[-66.76273,18.48209],[-66.76315,18.48199],[-66.76533,18.48341],[-66.76806,18.47805],[-66.76808,18.47703],[-66.76777,18.4763],[-66.76864,18.47324],[-66.76868,18.47245],[-66.76835,18.4711],[-66.76863,18.4707],[-66.76881,18.4696],[-66.76918,18.46905],[-66.76893,18.46823],[-66.76897,18.46765],[-66.76832,18.46548],[-66.76819,18.46152],[-66.7673,18.46167],[-66.76727,18.45686],[-66.76829,18.44403],[-66.7703,18.43784],[-66.77073,18.43615],[-66.77005,18.43391],[-66.769,18.43245],[-66.76788,18.42737],[-66.76786,18.42442],[-66.76812,18.42076],[-66.7678,18.41578],[-66.77001,18.40811],[-66.76996,18.40511],[-66.7671,18.39183],[-66.76903,18.37357],[-66.7702,18.32494],[-66.76954,18.32525],[-66.76849,18.32616],[-66.76829,18.32659],[-66.76817,18.32757],[-66.76762,18.32824],[-66.76714,18.32814],[-66.76636,18.32757],[-66.76597,18.32751],[-66.76579,18.32762],[-66.76577,18.32848],[-66.76622,18.32954],[-66.76571,18.33028],[-66.76551,18.33176],[-66.7652,18.33213],[-66.76425,18.33236],[-66.76305,18.33202],[-66.76251,18.33208],[-66.7623,18.33225],[-66.76224,18.33265],[-66.76231,18.33368],[-66.76203,18.33409],[-66.76151,18.33388],[-66.76113,18.33387],[-66.76033,18.33434],[-66.75904,18.33467],[-66.7577,18.33567],[-66.75731,18.33668],[-66.75695,18.33708],[-66.7559,18.33727],[-66.75517,18.33713],[-66.75441,18.3373],[-66.75367,18.33782],[-66.75273,18.33898],[-66.75234,18.33925],[-66.74989,18.34044],[-66.74905,18.34063],[-66.74581,18.34214],[-66.74416,18.3434],[-66.74076,18.34442],[-66.74028,18.34524],[-66.73871,18.34638],[-66.73834,18.34767],[-66.73792,18.34838],[-66.73653,18.34944],[-66.73561,18.3497],[-66.73543,18.34962],[-66.73518,18.34867],[-66.73487,18.34815],[-66.73434,18.34769],[-66.73374,18.34756],[-66.73272,18.3479],[-66.73136,18.34864],[-66.73061,18.34942],[-66.72883,18.347],[-66.7263,18.34393],[-66.72609,18.34334],[-66.72306,18.33925],[-66.72251,18.33876],[-66.72093,18.33812],[-66.72063,18.33787],[-66.71995,18.33683],[-66.71981,18.33639],[-66.72005,18.33558],[-66.7223,18.33365],[-66.72259,18.33329],[-66.72284,18.33244],[-66.72259,18.33101],[-66.72168,18.32978],[-66.72163,18.32839],[-66.72076,18.32726],[-66.72085,18.32645],[-66.72161,18.32517],[-66.72147,18.32373],[-66.72007,18.32316],[-66.71936,18.31967],[-66.71762,18.31713],[-66.71748,18.31675],[-66.71757,18.31593],[-66.71743,18.31575],[-66.71571,18.31523],[-66.71463,18.31552],[-66.71319,18.31526],[-66.71232,18.31554],[-66.71078,18.31533],[-66.70983,18.31549],[-66.70872,18.3165],[-66.70689,18.31665],[-66.706,18.31747],[-66.70446,18.31921],[-66.70283,18.32055],[-66.70182,18.32052],[-66.70081,18.3208],[-66.70003,18.32071],[-66.69927,18.32086],[-66.69833,18.32083],[-66.69757,18.32106],[-66.69561,18.32212],[-66.69497,18.32189],[-66.69302,18.32174],[-66.69173,18.32133],[-66.69139,18.32135],[-66.69044,18.32174],[-66.68958,18.32116],[-66.68892,18.32031],[-66.68782,18.32011],[-66.687,18.32064],[-66.68584,18.32081],[-66.68539,18.32117],[-66.68366,18.32109],[-66.68293,18.32089],[-66.68256,18.32118],[-66.68181,18.32222],[-66.68152,18.32233],[-66.6812,18.32222],[-66.68071,18.3218],[-66.67984,18.32165],[-66.67906,18.32176],[-66.67841,18.3221],[-66.67785,18.32205],[-66.67741,18.32217],[-66.67494,18.32381],[-66.67396,18.32394],[-66.67338,18.3243],[-66.67231,18.32454],[-66.67162,18.32445],[-66.66903,18.32314],[-66.66709,18.32239],[-66.66579,18.32246],[-66.66438,18.32215],[-66.66374,18.32106],[-66.66276,18.31984],[-66.66189,18.32061],[-66.65713,18.32206],[-66.65619,18.32264],[-66.65449,18.32486],[-66.6537,18.32693],[-66.65321,18.32785],[-66.65281,18.32824],[-66.65138,18.32846],[-66.65028,18.32843],[-66.64927,18.32786],[-66.64862,18.32655],[-66.64804,18.32634],[-66.64756,18.32644],[-66.64533,18.32548],[-66.64465,18.3256],[-66.6437,18.32599],[-66.64307,18.32602],[-66.64263,18.32678],[-66.64203,18.32684],[-66.64091,18.32612],[-66.64027,18.32495],[-66.63958,18.32453],[-66.63837,18.32505],[-66.63687,18.32524],[-66.63629,18.32598],[-66.63603,18.32607],[-66.63581,18.32587],[-66.63572,18.32529],[-66.63543,18.32527],[-66.63507,18.32536],[-66.63427,18.32588],[-66.63318,18.32621],[-66.63236,18.32705],[-66.63203,18.32846],[-66.63135,18.32829],[-66.63045,18.32843],[-66.62893,18.32788],[-66.62809,18.32831],[-66.62681,18.32798],[-66.62607,18.32811],[-66.62502,18.32857],[-66.62462,18.32857],[-66.62422,18.32839],[-66.62152,18.33067],[-66.62125,18.33081],[-66.62025,18.33082],[-66.61973,18.33157],[-66.61928,18.33191],[-66.61889,18.33183],[-66.61862,18.33157],[-66.61809,18.3314],[-66.61645,18.33202],[-66.6159,18.33261],[-66.6153,18.33295],[-66.6151,18.33282],[-66.61497,18.33248],[-66.61492,18.33189],[-66.6143,18.33144],[-66.61356,18.33123],[-66.61234,18.3313],[-66.6123,18.33031],[-66.61196,18.32977],[-66.61016,18.32944],[-66.60954,18.32863],[-66.60901,18.32832],[-66.6069,18.32815],[-66.60684,18.32833],[-66.60707,18.32892],[-66.60689,18.3296],[-66.60706,18.3302],[-66.60659,18.33165],[-66.60628,18.33176],[-66.60582,18.33155],[-66.60523,18.33175],[-66.60451,18.33164],[-66.60427,18.33176],[-66.60386,18.3324],[-66.6031,18.33268],[-66.60288,18.33289],[-66.60276,18.33338],[-66.60254,18.3336],[-66.60158,18.33418],[-66.6015,18.33459],[-66.60159,18.33508],[-66.60139,18.33563],[-66.60018,18.33646],[-66.59997,18.33674],[-66.60009,18.33698],[-66.60099,18.33767],[-66.60106,18.33786],[-66.6008,18.33887],[-66.60029,18.33941],[-66.59957,18.33936],[-66.59931,18.33925],[-66.59911,18.33892],[-66.59856,18.33871],[-66.59819,18.33871],[-66.59762,18.33917],[-66.59718,18.33924],[-66.59603,18.33827],[-66.59505,18.33794],[-66.59336,18.33815],[-66.59278,18.33785],[-66.59177,18.33786],[-66.59145,18.33806],[-66.59099,18.33802],[-66.59067,18.3382],[-66.59038,18.33891],[-66.59039,18.3394],[-66.59072,18.33987],[-66.59155,18.34042],[-66.59163,18.34068],[-66.59054,18.34116],[-66.59023,18.34153],[-66.59012,18.34351],[-66.58958,18.34406],[-66.59034,18.34461],[-66.59031,18.34521],[-66.58997,18.34586],[-66.58896,18.34675],[-66.58864,18.34732],[-66.58902,18.34795],[-66.58984,18.34852],[-66.5899,18.34898],[-66.58923,18.35023],[-66.58892,18.35118],[-66.58818,18.35178],[-66.58757,18.35274],[-66.58704,18.35308],[-66.58744,18.35433],[-66.58805,18.35481],[-66.58836,18.35559],[-66.58817,18.35595],[-66.5875,18.35646],[-66.58729,18.35702],[-66.58647,18.35792],[-66.58609,18.35854],[-66.58526,18.359],[-66.58499,18.35974],[-66.58458,18.36035],[-66.58452,18.36107],[-66.58319,18.36263],[-66.583,18.36376],[-66.58272,18.36858],[-66.58234,18.37154],[-66.5823,18.37401],[-66.58348,18.37408],[-66.58459,18.37437],[-66.58527,18.37398],[-66.58559,18.37398],[-66.58662,18.37452],[-66.58808,18.37401],[-66.58834,18.37413],[-66.58906,18.37533],[-66.58914,18.37589],[-66.58899,18.37683],[-66.58916,18.37799],[-66.58868,18.37964],[-66.58818,18.38068],[-66.58786,18.38237],[-66.58811,18.38427],[-66.58863,18.38626],[-66.58826,18.38665],[-66.58822,18.38943],[-66.58837,18.38957],[-66.5901,18.38985],[-66.59075,18.39117],[-66.59124,18.39176],[-66.59122,18.392],[-66.59089,18.39238],[-66.5899,18.39314],[-66.59003,18.39456],[-66.59087,18.39592],[-66.59098,18.3963],[-66.59096,18.39734],[-66.59114,18.39752],[-66.59219,18.39772],[-66.59292,18.3981],[-66.59327,18.39876],[-66.59327,18.39939],[-66.59094,18.41041],[-66.59078,18.41055],[-66.58761,18.41027],[-66.5864,18.4138],[-66.58612,18.41627],[-66.58531,18.41954],[-66.58324,18.4378],[-66.58411,18.43871],[-66.58542,18.43794],[-66.58646,18.43752],[-66.58719,18.43742],[-66.58777,18.43757],[-66.58777,18.4412],[-66.58557,18.44142],[-66.58281,18.44142],[-66.58105,18.45579],[-66.5798,18.4677],[-66.57982,18.46801],[-66.58003,18.468],[-66.58177,18.46629],[-66.58236,18.46627],[-66.58387,18.46654],[-66.58439,18.46676],[-66.58617,18.46854],[-66.58885,18.47318],[-66.58678,18.48465]],[[-66.68154,18.4836],[-66.68164,18.48369],[-66.68146,18.48358],[-66.68154,18.4836]]],[[[-66.69733,18.48247],[-66.69733,18.48259],[-66.69743,18.48248],[-66.69733,18.48247]]],[[[-66.69618,18.4826],[-66.69655,18.48242],[-66.69659,18.48211],[-66.69618,18.48246],[-66.69618,18.4826]]],[[[-66.69948,18.48253],[-66.6995,18.48266],[-66.69966,18.48256],[-66.69948,18.48253]]],[[[-66.6998,18.48269],[-66.69976,18.48279],[-66.6999,18.48277],[-66.69991,18.48264],[-66.6998,18.48269]]],[[[-66.69416,18.48299],[-66.69416,18.48313],[-66.69443,18.48307],[-66.69434,18.4829],[-66.69416,18.48299]]],[[[-66.6957,18.48312],[-66.6957,18.4833],[-66.69592,18.4832],[-66.69575,18.48303],[-66.6957,18.48312]]],[[[-66.67015,18.4896],[-66.6703,18.48957],[-66.67002,18.48955],[-66.67015,18.4896]]],[[[-66.67732,18.48973],[-66.6782,18.48961],[-66.67836,18.48944],[-66.67828,18.48921],[-66.67785,18.48894],[-66.67674,18.48946],[-66.67732,18.48973]]],[[[-66.67512,18.4898],[-66.67523,18.48976],[-66.67501,18.48976],[-66.67512,18.4898]]],[[[-66.67107,18.48979],[-66.67109,18.48994],[-66.67125,18.4899],[-66.67107,18.48979]]],[[[-66.67604,18.48997],[-66.67622,18.48985],[-66.67615,18.48959],[-66.67539,18.48965],[-66.6754,18.48989],[-66.67604,18.48997]]],[[[-66.66387,18.48966],[-66.66382,18.48996],[-66.66395,18.4901],[-66.66408,18.48972],[-66.66387,18.48966]]],[[[-66.66303,18.49],[-66.66318,18.49029],[-66.66316,18.49004],[-66.66332,18.48996],[-66.66313,18.48989],[-66.66303,18.49]]],[[[-66.66175,18.49011],[-66.66174,18.49032],[-66.66185,18.4902],[-66.66175,18.49011]]],[[[-66.66122,18.49037],[-66.6614,18.49035],[-66.66146,18.49016],[-66.66114,18.49027],[-66.66122,18.49037]]],[[[-66.66169,18.49036],[-66.66162,18.49049],[-66.66177,18.49043],[-66.66169,18.49036]]],[[[-66.64275,18.49241],[-66.64273,18.49286],[-66.64293,18.49302],[-66.64311,18.49277],[-66.64312,18.49243],[-66.64275,18.49241]]],[[[-66.60393,18.4931],[-66.60402,18.49322],[-66.60413,18.49302],[-66.60393,18.4931]]],[[[-66.60326,18.49309],[-66.60353,18.49329],[-66.60373,18.49313],[-66.60335,18.49297],[-66.60326,18.49309]]],[[[-66.60634,18.49349],[-66.60642,18.49365],[-66.60658,18.49359],[-66.60659,18.49346],[-66.60634,18.49349]]],[[[-66.60498,18.49387],[-66.60555,18.4938],[-66.60505,18.49357],[-66.60498,18.49387]]]]},"properties":{"municipio":"Arecibo","geoid":"72013","countyfp":"013","abrev_mun":"ARE"}},
{"type":"Feature","geometry":{"type":"Polygon","coordinates":[[[-66.01982,17.97864],[-66.02212,17.98239],[-66.02342,17.98527],[-66.02367,17.98532],[-66.02347,17.98716],[-66.02355,17.98824],[-66.02388,17.99006],[-66.02418,17.99062],[-66.0276,17.99431],[-66.02808,17.99458],[-66.0299,17.99513],[-66.03064,17.99591],[-66.0318,17.99646],[-66.03246,17.99716],[-66.03306,17.99755],[-66.0347,17.99756],[-66.03521,17.99831],[-66.03555,17.99838],[-66.03751,17.99828],[-66.03773,17.99836],[-66.03839,18.00105],[-66.03904,18.00257],[-66.03929,18.0036],[-66.04039,18.00463],[-66.04236,18.00536],[-66.04455,18.00646],[-66.04553,18.00764],[-66.04696,18.00906],[-66.04181,18.01744],[-66.04206,18.01882],[-66.04249,18.02011],[-66.0426,18.02172],[-66.04276,18.02212],[-66.044,18.02275],[-66.04405,18.02315],[-66.04353,18.02385],[-66.04324,18.02495],[-66.04332,18.02566],[-66.04319,18.02609],[-66.04321,18.02671],[-66.04362,18.02915],[-66.04376,18.02952],[-66.04526,18.03108],[-66.04628,18.03176],[-66.04697,18.03286],[-66.04783,18.0338],[-66.04812,18.03568],[-66.04841,18.03591],[-66.04931,18.03615],[-66.05072,18.03631],[-66.05257,18.0379],[-66.05385,18.03795],[-66.0551,18.03832],[-66.05606,18.03891],[-66.05654,18.03938],[-66.05696,18.04022],[-66.05773,18.04062],[-66.05972,18.03939],[-66.06031,18.03917],[-66.06053,18.03912],[-66.06161,18.03966],[-66.06241,18.03942],[-66.06465,18.03911],[-66.0666,18.03833],[-66.06752,18.0377],[-66.06819,18.03775],[-66.06874,18.03754],[-66.07073,18.03728],[-66.07114,18.03707],[-66.07211,18.03736],[-66.07245,18.03733],[-66.07282,18.03725],[-66.07346,18.0366],[-66.07378,18.03648],[-66.07582,18.03725],[-66.07772,18.03692],[-66.07849,18.03543],[-66.07941,18.03515],[-66.07959,18.03392],[-66.08,18.03363],[-66.08085,18.03346],[-66.08178,18.03281],[-66.08218,18.0328],[-66.0822,18.03184],[-66.08189,18.03107],[-66.082,18.03084],[-66.08414,18.0295],[-66.08456,18.02823],[-66.08564,18.02749],[-66.08627,18.02731],[-66.08704,18.02678],[-66.08809,18.0264],[-66.08899,18.02548],[-66.08954,18.02456],[-66.09031,18.02437],[-66.09113,18.02467],[-66.09221,18.02444],[-66.09409,18.02329],[-66.09479,18.02264],[-66.0951,18.02211],[-66.09504,18.02183],[-66.0938,18.02115],[-66.0921,18.02129],[-66.09164,18.02101],[-66.09131,18.02009],[-66.09144,18.01787],[-66.09113,18.01748],[-66.08957,18.01624],[-66.08895,18.01534],[-66.08815,18.01475],[-66.08708,18.01429],[-66.08632,18.01378],[-66.08573,18.01283],[-66.08419,18.01301],[-66.08379,18.01295],[-66.08303,18.01177],[-66.0826,18.0107],[-66.08224,18.01038],[-66.08222,18.00935],[-66.08183,18.00795],[-66.08181,18.00607],[-66.08138,18.00527],[-66.08128,18.00408],[-66.08051,18.00322],[-66.07989,18.00171],[-66.07752,18.0002],[-66.07669,18.00019],[-66.07642,17.99998],[-66.07591,17.99826],[-66.0759,17.99769],[-66.07523,17.99625],[-66.07453,17.99599],[-66.07312,17.99604],[-66.07281,17.99593],[-66.0723,17.99481],[-66.07161,17.99399],[-66.07155,17.99311],[-66.07237,17.97874],[-66.07225,17.97826],[-66.07158,17.97743],[-66.07094,17.97587],[-66.07,17.97467],[-66.06977,17.9741],[-66.07008,17.97286],[-66.07091,17.97093],[-66.07079,17.97022],[-66.07084,17.96833],[-66.07008,17.96666],[-66.06989,17.96651],[-66.06969,17.96657],[-66.06862,17.96641],[-66.06751,17.96582],[-66.0676,17.96506],[-66.0675,17.96484],[-66.06604,17.96357],[-66.06616,17.96324],[-66.06606,17.96313],[-66.06529,17.96274],[-66.06543,17.96248],[-66.0652,17.96272],[-66.06495,17.96258],[-66.06423,17.96194],[-66.06413,17.96161],[-66.06417,17.96116],[-66.06579,17.96147],[-66.06591,17.96139],[-66.06435,17.961],[-66.06428,17.96088],[-66.06253,17.96063],[-66.06051,17.95998],[-66.05919,17.95983],[-66.0587,17.95948],[-66.05865,17.95914],[-66.05835,17.95874],[-66.05804,17.95864],[-66.05693,17.95871],[-66.05515,17.95842],[-66.05357,17.95759],[-66.05313,17.95709],[-66.05211,17.95732],[-66.05145,17.95714],[-66.05083,17.95666],[-66.05068,17.95668],[-66.05077,17.95659],[-66.0504,17.95614],[-66.04969,17.9557],[-66.04904,17.9549],[-66.04881,17.95435],[-66.04895,17.9537],[-66.04891,17.95296],[-66.04832,17.95185],[-66.04797,17.95177],[-66.04716,17.95256],[-66.047,17.95379],[-66.04663,17.95454],[-66.04614,17.95514],[-66.04548,17.95556],[-66.04469,17.95567],[-66.04368,17.9562],[-66.04351,17.95652],[-66.04345,17.95761],[-66.04293,17.95887],[-66.04173,17.96009],[-66.04107,17.9611],[-66.04031,17.96195],[-66.03933,17.96244],[-66.03791,17.96254],[-66.03691,17.96227],[-66.03639,17.96176],[-66.03587,17.96147],[-66.03544,17.96142],[-66.0349,17.96169],[-66.0348,17.96279],[-66.03342,17.96612],[-66.03035,17.97046],[-66.02811,17.97265],[-66.02562,17.97476],[-66.02295,17.97671],[-66.01982,17.97864]]]},"properties":{"municipio":"Arroyo","geoid":"72015","countyfp":"015","abrev_mun":"ARR"}},
{"type":"Feature","geometry":{"type":"MultiPolygon","coordinates":[[[[-66.53305,18.48152],[-66.53422,18.48118],[-66.53514,18.48119],[-66.53668,18.48177],[-66.53829,18.48219],[-66.53892,18.48288],[-66.53987,18.48313],[-66.5411,18.48409],[-66.54188,18.4839],[-66.54295,18.4842],[-66.54429,18.48489],[-66.54625,18.48564],[-66.54698,18.48645],[-66.54734,18.48642],[-66.54836,18.48673],[-66.54877,18.48699],[-66.54983,18.48712],[-66.55015,18.48745],[-66.55009,18.48775],[-66.55072,18.48761],[-66.55114,18.4881],[-66.55211,18.48751],[-66.5533,18.48726],[-66.556,18.48797],[-66.55709,18.48846],[-66.55767,18.48918],[-66.55835,18.48933],[-66.55839,18.48988],[-66.55868,18.48995],[-66.55902,18.48967],[-66.55916,18.48982],[-66.55893,18.49005],[-66.55902,18.4901],[-66.55966,18.49001],[-66.55981,18.48979],[-66.55964,18.48955],[-66.55989,18.48952],[-66.55993,18.48929],[-66.55972,18.48922],[-66.55958,18.48891],[-66.55979,18.4886],[-66.56061,18.4883],[-66.56165,18.48839],[-66.56161,18.48772],[-66.56177,18.48817],[-66.56248,18.48846],[-66.56267,18.48763],[-66.56335,18.48662],[-66.56422,18.48595],[-66.56568,18.48539],[-66.56651,18.48545],[-66.56734,18.4858],[-66.56857,18.48598],[-66.56908,18.48621],[-66.57011,18.48588],[-66.57138,18.48587],[-66.5716,18.48566],[-66.57244,18.48536],[-66.5727,18.48543],[-66.57382,18.48516],[-66.57481,18.48439],[-66.5758,18.48437],[-66.57578,18.48428],[-66.57521,18.48427],[-66.57548,18.48413],[-66.57616,18.48412],[-66.57662,18.48438],[-66.57751,18.48439],[-66.57841,18.48472],[-66.57956,18.48434],[-66.58102,18.48424],[-66.58336,18.48443],[-66.58383,18.48434],[-66.5856,18.48441],[-66.58605,18.48461],[-66.58644,18.48454],[-66.58678,18.48465],[-66.58885,18.47318],[-66.58617,18.46854],[-66.58439,18.46676],[-66.58387,18.46654],[-66.58236,18.46627],[-66.58177,18.46629],[-66.58003,18.468],[-66.57982,18.46801],[-66.5798,18.4677],[-66.58105,18.45579],[-66.58281,18.44142],[-66.58557,18.44142],[-66.58777,18.4412],[-66.58777,18.43757],[-66.58719,18.43742],[-66.58646,18.43752],[-66.58542,18.43794],[-66.58411,18.43871],[-66.58324,18.4378],[-66.58531,18.41954],[-66.58612,18.41627],[-66.5864,18.4138],[-66.58761,18.41027],[-66.59078,18.41055],[-66.59094,18.41041],[-66.59327,18.39939],[-66.59327,18.39876],[-66.59292,18.3981],[-66.59219,18.39772],[-66.59114,18.39752],[-66.59096,18.39734],[-66.59098,18.3963],[-66.59087,18.39592],[-66.59003,18.39456],[-66.5899,18.39314],[-66.59089,18.39238],[-66.59122,18.392],[-66.59124,18.39176],[-66.59075,18.39117],[-66.5901,18.38985],[-66.58837,18.38957],[-66.58682,18.39002],[-66.58304,18.3899],[-66.58343,18.39055],[-66.58356,18.39127],[-66.58299,18.39353],[-66.58303,18.3948],[-66.58293,18.39522],[-66.58272,18.39551],[-66.58202,18.39554],[-66.58068,18.39539],[-66.57957,18.39506],[-66.57892,18.39525],[-66.57829,18.39582],[-66.57804,18.39659],[-66.57793,18.39824],[-66.57771,18.39847],[-66.57708,18.39864],[-66.57667,18.39893],[-66.57599,18.40036],[-66.57581,18.40165],[-66.57602,18.40416],[-66.57569,18.40488],[-66.57538,18.4051],[-66.57414,18.40548],[-66.57337,18.40661],[-66.57279,18.40708],[-66.57204,18.40754],[-66.57104,18.40787],[-66.57075,18.40837],[-66.57138,18.40946],[-66.57078,18.41015],[-66.56957,18.41076],[-66.56819,18.41109],[-66.56722,18.41246],[-66.56411,18.41394],[-66.56351,18.41397],[-66.56009,18.41271],[-66.55965,18.41238],[-66.55899,18.41145],[-66.55836,18.41115],[-66.55767,18.41109],[-66.55698,18.4112],[-66.556,18.41159],[-66.55451,18.41107],[-66.55301,18.41162],[-66.55177,18.4097],[-66.55128,18.40679],[-66.55108,18.40654],[-66.55005,18.40601],[-66.54927,18.40517],[-66.54845,18.40502],[-66.54759,18.40463],[-66.54531,18.40581],[-66.54449,18.40579],[-66.54354,18.40552],[-66.54327,18.40562],[-66.54355,18.40674],[-66.54355,18.40775],[-66.54284,18.41134],[-66.54313,18.41389],[-66.5427,18.41466],[-66.54261,18.4152],[-66.54208,18.41628],[-66.5422,18.41667],[-66.5427,18.41731],[-66.5436,18.41792],[-66.5437,18.41813],[-66.54349,18.41879],[-66.53876,18.42033],[-66.5362,18.42137],[-66.53423,18.42254],[-66.53313,18.42402],[-66.53225,18.42401],[-66.52992,18.42452],[-66.52877,18.42518],[-66.527,18.42645],[-66.52657,18.4266],[-66.5267,18.42743],[-66.5269,18.42747],[-66.52697,18.42776],[-66.52682,18.42822],[-66.52628,18.42894],[-66.5264,18.42957],[-66.52673,18.4301],[-66.52673,18.43052],[-66.52656,18.43068],[-66.5255,18.43064],[-66.52451,18.43106],[-66.52322,18.43091],[-66.52314,18.43068],[-66.52329,18.42995],[-66.52316,18.42969],[-66.52261,18.42955],[-66.52111,18.43115],[-66.52108,18.43143],[-66.52169,18.43195],[-66.52184,18.43225],[-66.52206,18.43307],[-66.52247,18.4333],[-66.52298,18.43312],[-66.52334,18.43192],[-66.52356,18.43166],[-66.52391,18.43152],[-66.52427,18.43151],[-66.52446,18.43163],[-66.52514,18.43253],[-66.52559,18.43288],[-66.52583,18.43292],[-66.5269,18.43242],[-66.52714,18.4325],[-66.52717,18.43358],[-66.52786,18.43443],[-66.52799,18.4348],[-66.52765,18.43597],[-66.52718,18.43701],[-66.52734,18.43915],[-66.5278,18.44069],[-66.52843,18.44145],[-66.52903,18.44181],[-66.53012,18.44156],[-66.53027,18.4404],[-66.53044,18.44023],[-66.5316,18.43989],[-66.53186,18.43952],[-66.5314,18.43787],[-66.53108,18.43745],[-66.53015,18.43676],[-66.53028,18.43597],[-66.53086,18.43543],[-66.53083,18.4346],[-66.53102,18.43444],[-66.53194,18.43459],[-66.53345,18.43429],[-66.53501,18.43432],[-66.53597,18.43454],[-66.53667,18.43488],[-66.53718,18.43534],[-66.53732,18.43565],[-66.5373,18.43633],[-66.537,18.43778],[-66.53582,18.44054],[-66.53551,18.44103],[-66.53503,18.44142],[-66.53375,18.442],[-66.53257,18.44231],[-66.53239,18.44242],[-66.53235,18.44271],[-66.53295,18.44302],[-66.53418,18.44313],[-66.53511,18.44338],[-66.53579,18.44378],[-66.53657,18.44459],[-66.53896,18.44365],[-66.53954,18.44356],[-66.53996,18.44369],[-66.53985,18.44432],[-66.53927,18.44532],[-66.53752,18.44712],[-66.53593,18.4479],[-66.53347,18.44853],[-66.53069,18.44975],[-66.52987,18.45033],[-66.52895,18.45149],[-66.52651,18.45355],[-66.52616,18.45414],[-66.5262,18.45466],[-66.52644,18.45525],[-66.52729,18.45612],[-66.52901,18.45684],[-66.53128,18.45694],[-66.5323,18.45677],[-66.53385,18.45611],[-66.53468,18.45556],[-66.53559,18.45473],[-66.5361,18.45382],[-66.53673,18.45339],[-66.53723,18.45324],[-66.53745,18.45339],[-66.53752,18.45362],[-66.53729,18.45443],[-66.53742,18.45584],[-66.53718,18.45686],[-66.53699,18.45712],[-66.5361,18.45758],[-66.53436,18.45883],[-66.53197,18.46105],[-66.53131,18.4623],[-66.53049,18.4651],[-66.53026,18.46635],[-66.53006,18.47042],[-66.53032,18.47225],[-66.53131,18.47459],[-66.53241,18.47583],[-66.53375,18.47771],[-66.53437,18.47922],[-66.53406,18.47975],[-66.53322,18.48026],[-66.53294,18.48065],[-66.53287,18.48095],[-66.53305,18.48152]]],[[[-66.57846,18.48541],[-66.57869,18.48562],[-66.57872,18.48536],[-66.57846,18.48541]]],[[[-66.54381,18.486],[-66.5437,18.4861],[-66.54389,18.48615],[-66.54381,18.486]]],[[[-66.54609,18.48717],[-66.54598,18.4873],[-66.54622,18.48742],[-66.54624,18.48724],[-66.54609,18.48717]]],[[[-66.54659,18.48753],[-66.54674,18.48722],[-66.54643,18.48718],[-66.54642,18.48743],[-66.54659,18.48753]]],[[[-66.54697,18.48756],[-66.54691,18.48772],[-66.54711,18.48778],[-66.54707,18.48756],[-66.54697,18.48756]]],[[[-66.54865,18.48785],[-66.54863,18.48818],[-66.5489,18.48789],[-66.54865,18.48785]]],[[[-66.55075,18.48851],[-66.55094,18.48847],[-66.55095,18.48831],[-66.55066,18.48826],[-66.55065,18.48851],[-66.55075,18.48851]]],[[[-66.55124,18.48838],[-66.55115,18.4886],[-66.5513,18.48849],[-66.55124,18.48838]]],[[[-66.54974,18.48799],[-66.5499,18.48824],[-66.54978,18.48872],[-66.5499,18.48875],[-66.55014,18.48861],[-66.55035,18.48825],[-66.54995,18.48787],[-66.54974,18.48799]]],[[[-66.55165,18.48862],[-66.55155,18.48876],[-66.55162,18.48912],[-66.55201,18.48923],[-66.55209,18.48883],[-66.55165,18.48862]]],[[[-66.55731,18.48957],[-66.55745,18.48972],[-66.55745,18.4895],[-66.55719,18.48954],[-66.55731,18.48957]]],[[[-66.55762,18.4896],[-66.55754,18.48974],[-66.55769,18.48988],[-66.55786,18.48969],[-66.55762,18.4896]]],[[[-66.56258,18.49072],[-66.56301,18.49058],[-66.56323,18.49071],[-66.56355,18.49052],[-66.56308,18.49015],[-66.56308,18.48977],[-66.5622,18.48929],[-66.56169,18.48915],[-66.5614,18.48842],[-66.56047,18.48871],[-66.56001,18.48935],[-66.5601,18.48988],[-66.5604,18.48982],[-66.56044,18.48999],[-66.56075,18.48979],[-66.561,18.4898],[-66.56087,18.49002],[-66.56105,18.49033],[-66.56159,18.49033],[-66.56145,18.49046],[-66.56168,18.49055],[-66.56252,18.49025],[-66.56221,18.49055],[-66.56258,18.49072]]],[[[-66.57461,18.49123],[-66.57456,18.49155],[-66.57505,18.49174],[-66.57515,18.49141],[-66.57486,18.49109],[-66.57461,18.49123]]]]},"properties":{"municipio":"Barceloneta","geoid":"72017","countyfp":"017","abrev_mun":"BCL"}},
{"type":"Feature","geometry":{"type":"Polygon","coordinates":[[[-66.26629,18.24559],[-66.26693,18.24541],[-66.27995,18.24364],[-66.28095,18.24371],[-66.28431,18.24454],[-66.28537,18.24469],[-66.28734,18.24459],[-66.28792,18.24468],[-66.28862,18.24512],[-66.29045,18.24515],[-66.29109,18.2454],[-66.29224,18.24554],[-66.29302,18.2458],[-66.29364,18.24648],[-66.29415,18.24632],[-66.29503,18.24567],[-66.29604,18.2459],[-66.29666,18.24545],[-66.29716,18.2455],[-66.2974,18.2454],[-66.29783,18.2455],[-66.29813,18.24586],[-66.29967,18.24504],[-66.30209,18.24462],[-66.30297,18.24404],[-66.30311,18.24363],[-66.30388,18.24345],[-66.30411,18.24324],[-66.3052,18.24177],[-66.30608,18.24117],[-66.30648,18.24106],[-66.30788,18.24221],[-66.30782,18.24359],[-66.30804,18.24425],[-66.30847,18.24469],[-66.30928,18.24512],[-66.31047,18.24516],[-66.31107,18.2463],[-66.31111,18.24682],[-66.31095,18.2474],[-66.3111,18.24779],[-66.31143,18.24804],[-66.31187,18.24816],[-66.31303,18.24807],[-66.31377,18.24832],[-66.31407,18.2487],[-66.314,18.24898],[-66.31347,18.24925],[-66.31465,18.24967],[-66.31554,18.24962],[-66.31759,18.24886],[-66.31884,18.24801],[-66.3202,18.24757],[-66.32276,18.2476],[-66.32444,18.24748],[-66.32611,18.24782],[-66.32661,18.24597],[-66.32682,18.24413],[-66.3307,18.24373],[-66.3314,18.24359],[-66.33154,18.24342],[-66.3322,18.24323],[-66.33221,18.24255],[-66.3327,18.24164],[-66.33394,18.24112],[-66.33422,18.24071],[-66.33603,18.2395],[-66.33769,18.23939],[-66.33864,18.23906],[-66.34045,18.23871],[-66.34135,18.23911],[-66.34203,18.23975],[-66.34275,18.23975],[-66.34396,18.23948],[-66.34471,18.24012],[-66.34558,18.23998],[-66.34634,18.24011],[-66.34744,18.24005],[-66.34883,18.24046],[-66.34966,18.24054],[-66.35086,18.24128],[-66.35113,18.2359],[-66.35141,18.23277],[-66.35162,18.23191],[-66.3511,18.23077],[-66.35124,18.22906],[-66.35045,18.22823],[-66.35028,18.22733],[-66.35094,18.22549],[-66.35122,18.22514],[-66.35219,18.22495],[-66.35248,18.22503],[-66.3529,18.226],[-66.35301,18.22616],[-66.35328,18.2262],[-66.35391,18.22489],[-66.35449,18.22282],[-66.35416,18.2219],[-66.35376,18.22147],[-66.35288,18.22094],[-66.35279,18.22072],[-66.35275,18.22048],[-66.35319,18.22004],[-66.35358,18.21938],[-66.35376,18.21874],[-66.3537,18.21856],[-66.35325,18.2184],[-66.35162,18.21855],[-66.35151,18.21794],[-66.35168,18.21715],[-66.35226,18.21601],[-66.35218,18.21535],[-66.35174,18.21453],[-66.35183,18.21323],[-66.35215,18.21218],[-66.3522,18.21112],[-66.35245,18.21084],[-66.35254,18.21046],[-66.35234,18.20997],[-66.35166,18.20927],[-66.35147,18.20816],[-66.35073,18.20705],[-66.35065,18.20563],[-66.35091,18.20478],[-66.35159,18.20352],[-66.35175,18.20191],[-66.35241,18.20075],[-66.35246,18.20002],[-66.353,18.19827],[-66.3529,18.19803],[-66.35229,18.19773],[-66.35205,18.19729],[-66.35198,18.1962],[-66.35172,18.19581],[-66.35182,18.19516],[-66.3517,18.19417],[-66.35206,18.1939],[-66.35216,18.19327],[-66.35342,18.19343],[-66.35418,18.19331],[-66.35434,18.19313],[-66.35391,18.19247],[-66.35407,18.192],[-66.35438,18.19179],[-66.35481,18.19199],[-66.35601,18.19223],[-66.35604,18.19267],[-66.35582,18.19305],[-66.35598,18.19379],[-66.35681,18.19428],[-66.35709,18.19474],[-66.35789,18.19509],[-66.35893,18.19733],[-66.36056,18.19964],[-66.36114,18.20007],[-66.36207,18.20024],[-66.36273,18.20019],[-66.36373,18.20066],[-66.36451,18.19942],[-66.36472,18.19942],[-66.36581,18.19794],[-66.36689,18.19748],[-66.36735,18.19702],[-66.36735,18.19566],[-66.36766,18.19469],[-66.36767,18.19404],[-66.36719,18.19357],[-66.36709,18.19323],[-66.3671,18.19217],[-66.3659,18.18999],[-66.3653,18.18917],[-66.36509,18.18815],[-66.3647,18.18726],[-66.36479,18.18701],[-66.36552,18.18623],[-66.36557,18.18544],[-66.36579,18.18532],[-66.36689,18.18561],[-66.36854,18.18575],[-66.36958,18.186],[-66.36998,18.18596],[-66.37051,18.18571],[-66.37131,18.18564],[-66.37362,18.18403],[-66.37386,18.18217],[-66.37362,18.18166],[-66.37328,18.18159],[-66.37288,18.18129],[-66.3728,18.18091],[-66.37307,18.17938],[-66.37236,18.17853],[-66.3721,18.17769],[-66.37205,18.17698],[-66.37219,18.17645],[-66.37297,18.17562],[-66.37311,18.17441],[-66.37371,18.17376],[-66.37268,18.17344],[-66.37077,18.17313],[-66.36785,18.17221],[-66.3675,18.17199],[-66.36623,18.17027],[-66.36591,18.17008],[-66.36446,18.16977],[-66.36234,18.17036],[-66.36072,18.16987],[-66.35948,18.17018],[-66.35863,18.16968],[-66.35703,18.16939],[-66.35575,18.16939],[-66.35536,18.16928],[-66.35491,18.16898],[-66.35515,18.16824],[-66.35486,18.16777],[-66.35414,18.16736],[-66.35289,18.16691],[-66.3513,18.16551],[-66.35033,18.16552],[-66.34794,18.1662],[-66.34658,18.16754],[-66.34356,18.16738],[-66.34299,18.16782],[-66.34201,18.16816],[-66.34146,18.16757],[-66.3413,18.16696],[-66.3415,18.16653],[-66.34155,18.16586],[-66.34049,18.16549],[-66.33992,18.16574],[-66.33956,18.16615],[-66.33923,18.16631],[-66.33952,18.16689],[-66.33895,18.16782],[-66.33805,18.16872],[-66.33754,18.16856],[-66.33662,18.16865],[-66.33447,18.16741],[-66.33371,18.16744],[-66.33357,18.16761],[-66.33381,18.16804],[-66.33367,18.16824],[-66.33236,18.16776],[-66.33125,18.16821],[-66.33062,18.16822],[-66.33067,18.16732],[-66.33045,18.16544],[-66.33029,18.16514],[-66.32969,18.16464],[-66.32864,18.16512],[-66.32777,18.1651],[-66.32739,18.16484],[-66.32724,18.16496],[-66.32732,18.16593],[-66.32709,18.16614],[-66.32664,18.16622],[-66.32549,18.16617],[-66.32462,18.1658],[-66.32473,18.16514],[-66.32449,18.1647],[-66.32388,18.16468],[-66.32359,18.16485],[-66.32326,18.1654],[-66.32227,18.16546],[-66.32197,18.16433],[-66.32227,18.16192],[-66.32206,18.16112],[-66.32231,18.16015],[-66.32223,18.15936],[-66.32233,18.15913],[-66.32303,18.1587],[-66.32299,18.15713],[-66.32195,18.15653],[-66.32177,18.15591],[-66.3215,18.15563],[-66.31819,18.15519],[-66.31697,18.15406],[-66.31649,18.15296],[-66.31594,18.15238],[-66.31475,18.15185],[-66.31509,18.15312],[-66.31497,18.15352],[-66.31352,18.15503],[-66.31266,18.15639],[-66.31187,18.1573],[-66.31145,18.15754],[-66.31098,18.15748],[-66.31036,18.15798],[-66.30997,18.15926],[-66.30737,18.16005],[-66.30668,18.15993],[-66.3061,18.16028],[-66.3053,18.16102],[-66.30426,18.16145],[-66.30233,18.1594],[-66.30167,18.15917],[-66.30148,18.15931],[-66.3012,18.16067],[-66.30106,18.16081],[-66.30012,18.16053],[-66.29954,18.16135],[-66.299,18.16255],[-66.29871,18.16425],[-66.29824,18.16528],[-66.29752,18.16543],[-66.2934,18.16483],[-66.29285,18.16492],[-66.29243,18.16526],[-66.29251,18.16687],[-66.29236,18.16764],[-66.29212,18.16811],[-66.29215,18.16895],[-66.29191,18.1693],[-66.2917,18.16923],[-66.29147,18.16933],[-66.29119,18.16907],[-66.29,18.16875],[-66.2894,18.16874],[-66.28845,18.1694],[-66.28719,18.16939],[-66.28597,18.17008],[-66.28499,18.17017],[-66.28426,18.17047],[-66.28287,18.1714],[-66.28128,18.17138],[-66.28022,18.17261],[-66.27932,18.17299],[-66.27924,18.17344],[-66.27897,18.17378],[-66.27795,18.17422],[-66.27706,18.17393],[-66.27585,18.17276],[-66.27545,18.17258],[-66.27523,18.17264],[-66.2749,18.17327],[-66.27324,18.17373],[-66.27117,18.17295],[-66.26899,18.17241],[-66.26823,18.17235],[-66.26616,18.17256],[-66.26415,18.17156],[-66.26361,18.17112],[-66.26303,18.17092],[-66.26245,18.17089],[-66.26121,18.17112],[-66.25986,18.17105],[-66.25922,18.17083],[-66.25863,18.17024],[-66.2579,18.16989],[-66.25735,18.16994],[-66.25697,18.17081],[-66.25664,18.17106],[-66.25619,18.17077],[-66.25579,18.16936],[-66.25585,18.16846],[-66.25566,18.16651],[-66.25561,18.16627],[-66.25538,18.16609],[-66.25393,18.16551],[-66.25257,18.16529],[-66.25198,18.16527],[-66.2505,18.16575],[-66.24995,18.1658],[-66.24915,18.16549],[-66.24849,18.16554],[-66.24817,18.16575],[-66.24804,18.16603],[-66.24817,18.1668],[-66.248,18.16727],[-66.24722,18.16781],[-66.24702,18.16834],[-66.24849,18.16945],[-66.24894,18.17002],[-66.24879,18.17051],[-66.24823,18.1709],[-66.24842,18.17188],[-66.24835,18.17285],[-66.24754,18.17457],[-66.24643,18.17576],[-66.24495,18.17691],[-66.24466,18.17742],[-66.24451,18.17829],[-66.24429,18.17862],[-66.24328,18.17917],[-66.24274,18.18025],[-66.24374,18.18074],[-66.24423,18.18137],[-66.2444,18.18192],[-66.24433,18.18308],[-66.24394,18.18358],[-66.24339,18.18391],[-66.24191,18.1838],[-66.24146,18.18399],[-66.2406,18.18467],[-66.24045,18.18538],[-66.24073,18.18566],[-66.24386,18.18735],[-66.24444,18.18788],[-66.2446,18.18824],[-66.24465,18.18995],[-66.24418,18.19099],[-66.24389,18.19125],[-66.24341,18.19141],[-66.2425,18.19151],[-66.24203,18.19232],[-66.24312,18.19284],[-66.24406,18.19347],[-66.24428,18.19338],[-66.24487,18.19267],[-66.24613,18.1921],[-66.24661,18.19116],[-66.24681,18.19107],[-66.24757,18.1914],[-66.24843,18.19152],[-66.24943,18.19092],[-66.24977,18.19049],[-66.25092,18.19057],[-66.25093,18.19039],[-66.25062,18.19017],[-66.2506,18.18997],[-66.2508,18.18913],[-66.25137,18.1885],[-66.2515,18.1879],[-66.25167,18.18773],[-66.25219,18.18766],[-66.25213,18.18725],[-66.25299,18.18744],[-66.25375,18.18794],[-66.25433,18.18775],[-66.25439,18.18702],[-66.25458,18.18694],[-66.2552,18.18723],[-66.25538,18.18681],[-66.25518,18.18589],[-66.25553,18.18564],[-66.25563,18.1852],[-66.25561,18.18487],[-66.25531,18.18455],[-66.25576,18.18406],[-66.25555,18.1837],[-66.25606,18.18313],[-66.25675,18.18273],[-66.25743,18.18298],[-66.25786,18.18362],[-66.25848,18.18336],[-66.25896,18.18339],[-66.25972,18.18416],[-66.26047,18.18428],[-66.26115,18.18462],[-66.26169,18.18451],[-66.26235,18.18491],[-66.26332,18.18503],[-66.26364,18.18529],[-66.26455,18.20559],[-66.26482,18.20595],[-66.26595,18.20638],[-66.26698,18.20795],[-66.26765,18.20964],[-66.26786,18.21065],[-66.26872,18.21277],[-66.26988,18.21481],[-66.26977,18.21555],[-66.27099,18.21739],[-66.27047,18.21916],[-66.2666,18.22953],[-66.2656,18.23322],[-66.26574,18.23381],[-66.26643,18.23455],[-66.26663,18.23505],[-66.26661,18.2353],[-66.26594,18.23623],[-66.2661,18.23726],[-66.26655,18.23817],[-66.26728,18.23891],[-66.26769,18.24069],[-66.26846,18.24133],[-66.26829,18.24243],[-66.26793,18.24321],[-66.26629,18.24559]]]},"properties":{"municipio":"Barranquitas","geoid":"72019","countyfp":"019","abrev_mun":"BQT"}},
{"type":"Feature","geometry":{"type":"Polygon","coordinates":[[[-66.13151,18.42469],[-66.13567,18.42198],[-66.13542,18.42318],[-66.14053,18.42306],[-66.14321,18.42232],[-66.14692,18.42275],[-66.14715,18.42324],[-66.14743,18.42322],[-66.1476,18.42305],[-66.14775,18.42179],[-66.14826,18.42137],[-66.1488,18.42146],[-66.14875,18.42173],[-66.14841,18.42209],[-66.14837,18.4224],[-66.14852,18.42274],[-66.14871,18.42283],[-66.14911,18.42281],[-66.14973,18.4222],[-66.15023,18.42216],[-66.15022,18.42143],[-66.15008,18.42108],[-66.15026,18.42078],[-66.15126,18.4215],[-66.15153,18.4222],[-66.1519,18.42239],[-66.15237,18.4221],[-66.15295,18.42219],[-66.15319,18.42206],[-66.15316,18.42181],[-66.15287,18.42146],[-66.15286,18.42125],[-66.15313,18.42112],[-66.15352,18.42127],[-66.15427,18.42209],[-66.15769,18.42093],[-66.15852,18.42137],[-66.15829,18.42189],[-66.15832,18.42226],[-66.15917,18.42351],[-66.15995,18.42539],[-66.16046,18.42587],[-66.16147,18.42611],[-66.16189,18.42644],[-66.16182,18.42754],[-66.16204,18.42802],[-66.16439,18.42864],[-66.16543,18.42996],[-66.1658,18.43024],[-66.16803,18.43046],[-66.16936,18.43104],[-66.16954,18.43016],[-66.17058,18.42991],[-66.17063,18.42944],[-66.17041,18.429],[-66.16986,18.42879],[-66.16927,18.42821],[-66.16924,18.42751],[-66.16963,18.42571],[-66.17024,18.42447],[-66.17082,18.42391],[-66.17232,18.42288],[-66.17257,18.42249],[-66.17259,18.4211],[-66.17308,18.42096],[-66.17357,18.42102],[-66.17386,18.42087],[-66.17396,18.42039],[-66.17491,18.41989],[-66.17559,18.41975],[-66.17697,18.41974],[-66.17759,18.41929],[-66.1782,18.41912],[-66.17884,18.41975],[-66.17943,18.42009],[-66.18015,18.4213],[-66.18038,18.4214],[-66.18157,18.42147],[-66.18235,18.42178],[-66.18313,18.4216],[-66.18543,18.42152],[-66.18712,18.42052],[-66.18749,18.41997],[-66.18763,18.41945],[-66.18916,18.41889],[-66.19089,18.41851],[-66.19146,18.41825],[-66.19224,18.41864],[-66.19373,18.41875],[-66.19423,18.41858],[-66.19452,18.41768],[-66.19568,18.41716],[-66.19625,18.41606],[-66.19733,18.41551],[-66.19802,18.41462],[-66.19827,18.41383],[-66.19819,18.4129],[-66.19678,18.41107],[-66.19637,18.40972],[-66.19654,18.40868],[-66.19683,18.40832],[-66.19766,18.40797],[-66.19775,18.40781],[-66.19762,18.4067],[-66.19683,18.40526],[-66.19678,18.40493],[-66.19693,18.40455],[-66.19749,18.40416],[-66.19758,18.40359],[-66.19648,18.40165],[-66.19637,18.40111],[-66.19665,18.40013],[-66.19535,18.39684],[-66.19552,18.39631],[-66.19697,18.3941],[-66.19519,18.39123],[-66.19694,18.39081],[-66.19702,18.38927],[-66.19766,18.37668],[-66.19915,18.373],[-66.19933,18.37283],[-66.19896,18.37241],[-66.19947,18.37089],[-66.19942,18.37049],[-66.19961,18.37017],[-66.19949,18.36907],[-66.19928,18.36842],[-66.19852,18.36728],[-66.19763,18.36534],[-66.19742,18.36399],[-66.19749,18.36172],[-66.19728,18.36061],[-66.1974,18.36012],[-66.19971,18.35499],[-66.19967,18.35449],[-66.19937,18.35384],[-66.19899,18.35346],[-66.19851,18.35324],[-66.19836,18.35296],[-66.19859,18.35135],[-66.20052,18.34695],[-66.20021,18.34395],[-66.19953,18.34003],[-66.20115,18.33816],[-66.20362,18.3367],[-66.20155,18.32906],[-66.20156,18.32851],[-66.20437,18.31692],[-66.20464,18.31646],[-66.20537,18.31646],[-66.20541,18.31522],[-66.20605,18.31399],[-66.20619,18.3134],[-66.20576,18.31212],[-66.20597,18.30875],[-66.20588,18.30775],[-66.20601,18.30686],[-66.20644,18.30662],[-66.20881,18.30672],[-66.20912,18.30679],[-66.2097,18.30726],[-66.21063,18.30746],[-66.21147,18.30736],[-66.21199,18.30702],[-66.21296,18.30708],[-66.21334,18.30682],[-66.21361,18.30607],[-66.21339,18.3052],[-66.21062,18.30303],[-66.21025,18.30185],[-66.21031,18.30031],[-66.20996,18.29802],[-66.20959,18.29752],[-66.20883,18.29712],[-66.20857,18.29558],[-66.20887,18.29462],[-66.20926,18.29418],[-66.21075,18.29338],[-66.2111,18.29305],[-66.21147,18.29242],[-66.21146,18.29163],[-66.2109,18.29041],[-66.20969,18.28901],[-66.20875,18.28757],[-66.20904,18.28473],[-66.20812,18.282],[-66.20696,18.28024],[-66.20668,18.27945],[-66.20627,18.27675],[-66.20594,18.27576],[-66.20535,18.2756],[-66.20493,18.27567],[-66.20416,18.27627],[-66.20335,18.27627],[-66.20291,18.27653],[-66.20137,18.27633],[-66.20015,18.27511],[-66.19982,18.27445],[-66.19989,18.27404],[-66.20059,18.27295],[-66.20075,18.27207],[-66.2006,18.27129],[-66.19986,18.27076],[-66.19931,18.27007],[-66.19808,18.27032],[-66.19539,18.26966],[-66.19457,18.2691],[-66.19369,18.26797],[-66.19334,18.26771],[-66.19304,18.26637],[-66.19372,18.26569],[-66.19372,18.26478],[-66.1934,18.26368],[-66.19335,18.26244],[-66.19296,18.26071],[-66.19275,18.26031],[-66.19211,18.26032],[-66.19147,18.26003],[-66.19062,18.25874],[-66.19015,18.25899],[-66.18875,18.2602],[-66.18847,18.26078],[-66.18852,18.26172],[-66.18841,18.26213],[-66.18691,18.26364],[-66.18613,18.26617],[-66.18506,18.26748],[-66.18331,18.26906],[-66.18165,18.27012],[-66.17981,18.27092],[-66.17842,18.27217],[-66.17808,18.27319],[-66.1772,18.27449],[-66.17704,18.27586],[-66.1769,18.27608],[-66.17637,18.27641],[-66.17558,18.27655],[-66.17503,18.27727],[-66.17109,18.27921],[-66.16953,18.2785],[-66.1677,18.27792],[-66.16647,18.27958],[-66.16595,18.27978],[-66.16531,18.27966],[-66.165,18.28012],[-66.16456,18.28029],[-66.16407,18.28072],[-66.16313,18.28062],[-66.16233,18.28076],[-66.16188,18.28143],[-66.16192,18.28202],[-66.16141,18.28267],[-66.16109,18.28263],[-66.16107,18.28205],[-66.16099,18.28187],[-66.16079,18.28184],[-66.1604,18.28271],[-66.15978,18.28293],[-66.15867,18.28305],[-66.1581,18.28292],[-66.1572,18.28299],[-66.15496,18.28197],[-66.1544,18.2819],[-66.15376,18.28199],[-66.1523,18.28166],[-66.15106,18.28083],[-66.14834,18.28101],[-66.14791,18.28081],[-66.14688,18.28071],[-66.14418,18.27965],[-66.14385,18.27973],[-66.14374,18.28004],[-66.14189,18.28213],[-66.14206,18.28253],[-66.14234,18.2826],[-66.14328,18.28241],[-66.14382,18.28255],[-66.1441,18.2831],[-66.14408,18.28348],[-66.14353,18.28385],[-66.1413,18.28459],[-66.14062,18.28525],[-66.14078,18.28638],[-66.14057,18.2876],[-66.1415,18.29026],[-66.14145,18.29111],[-66.14119,18.29148],[-66.14084,18.2926],[-66.1408,18.29317],[-66.141,18.29409],[-66.14093,18.29455],[-66.14067,18.29477],[-66.13987,18.29483],[-66.1392,18.29503],[-66.13895,18.29523],[-66.13852,18.29711],[-66.13796,18.2982],[-66.13838,18.29961],[-66.13859,18.29988],[-66.1394,18.30036],[-66.14091,18.30088],[-66.14119,18.30134],[-66.14119,18.3023],[-66.14083,18.30456],[-66.14092,18.30512],[-66.14082,18.30554],[-66.13996,18.30691],[-66.13992,18.30736],[-66.14016,18.3082],[-66.14151,18.3087],[-66.14163,18.30893],[-66.14148,18.31049],[-66.14096,18.31136],[-66.13952,18.31187],[-66.13733,18.31169],[-66.13621,18.31189],[-66.13309,18.31259],[-66.13255,18.31286],[-66.13248,18.31325],[-66.1326,18.31359],[-66.13298,18.31384],[-66.13401,18.31387],[-66.13562,18.31469],[-66.13628,18.31542],[-66.1392,18.31764],[-66.14119,18.32008],[-66.1416,18.32164],[-66.1417,18.32299],[-66.14154,18.32469],[-66.14104,18.32596],[-66.14059,18.32663],[-66.14056,18.32704],[-66.14086,18.3275],[-66.14147,18.3278],[-66.14157,18.32807],[-66.14154,18.32881],[-66.14137,18.32929],[-66.14117,18.32952],[-66.14,18.33014],[-66.1399,18.33104],[-66.13887,18.33243],[-66.13395,18.33461],[-66.13371,18.33486],[-66.13354,18.33555],[-66.13363,18.33573],[-66.13412,18.33583],[-66.13547,18.33589],[-66.13581,18.33599],[-66.13596,18.33621],[-66.13609,18.3374],[-66.13576,18.33888],[-66.13549,18.33947],[-66.13508,18.33991],[-66.13491,18.34049],[-66.13472,18.34131],[-66.13484,18.34168],[-66.13505,18.34183],[-66.13536,18.34183],[-66.13705,18.34153],[-66.13751,18.34169],[-66.13789,18.34231],[-66.13784,18.34321],[-66.13752,18.34392],[-66.13618,18.34527],[-66.1359,18.34612],[-66.13574,18.34754],[-66.13594,18.34915],[-66.13623,18.3501],[-66.13646,18.35048],[-66.13744,18.35108],[-66.13829,18.35212],[-66.13808,18.35293],[-66.13812,18.35316],[-66.13857,18.35364],[-66.13858,18.35402],[-66.13817,18.35512],[-66.13832,18.35545],[-66.13946,18.35554],[-66.14011,18.35587],[-66.14167,18.35735],[-66.14187,18.35763],[-66.14194,18.35829],[-66.14171,18.36136],[-66.14116,18.36273],[-66.1408,18.36299],[-66.14034,18.36298],[-66.14002,18.36269],[-66.13969,18.36194],[-66.13933,18.3619],[-66.13882,18.36221],[-66.13816,18.36361],[-66.13785,18.36505],[-66.13793,18.36606],[-66.13774,18.36715],[-66.13817,18.37058],[-66.13795,18.37125],[-66.13816,18.37215],[-66.13801,18.3727],[-66.13783,18.37301],[-66.13762,18.37301],[-66.13719,18.37349],[-66.13656,18.37356],[-66.1358,18.37339],[-66.13542,18.37279],[-66.13517,18.37281],[-66.13468,18.37341],[-66.13458,18.37373],[-66.13455,18.37457],[-66.13478,18.37491],[-66.13739,18.37728],[-66.13757,18.37779],[-66.13756,18.37934],[-66.13686,18.38075],[-66.13524,18.38267],[-66.13518,18.3829],[-66.13488,18.38291],[-66.13446,18.38241],[-66.13445,18.38201],[-66.13294,18.38158],[-66.12981,18.37975],[-66.12706,18.3785],[-66.12461,18.37697],[-66.1222,18.37624],[-66.12138,18.37802],[-66.12058,18.37825],[-66.11941,18.37905],[-66.11898,18.37891],[-66.1184,18.37905],[-66.11846,18.37925],[-66.11881,18.37953],[-66.11887,18.38078],[-66.11931,18.38133],[-66.12328,18.38877],[-66.12462,18.39223],[-66.12634,18.39594],[-66.12569,18.39691],[-66.12418,18.39807],[-66.12397,18.39858],[-66.12408,18.39938],[-66.12462,18.4007],[-66.12526,18.40156],[-66.12657,18.40107],[-66.12788,18.40263],[-66.1268,18.40441],[-66.12616,18.40504],[-66.1251,18.40565],[-66.12487,18.40593],[-66.12481,18.40681],[-66.12461,18.40686],[-66.12461,18.40726],[-66.12422,18.40764],[-66.12388,18.40834],[-66.12409,18.40939],[-66.1239,18.41008],[-66.12111,18.41442],[-66.12182,18.41461],[-66.12187,18.41536],[-66.12461,18.4179],[-66.12506,18.41857],[-66.128,18.41959],[-66.12862,18.41958],[-66.12941,18.42061],[-66.13002,18.42082],[-66.13045,18.42029],[-66.13127,18.42043],[-66.13191,18.42023],[-66.13227,18.42045],[-66.13139,18.42135],[-66.13125,18.4223],[-66.13056,18.42358],[-66.13069,18.42377],[-66.13054,18.42398],[-66.1311,18.42448],[-66.13162,18.42386],[-66.13151,18.42469]]]},"properties":{"municipio":"Bayamón","geoid":"72021","countyfp":"021","abrev_mun":"BAY"}},
{"type":"Feature","geometry":{"type":"MultiPolygon","coordinates":[[[[-67.18054,18.16827],[-67.18122,18.168],[-67.18204,18.16825],[-67.18234,18.16817],[-67.18296,18.16739],[-67.18341,18.16714],[-67.18439,18.16587],[-67.18469,18.16588],[-67.18524,18.16515],[-67.185,18.16469],[-67.18471,18.16352],[-67.18431,18.16316],[-67.18405,18.16311],[-67.18391,18.16281],[-67.18352,18.16249],[-67.18311,18.16167],[-67.18295,18.16094],[-67.18224,18.16058],[-67.18194,18.16027],[-67.1815,18.16029],[-67.18112,18.16013],[-67.1808,18.16036],[-67.17989,18.15984],[-67.17897,18.15978],[-67.17857,18.15941],[-67.17821,18.15866],[-67.17797,18.15853],[-67.17773,18.15766],[-67.17762,18.15659],[-67.17766,18.15596],[-67.17805,18.15478],[-67.1774,18.15348],[-67.17736,18.15316],[-67.177,18.15277],[-67.17668,18.15179],[-67.17694,18.14882],[-67.178,18.1449],[-67.17873,18.14361],[-67.17954,18.14146],[-67.18056,18.13986],[-67.18137,18.13905],[-67.18373,18.13751],[-67.18548,18.13692],[-67.18671,18.13683],[-67.18625,18.13631],[-67.18613,18.13585],[-67.18626,18.13528],[-67.18661,18.13489],[-67.1866,18.13445],[-67.18677,18.13416],[-67.18656,18.1329],[-67.18614,18.13225],[-67.18625,18.13144],[-67.18602,18.13117],[-67.18614,18.13084],[-67.18654,18.13076],[-67.18631,18.13068],[-67.18601,18.13031],[-67.18568,18.1303],[-67.18548,18.13002],[-67.18554,18.13092],[-67.18485,18.1306],[-67.18441,18.13056],[-67.18396,18.13025],[-67.18333,18.12905],[-67.18317,18.12842],[-67.18311,18.12716],[-67.18281,18.12671],[-67.18294,18.12655],[-67.18289,18.12636],[-67.18264,18.12625],[-67.18259,18.12598],[-67.18252,18.12549],[-67.1827,18.12508],[-67.18257,18.12492],[-67.18325,18.12369],[-67.18303,18.12295],[-67.18311,18.12238],[-67.18357,18.12183],[-67.18402,18.12159],[-67.18403,18.12116],[-67.18456,18.12016],[-67.18449,18.11988],[-67.18358,18.11892],[-67.1837,18.11849],[-67.18346,18.11836],[-67.18359,18.11817],[-67.18363,18.11688],[-67.1834,18.11663],[-67.183,18.11562],[-67.18264,18.11542],[-67.18235,18.11471],[-67.18206,18.11443],[-67.18189,18.11348],[-67.18166,18.11322],[-67.18153,18.11104],[-67.18207,18.10922],[-67.182,18.10861],[-67.18221,18.10823],[-67.18298,18.10767],[-67.18286,18.10686],[-67.18298,18.10607],[-67.18372,18.10513],[-67.18364,18.10482],[-67.18313,18.10422],[-67.18336,18.1038],[-67.18371,18.10354],[-67.18418,18.10386],[-67.1843,18.10381],[-67.18461,18.10354],[-67.18486,18.10292],[-67.18599,18.10223],[-67.18592,18.10199],[-67.18601,18.10186],[-67.1868,18.10204],[-67.18699,18.10167],[-67.18778,18.10115],[-67.1885,18.10113],[-67.18917,18.10068],[-67.18939,18.10069],[-67.18955,18.10093],[-67.18876,18.10142],[-67.18817,18.10134],[-67.18816,18.10156],[-67.18912,18.10144],[-67.19008,18.10084],[-67.19084,18.09982],[-67.1907,18.09969],[-67.19012,18.10058],[-67.1897,18.10088],[-67.18945,18.10058],[-67.19,18.09988],[-67.19029,18.10002],[-67.19,18.09973],[-67.19016,18.09951],[-67.19054,18.09966],[-67.19023,18.09939],[-67.1904,18.0992],[-67.19055,18.09932],[-67.19035,18.0991],[-67.19004,18.09938],[-67.19002,18.09892],[-67.19034,18.09837],[-67.19088,18.09892],[-67.19113,18.0986],[-67.19205,18.09835],[-67.1925,18.09781],[-67.19369,18.09772],[-67.19488,18.09731],[-67.1954,18.09637],[-67.19539,18.09548],[-67.19565,18.09532],[-67.19588,18.09493],[-67.19557,18.09523],[-67.19511,18.09518],[-67.19495,18.09495],[-67.19503,18.0945],[-67.19637,18.09351],[-67.19723,18.09306],[-67.19771,18.09222],[-67.19847,18.0922],[-67.19913,18.09158],[-67.19956,18.09088],[-67.19922,18.08987],[-67.19992,18.08951],[-67.19908,18.08954],[-67.19859,18.08977],[-67.19731,18.08967],[-67.19696,18.08933],[-67.196,18.08921],[-67.19554,18.08865],[-67.19593,18.08818],[-67.19624,18.08748],[-67.19696,18.08673],[-67.19766,18.08648],[-67.19834,18.08583],[-67.19843,18.08546],[-67.19813,18.08413],[-67.19837,18.08343],[-67.1989,18.08267],[-67.19938,18.08044],[-67.19922,18.07891],[-67.19901,18.07821],[-67.19809,18.07712],[-67.19746,18.07532],[-67.19653,18.07464],[-67.19615,18.0741],[-67.19592,18.07344],[-67.1959,18.073],[-67.19621,18.07253],[-67.19692,18.07269],[-67.19716,18.0726],[-67.19737,18.07136],[-67.19707,18.0713],[-67.19682,18.07166],[-67.1966,18.07173],[-67.19655,18.07129],[-67.19628,18.07105],[-67.19615,18.07123],[-67.19616,18.07181],[-67.19592,18.07202],[-67.19586,18.07227],[-67.19548,18.07227],[-67.19495,18.07258],[-67.19482,18.07282],[-67.19489,18.073],[-67.1947,18.07325],[-67.19317,18.07407],[-67.19289,18.07722],[-67.19326,18.07725],[-67.19397,18.07669],[-67.19403,18.0771],[-67.19477,18.07727],[-67.19525,18.07781],[-67.19608,18.07781],[-67.19426,18.07861],[-67.19398,18.07934],[-67.19408,18.0799],[-67.19436,18.08019],[-67.19419,18.08029],[-67.19358,18.0802],[-67.19333,18.07898],[-67.19352,18.07816],[-67.19329,18.07751],[-67.19279,18.07746],[-67.19178,18.07695],[-67.19168,18.07707],[-67.19062,18.07661],[-67.1903,18.0763],[-67.19008,18.07635],[-67.18952,18.07605],[-67.18935,18.0759],[-67.18938,18.07568],[-67.18905,18.07569],[-67.18851,18.07517],[-67.18879,18.07487],[-67.18861,18.07458],[-67.18848,18.07461],[-67.18828,18.07498],[-67.18711,18.07467],[-67.18672,18.07441],[-67.18676,18.07415],[-67.18694,18.07404],[-67.18686,18.07381],[-67.18663,18.07367],[-67.18642,18.0738],[-67.18577,18.07344],[-67.18508,18.07229],[-67.1846,18.07202],[-67.18473,18.07179],[-67.18466,18.07151],[-67.18448,18.07138],[-67.18448,18.07101],[-67.18418,18.07044],[-67.18435,18.07042],[-67.18436,18.07017],[-67.18454,18.07011],[-67.18401,18.0699],[-67.18436,18.06985],[-67.18435,18.06969],[-67.18421,18.06966],[-67.18424,18.06912],[-67.18444,18.06898],[-67.18423,18.06824],[-67.18473,18.06779],[-67.18506,18.06779],[-67.1853,18.06757],[-67.18655,18.06739],[-67.18662,18.06712],[-67.18695,18.06706],[-67.18796,18.06597],[-67.18818,18.06596],[-67.18814,18.0657],[-67.18843,18.0653],[-67.1887,18.06524],[-67.18918,18.06538],[-67.18973,18.065],[-67.19048,18.06521],[-67.19058,18.06497],[-67.19008,18.06464],[-67.19031,18.06434],[-67.19052,18.06428],[-67.19111,18.06443],[-67.19156,18.06439],[-67.19237,18.06478],[-67.19311,18.06478],[-67.19401,18.06535],[-67.19515,18.06545],[-67.19544,18.06566],[-67.19542,18.0659],[-67.1956,18.06614],[-67.1958,18.06603],[-67.19656,18.06649],[-67.19687,18.06502],[-67.19744,18.0644],[-67.19758,18.06332],[-67.19781,18.06268],[-67.19874,18.062],[-67.19895,18.06116],[-67.20039,18.05976],[-67.20061,18.05913],[-67.20084,18.05912],[-67.20088,18.05892],[-67.20069,18.05886],[-67.20069,18.05839],[-67.20149,18.05747],[-67.20174,18.05673],[-67.20164,18.05608],[-67.20117,18.05544],[-67.20116,18.05513],[-67.20143,18.05456],[-67.20136,18.05434],[-67.2009,18.05375],[-67.20053,18.0536],[-67.20015,18.05322],[-67.19998,18.05268],[-67.20007,18.05201],[-67.19934,18.05125],[-67.19875,18.04983],[-67.19861,18.04863],[-67.19893,18.04804],[-67.1989,18.04778],[-67.19911,18.04754],[-67.19916,18.0471],[-67.19965,18.04663],[-67.19986,18.04625],[-67.20023,18.04607],[-67.20076,18.04547],[-67.20137,18.04517],[-67.20183,18.04437],[-67.20323,18.04363],[-67.20354,18.0428],[-67.20402,18.04244],[-67.20442,18.0418],[-67.20721,18.03924],[-67.20749,18.03865],[-67.20828,18.03798],[-67.20887,18.03727],[-67.20951,18.0362],[-67.20971,18.03609],[-67.20974,18.03586],[-67.20965,18.03541],[-67.20892,18.03533],[-67.20792,18.03595],[-67.20732,18.03618],[-67.20696,18.03616],[-67.2069,18.03636],[-67.20667,18.03621],[-67.20656,18.03637],[-67.20632,18.03635],[-67.20628,18.03621],[-67.20613,18.03621],[-67.20577,18.0365],[-67.20523,18.03669],[-67.20503,18.03697],[-67.20456,18.03663],[-67.20393,18.03667],[-67.20384,18.03678],[-67.20339,18.03629],[-67.20324,18.0358],[-67.20338,18.03536],[-67.20365,18.03539],[-67.20378,18.03525],[-67.20379,18.03497],[-67.20341,18.03477],[-67.20321,18.03484],[-67.20289,18.03462],[-67.20204,18.03466],[-67.20198,18.03443],[-67.20219,18.03418],[-67.20157,18.03371],[-67.20025,18.03348],[-67.19997,18.03368],[-67.19945,18.0332],[-67.19915,18.03316],[-67.19874,18.03335],[-67.19852,18.03292],[-67.19696,18.03271],[-67.19662,18.03254],[-67.19627,18.0326],[-67.19554,18.03233],[-67.19491,18.03235],[-67.1944,18.03213],[-67.19423,18.03222],[-67.19402,18.03202],[-67.19326,18.03209],[-67.19305,18.03233],[-67.19285,18.03204],[-67.1931,18.03186],[-67.19282,18.03195],[-67.19205,18.0314],[-67.19158,18.03127],[-67.19123,18.03094],[-67.19083,18.03089],[-67.19078,18.03074],[-67.19011,18.03076],[-67.18971,18.0306],[-67.18919,18.03102],[-67.18871,18.03113],[-67.18875,18.03057],[-67.18887,18.03048],[-67.18853,18.03008],[-67.18795,18.03008],[-67.18728,18.03048],[-67.18708,18.03035],[-67.18655,18.03088],[-67.18634,18.03086],[-67.18569,18.03051],[-67.18519,18.02979],[-67.18523,18.02955],[-67.18588,18.02902],[-67.18609,18.02866],[-67.18513,18.02852],[-67.18484,18.0286],[-67.18457,18.02835],[-67.18455,18.02792],[-67.18389,18.02773],[-67.18255,18.02767],[-67.18173,18.02787],[-67.18184,18.02814],[-67.182,18.02819],[-67.1821,18.02873],[-67.18185,18.03037],[-67.18155,18.031],[-67.18137,18.03101],[-67.18102,18.03033],[-67.18008,18.02965],[-67.17989,18.02938],[-67.17963,18.02933],[-67.17953,18.02911],[-67.1798,18.02872],[-67.17996,18.02763],[-67.18031,18.0273],[-67.17997,18.02707],[-67.18024,18.02657],[-67.17967,18.02659],[-67.17935,18.02632],[-67.1782,18.02616],[-67.17803,18.02628],[-67.17792,18.02668],[-67.17793,18.02747],[-67.17747,18.02776],[-67.17732,18.02769],[-67.17664,18.02791],[-67.17625,18.02731],[-67.17549,18.02694],[-67.17527,18.02623],[-67.17498,18.02613],[-67.17521,18.02569],[-67.17511,18.02534],[-67.17473,18.02535],[-67.17427,18.02517],[-67.17319,18.02429],[-67.17326,18.02408],[-67.17278,18.02426],[-67.17321,18.02385],[-67.17295,18.02395],[-67.17268,18.02358],[-67.17232,18.02225],[-67.17216,18.02005],[-67.17226,18.01819],[-67.17249,18.01736],[-67.1725,18.01629],[-67.1733,18.01347],[-67.17416,18.01183],[-67.17573,18.01003],[-67.17642,18.00963],[-67.17764,18.00831],[-67.17748,18.0073],[-67.17702,18.00726],[-67.17673,18.00705],[-67.17527,18.00718],[-67.17491,18.00757],[-67.1747,18.00828],[-67.17436,18.00836],[-67.17395,18.00873],[-67.174,18.00925],[-67.17387,18.00981],[-67.17354,18.01003],[-67.17274,18.01098],[-67.17233,18.01103],[-67.17129,18.0116],[-67.17081,18.01235],[-67.17079,18.01262],[-67.16992,18.0132],[-67.16972,18.0135],[-67.1688,18.01391],[-67.16829,18.01526],[-67.16788,18.01573],[-67.16761,18.01575],[-67.16733,18.01608],[-67.1672,18.01602],[-67.16733,18.01577],[-67.16828,18.01466],[-67.16905,18.01278],[-67.16902,18.01129],[-67.1682,18.01067],[-67.16678,18.0091],[-67.16613,18.00864],[-67.16607,18.00832],[-67.16551,18.00801],[-67.16681,18.00672],[-67.17072,18.00728],[-67.17145,18.0072],[-67.17198,18.00692],[-67.17269,18.00699],[-67.17303,18.00665],[-67.17302,18.00635],[-67.1732,18.00607],[-67.17361,18.00619],[-67.17454,18.00596],[-67.17501,18.00535],[-67.17605,18.00515],[-67.17632,18.00486],[-67.17752,18.00458],[-67.1783,18.00413],[-67.17891,18.0041],[-67.17945,18.00443],[-67.17962,18.00442],[-67.17978,18.00502],[-67.18001,18.00508],[-67.18021,18.0054],[-67.18051,18.00551],[-67.18181,18.00555],[-67.18197,18.00516],[-67.18174,18.00474],[-67.18187,18.0047],[-67.18239,18.00533],[-67.18314,18.00553],[-67.18356,18.00541],[-67.18375,18.00555],[-67.18376,18.00582],[-67.18393,18.00558],[-67.18379,18.00413],[-67.1842,18.00343],[-67.18672,18.004],[-67.18715,18.00443],[-67.18731,18.0048],[-67.18711,18.00494],[-67.18774,18.00542],[-67.18738,18.00554],[-67.18722,18.00543],[-67.187,18.00572],[-67.18708,18.00586],[-67.18635,18.0063],[-67.18496,18.00678],[-67.18398,18.00701],[-67.1838,18.0069],[-67.18364,18.00708],[-67.18304,18.00717],[-67.18361,18.00599],[-67.18354,18.00559],[-67.18278,18.00645],[-67.18266,18.00699],[-67.18212,18.00709],[-67.18121,18.00756],[-67.18085,18.00724],[-67.18077,18.00696],[-67.18052,18.0069],[-67.18019,18.00713],[-67.17999,18.00748],[-67.17975,18.0073],[-67.17944,18.00731],[-67.17889,18.00801],[-67.17866,18.00804],[-67.17858,18.00833],[-67.17831,18.0082],[-67.17809,18.00848],[-67.1783,18.00883],[-67.17899,18.00925],[-67.18083,18.00891],[-67.18328,18.00793],[-67.18582,18.00711],[-67.18804,18.00601],[-67.18924,18.00558],[-67.19433,18.00307],[-67.19463,18.00305],[-67.19578,18.00255],[-67.19847,18.002],[-67.19902,18.00204],[-67.20003,18.00162],[-67.20074,18.00124],[-67.20193,18.0002],[-67.20264,17.99981],[-67.20367,17.99963],[-67.20464,17.99971],[-67.20575,17.99922],[-67.20809,17.99781],[-67.20898,17.9968],[-67.20916,17.99635],[-67.20946,17.99629],[-67.21028,17.99517],[-67.21126,17.99414],[-67.2119,17.99296],[-67.21206,17.99309],[-67.21278,17.99267],[-67.21343,17.99253],[-67.21312,17.99188],[-67.21312,17.99134],[-67.21292,17.99116],[-67.21289,17.9908],[-67.21368,17.98913],[-67.21413,17.98852],[-67.21388,17.98803],[-67.21441,17.98669],[-67.21461,17.98514],[-67.21485,17.98441],[-67.21485,17.98379],[-67.2153,17.98324],[-67.21535,17.98286],[-67.21511,17.98235],[-67.2144,17.98157],[-67.21398,17.98083],[-67.21361,17.97981],[-67.21335,17.97844],[-67.21308,17.97841],[-67.21298,17.97815],[-67.21286,17.97666],[-67.21279,17.97492],[-67.21294,17.97348],[-67.21267,17.97172],[-67.21265,17.96947],[-67.21287,17.96803],[-67.21426,17.96463],[-67.21448,17.96354],[-67.21432,17.96169],[-67.21394,17.96066],[-67.21272,17.95836],[-67.21199,17.95584],[-67.21208,17.95451],[-67.21271,17.95334],[-67.2126,17.95282],[-67.21285,17.95235],[-67.21267,17.95215],[-67.21264,17.95185],[-67.21239,17.95206],[-67.21225,17.95206],[-67.21221,17.95193],[-67.21212,17.95227],[-67.2123,17.95267],[-67.21225,17.95284],[-67.21133,17.9534],[-67.20944,17.95394],[-67.20777,17.95419],[-67.20409,17.95402],[-67.20307,17.95376],[-67.20262,17.95345],[-67.20172,17.95339],[-67.20148,17.95353],[-67.2008,17.95359],[-67.20043,17.95343],[-67.19977,17.95339],[-67.19915,17.95298],[-67.19822,17.95277],[-67.19743,17.95234],[-67.1965,17.95152],[-67.19588,17.95116],[-67.19535,17.95049],[-67.19466,17.94993],[-67.1942,17.9493],[-67.19371,17.9483],[-67.19355,17.94777],[-67.19367,17.94752],[-67.19341,17.94731],[-67.19338,17.94716],[-67.19355,17.94709],[-67.19336,17.94704],[-67.19353,17.9465],[-67.19347,17.94601],[-67.19374,17.94563],[-67.19359,17.94513],[-67.19377,17.94466],[-67.19346,17.94443],[-67.1933,17.94372],[-67.19336,17.94327],[-67.19315,17.94322],[-67.19286,17.94269],[-67.19289,17.94198],[-67.193,17.94181],[-67.19318,17.94221],[-67.19325,17.94181],[-67.19313,17.94169],[-67.19328,17.94132],[-67.19307,17.94131],[-67.19295,17.94115],[-67.19295,17.94047],[-67.19278,17.94024],[-67.19283,17.9397],[-67.19299,17.93972],[-67.19315,17.93942],[-67.19356,17.93919],[-67.19476,17.93879],[-67.1951,17.9382],[-67.19608,17.93809],[-67.19647,17.93782],[-67.19711,17.93766],[-67.19723,17.93741],[-67.19675,17.93683],[-67.1967,17.93661],[-67.19698,17.93642],[-67.19681,17.93645],[-67.19669,17.93632],[-67.19676,17.93616],[-67.19671,17.9359],[-67.19653,17.93583],[-67.19657,17.93556],[-67.19629,17.93549],[-67.19642,17.93524],[-67.19627,17.93514],[-67.19602,17.93525],[-67.19609,17.93489],[-67.1959,17.93474],[-67.19568,17.93485],[-67.19566,17.93458],[-67.19547,17.93455],[-67.19545,17.93428],[-67.19578,17.93404],[-67.1954,17.93396],[-67.19556,17.93383],[-67.19567,17.93388],[-67.1957,17.93368],[-67.19509,17.93316],[-67.19464,17.93324],[-67.19431,17.93302],[-67.19439,17.93278],[-67.19407,17.93284],[-67.19414,17.93261],[-67.19402,17.93265],[-67.19398,17.93246],[-67.19387,17.93275],[-67.19365,17.93261],[-67.19283,17.93274],[-67.19263,17.93301],[-67.19211,17.93303],[-67.19199,17.93276],[-67.19127,17.93325],[-67.19114,17.93326],[-67.19114,17.93314],[-67.19086,17.93317],[-67.19008,17.9339],[-67.19007,17.93427],[-67.19054,17.9349],[-67.19006,17.93557],[-67.1895,17.93589],[-67.18863,17.93585],[-67.18778,17.93553],[-67.18726,17.93495],[-67.18785,17.93377],[-67.18762,17.93391],[-67.18749,17.93353],[-67.18758,17.93282],[-67.18779,17.93253],[-67.18775,17.93229],[-67.18766,17.93252],[-67.18745,17.93244],[-67.18707,17.93193],[-67.18639,17.93164],[-67.18613,17.93138],[-67.18575,17.93154],[-67.18533,17.93156],[-67.18507,17.93138],[-67.18472,17.93154],[-67.18466,17.9314],[-67.18426,17.93151],[-67.18408,17.93143],[-67.18412,17.93118],[-67.18401,17.93115],[-67.18394,17.93146],[-67.18375,17.93147],[-67.18361,17.93212],[-67.1834,17.93221],[-67.18374,17.93261],[-67.1835,17.93278],[-67.18378,17.93328],[-67.18359,17.93384],[-67.18368,17.93414],[-67.18304,17.93441],[-67.18312,17.93477],[-67.18335,17.93493],[-67.18318,17.93521],[-67.18384,17.93567],[-67.18378,17.93658],[-67.18417,17.9375],[-67.18385,17.93817],[-67.18402,17.93827],[-67.18395,17.93843],[-67.18422,17.93849],[-67.18456,17.93892],[-67.18511,17.93907],[-67.18586,17.93992],[-67.18666,17.94021],[-67.18803,17.94106],[-67.18815,17.94128],[-67.189,17.94146],[-67.1894,17.94201],[-67.18959,17.94198],[-67.18969,17.9422],[-67.18985,17.94224],[-67.18973,17.94235],[-67.18983,17.94282],[-67.19051,17.94304],[-67.19084,17.94337],[-67.19102,17.94376],[-67.1909,17.94436],[-67.19106,17.94449],[-67.19088,17.94471],[-67.19114,17.94488],[-67.19123,17.94545],[-67.19175,17.94576],[-67.19201,17.9465],[-67.19237,17.9465],[-67.19257,17.94673],[-67.1927,17.94745],[-67.19248,17.94833],[-67.19205,17.9483],[-67.19177,17.94786],[-67.19154,17.94773],[-67.19211,17.94766],[-67.19229,17.94748],[-67.19206,17.94714],[-67.19197,17.94661],[-67.19156,17.94625],[-67.19162,17.94583],[-67.19152,17.94564],[-67.19128,17.94561],[-67.19112,17.94574],[-67.19143,17.94617],[-67.19126,17.94625],[-67.19174,17.94667],[-67.19157,17.94736],[-67.1913,17.94673],[-67.19075,17.94651],[-67.19037,17.94663],[-67.19022,17.94692],[-67.19079,17.94722],[-67.19053,17.94738],[-67.19071,17.94748],[-67.19093,17.94799],[-67.19159,17.94818],[-67.19182,17.94847],[-67.19208,17.94846],[-67.19127,17.94883],[-67.19118,17.94923],[-67.19142,17.94973],[-67.19217,17.94999],[-67.19248,17.9503],[-67.19258,17.95173],[-67.19149,17.9546],[-67.19025,17.95627],[-67.18841,17.95824],[-67.186,17.96066],[-67.18438,17.962],[-67.18387,17.96264],[-67.18308,17.96304],[-67.18205,17.9631],[-67.18189,17.96331],[-67.18173,17.96331],[-67.18181,17.96357],[-67.18118,17.96397],[-67.18052,17.964],[-67.18043,17.96387],[-67.18013,17.96398],[-67.17988,17.96442],[-67.17963,17.96459],[-67.17968,17.96481],[-67.17951,17.96478],[-67.17956,17.96492],[-67.1792,17.96513],[-67.17875,17.96518],[-67.17883,17.96566],[-67.17864,17.96555],[-67.17868,17.96521],[-67.17854,17.96489],[-67.17835,17.96506],[-67.17791,17.96489],[-67.1776,17.96519],[-67.17737,17.965],[-67.1766,17.96517],[-67.17655,17.96538],[-67.1762,17.96537],[-67.17653,17.96514],[-67.17658,17.96476],[-67.1764,17.9647],[-67.17634,17.96494],[-67.17594,17.96453],[-67.17574,17.96497],[-67.17526,17.96492],[-67.1751,17.96523],[-67.17486,17.96497],[-67.17477,17.96517],[-67.17457,17.96506],[-67.17461,17.9654],[-67.1743,17.96511],[-67.17437,17.96542],[-67.17415,17.9652],[-67.17404,17.96547],[-67.17379,17.96498],[-67.17316,17.96457],[-67.17257,17.96472],[-67.17239,17.9652],[-67.17226,17.96501],[-67.172,17.96504],[-67.17212,17.96461],[-67.17178,17.96448],[-67.17166,17.96402],[-67.17153,17.96394],[-67.17085,17.96411],[-67.17077,17.96428],[-67.17,17.96444],[-67.17006,17.96505],[-67.16974,17.96447],[-67.16934,17.96405],[-67.16924,17.96409],[-67.16901,17.96361],[-67.16817,17.96333],[-67.16766,17.96342],[-67.1676,17.96328],[-67.16749,17.96335],[-67.16734,17.96322],[-67.16702,17.96329],[-67.16674,17.96314],[-67.16647,17.9626],[-67.16605,17.96262],[-67.16614,17.96294],[-67.16602,17.96303],[-67.16542,17.96283],[-67.16557,17.96254],[-67.16517,17.96278],[-67.16435,17.96293],[-67.16438,17.96274],[-67.16473,17.96242],[-67.16472,17.96199],[-67.16438,17.96187],[-67.16427,17.96201],[-67.16413,17.96198],[-67.16383,17.96177],[-67.16388,17.96157],[-67.16376,17.96147],[-67.16273,17.96181],[-67.16245,17.96208],[-67.16193,17.96225],[-67.16195,17.96237],[-67.16182,17.96234],[-67.16158,17.96204],[-67.16171,17.96206],[-67.16211,17.96155],[-67.16244,17.96076],[-67.16215,17.95971],[-67.16171,17.95945],[-67.16095,17.95868],[-67.16071,17.9587],[-67.16008,17.95828],[-67.15949,17.95853],[-67.15948,17.95866],[-67.15932,17.95858],[-67.15929,17.95844],[-67.15969,17.95797],[-67.15963,17.95774],[-67.15946,17.95772],[-67.15939,17.95751],[-67.15911,17.95731],[-67.15893,17.95677],[-67.15847,17.95623],[-67.15849,17.95607],[-67.15826,17.95608],[-67.15823,17.95623],[-67.15808,17.95606],[-67.15811,17.95592],[-67.15826,17.95596],[-67.15818,17.95573],[-67.15836,17.95565],[-67.15813,17.95525],[-67.15898,17.95427],[-67.15913,17.95401],[-67.15902,17.95392],[-67.15861,17.95412],[-67.15773,17.95408],[-67.15691,17.9544],[-67.15651,17.95435],[-67.15424,17.95464],[-67.15377,17.95453],[-67.1529,17.95457],[-67.15208,17.95488],[-67.15199,17.95477],[-67.15194,17.95494],[-67.15163,17.95473],[-67.15162,17.95496],[-67.15123,17.95503],[-67.15103,17.95527],[-67.15028,17.95543],[-67.14977,17.95528],[-67.14972,17.95509],[-67.14938,17.95493],[-67.14937,17.9547],[-67.14922,17.95476],[-67.1487,17.95457],[-67.14751,17.95391],[-67.14562,17.95396],[-67.14444,17.95425],[-67.14088,17.95379],[-67.14002,17.9536],[-67.13924,17.95309],[-67.13821,17.95287],[-67.13768,17.95246],[-67.13757,17.95279],[-67.13737,17.95234],[-67.13662,17.95244],[-67.13485,17.95188],[-67.13377,17.95186],[-67.13266,17.95158],[-67.1319,17.95114],[-67.13102,17.95089],[-67.12941,17.951],[-67.12754,17.95145],[-67.12706,17.95131],[-67.12701,17.95096],[-67.12646,17.95039],[-67.12605,17.95017],[-67.12499,17.94988],[-67.12438,17.94988],[-67.12475,17.94963],[-67.12601,17.95],[-67.12645,17.94995],[-67.12693,17.94955],[-67.12703,17.94856],[-67.12757,17.94849],[-67.12801,17.94867],[-67.12829,17.9484],[-67.12829,17.94813],[-67.12869,17.94786],[-67.12867,17.94764],[-67.12836,17.94749],[-67.128,17.94698],[-67.12751,17.94685],[-67.12737,17.94699],[-67.12756,17.94739],[-67.1271,17.94727],[-67.12614,17.94686],[-67.12582,17.94633],[-67.1259,17.94625],[-67.12575,17.94619],[-67.12532,17.94659],[-67.12465,17.94642],[-67.12461,17.94624],[-67.12439,17.94634],[-67.12449,17.94647],[-67.12441,17.9466],[-67.12411,17.94649],[-67.12386,17.94662],[-67.12389,17.94646],[-67.12339,17.94629],[-67.12273,17.94636],[-67.12216,17.94661],[-67.12204,17.94653],[-67.12157,17.94663],[-67.12126,17.94648],[-67.12122,17.94663],[-67.12104,17.94664],[-67.12091,17.94686],[-67.12074,17.94684],[-67.1206,17.94701],[-67.12092,17.94736],[-67.12112,17.94739],[-67.12057,17.94791],[-67.12032,17.94834],[-67.11985,17.94861],[-67.11946,17.94827],[-67.11906,17.94836],[-67.11956,17.94741],[-67.11943,17.9471],[-67.11881,17.94716],[-67.11855,17.94698],[-67.11842,17.94714],[-67.11811,17.9469],[-67.11824,17.94714],[-67.11783,17.94691],[-67.11675,17.94699],[-67.11648,17.94728],[-67.11655,17.94762],[-67.11679,17.94775],[-67.11734,17.94749],[-67.1177,17.94797],[-67.11779,17.94837],[-67.11803,17.94847],[-67.11779,17.94893],[-67.11793,17.9495],[-67.11947,17.9499],[-67.12065,17.94999],[-67.12015,17.95012],[-67.11933,17.95002],[-67.1164,17.95035],[-67.11613,17.95076],[-67.11522,17.95098],[-67.11427,17.95192],[-67.11381,17.95206],[-67.11366,17.95247],[-67.11376,17.95277],[-67.11358,17.95242],[-67.11355,17.95198],[-67.11311,17.95135],[-67.11085,17.95137],[-67.11062,17.95126],[-67.11123,17.95112],[-67.11207,17.95116],[-67.11232,17.95104],[-67.11279,17.95048],[-67.11278,17.95025],[-67.1123,17.94972],[-67.11177,17.94977],[-67.11149,17.94962],[-67.11147,17.9494],[-67.11186,17.94925],[-67.11247,17.94956],[-67.11272,17.94999],[-67.11308,17.95027],[-67.11319,17.95087],[-67.1135,17.95107],[-67.1138,17.9511],[-67.11553,17.95031],[-67.1156,17.94962],[-67.11515,17.94864],[-67.11492,17.94849],[-67.1151,17.94779],[-67.1149,17.94702],[-67.11456,17.94689],[-67.11423,17.94694],[-67.11392,17.94756],[-67.11405,17.94836],[-67.11319,17.9483],[-67.11226,17.94753],[-67.11268,17.94722],[-67.11307,17.94718],[-67.11273,17.94628],[-67.11185,17.94616],[-67.11142,17.94623],[-67.11012,17.94588],[-67.10979,17.94586],[-67.10992,17.94745],[-67.10954,17.94891],[-67.10828,17.95076],[-67.10776,17.95186],[-67.10741,17.95472],[-67.10647,17.95724],[-67.10683,17.95933],[-67.10677,17.96011],[-67.10693,17.96074],[-67.10703,17.96274],[-67.10728,17.96391],[-67.10605,17.96612],[-67.10616,17.96705],[-67.10601,17.96766],[-67.10472,17.96913],[-67.10398,17.97033],[-67.1035,17.97215],[-67.1023,17.97487],[-67.10231,17.97511],[-67.10306,17.97608],[-67.10351,17.97634],[-67.10454,17.97666],[-67.10513,17.97666],[-67.10545,17.97696],[-67.10655,17.97719],[-67.10715,17.97704],[-67.10769,17.97709],[-67.1089,17.9776],[-67.10937,17.97799],[-67.10991,17.97923],[-67.10991,17.97972],[-67.10935,17.98122],[-67.10931,17.98186],[-67.1098,18.00979],[-67.11105,18.01259],[-67.11069,18.01264],[-67.1104,18.01303],[-67.11013,18.01587],[-67.11048,18.017],[-67.11068,18.01831],[-67.11142,18.01949],[-67.11194,18.02148],[-67.11286,18.02339],[-67.11353,18.02432],[-67.11344,18.02548],[-67.11361,18.02647],[-67.11329,18.02736],[-67.11397,18.02977],[-67.11396,18.02996],[-67.11347,18.03009],[-67.11337,18.03029],[-67.11396,18.03097],[-67.11417,18.03098],[-67.11449,18.03051],[-67.11494,18.03048],[-67.11508,18.0312],[-67.11563,18.03138],[-67.11582,18.03152],[-67.11587,18.03177],[-67.11572,18.03209],[-67.1153,18.03209],[-67.11526,18.03232],[-67.11553,18.03264],[-67.11574,18.0327],[-67.11582,18.03359],[-67.1148,18.03511],[-67.11417,18.03549],[-67.11416,18.03643],[-67.11403,18.03664],[-67.11373,18.03688],[-67.1132,18.03783],[-67.11241,18.03822],[-67.11186,18.0388],[-67.11136,18.03896],[-67.11076,18.03971],[-67.11096,18.03979],[-67.11227,18.04159],[-67.11225,18.04261],[-67.11269,18.04288],[-67.11342,18.04289],[-67.11372,18.04321],[-67.11346,18.04485],[-67.11407,18.04595],[-67.11413,18.04649],[-67.11387,18.04688],[-67.11338,18.04714],[-67.11353,18.04754],[-67.11288,18.04766],[-67.11279,18.04783],[-67.11305,18.04826],[-67.11292,18.04847],[-67.11224,18.04885],[-67.11237,18.04934],[-67.11183,18.04948],[-67.111,18.05081],[-67.11068,18.05111],[-67.11058,18.05194],[-67.1103,18.0524],[-67.11011,18.0533],[-67.10966,18.05392],[-67.10983,18.05519],[-67.10909,18.05625],[-67.10875,18.05784],[-67.10786,18.05907],[-67.10765,18.06005],[-67.10636,18.06083],[-67.10639,18.06114],[-67.10707,18.06188],[-67.10691,18.06228],[-67.10455,18.06343],[-67.10323,18.06579],[-67.10265,18.06632],[-67.10107,18.06711],[-67.10075,18.06719],[-67.09983,18.06707],[-67.09939,18.06722],[-67.0986,18.06927],[-67.09853,18.07067],[-67.09898,18.07175],[-67.10058,18.0727],[-67.10106,18.07387],[-67.10149,18.07457],[-67.1018,18.07472],[-67.10289,18.07461],[-67.10351,18.07476],[-67.10465,18.07403],[-67.10584,18.07414],[-67.10603,18.07467],[-67.10559,18.07541],[-67.10551,18.07587],[-67.10612,18.07866],[-67.10612,18.07966],[-67.10573,18.08019],[-67.10575,18.08078],[-67.1056,18.081],[-67.10487,18.08139],[-67.1047,18.0817],[-67.10485,18.08227],[-67.10586,18.08401],[-67.10543,18.08425],[-67.10542,18.08447],[-67.105,18.08488],[-67.10477,18.08539],[-67.10481,18.08599],[-67.10516,18.08651],[-67.10517,18.08683],[-67.10494,18.08727],[-67.10523,18.08775],[-67.10516,18.08866],[-67.10472,18.09009],[-67.10448,18.0903],[-67.10389,18.0905],[-67.10313,18.09204],[-67.10318,18.09304],[-67.10433,18.09327],[-67.10379,18.09544],[-67.10398,18.0989],[-67.10263,18.09967],[-67.10257,18.10036],[-67.10282,18.10041],[-67.10248,18.10406],[-67.10289,18.1042],[-67.10299,18.10463],[-67.09949,18.10586],[-67.10045,18.1063],[-67.10127,18.10565],[-67.10255,18.10555],[-67.10273,18.10519],[-67.10294,18.1051],[-67.10358,18.10555],[-67.10424,18.1053],[-67.10475,18.106],[-67.10498,18.10598],[-67.10517,18.10567],[-67.10563,18.10549],[-67.10632,18.10583],[-67.10693,18.10587],[-67.10826,18.10639],[-67.10868,18.10682],[-67.10897,18.10744],[-67.1097,18.1081],[-67.11044,18.10794],[-67.11072,18.10872],[-67.11111,18.10886],[-67.11169,18.10871],[-67.11224,18.10874],[-67.11318,18.10976],[-67.11477,18.1104],[-67.11601,18.11137],[-67.11729,18.11186],[-67.11829,18.11169],[-67.11893,18.11207],[-67.11943,18.11185],[-67.11971,18.1119],[-67.12061,18.11246],[-67.12123,18.11338],[-67.12182,18.11376],[-67.12206,18.11413],[-67.12248,18.11365],[-67.12304,18.11365],[-67.12353,18.1139],[-67.12391,18.1138],[-67.1241,18.11402],[-67.12404,18.11444],[-67.12416,18.11462],[-67.12462,18.11455],[-67.12616,18.11514],[-67.12672,18.11595],[-67.12697,18.11667],[-67.12701,18.11694],[-67.1268,18.11738],[-67.12689,18.11757],[-67.1276,18.11789],[-67.12782,18.11834],[-67.12752,18.11905],[-67.12771,18.11921],[-67.1284,18.11921],[-67.12851,18.11939],[-67.12842,18.12003],[-67.12916,18.11972],[-67.12935,18.11984],[-67.12952,18.12061],[-67.12996,18.12074],[-67.13059,18.12054],[-67.13116,18.12101],[-67.13172,18.12056],[-67.13215,18.12051],[-67.13334,18.12174],[-67.13325,18.12249],[-67.13346,18.12301],[-67.13472,18.12357],[-67.13532,18.12453],[-67.13531,18.125],[-67.13479,18.12506],[-67.13465,18.12521],[-67.13504,18.12604],[-67.13564,18.12634],[-67.13551,18.12705],[-67.13593,18.12747],[-67.13604,18.12798],[-67.13542,18.12872],[-67.13535,18.12925],[-67.13505,18.12973],[-67.13359,18.12967],[-67.1332,18.12986],[-67.13364,18.1306],[-67.13376,18.13186],[-67.13399,18.13233],[-67.13427,18.13245],[-67.13486,18.13241],[-67.13519,18.13226],[-67.13563,18.1316],[-67.13625,18.13136],[-67.13655,18.13148],[-67.13666,18.13191],[-67.13623,18.1327],[-67.13709,18.13337],[-67.13747,18.13346],[-67.13789,18.1331],[-67.13879,18.13306],[-67.13945,18.13393],[-67.13972,18.13394],[-67.14013,18.13332],[-67.1406,18.13308],[-67.14078,18.13363],[-67.14056,18.13453],[-67.14119,18.13469],[-67.14108,18.13594],[-67.1413,18.13679],[-67.14176,18.13739],[-67.14277,18.1381],[-67.14312,18.13873],[-67.14315,18.13904],[-67.14273,18.13968],[-67.14282,18.13988],[-67.14337,18.14008],[-67.14454,18.13899],[-67.14518,18.13936],[-67.14632,18.13962],[-67.14649,18.13978],[-67.14659,18.14089],[-67.14684,18.14102],[-67.14781,18.14069],[-67.14848,18.14072],[-67.14868,18.1409],[-67.14932,18.1425],[-67.14942,18.14282],[-67.14932,18.1433],[-67.14948,18.14342],[-67.14994,18.14335],[-67.15004,18.14314],[-67.14994,18.14247],[-67.15019,18.14205],[-67.15094,18.14215],[-67.15163,18.14203],[-67.15175,18.14246],[-67.15164,18.14322],[-67.15146,18.14379],[-67.15107,18.14431],[-67.15107,18.14481],[-67.1523,18.14566],[-67.15257,18.14567],[-67.15277,18.14527],[-67.15297,18.14517],[-67.15384,18.14522],[-67.15411,18.14548],[-67.15338,18.14845],[-67.1534,18.14892],[-67.1536,18.14935],[-67.15405,18.14977],[-67.1547,18.1501],[-67.15586,18.15003],[-67.15607,18.1502],[-67.15623,18.15132],[-67.15642,18.15156],[-67.15705,18.15177],[-67.15854,18.15193],[-67.15974,18.15322],[-67.16034,18.15328],[-67.16154,18.1524],[-67.16207,18.15241],[-67.16338,18.15441],[-67.16382,18.15485],[-67.16425,18.15504],[-67.16691,18.1556],[-67.16697,18.15585],[-67.16589,18.15742],[-67.1659,18.15793],[-67.16617,18.15838],[-67.16691,18.15877],[-67.16779,18.15901],[-67.17002,18.15899],[-67.17085,18.15906],[-67.17119,18.15921],[-67.1716,18.1596],[-67.17282,18.162],[-67.17366,18.16299],[-67.1749,18.16387],[-67.17734,18.16507],[-67.17986,18.16791],[-67.18019,18.1682],[-67.18054,18.16827]]],[[[-67.13117,17.95055],[-67.1319,17.95086],[-67.13225,17.95045],[-67.1325,17.95048],[-67.13272,17.95026],[-67.13314,17.95027],[-67.13332,17.95012],[-67.13273,17.94997],[-67.13235,17.9496],[-67.13187,17.94944],[-67.13063,17.94853],[-67.13035,17.94857],[-67.12973,17.94897],[-67.12899,17.94889],[-67.12874,17.94914],[-67.12872,17.94953],[-67.12966,17.9504],[-67.13041,17.95056],[-67.13117,17.95055]]],[[[-67.21407,17.9519],[-67.21358,17.95243],[-67.21365,17.95259],[-67.21455,17.95218],[-67.21461,17.95171],[-67.21407,17.9519]]],[[[-67.17846,18.00663],[-67.17795,18.00732],[-67.17807,18.00773],[-67.17845,18.00763],[-67.17874,18.00713],[-67.1787,18.00671],[-67.17846,18.00663]]],[[[-67.20072,18.0804],[-67.20159,18.08088],[-67.20184,18.08081],[-67.20154,18.08057],[-67.20151,18.08014],[-67.20101,18.07997],[-67.20063,18.0793],[-67.20011,18.07925],[-67.19973,18.07992],[-67.19973,18.08034],[-67.19995,18.08054],[-67.20045,18.08036],[-67.20072,18.0804]]],[[[-67.20065,18.08117],[-67.20038,18.08145],[-67.20045,18.08187],[-67.20079,18.08224],[-67.20125,18.08228],[-67.20134,18.08171],[-67.20083,18.0812],[-67.20065,18.08117]]],[[[-67.19951,18.08476],[-67.19944,18.08493],[-67.1997,18.08513],[-67.19971,18.08476],[-67.19951,18.08476]]],[[[-67.19952,18.08531],[-67.19909,18.08589],[-67.19904,18.08635],[-67.19933,18.08631],[-67.19959,18.08594],[-67.19975,18.08531],[-67.19952,18.08531]]],[[[-67.18771,18.11631],[-67.18773,18.11661],[-67.18811,18.11695],[-67.18849,18.11701],[-67.18873,18.11679],[-67.18869,18.11648],[-67.18852,18.11636],[-67.18771,18.11631]]]]},"properties":{"municipio":"Cabo Rojo","geoid":"72023","countyfp":"023","abrev_mun":"CAB"}},
{"type":"Feature","geometry":{"type":"Polygon","coordinates":[[[-66.02173,18.30517],[-66.02238,18.30556],[-66.02379,18.30707],[-66.02511,18.30921],[-66.02543,18.30957],[-66.02594,18.30982],[-66.02738,18.31033],[-66.02812,18.31032],[-66.02943,18.30982],[-66.03037,18.30995],[-66.03195,18.30895],[-66.03286,18.30939],[-66.03424,18.30933],[-66.03652,18.31002],[-66.03755,18.3108],[-66.03803,18.31136],[-66.03834,18.31149],[-66.0393,18.31167],[-66.04085,18.31148],[-66.04116,18.31155],[-66.04131,18.31219],[-66.04226,18.3125],[-66.04253,18.31241],[-66.04344,18.31158],[-66.04381,18.31143],[-66.04535,18.31142],[-66.04715,18.30912],[-66.04787,18.30673],[-66.04726,18.30548],[-66.04704,18.304],[-66.04731,18.30331],[-66.04725,18.30299],[-66.04739,18.30283],[-66.04793,18.30272],[-66.04787,18.30254],[-66.04729,18.30216],[-66.04724,18.3018],[-66.04689,18.30137],[-66.04644,18.30119],[-66.04623,18.30092],[-66.0465,18.30041],[-66.04556,18.29982],[-66.04534,18.29942],[-66.04579,18.29922],[-66.04672,18.29906],[-66.04695,18.29891],[-66.04742,18.29812],[-66.04775,18.29792],[-66.04833,18.29788],[-66.04849,18.29772],[-66.04881,18.2982],[-66.04919,18.29834],[-66.04962,18.29926],[-66.05057,18.30063],[-66.05089,18.3015],[-66.05167,18.30148],[-66.05193,18.30292],[-66.05273,18.30365],[-66.0532,18.3039],[-66.0533,18.30374],[-66.05296,18.30337],[-66.05309,18.30304],[-66.05353,18.30294],[-66.05377,18.30301],[-66.05467,18.30385],[-66.05572,18.30384],[-66.05609,18.30412],[-66.0563,18.30449],[-66.05651,18.30453],[-66.05705,18.30383],[-66.05737,18.3029],[-66.05739,18.30237],[-66.05964,18.30353],[-66.05968,18.30278],[-66.05933,18.30241],[-66.05932,18.30219],[-66.05985,18.30192],[-66.06012,18.30225],[-66.06083,18.30217],[-66.06121,18.30234],[-66.06238,18.3031],[-66.0625,18.30288],[-66.06228,18.30258],[-66.06248,18.30248],[-66.06296,18.30258],[-66.06355,18.303],[-66.06415,18.30315],[-66.06448,18.3038],[-66.0652,18.30392],[-66.06598,18.30426],[-66.06617,18.30405],[-66.06608,18.30335],[-66.06633,18.30316],[-66.07082,18.28307],[-66.07279,18.2764],[-66.07501,18.26774],[-66.07664,18.25926],[-66.07747,18.25653],[-66.0747,18.25426],[-66.07472,18.25369],[-66.07506,18.25292],[-66.07701,18.25016],[-66.07928,18.24738],[-66.08248,18.24437],[-66.08414,18.24328],[-66.08467,18.24272],[-66.08486,18.24204],[-66.08464,18.23998],[-66.08484,18.2388],[-66.08439,18.23772],[-66.08489,18.23658],[-66.08491,18.23582],[-66.08509,18.23548],[-66.0859,18.23503],[-66.08623,18.23398],[-66.08666,18.23321],[-66.08706,18.23292],[-66.08817,18.23275],[-66.08914,18.22995],[-66.08989,18.22871],[-66.09019,18.2275],[-66.09072,18.22721],[-66.09202,18.22694],[-66.09268,18.22665],[-66.09343,18.225],[-66.09496,18.22432],[-66.09575,18.22414],[-66.09621,18.22355],[-66.09648,18.22272],[-66.09697,18.22194],[-66.09881,18.22048],[-66.10097,18.21814],[-66.10228,18.21706],[-66.10807,18.21408],[-66.1096,18.21352],[-66.11674,18.2114],[-66.11743,18.21092],[-66.11785,18.21016],[-66.11787,18.20984],[-66.10929,18.20102],[-66.10157,18.1828],[-66.10514,18.17154],[-66.104,18.17094],[-66.10362,18.17023],[-66.10245,18.16942],[-66.10088,18.16973],[-66.10039,18.16972],[-66.09922,18.16918],[-66.09826,18.16904],[-66.09675,18.16825],[-66.09649,18.16863],[-66.09511,18.16902],[-66.095,18.16887],[-66.09315,18.16669],[-66.09209,18.16618],[-66.0914,18.16544],[-66.09095,18.16411],[-66.09108,18.16352],[-66.09012,18.16221],[-66.08883,18.16137],[-66.0885,18.16101],[-66.08828,18.16035],[-66.08726,18.15966],[-66.08588,18.15824],[-66.08482,18.1576],[-66.08378,18.15641],[-66.0835,18.15632],[-66.08313,18.15595],[-66.08237,18.15473],[-66.08135,18.15408],[-66.08088,18.1536],[-66.0805,18.1531],[-66.08037,18.15259],[-66.0783,18.15181],[-66.06757,18.1488],[-66.06612,18.14855],[-66.06594,18.1484],[-66.06582,18.14784],[-66.06616,18.14706],[-66.06636,18.14616],[-66.06722,18.14562],[-66.068,18.14391],[-66.06912,18.1429],[-66.06941,18.14247],[-66.0694,18.14138],[-66.06895,18.13988],[-66.06933,18.13813],[-66.06969,18.1376],[-66.0696,18.1373],[-66.06871,18.13571],[-66.06787,18.13383],[-66.0674,18.13194],[-66.06713,18.13176],[-66.06576,18.13146],[-66.06517,18.13113],[-66.06495,18.13067],[-66.06463,18.12894],[-66.0639,18.12801],[-66.06368,18.12802],[-66.06278,18.12646],[-66.06255,18.12638],[-66.06249,18.12553],[-66.06165,18.12442],[-66.06101,18.12242],[-66.06089,18.12076],[-66.06051,18.11995],[-66.0603,18.11861],[-66.06032,18.11792],[-66.06067,18.11648],[-66.0606,18.11628],[-66.0583,18.11614],[-66.05619,18.11425],[-66.05487,18.11379],[-66.05246,18.11357],[-66.05072,18.1145],[-66.05021,18.11501],[-66.04975,18.11525],[-66.04692,18.11514],[-66.04608,18.11492],[-66.04456,18.1148],[-66.04384,18.11464],[-66.04283,18.11405],[-66.04265,18.1141],[-66.04168,18.11535],[-66.04124,18.11566],[-66.04052,18.11582],[-66.04032,18.11601],[-66.03976,18.11702],[-66.03945,18.11719],[-66.03884,18.11715],[-66.03851,18.1173],[-66.0375,18.11831],[-66.03634,18.11885],[-66.03543,18.11947],[-66.03518,18.11994],[-66.03506,18.12195],[-66.03446,18.12274],[-66.03441,18.12329],[-66.03414,18.12378],[-66.03351,18.12468],[-66.03301,18.1249],[-66.03292,18.12508],[-66.033,18.12593],[-66.03252,18.12661],[-66.03248,18.12693],[-66.0329,18.12929],[-66.03256,18.13012],[-66.0324,18.13094],[-66.03193,18.13192],[-66.03155,18.13229],[-66.02935,18.13272],[-66.02859,18.13312],[-66.02632,18.13376],[-66.02597,18.13403],[-66.02578,18.13467],[-66.0244,18.13561],[-66.02399,18.13612],[-66.02392,18.13658],[-66.02425,18.13713],[-66.02501,18.13759],[-66.02514,18.13797],[-66.02508,18.13876],[-66.02421,18.13963],[-66.02387,18.14054],[-66.02348,18.14112],[-66.02267,18.14161],[-66.02172,18.1425],[-66.02119,18.1433],[-66.02039,18.14401],[-66.02035,18.14498],[-66.0199,18.14544],[-66.01962,18.14544],[-66.01969,18.14574],[-66.02104,18.147],[-66.02181,18.14948],[-66.02197,18.15092],[-66.02316,18.15311],[-66.02241,18.1558],[-66.02087,18.15678],[-66.02048,18.15718],[-66.0202,18.15774],[-66.02018,18.15873],[-66.02035,18.15969],[-66.02072,18.16026],[-66.02111,18.16175],[-66.02158,18.16245],[-66.02205,18.16353],[-66.02215,18.16406],[-66.02203,18.16496],[-66.02222,18.16605],[-66.02021,18.16766],[-66.02019,18.16843],[-66.01961,18.16917],[-66.01981,18.17019],[-66.01952,18.17088],[-66.01794,18.17149],[-66.01715,18.17245],[-66.01667,18.17507],[-66.01683,18.17633],[-66.01528,18.17637],[-66.01438,18.17667],[-66.0131,18.17659],[-66.01267,18.17681],[-66.01198,18.17877],[-66.01233,18.17965],[-66.01329,18.18092],[-66.01347,18.18168],[-66.01321,18.18227],[-66.01209,18.18269],[-66.01195,18.18288],[-66.0115,18.1856],[-66.01125,18.18617],[-66.01009,18.18618],[-66.0078,18.18661],[-66.00665,18.18633],[-66.00575,18.18641],[-66.00508,18.18612],[-66.00453,18.18568],[-66.00391,18.1856],[-66.00332,18.18603],[-66.00289,18.18656],[-66.00252,18.18708],[-66.00201,18.18822],[-66.00131,18.1889],[-66.00096,18.18904],[-65.99986,18.18861],[-65.99959,18.18873],[-65.99933,18.18954],[-65.99908,18.19116],[-65.99842,18.19253],[-65.99844,18.19296],[-65.999,18.19386],[-65.99896,18.19419],[-65.99831,18.19546],[-65.99849,18.19589],[-65.99961,18.19647],[-65.99961,18.19668],[-65.99995,18.19695],[-66.00017,18.19746],[-66.00018,18.19892],[-66.00049,18.20206],[-65.99961,18.20443],[-65.9981,18.20584],[-65.99764,18.20708],[-65.99817,18.20706],[-65.99857,18.20734],[-65.99908,18.2085],[-66.00006,18.20934],[-66.00034,18.21007],[-66.00013,18.21426],[-65.99952,18.21631],[-65.99935,18.21776],[-65.99961,18.21833],[-66.00058,18.21891],[-66.00199,18.21908],[-66.00249,18.21902],[-66.00352,18.21857],[-66.00507,18.21872],[-66.0059,18.21904],[-66.00741,18.21994],[-66.01085,18.22118],[-66.01236,18.22299],[-66.01361,18.22495],[-66.01385,18.22572],[-66.01376,18.227],[-66.01344,18.22787],[-66.01286,18.22855],[-66.01151,18.22969],[-66.0095,18.2309],[-66.00913,18.23138],[-66.00841,18.23296],[-66.00808,18.23421],[-66.00832,18.23564],[-66.0084,18.23823],[-66.00923,18.24066],[-66.00994,18.24154],[-66.01039,18.24176],[-66.01089,18.24185],[-66.01181,18.24164],[-66.01192,18.24208],[-66.01248,18.24239],[-66.01435,18.24433],[-66.01465,18.24496],[-66.01474,18.24554],[-66.01419,18.24745],[-66.01406,18.24759],[-66.01323,18.24783],[-66.01266,18.24848],[-66.01197,18.24891],[-66.01087,18.25003],[-66.01068,18.25065],[-66.01095,18.2516],[-66.01096,18.25319],[-66.01145,18.25499],[-66.01232,18.25754],[-66.01324,18.25901],[-66.01333,18.25966],[-66.01386,18.2607],[-66.01395,18.26175],[-66.01427,18.26302],[-66.01425,18.26425],[-66.01382,18.26462],[-66.00803,18.26617],[-66.00714,18.26694],[-66.00717,18.26734],[-66.00756,18.26778],[-66.00951,18.26874],[-66.0098,18.26899],[-66.0099,18.26928],[-66.0098,18.27064],[-66.00929,18.27144],[-66.00849,18.27216],[-66.00838,18.27257],[-66.0085,18.27427],[-66.00836,18.27476],[-66.00835,18.27597],[-66.00798,18.27701],[-66.00796,18.2777],[-66.00824,18.27819],[-66.00872,18.27831],[-66.00952,18.27827],[-66.01052,18.27916],[-66.01305,18.28046],[-66.01414,18.28064],[-66.01563,18.28108],[-66.01648,18.28109],[-66.01712,18.28126],[-66.01725,18.28152],[-66.01719,18.28261],[-66.01747,18.28443],[-66.01885,18.28529],[-66.02058,18.2859],[-66.0218,18.28614],[-66.02464,18.28654],[-66.02507,18.28656],[-66.02573,18.28633],[-66.0264,18.28657],[-66.02895,18.28866],[-66.02998,18.29059],[-66.0294,18.2924],[-66.02813,18.29494],[-66.02815,18.29571],[-66.0275,18.29739],[-66.02768,18.29804],[-66.02835,18.29839],[-66.02939,18.2992],[-66.03048,18.29952],[-66.03085,18.29993],[-66.0307,18.30112],[-66.02997,18.3021],[-66.02982,18.30273],[-66.0296,18.30304],[-66.02878,18.3033],[-66.02758,18.30419],[-66.02656,18.30407],[-66.02517,18.30336],[-66.02343,18.3035],[-66.0222,18.30442],[-66.02173,18.30517]]]},"properties":{"municipio":"Caguas","geoid":"72025","countyfp":"025","abrev_mun":"CAG"}},
{"type":"Feature","geometry":{"type":"MultiPolygon","coordinates":[[[[-66.83715,18.48822],[-66.83741,18.48804],[-66.83828,18.4881],[-66.84486,18.49001],[-66.84567,18.49005],[-66.84696,18.49047],[-66.84888,18.49073],[-66.84992,18.49121],[-66.85114,18.49123],[-66.85246,18.49157],[-66.85262,18.49153],[-66.85153,18.49114],[-66.85046,18.49109],[-66.85111,18.49083],[-66.8514,18.49085],[-66.8517,18.49106],[-66.85196,18.49103],[-66.85219,18.49079],[-66.85326,18.4904],[-66.85399,18.49045],[-66.85479,18.49087],[-66.85511,18.49089],[-66.85559,18.49058],[-66.85641,18.49033],[-66.85687,18.49034],[-66.85714,18.49014],[-66.8573,18.49019],[-66.85722,18.49031],[-66.85733,18.49037],[-66.85745,18.49026],[-66.85835,18.4902],[-66.85935,18.49045],[-66.8607,18.49104],[-66.86176,18.49077],[-66.86333,18.49078],[-66.86398,18.49099],[-66.86531,18.49106],[-66.86591,18.49131],[-66.86596,18.4917],[-66.86612,18.49173],[-66.8662,18.49161],[-66.86642,18.49178],[-66.86663,18.49164],[-66.86674,18.49183],[-66.86717,18.49179],[-66.86706,18.4919],[-66.8673,18.49219],[-66.86745,18.49192],[-66.86703,18.49123],[-66.86731,18.49065],[-66.86854,18.49026],[-66.86999,18.49053],[-66.87022,18.49036],[-66.87028,18.48999],[-66.87061,18.48971],[-66.87133,18.48942],[-66.87188,18.48946],[-66.87304,18.48893],[-66.87367,18.48887],[-66.87425,18.48923],[-66.87608,18.48923],[-66.8767,18.4894],[-66.8788,18.48911],[-66.88024,18.48912],[-66.88063,18.48894],[-66.88229,18.48881],[-66.88357,18.4885],[-66.88429,18.48811],[-66.88495,18.48796],[-66.88704,18.48797],[-66.88809,18.4878],[-66.88845,18.48768],[-66.88849,18.48755],[-66.88906,18.4876],[-66.88908,18.48746],[-66.88932,18.48746],[-66.8897,18.48724],[-66.89017,18.48621],[-66.89202,18.48574],[-66.89545,18.48523],[-66.89663,18.48525],[-66.89703,18.48511],[-66.89789,18.48517],[-66.90029,18.48436],[-66.9011,18.48386],[-66.90122,18.48349],[-66.90137,18.48342],[-66.90142,18.4745],[-66.90122,18.45922],[-66.90073,18.4438],[-66.9012,18.43279],[-66.90137,18.41768],[-66.90045,18.4052],[-66.89916,18.39648],[-66.90104,18.38522],[-66.89893,18.36613],[-66.8977,18.3657],[-66.89705,18.36581],[-66.89723,18.36618],[-66.8971,18.36634],[-66.89669,18.36612],[-66.89645,18.36614],[-66.89608,18.36645],[-66.89476,18.36613],[-66.89448,18.3662],[-66.89432,18.36685],[-66.89331,18.36713],[-66.8931,18.36756],[-66.89234,18.36765],[-66.89171,18.36754],[-66.89137,18.36782],[-66.89138,18.36807],[-66.89099,18.36815],[-66.89038,18.36802],[-66.89022,18.36784],[-66.89,18.36785],[-66.88994,18.36808],[-66.88927,18.36764],[-66.88849,18.36741],[-66.88752,18.36749],[-66.88738,18.3671],[-66.88692,18.36695],[-66.88655,18.36721],[-66.88614,18.36698],[-66.88576,18.36715],[-66.88551,18.36709],[-66.88507,18.36595],[-66.88482,18.36582],[-66.88423,18.36585],[-66.88297,18.36485],[-66.8822,18.36459],[-66.88185,18.36351],[-66.88131,18.36313],[-66.88097,18.36309],[-66.8808,18.36289],[-66.8807,18.36231],[-66.88094,18.36165],[-66.88094,18.36126],[-66.88063,18.3605],[-66.87967,18.35984],[-66.87902,18.35878],[-66.87794,18.35854],[-66.87724,18.35801],[-66.87707,18.35776],[-66.87699,18.3569],[-66.87681,18.35678],[-66.87627,18.35696],[-66.87487,18.35673],[-66.87363,18.35687],[-66.8727,18.35669],[-66.87192,18.3562],[-66.87136,18.35605],[-66.86259,18.35601],[-66.85479,18.35538],[-66.85423,18.35507],[-66.85317,18.35498],[-66.85185,18.35456],[-66.85171,18.35412],[-66.8515,18.35392],[-66.85088,18.35373],[-66.85063,18.35368],[-66.84998,18.35398],[-66.84866,18.35373],[-66.84737,18.35261],[-66.84645,18.35116],[-66.84243,18.35025],[-66.83788,18.34884],[-66.8289,18.34456],[-66.82408,18.34328],[-66.82111,18.34858],[-66.81891,18.35298],[-66.81895,18.35389],[-66.81963,18.35456],[-66.82041,18.35593],[-66.82108,18.35652],[-66.82115,18.35727],[-66.8198,18.35926],[-66.81962,18.35977],[-66.81966,18.3602],[-66.82007,18.36078],[-66.82014,18.3612],[-66.81995,18.36135],[-66.81801,18.36177],[-66.81701,18.36265],[-66.81587,18.36404],[-66.81586,18.36541],[-66.81551,18.36706],[-66.81497,18.36843],[-66.81505,18.36957],[-66.81434,18.3708],[-66.81478,18.37208],[-66.81431,18.37313],[-66.81424,18.37384],[-66.81448,18.37489],[-66.81452,18.3759],[-66.81392,18.37727],[-66.81371,18.37916],[-66.81307,18.38054],[-66.81285,18.38218],[-66.8129,18.38332],[-66.8126,18.38429],[-66.81146,18.38567],[-66.81116,18.38623],[-66.81068,18.38663],[-66.81061,18.38703],[-66.81153,18.38797],[-66.81188,18.38862],[-66.81255,18.38934],[-66.81381,18.39004],[-66.81431,18.39061],[-66.81576,18.3915],[-66.8165,18.39224],[-66.817,18.39302],[-66.8173,18.39376],[-66.81737,18.39475],[-66.81787,18.39553],[-66.81789,18.3959],[-66.8178,18.39645],[-66.81698,18.39752],[-66.81677,18.39826],[-66.81715,18.40062],[-66.81675,18.40235],[-66.81724,18.40404],[-66.81745,18.40436],[-66.81775,18.4045],[-66.81877,18.40426],[-66.81967,18.40424],[-66.82018,18.40479],[-66.82128,18.40555],[-66.82186,18.40688],[-66.82196,18.40802],[-66.82265,18.41007],[-66.82305,18.41067],[-66.82364,18.41246],[-66.82362,18.41292],[-66.82328,18.41332],[-66.82173,18.41383],[-66.82118,18.41417],[-66.821,18.41446],[-66.82093,18.41523],[-66.82052,18.41607],[-66.82066,18.41632],[-66.82091,18.41641],[-66.82216,18.41653],[-66.82294,18.41748],[-66.82393,18.41795],[-66.82425,18.41824],[-66.82432,18.41935],[-66.82501,18.42059],[-66.8242,18.42209],[-66.82418,18.42326],[-66.82395,18.42476],[-66.82413,18.42501],[-66.82515,18.42556],[-66.82534,18.4258],[-66.82581,18.42721],[-66.82624,18.42785],[-66.82631,18.42834],[-66.82601,18.4292],[-66.82597,18.43067],[-66.82635,18.43229],[-66.82726,18.43368],[-66.8286,18.43479],[-66.82893,18.43529],[-66.8286,18.43642],[-66.82799,18.43747],[-66.82741,18.43765],[-66.82625,18.43767],[-66.82574,18.43833],[-66.82618,18.43989],[-66.82615,18.44105],[-66.82594,18.4422],[-66.82625,18.44319],[-66.82624,18.44361],[-66.82598,18.44432],[-66.82503,18.44593],[-66.82479,18.4469],[-66.82529,18.44743],[-66.82671,18.44779],[-66.82664,18.44818],[-66.826,18.44856],[-66.82606,18.44881],[-66.82699,18.44979],[-66.82686,18.45006],[-66.82652,18.45033],[-66.8257,18.45064],[-66.82555,18.45084],[-66.82589,18.45238],[-66.82589,18.4533],[-66.82627,18.45406],[-66.82617,18.45437],[-66.82546,18.45497],[-66.82541,18.45522],[-66.82556,18.45542],[-66.82657,18.45559],[-66.82666,18.45575],[-66.82636,18.45609],[-66.82577,18.45639],[-66.82581,18.45659],[-66.82622,18.45678],[-66.82617,18.45731],[-66.82631,18.45752],[-66.82903,18.45772],[-66.82932,18.4578],[-66.82961,18.45849],[-66.82978,18.45863],[-66.83013,18.45867],[-66.83061,18.45851],[-66.831,18.45869],[-66.83109,18.45896],[-66.83054,18.45928],[-66.83082,18.45966],[-66.8316,18.46005],[-66.83206,18.46125],[-66.8322,18.46211],[-66.83232,18.46232],[-66.83278,18.46249],[-66.83298,18.46274],[-66.83304,18.46308],[-66.8329,18.46334],[-66.83231,18.46386],[-66.83089,18.46429],[-66.83039,18.46468],[-66.83035,18.46507],[-66.83063,18.46598],[-66.83034,18.46732],[-66.83048,18.4675],[-66.8311,18.46761],[-66.83115,18.46785],[-66.83063,18.46833],[-66.83016,18.46838],[-66.82952,18.46807],[-66.82931,18.46818],[-66.82958,18.46891],[-66.8305,18.46949],[-66.8306,18.4698],[-66.82916,18.47039],[-66.829,18.47067],[-66.82971,18.47079],[-66.83007,18.47119],[-66.83016,18.47157],[-66.82987,18.47194],[-66.82897,18.47252],[-66.82902,18.4728],[-66.82919,18.47297],[-66.82954,18.47302],[-66.83082,18.47223],[-66.83121,18.47228],[-66.83151,18.4728],[-66.83172,18.47292],[-66.83207,18.47234],[-66.83226,18.47224],[-66.83251,18.47239],[-66.83296,18.47367],[-66.83352,18.47371],[-66.83475,18.47344],[-66.83516,18.47384],[-66.83544,18.47498],[-66.83546,18.4761],[-66.83527,18.47654],[-66.83464,18.47687],[-66.83464,18.47714],[-66.83539,18.47814],[-66.83519,18.4784],[-66.83424,18.47865],[-66.83423,18.47903],[-66.83452,18.47949],[-66.83498,18.47981],[-66.83663,18.47991],[-66.8374,18.48038],[-66.8376,18.48083],[-66.83748,18.48208],[-66.83766,18.48243],[-66.83834,18.48294],[-66.83863,18.48347],[-66.83866,18.48377],[-66.83846,18.48404],[-66.8373,18.48405],[-66.83693,18.48423],[-66.83574,18.48615],[-66.83573,18.48678],[-66.83674,18.48752],[-66.83715,18.48822]]],[[[-66.85327,18.49248],[-66.85347,18.49263],[-66.85356,18.49255],[-66.85353,18.4924],[-66.85337,18.49236],[-66.85327,18.49248]]],[[[-66.85651,18.4924],[-66.8565,18.49255],[-66.85673,18.49263],[-66.85691,18.4924],[-66.85651,18.4924]]],[[[-66.85493,18.49273],[-66.85508,18.49281],[-66.8551,18.49252],[-66.85548,18.49273],[-66.8555,18.49249],[-66.85519,18.49236],[-66.85432,18.49236],[-66.85413,18.49241],[-66.85422,18.49261],[-66.85404,18.49272],[-66.85468,18.49252],[-66.85477,18.49253],[-66.85445,18.49266],[-66.85443,18.49279],[-66.85493,18.49273]]],[[[-66.8689,18.49264],[-66.86908,18.49285],[-66.86909,18.49262],[-66.86931,18.49255],[-66.86945,18.4927],[-66.8695,18.49253],[-66.86976,18.49245],[-66.86974,18.49267],[-66.87001,18.49265],[-66.8698,18.49236],[-66.86907,18.49215],[-66.86863,18.49223],[-66.8689,18.49264]]]]},"properties":{"municipio":"Camuy","geoid":"72027","countyfp":"027","abrev_mun":"CAM"}},
{"type":"Feature","geometry":{"type":"Polygon","coordinates":[[[-65.86743,18.37823],[-65.87667,18.37861],[-65.87685,18.38229],[-65.87615,18.38533],[-65.87625,18.38783],[-65.8755,18.38941],[-65.8749,18.38965],[-65.87437,18.39022],[-65.87383,18.39048],[-65.87389,18.39144],[-65.87373,18.39225],[-65.87395,18.39314],[-65.8731,18.39446],[-65.87272,18.39601],[-65.87256,18.40062],[-65.8715,18.40059],[-65.87167,18.40501],[-65.86989,18.40576],[-65.86992,18.4062],[-65.87017,18.40677],[-65.86994,18.40898],[-65.87384,18.40898],[-65.87431,18.40931],[-65.87518,18.40904],[-65.87665,18.40944],[-65.87934,18.41043],[-65.88125,18.41079],[-65.88178,18.41071],[-65.8836,18.41089],[-65.88404,18.41077],[-65.88538,18.41102],[-65.88582,18.41066],[-65.88642,18.41084],[-65.88717,18.41087],[-65.88807,18.41147],[-65.89343,18.41152],[-65.9001,18.41345],[-65.90968,18.40107],[-65.9145,18.40561],[-65.91941,18.40294],[-65.91888,18.40017],[-65.91965,18.40031],[-65.92092,18.40106],[-65.92273,18.40163],[-65.9236,18.40173],[-65.92419,18.40149],[-65.92603,18.39926],[-65.9266,18.3983],[-65.92672,18.39807],[-65.92658,18.3972],[-65.9267,18.39675],[-65.92725,18.39645],[-65.92847,18.39633],[-65.92986,18.39594],[-65.93009,18.39551],[-65.93055,18.39512],[-65.9308,18.39443],[-65.93098,18.39427],[-65.93117,18.3938],[-65.93121,18.3932],[-65.93055,18.39207],[-65.92909,18.39139],[-65.92879,18.39096],[-65.92862,18.39012],[-65.92929,18.38852],[-65.92933,18.38811],[-65.92882,18.38693],[-65.92747,18.38669],[-65.92633,18.38632],[-65.9252,18.38654],[-65.92392,18.38628],[-65.92303,18.38691],[-65.92199,18.38667],[-65.92165,18.38647],[-65.92061,18.38529],[-65.91877,18.38398],[-65.91703,18.38319],[-65.91475,18.38259],[-65.91491,18.38238],[-65.91602,18.38186],[-65.91653,18.38023],[-65.91558,18.38009],[-65.91498,18.37905],[-65.91476,18.37899],[-65.91439,18.3792],[-65.91435,18.37941],[-65.915,18.37977],[-65.91503,18.37995],[-65.91469,18.38003],[-65.91406,18.37994],[-65.91401,18.37941],[-65.91386,18.37928],[-65.91324,18.3795],[-65.91305,18.37905],[-65.91335,18.37854],[-65.91382,18.37864],[-65.91514,18.37815],[-65.91627,18.37703],[-65.91618,18.37565],[-65.91655,18.37501],[-65.91636,18.37442],[-65.91686,18.37429],[-65.91692,18.3741],[-65.91658,18.37378],[-65.91675,18.37335],[-65.91697,18.37325],[-65.91735,18.37383],[-65.91783,18.37377],[-65.91835,18.37325],[-65.91903,18.373],[-65.91932,18.37243],[-65.9184,18.37086],[-65.91815,18.37059],[-65.91724,18.37009],[-65.91702,18.36972],[-65.91687,18.36846],[-65.91719,18.36814],[-65.91711,18.36738],[-65.91772,18.36679],[-65.91762,18.36591],[-65.91788,18.36511],[-65.91762,18.36346],[-65.91768,18.36323],[-65.91851,18.36277],[-65.91864,18.36165],[-65.91841,18.36104],[-65.91793,18.36054],[-65.91755,18.36039],[-65.91661,18.36033],[-65.91625,18.36003],[-65.91695,18.35927],[-65.91754,18.35884],[-65.91784,18.35819],[-65.91661,18.35536],[-65.91587,18.35415],[-65.91574,18.35355],[-65.9158,18.35296],[-65.91624,18.35164],[-65.9173,18.35068],[-65.91751,18.35024],[-65.91729,18.34995],[-65.91606,18.34981],[-65.91583,18.34958],[-65.91563,18.349],[-65.91593,18.34809],[-65.9165,18.34757],[-65.91753,18.34715],[-65.91875,18.34707],[-65.91926,18.34677],[-65.91976,18.34503],[-65.91943,18.34467],[-65.91808,18.3449],[-65.91737,18.34484],[-65.91712,18.3447],[-65.91668,18.34406],[-65.91659,18.34317],[-65.91631,18.34284],[-65.91605,18.34277],[-65.91558,18.3428],[-65.91535,18.343],[-65.9149,18.34431],[-65.91448,18.3448],[-65.91406,18.34485],[-65.91361,18.34456],[-65.91349,18.34417],[-65.91353,18.34342],[-65.91343,18.34319],[-65.91322,18.34316],[-65.91277,18.34338],[-65.91166,18.34357],[-65.9112,18.34383],[-65.91075,18.34517],[-65.91006,18.34553],[-65.90941,18.34526],[-65.90878,18.34473],[-65.90867,18.34456],[-65.90875,18.3441],[-65.90788,18.34366],[-65.90801,18.34313],[-65.90922,18.34135],[-65.90937,18.34081],[-65.90916,18.34027],[-65.90827,18.33938],[-65.9076,18.33845],[-65.90657,18.33781],[-65.90628,18.33742],[-65.90617,18.33655],[-65.90678,18.33314],[-65.90651,18.33268],[-65.90605,18.3324],[-65.90584,18.3317],[-65.90615,18.33093],[-65.90796,18.32982],[-65.90875,18.32904],[-65.90912,18.3284],[-65.90952,18.32663],[-65.90879,18.32479],[-65.90893,18.32351],[-65.90855,18.32292],[-65.90808,18.32271],[-65.90744,18.3227],[-65.90546,18.32316],[-65.90501,18.32299],[-65.90405,18.32146],[-65.90324,18.32081],[-65.90297,18.32006],[-65.90307,18.31949],[-65.90398,18.31762],[-65.90391,18.31676],[-65.90342,18.31618],[-65.90303,18.31621],[-65.90245,18.31672],[-65.90202,18.31663],[-65.90179,18.31628],[-65.90181,18.31607],[-65.90203,18.31589],[-65.90333,18.31536],[-65.90568,18.31551],[-65.90594,18.31535],[-65.9062,18.31486],[-65.90624,18.31423],[-65.90467,18.31229],[-65.90473,18.31188],[-65.90507,18.31138],[-65.9044,18.31046],[-65.90441,18.31003],[-65.90464,18.30966],[-65.90613,18.3084],[-65.90656,18.30838],[-65.90735,18.30863],[-65.9082,18.30871],[-65.90915,18.30863],[-65.9096,18.30845],[-65.9102,18.30797],[-65.91079,18.30701],[-65.91057,18.30506],[-65.91015,18.30355],[-65.90939,18.30227],[-65.90937,18.30205],[-65.90975,18.30147],[-65.90987,18.30103],[-65.90976,18.29957],[-65.90942,18.29909],[-65.90762,18.29797],[-65.90712,18.29781],[-65.90659,18.29849],[-65.9063,18.29852],[-65.90604,18.29831],[-65.90606,18.29786],[-65.90708,18.29658],[-65.90802,18.29592],[-65.90847,18.29535],[-65.90897,18.29526],[-65.90952,18.29538],[-65.91053,18.29521],[-65.91122,18.29411],[-65.91142,18.29398],[-65.9129,18.29404],[-65.9132,18.29422],[-65.9133,18.29465],[-65.9128,18.29511],[-65.91305,18.29554],[-65.91351,18.29573],[-65.91508,18.29527],[-65.9155,18.29477],[-65.91561,18.29433],[-65.91561,18.29231],[-65.91545,18.29204],[-65.91463,18.29138],[-65.91449,18.29008],[-65.91363,18.28862],[-65.9134,18.28728],[-65.91291,18.28699],[-65.91226,18.28726],[-65.91168,18.28722],[-65.9113,18.28615],[-65.91127,18.28568],[-65.91104,18.28557],[-65.9101,18.28566],[-65.90964,18.2855],[-65.90955,18.28441],[-65.90914,18.28352],[-65.9091,18.28306],[-65.90945,18.28171],[-65.90959,18.2815],[-65.90981,18.2815],[-65.91005,18.28108],[-65.90902,18.27912],[-65.9093,18.27803],[-65.90927,18.27693],[-65.90943,18.27605],[-65.90875,18.27456],[-65.9082,18.27407],[-65.9074,18.27376],[-65.90728,18.2721],[-65.90832,18.27135],[-65.9088,18.27123],[-65.91005,18.27175],[-65.91211,18.2719],[-65.91311,18.27147],[-65.91832,18.27005],[-65.91748,18.26935],[-65.91631,18.26881],[-65.91448,18.26773],[-65.91351,18.26675],[-65.9119,18.26554],[-65.91141,18.26546],[-65.91,18.26555],[-65.90789,18.26536],[-65.90694,18.26561],[-65.90435,18.265],[-65.90397,18.26471],[-65.90301,18.26338],[-65.89954,18.26242],[-65.8971,18.26112],[-65.89644,18.26096],[-65.89414,18.26108],[-65.89239,18.26142],[-65.89171,18.26098],[-65.89025,18.26166],[-65.88915,18.2616],[-65.88868,18.26123],[-65.88779,18.26101],[-65.8867,18.26027],[-65.88599,18.26069],[-65.88578,18.26061],[-65.88602,18.26001],[-65.8859,18.2598],[-65.88514,18.25912],[-65.88429,18.25859],[-65.88391,18.25789],[-65.88352,18.25757],[-65.88149,18.25647],[-65.88028,18.25654],[-65.87945,18.25619],[-65.87842,18.25599],[-65.87807,18.25573],[-65.87761,18.25496],[-65.87614,18.25365],[-65.87566,18.25391],[-65.87541,18.25378],[-65.87482,18.2529],[-65.87377,18.25263],[-65.87349,18.25269],[-65.8728,18.25363],[-65.8725,18.25368],[-65.87204,18.25324],[-65.87147,18.25307],[-65.87106,18.25311],[-65.87019,18.25363],[-65.86981,18.25353],[-65.86937,18.25307],[-65.86784,18.25315],[-65.86752,18.25343],[-65.86649,18.25502],[-65.86631,18.25575],[-65.86404,18.25621],[-65.8623,18.25633],[-65.86188,18.25681],[-65.86154,18.25696],[-65.86106,18.25692],[-65.86006,18.25609],[-65.85922,18.2559],[-65.85845,18.25606],[-65.8579,18.25667],[-65.85649,18.25569],[-65.85579,18.25541],[-65.85395,18.2552],[-65.85262,18.25483],[-65.85259,18.25508],[-65.85201,18.25541],[-65.85142,18.25558],[-65.85064,18.25601],[-65.84983,18.25605],[-65.84713,18.25781],[-65.84653,18.25801],[-65.84603,18.25861],[-65.84596,18.25927],[-65.84564,18.25989],[-65.84485,18.26055],[-65.84365,18.26192],[-65.84257,18.26341],[-65.8421,18.26445],[-65.84053,18.26489],[-65.84014,18.2652],[-65.83978,18.26612],[-65.8395,18.26735],[-65.83935,18.26902],[-65.83948,18.27084],[-65.83912,18.27194],[-65.83892,18.27318],[-65.83855,18.2737],[-65.83742,18.27432],[-65.83642,18.27512],[-65.83675,18.27542],[-65.83758,18.27563],[-65.83822,18.27595],[-65.83913,18.27699],[-65.84024,18.27701],[-65.84179,18.27735],[-65.84221,18.2791],[-65.8432,18.27891],[-65.84568,18.27885],[-65.84603,18.27898],[-65.84619,18.28129],[-65.84649,18.2818],[-65.84751,18.28214],[-65.84956,18.2824],[-65.85078,18.28293],[-65.85295,18.28457],[-65.85404,18.28518],[-65.85417,18.2855],[-65.85441,18.28544],[-65.8551,18.28593],[-65.85572,18.28616],[-65.85609,18.28685],[-65.85673,18.28717],[-65.85726,18.28815],[-65.85924,18.28892],[-65.8606,18.2917],[-65.86097,18.29216],[-65.86136,18.29234],[-65.86217,18.29339],[-65.86388,18.29399],[-65.86497,18.2937],[-65.86587,18.29396],[-65.86739,18.29378],[-65.86776,18.29378],[-65.86812,18.29398],[-65.86721,18.29514],[-65.86688,18.29582],[-65.8668,18.29634],[-65.867,18.29707],[-65.86668,18.29731],[-65.86583,18.29737],[-65.86546,18.29746],[-65.86532,18.29763],[-65.86517,18.2979],[-65.86538,18.29859],[-65.86407,18.30025],[-65.86388,18.30082],[-65.86371,18.30226],[-65.86288,18.30311],[-65.86318,18.30439],[-65.86398,18.30511],[-65.86481,18.3069],[-65.86393,18.30753],[-65.86401,18.30945],[-65.86869,18.30944],[-65.86988,18.31257],[-65.86975,18.31716],[-65.86567,18.31712],[-65.86537,18.31721],[-65.86424,18.3184],[-65.86413,18.31989],[-65.86313,18.32077],[-65.86284,18.32146],[-65.8668,18.33211],[-65.8679,18.33305],[-65.87001,18.3339],[-65.87232,18.33463],[-65.87287,18.33522],[-65.87316,18.33621],[-65.87312,18.33726],[-65.87173,18.33937],[-65.87163,18.33981],[-65.8723,18.34062],[-65.87387,18.34062],[-65.87251,18.34401],[-65.87319,18.34408],[-65.87412,18.34443],[-65.87506,18.34557],[-65.87451,18.34669],[-65.87452,18.35149],[-65.87502,18.35153],[-65.87506,18.35305],[-65.87605,18.35507],[-65.87614,18.35558],[-65.87534,18.35793],[-65.8747,18.35889],[-65.87471,18.35911],[-65.87594,18.36016],[-65.87576,18.36063],[-65.87614,18.36137],[-65.87674,18.36154],[-65.87685,18.36195],[-65.87668,18.36304],[-65.8762,18.36358],[-65.87601,18.36427],[-65.8751,18.36496],[-65.8749,18.36487],[-65.87501,18.3645],[-65.87461,18.36452],[-65.87461,18.36473],[-65.87408,18.36556],[-65.87361,18.36593],[-65.87357,18.36703],[-65.87389,18.36734],[-65.87394,18.36759],[-65.87333,18.36795],[-65.87327,18.36812],[-65.87348,18.36862],[-65.87335,18.36918],[-65.87291,18.36961],[-65.87337,18.37053],[-65.87353,18.3722],[-65.87417,18.37305],[-65.87375,18.37392],[-65.87349,18.37413],[-65.87283,18.37409],[-65.87263,18.37421],[-65.8727,18.37438],[-65.87312,18.3745],[-65.87319,18.37467],[-65.8725,18.3754],[-65.87223,18.37498],[-65.87191,18.37502],[-65.8715,18.37538],[-65.87101,18.37529],[-65.87036,18.37557],[-65.86946,18.37567],[-65.86898,18.37645],[-65.86827,18.3762],[-65.86778,18.37713],[-65.86743,18.37823]]]},"properties":{"municipio":"Canóvanas","geoid":"72029","countyfp":"029","abrev_mun":"CAN"}},
{"type":"Feature","geometry":{"type":"MultiPolygon","coordinates":[[[[-65.99294,18.45797],[-65.99352,18.45744],[-65.99398,18.4565],[-65.99416,18.45423],[-65.99455,18.4535],[-65.9952,18.45241],[-65.99623,18.45113],[-65.99789,18.44944],[-66.00017,18.44778],[-66.0036,18.44594],[-66.00609,18.44492],[-66.00912,18.44423],[-66.01046,18.44408],[-66.01153,18.44414],[-66.01289,18.44467],[-66.01435,18.445],[-66.0149,18.44523],[-66.01543,18.44567],[-66.01582,18.44616],[-66.01582,18.44637],[-66.01605,18.44649],[-66.01601,18.44665],[-66.01637,18.44687],[-66.01658,18.44663],[-66.01663,18.44608],[-66.01676,18.4459],[-66.01766,18.44541],[-66.0201,18.44445],[-66.02324,18.44425],[-66.02554,18.44455],[-66.02954,18.44552],[-66.03203,18.44653],[-66.0349,18.44822],[-66.03531,18.44881],[-66.03609,18.4493],[-66.03621,18.44971],[-66.03662,18.44988],[-66.03667,18.45008],[-66.0364,18.45017],[-66.03665,18.45014],[-66.03754,18.4493],[-66.03738,18.44912],[-66.03799,18.44815],[-66.0382,18.44623],[-66.04057,18.44644],[-66.0431,18.44404],[-66.039,18.44068],[-66.03762,18.43995],[-66.03608,18.43949],[-66.03383,18.438],[-66.03317,18.43736],[-66.0325,18.43636],[-66.0317,18.43288],[-66.03105,18.43094],[-66.02951,18.42739],[-66.02875,18.42654],[-66.02793,18.42586],[-66.02424,18.42353],[-66.02249,18.4219],[-66.02031,18.42021],[-66.01884,18.41941],[-66.01523,18.41805],[-66.01199,18.41809],[-66.01172,18.41711],[-66.0112,18.41674],[-66.01065,18.41597],[-66.01021,18.41563],[-66.00891,18.4141],[-66.00822,18.41366],[-66.00678,18.41319],[-66.00541,18.41229],[-66.00368,18.4114],[-66.00111,18.41078],[-65.99972,18.41027],[-65.99561,18.40836],[-65.99346,18.40763],[-65.99298,18.40722],[-65.99177,18.4036],[-65.99149,18.3983],[-65.99246,18.39813],[-65.99289,18.39773],[-65.99367,18.39774],[-65.99451,18.39738],[-65.99708,18.39692],[-65.99749,18.39665],[-65.99763,18.39569],[-65.99801,18.39542],[-65.9983,18.39544],[-65.99898,18.39583],[-65.99924,18.39576],[-65.99994,18.39493],[-66.00014,18.39488],[-66.0004,18.39496],[-66.00061,18.39539],[-66.00081,18.3955],[-66.00096,18.3953],[-66.00085,18.39465],[-66.00096,18.39436],[-66.00128,18.39431],[-66.00221,18.39497],[-66.00269,18.39514],[-66.00292,18.39513],[-66.00314,18.3947],[-66.0031,18.39353],[-66.00346,18.39299],[-66.00351,18.39221],[-66.00335,18.38962],[-66.00357,18.38864],[-66.00326,18.38747],[-66.00329,18.38699],[-66.00292,18.38651],[-66.003,18.3853],[-66.0027,18.38473],[-66.00151,18.38357],[-66.00102,18.38284],[-66.00084,18.38221],[-66.0003,18.38132],[-66.0003,18.38082],[-65.9994,18.38041],[-65.99927,18.38021],[-65.99885,18.38003],[-65.99851,18.37969],[-65.99796,18.37857],[-65.99767,18.3783],[-65.99668,18.37804],[-65.99588,18.37759],[-65.99405,18.37713],[-65.99334,18.37713],[-65.99294,18.37742],[-65.99224,18.37708],[-65.99161,18.37705],[-65.99141,18.37215],[-65.98993,18.37069],[-65.98946,18.36962],[-65.98975,18.36689],[-65.98973,18.36642],[-65.98951,18.36583],[-65.98842,18.36472],[-65.98485,18.36172],[-65.98301,18.35983],[-65.98212,18.35854],[-65.98192,18.35854],[-65.98182,18.35806],[-65.98116,18.35676],[-65.98077,18.3553],[-65.98071,18.35503],[-65.98103,18.3541],[-65.98083,18.35383],[-65.97999,18.3536],[-65.97943,18.35307],[-65.97889,18.35281],[-65.97648,18.35285],[-65.97567,18.3527],[-65.9754,18.35208],[-65.97554,18.34961],[-65.97537,18.34923],[-65.97421,18.34847],[-65.97416,18.34798],[-65.97389,18.34768],[-65.97366,18.34627],[-65.97311,18.34522],[-65.97299,18.34444],[-65.97278,18.34401],[-65.97198,18.34361],[-65.97125,18.3436],[-65.96989,18.34334],[-65.97013,18.34246],[-65.96999,18.34066],[-65.96922,18.34029],[-65.96745,18.33993],[-65.96696,18.3397],[-65.96706,18.33928],[-65.96777,18.33837],[-65.96861,18.33783],[-65.969,18.33738],[-65.96959,18.33603],[-65.96982,18.33418],[-65.96876,18.33346],[-65.96796,18.33255],[-65.9674,18.33083],[-65.96744,18.33043],[-65.96668,18.3294],[-65.96566,18.32959],[-65.96472,18.32927],[-65.9639,18.3295],[-65.96323,18.32875],[-65.96262,18.32872],[-65.96229,18.32843],[-65.96246,18.3279],[-65.9622,18.32743],[-65.96307,18.32654],[-65.96335,18.32577],[-65.96316,18.32512],[-65.96262,18.32443],[-65.96193,18.32309],[-65.96131,18.32276],[-65.96034,18.32294],[-65.95875,18.32261],[-65.95861,18.32225],[-65.95859,18.32132],[-65.95826,18.32054],[-65.95661,18.31826],[-65.95579,18.31793],[-65.95395,18.31769],[-65.95314,18.31709],[-65.95264,18.31643],[-65.95139,18.31619],[-65.95047,18.31546],[-65.95021,18.31487],[-65.95013,18.31411],[-65.94917,18.3127],[-65.94776,18.31163],[-65.94703,18.31141],[-65.94615,18.31153],[-65.94481,18.31137],[-65.9431,18.31159],[-65.94235,18.31215],[-65.94206,18.31221],[-65.94068,18.31138],[-65.9391,18.30956],[-65.93888,18.30887],[-65.93961,18.30852],[-65.94041,18.30768],[-65.94095,18.30623],[-65.94124,18.30593],[-65.94143,18.30527],[-65.94186,18.30482],[-65.94203,18.30434],[-65.94205,18.30411],[-65.94183,18.304],[-65.94143,18.30404],[-65.94041,18.30333],[-65.94037,18.30312],[-65.94078,18.30304],[-65.94089,18.30285],[-65.94066,18.30252],[-65.94101,18.30191],[-65.94062,18.30064],[-65.94012,18.3003],[-65.94024,18.30014],[-65.94127,18.29972],[-65.94306,18.29926],[-65.94331,18.29933],[-65.94351,18.29927],[-65.94361,18.29907],[-65.9434,18.29819],[-65.94226,18.29693],[-65.94238,18.29615],[-65.94304,18.29452],[-65.94297,18.29421],[-65.94245,18.2934],[-65.94221,18.29302],[-65.9415,18.2926],[-65.94149,18.29216],[-65.94038,18.2906],[-65.93997,18.28962],[-65.93913,18.28889],[-65.93903,18.28861],[-65.93913,18.28842],[-65.93967,18.28797],[-65.93922,18.28669],[-65.93882,18.28645],[-65.93843,18.28578],[-65.93779,18.28512],[-65.93724,18.28521],[-65.93685,18.2851],[-65.93663,18.2845],[-65.93595,18.28416],[-65.93588,18.28353],[-65.93552,18.28277],[-65.93352,18.28124],[-65.93296,18.28047],[-65.93173,18.27947],[-65.93042,18.2787],[-65.93003,18.27818],[-65.9282,18.2767],[-65.92652,18.27577],[-65.92583,18.27563],[-65.92529,18.27532],[-65.92448,18.27541],[-65.92407,18.27482],[-65.92365,18.27479],[-65.92358,18.27457],[-65.92406,18.27404],[-65.92422,18.2733],[-65.92412,18.27286],[-65.92369,18.27235],[-65.92229,18.27195],[-65.92115,18.27147],[-65.91995,18.27054],[-65.91856,18.27012],[-65.91832,18.27005],[-65.91311,18.27147],[-65.91211,18.2719],[-65.91005,18.27175],[-65.9088,18.27123],[-65.90832,18.27135],[-65.90728,18.2721],[-65.9074,18.27376],[-65.9082,18.27407],[-65.90875,18.27456],[-65.90943,18.27605],[-65.90927,18.27693],[-65.9093,18.27803],[-65.90902,18.27912],[-65.91005,18.28108],[-65.90981,18.2815],[-65.90959,18.2815],[-65.90945,18.28171],[-65.9091,18.28306],[-65.90914,18.28352],[-65.90955,18.28441],[-65.90964,18.2855],[-65.9101,18.28566],[-65.91104,18.28557],[-65.91127,18.28568],[-65.9113,18.28615],[-65.91168,18.28722],[-65.91226,18.28726],[-65.91291,18.28699],[-65.9134,18.28728],[-65.91363,18.28862],[-65.91449,18.29008],[-65.91463,18.29138],[-65.91545,18.29204],[-65.91561,18.29231],[-65.91561,18.29433],[-65.9155,18.29477],[-65.91508,18.29527],[-65.91351,18.29573],[-65.91305,18.29554],[-65.9128,18.29511],[-65.9133,18.29465],[-65.9132,18.29422],[-65.9129,18.29404],[-65.91142,18.29398],[-65.91122,18.29411],[-65.91053,18.29521],[-65.90952,18.29538],[-65.90897,18.29526],[-65.90847,18.29535],[-65.90802,18.29592],[-65.90708,18.29658],[-65.90606,18.29786],[-65.90604,18.29831],[-65.9063,18.29852],[-65.90659,18.29849],[-65.90712,18.29781],[-65.90762,18.29797],[-65.90942,18.29909],[-65.90976,18.29957],[-65.90987,18.30103],[-65.90975,18.30147],[-65.90937,18.30205],[-65.90939,18.30227],[-65.91015,18.30355],[-65.91057,18.30506],[-65.91079,18.30701],[-65.9102,18.30797],[-65.9096,18.30845],[-65.90915,18.30863],[-65.9082,18.30871],[-65.90735,18.30863],[-65.90656,18.30838],[-65.90613,18.3084],[-65.90464,18.30966],[-65.90441,18.31003],[-65.9044,18.31046],[-65.90507,18.31138],[-65.90473,18.31188],[-65.90467,18.31229],[-65.90624,18.31423],[-65.9062,18.31486],[-65.90594,18.31535],[-65.90568,18.31551],[-65.90333,18.31536],[-65.90203,18.31589],[-65.90181,18.31607],[-65.90179,18.31628],[-65.90202,18.31663],[-65.90245,18.31672],[-65.90303,18.31621],[-65.90342,18.31618],[-65.90391,18.31676],[-65.90398,18.31762],[-65.90307,18.31949],[-65.90297,18.32006],[-65.90324,18.32081],[-65.90405,18.32146],[-65.90501,18.32299],[-65.90546,18.32316],[-65.90744,18.3227],[-65.90808,18.32271],[-65.90855,18.32292],[-65.90893,18.32351],[-65.90879,18.32479],[-65.90952,18.32663],[-65.90912,18.3284],[-65.90875,18.32904],[-65.90796,18.32982],[-65.90615,18.33093],[-65.90584,18.3317],[-65.90605,18.3324],[-65.90651,18.33268],[-65.90678,18.33314],[-65.90617,18.33655],[-65.90628,18.33742],[-65.90657,18.33781],[-65.9076,18.33845],[-65.90827,18.33938],[-65.90916,18.34027],[-65.90937,18.34081],[-65.90922,18.34135],[-65.90801,18.34313],[-65.90788,18.34366],[-65.90875,18.3441],[-65.90867,18.34456],[-65.90878,18.34473],[-65.90941,18.34526],[-65.91006,18.34553],[-65.91075,18.34517],[-65.9112,18.34383],[-65.91166,18.34357],[-65.91277,18.34338],[-65.91322,18.34316],[-65.91343,18.34319],[-65.91353,18.34342],[-65.91349,18.34417],[-65.91361,18.34456],[-65.91406,18.34485],[-65.91448,18.3448],[-65.9149,18.34431],[-65.91535,18.343],[-65.91558,18.3428],[-65.91605,18.34277],[-65.91631,18.34284],[-65.91659,18.34317],[-65.91668,18.34406],[-65.91712,18.3447],[-65.91737,18.34484],[-65.91808,18.3449],[-65.91943,18.34467],[-65.91976,18.34503],[-65.91926,18.34677],[-65.91875,18.34707],[-65.91753,18.34715],[-65.9165,18.34757],[-65.91593,18.34809],[-65.91563,18.349],[-65.91583,18.34958],[-65.91606,18.34981],[-65.91729,18.34995],[-65.91751,18.35024],[-65.9173,18.35068],[-65.91624,18.35164],[-65.9158,18.35296],[-65.91574,18.35355],[-65.91587,18.35415],[-65.91661,18.35536],[-65.91784,18.35819],[-65.91754,18.35884],[-65.91695,18.35927],[-65.91625,18.36003],[-65.91661,18.36033],[-65.91755,18.36039],[-65.91793,18.36054],[-65.91841,18.36104],[-65.91864,18.36165],[-65.91851,18.36277],[-65.91768,18.36323],[-65.91762,18.36346],[-65.91788,18.36511],[-65.91762,18.36591],[-65.91772,18.36679],[-65.91711,18.36738],[-65.91719,18.36814],[-65.91687,18.36846],[-65.91702,18.36972],[-65.91724,18.37009],[-65.91815,18.37059],[-65.9184,18.37086],[-65.91932,18.37243],[-65.91903,18.373],[-65.91835,18.37325],[-65.91783,18.37377],[-65.91735,18.37383],[-65.91697,18.37325],[-65.91675,18.37335],[-65.91658,18.37378],[-65.91692,18.3741],[-65.91686,18.37429],[-65.91636,18.37442],[-65.91655,18.37501],[-65.91618,18.37565],[-65.91627,18.37703],[-65.91514,18.37815],[-65.91382,18.37864],[-65.91335,18.37854],[-65.91305,18.37905],[-65.91324,18.3795],[-65.91386,18.37928],[-65.91401,18.37941],[-65.91406,18.37994],[-65.91469,18.38003],[-65.91503,18.37995],[-65.915,18.37977],[-65.91435,18.37941],[-65.91439,18.3792],[-65.91476,18.37899],[-65.91498,18.37905],[-65.91558,18.38009],[-65.91653,18.38023],[-65.91602,18.38186],[-65.91491,18.38238],[-65.91475,18.38259],[-65.91703,18.38319],[-65.91877,18.38398],[-65.92061,18.38529],[-65.92165,18.38647],[-65.92199,18.38667],[-65.92303,18.38691],[-65.92392,18.38628],[-65.9252,18.38654],[-65.92633,18.38632],[-65.92747,18.38669],[-65.92882,18.38693],[-65.92933,18.38811],[-65.92929,18.38852],[-65.92862,18.39012],[-65.92879,18.39096],[-65.92909,18.39139],[-65.93055,18.39207],[-65.93121,18.3932],[-65.93117,18.3938],[-65.93098,18.39427],[-65.9308,18.39443],[-65.93055,18.39512],[-65.93009,18.39551],[-65.92986,18.39594],[-65.92847,18.39633],[-65.92725,18.39645],[-65.9267,18.39675],[-65.92658,18.3972],[-65.92672,18.39807],[-65.9266,18.3983],[-65.92603,18.39926],[-65.92419,18.40149],[-65.9236,18.40173],[-65.92273,18.40163],[-65.92092,18.40106],[-65.91965,18.40031],[-65.91888,18.40017],[-65.91941,18.40294],[-65.92001,18.40579],[-65.91976,18.40985],[-65.92012,18.41098],[-65.92029,18.41112],[-65.92279,18.41177],[-65.92408,18.4116],[-65.92452,18.41166],[-65.92822,18.41278],[-65.92828,18.413],[-65.92768,18.41352],[-65.9275,18.41427],[-65.92696,18.41465],[-65.92621,18.41555],[-65.92795,18.41845],[-65.93089,18.42277],[-65.93039,18.42839],[-65.93158,18.42816],[-65.93235,18.4283],[-65.93666,18.43007],[-65.94085,18.43142],[-65.94232,18.43229],[-65.945,18.43322],[-65.94902,18.43488],[-65.95011,18.43518],[-65.95104,18.43594],[-65.95342,18.43732],[-65.95392,18.43703],[-65.95536,18.43487],[-65.95626,18.43398],[-65.95695,18.43358],[-65.95843,18.43331],[-65.96096,18.43324],[-65.96173,18.43385],[-65.96369,18.43444],[-65.96459,18.43397],[-65.96497,18.43299],[-65.96563,18.43248],[-65.96618,18.43231],[-65.96711,18.43248],[-65.96725,18.43266],[-65.96736,18.43341],[-65.97008,18.43787],[-65.97052,18.43947],[-65.97112,18.44052],[-65.97164,18.44063],[-65.97382,18.44055],[-65.97437,18.44068],[-65.97493,18.44099],[-65.97617,18.44205],[-65.97693,18.44231],[-65.97811,18.44237],[-65.9808,18.44223],[-65.98281,18.44249],[-65.98409,18.44281],[-65.98486,18.44319],[-65.98532,18.44361],[-65.9857,18.4446],[-65.98576,18.44607],[-65.9857,18.44669],[-65.98492,18.44941],[-65.98491,18.45],[-65.98524,18.45102],[-65.98598,18.45252],[-65.98604,18.45377],[-65.98629,18.45444],[-65.98688,18.45493],[-65.98923,18.4559],[-65.9898,18.45649],[-65.99025,18.45742],[-65.9916,18.45767],[-65.99262,18.45764],[-65.99294,18.45797]]],[[[-66.01666,18.44873],[-66.01685,18.44872],[-66.01677,18.44842],[-66.01648,18.44858],[-66.01666,18.44873]]],[[[-66.03523,18.44909],[-66.03577,18.44952],[-66.0362,18.4504],[-66.03609,18.44986],[-66.03567,18.44935],[-66.03545,18.44912],[-66.03485,18.44896],[-66.03523,18.44909]]]]},"properties":{"municipio":"Carolina","geoid":"72031","countyfp":"031","abrev_mun":"CAR"}},
{"type":"Feature","geometry":{"type":"MultiPolygon","coordinates":[[[[-66.1124,18.44041],[-66.11247,18.44114],[-66.11239,18.44134],[-66.11212,18.44146],[-66.1121,18.44232],[-66.11228,18.4426],[-66.1127,18.44258],[-66.11304,18.44235],[-66.11371,18.44221],[-66.11386,18.44168],[-66.11407,18.44181],[-66.11436,18.44165],[-66.11472,18.44166],[-66.11543,18.4413],[-66.11599,18.44161],[-66.11598,18.44171],[-66.11578,18.44167],[-66.11576,18.44181],[-66.1155,18.44178],[-66.11568,18.44194],[-66.11537,18.44197],[-66.1156,18.44206],[-66.11534,18.44229],[-66.1148,18.44252],[-66.11418,18.44258],[-66.11307,18.44313],[-66.11295,18.443],[-66.11293,18.4431],[-66.11255,18.44312],[-66.11187,18.44287],[-66.11115,18.44286],[-66.11091,18.44339],[-66.11055,18.44329],[-66.11058,18.44349],[-66.11088,18.44356],[-66.11088,18.44369],[-66.11063,18.44387],[-66.11048,18.44441],[-66.11122,18.44444],[-66.11226,18.44497],[-66.11272,18.44504],[-66.11323,18.44489],[-66.11539,18.44387],[-66.11564,18.44379],[-66.11588,18.44394],[-66.11659,18.44345],[-66.11701,18.44397],[-66.11725,18.44381],[-66.11693,18.44322],[-66.11733,18.44299],[-66.11737,18.44276],[-66.11745,18.44289],[-66.11746,18.44277],[-66.11807,18.44257],[-66.11804,18.44233],[-66.11834,18.44221],[-66.12004,18.44183],[-66.12203,18.44165],[-66.12308,18.44179],[-66.12482,18.44226],[-66.12522,18.44226],[-66.12533,18.44198],[-66.12619,18.44208],[-66.12757,18.4429],[-66.1285,18.44296],[-66.12918,18.44339],[-66.12966,18.44351],[-66.13149,18.44441],[-66.13338,18.4462],[-66.13363,18.44627],[-66.13424,18.44717],[-66.13437,18.4472],[-66.13481,18.44891],[-66.13522,18.44896],[-66.13536,18.44872],[-66.13565,18.44876],[-66.1371,18.45014],[-66.13791,18.45125],[-66.13835,18.45212],[-66.13833,18.45258],[-66.13878,18.45343],[-66.13902,18.45442],[-66.13921,18.45633],[-66.13892,18.45718],[-66.1385,18.4574],[-66.13786,18.45737],[-66.13726,18.45695],[-66.13694,18.45687],[-66.13678,18.45663],[-66.13634,18.45658],[-66.13605,18.45636],[-66.13584,18.45565],[-66.13548,18.45527],[-66.13563,18.45523],[-66.13563,18.45509],[-66.13515,18.45432],[-66.13448,18.45449],[-66.13418,18.45434],[-66.13366,18.45452],[-66.13328,18.4545],[-66.13125,18.45367],[-66.13061,18.45317],[-66.13039,18.45253],[-66.13044,18.45217],[-66.1294,18.45147],[-66.12938,18.45072],[-66.1302,18.44987],[-66.13129,18.44974],[-66.13162,18.4496],[-66.13204,18.44934],[-66.13251,18.44865],[-66.13321,18.4485],[-66.13336,18.44829],[-66.13329,18.44817],[-66.1325,18.44828],[-66.13122,18.44898],[-66.13056,18.44904],[-66.12987,18.44935],[-66.12817,18.45134],[-66.12838,18.45163],[-66.12916,18.45193],[-66.13,18.45261],[-66.13024,18.45306],[-66.13012,18.45329],[-66.1307,18.45357],[-66.13163,18.45431],[-66.13252,18.45453],[-66.13379,18.45514],[-66.13587,18.45675],[-66.13845,18.46017],[-66.13879,18.46079],[-66.13909,18.46199],[-66.13957,18.46237],[-66.14086,18.46226],[-66.14203,18.46194],[-66.14331,18.46111],[-66.14387,18.46046],[-66.14452,18.45854],[-66.14519,18.45732],[-66.14668,18.45546],[-66.14818,18.45148],[-66.14855,18.45101],[-66.14905,18.45068],[-66.15064,18.45015],[-66.15119,18.4498],[-66.15155,18.44828],[-66.15272,18.44717],[-66.15327,18.44631],[-66.1537,18.44591],[-66.15449,18.44568],[-66.15496,18.44578],[-66.15616,18.44686],[-66.15702,18.44718],[-66.1577,18.44693],[-66.1583,18.44604],[-66.15874,18.44573],[-66.15932,18.44561],[-66.1598,18.44572],[-66.16017,18.44609],[-66.16026,18.4468],[-66.15928,18.4486],[-66.15909,18.45016],[-66.16078,18.44937],[-66.16148,18.44873],[-66.16252,18.44723],[-66.16354,18.44494],[-66.16377,18.44375],[-66.16382,18.44159],[-66.16528,18.43708],[-66.16569,18.43645],[-66.16721,18.4351],[-66.16777,18.43491],[-66.16833,18.43493],[-66.16898,18.43551],[-66.16931,18.43557],[-66.16966,18.4355],[-66.17001,18.43493],[-66.17016,18.43405],[-66.16992,18.43358],[-66.16812,18.43339],[-66.16783,18.4332],[-66.16777,18.433],[-66.16778,18.43255],[-66.16797,18.4323],[-66.16962,18.43207],[-66.16986,18.43194],[-66.16987,18.43147],[-66.16936,18.43104],[-66.16803,18.43046],[-66.1658,18.43024],[-66.16543,18.42996],[-66.16439,18.42864],[-66.16204,18.42802],[-66.16182,18.42754],[-66.16189,18.42644],[-66.16147,18.42611],[-66.16046,18.42587],[-66.15995,18.42539],[-66.15917,18.42351],[-66.15832,18.42226],[-66.15829,18.42189],[-66.15852,18.42137],[-66.15769,18.42093],[-66.15427,18.42209],[-66.15352,18.42127],[-66.15313,18.42112],[-66.15286,18.42125],[-66.15287,18.42146],[-66.15316,18.42181],[-66.15319,18.42206],[-66.15295,18.42219],[-66.15237,18.4221],[-66.1519,18.42239],[-66.15153,18.4222],[-66.15126,18.4215],[-66.15026,18.42078],[-66.15008,18.42108],[-66.15022,18.42143],[-66.15023,18.42216],[-66.14973,18.4222],[-66.14911,18.42281],[-66.14871,18.42283],[-66.14852,18.42274],[-66.14837,18.4224],[-66.14841,18.42209],[-66.14875,18.42173],[-66.1488,18.42146],[-66.14826,18.42137],[-66.14775,18.42179],[-66.1476,18.42305],[-66.14743,18.42322],[-66.14715,18.42324],[-66.14692,18.42275],[-66.14321,18.42232],[-66.14053,18.42306],[-66.13542,18.42318],[-66.13567,18.42198],[-66.13151,18.42469],[-66.12461,18.43138],[-66.11996,18.4362],[-66.11681,18.43905],[-66.11557,18.44003],[-66.11469,18.44051],[-66.1141,18.44063],[-66.1124,18.44041]]],[[[-66.13624,18.4499],[-66.13667,18.4499],[-66.13608,18.4496],[-66.13565,18.44917],[-66.13572,18.44898],[-66.13557,18.44897],[-66.13549,18.44951],[-66.13563,18.44986],[-66.13624,18.4499]]]]},"properties":{"municipio":"Cataño","geoid":"72033","countyfp":"033","abrev_mun":"CAT"}},
{"type":"Feature","geometry":{"type":"Polygon","coordinates":[[[-66.05246,18.11357],[-66.05487,18.11379],[-66.05619,18.11425],[-66.0583,18.11614],[-66.0606,18.11628],[-66.06067,18.11648],[-66.06032,18.11792],[-66.0603,18.11861],[-66.06051,18.11995],[-66.06089,18.12076],[-66.06101,18.12242],[-66.06165,18.12442],[-66.06249,18.12553],[-66.06255,18.12638],[-66.06278,18.12646],[-66.06368,18.12802],[-66.0639,18.12801],[-66.06463,18.12894],[-66.06495,18.13067],[-66.06517,18.13113],[-66.06576,18.13146],[-66.06713,18.13176],[-66.0674,18.13194],[-66.06787,18.13383],[-66.06871,18.13571],[-66.0696,18.1373],[-66.06969,18.1376],[-66.06933,18.13813],[-66.06895,18.13988],[-66.0694,18.14138],[-66.06941,18.14247],[-66.06912,18.1429],[-66.068,18.14391],[-66.06722,18.14562],[-66.06636,18.14616],[-66.06616,18.14706],[-66.06582,18.14784],[-66.06594,18.1484],[-66.06612,18.14855],[-66.06757,18.1488],[-66.0783,18.15181],[-66.08037,18.15259],[-66.0805,18.1531],[-66.08088,18.1536],[-66.08135,18.15408],[-66.08237,18.15473],[-66.08313,18.15595],[-66.0835,18.15632],[-66.08378,18.15641],[-66.08482,18.1576],[-66.08588,18.15824],[-66.08726,18.15966],[-66.08828,18.16035],[-66.0885,18.16101],[-66.08883,18.16137],[-66.09012,18.16221],[-66.09108,18.16352],[-66.09095,18.16411],[-66.0914,18.16544],[-66.09209,18.16618],[-66.09315,18.16669],[-66.095,18.16887],[-66.09515,18.16861],[-66.09504,18.16791],[-66.09516,18.16741],[-66.09453,18.16472],[-66.09485,18.16395],[-66.0953,18.16362],[-66.09608,18.16271],[-66.09627,18.16203],[-66.09663,18.16144],[-66.09671,18.16025],[-66.09665,18.15998],[-66.09635,18.15962],[-66.09642,18.15939],[-66.09707,18.15921],[-66.09813,18.15853],[-66.09823,18.15769],[-66.09773,18.157],[-66.09787,18.15563],[-66.09811,18.15564],[-66.09846,18.156],[-66.09896,18.15483],[-66.09952,18.15449],[-66.09975,18.15374],[-66.10003,18.15359],[-66.10011,18.15339],[-66.09961,18.15304],[-66.10142,18.15244],[-66.10163,18.15243],[-66.10203,18.15283],[-66.10222,18.15246],[-66.10222,18.15202],[-66.10176,18.15146],[-66.10181,18.15123],[-66.10228,18.15129],[-66.10337,18.15093],[-66.10378,18.1505],[-66.10402,18.1499],[-66.10424,18.14991],[-66.10467,18.15051],[-66.105,18.15064],[-66.10541,18.15037],[-66.10575,18.14975],[-66.10668,18.14913],[-66.10694,18.14875],[-66.1077,18.14875],[-66.10837,18.14854],[-66.10873,18.14823],[-66.10898,18.14767],[-66.11037,18.14664],[-66.1104,18.14625],[-66.11,18.14591],[-66.10995,18.14541],[-66.10952,18.14465],[-66.10963,18.1445],[-66.11086,18.14427],[-66.11105,18.14406],[-66.11111,18.14313],[-66.11152,18.14233],[-66.11063,18.14283],[-66.11034,18.14286],[-66.11007,18.14275],[-66.10999,18.14251],[-66.11018,18.14204],[-66.1119,18.14171],[-66.11234,18.1413],[-66.11253,18.14145],[-66.11261,18.14229],[-66.1134,18.14229],[-66.11364,18.14192],[-66.11363,18.14106],[-66.11415,18.14021],[-66.11419,18.13978],[-66.11465,18.1397],[-66.11639,18.1398],[-66.11658,18.13943],[-66.11679,18.13941],[-66.11719,18.13985],[-66.11798,18.14001],[-66.11816,18.13987],[-66.11819,18.13963],[-66.11753,18.13921],[-66.11751,18.13896],[-66.11809,18.13875],[-66.11851,18.13815],[-66.11922,18.13791],[-66.11952,18.13796],[-66.11976,18.13822],[-66.12,18.139],[-66.12021,18.13903],[-66.12091,18.13875],[-66.12104,18.13958],[-66.12161,18.13978],[-66.12135,18.14026],[-66.12143,18.14051],[-66.12187,18.14074],[-66.12293,18.14054],[-66.12325,18.14081],[-66.12413,18.13996],[-66.12479,18.13963],[-66.12753,18.13971],[-66.12798,18.13953],[-66.12927,18.1386],[-66.13065,18.13881],[-66.13094,18.13875],[-66.13092,18.13843],[-66.13041,18.13773],[-66.13051,18.13716],[-66.13038,18.13667],[-66.13044,18.13646],[-66.13159,18.13614],[-66.13169,18.13591],[-66.13155,18.13525],[-66.13168,18.13443],[-66.13153,18.13333],[-66.13182,18.13271],[-66.13225,18.13262],[-66.13358,18.13288],[-66.13444,18.13278],[-66.13554,18.13378],[-66.13758,18.13389],[-66.13823,18.13451],[-66.13869,18.13606],[-66.13929,18.13731],[-66.13929,18.13759],[-66.14003,18.13763],[-66.14065,18.13744],[-66.14275,18.13727],[-66.14376,18.13799],[-66.14443,18.13818],[-66.14779,18.13884],[-66.14832,18.13888],[-66.14923,18.13869],[-66.14958,18.13884],[-66.15022,18.13934],[-66.14995,18.14034],[-66.15021,18.14184],[-66.15047,18.14233],[-66.15091,18.14235],[-66.15123,18.14165],[-66.15166,18.14127],[-66.15191,18.14133],[-66.15231,18.1417],[-66.15274,18.14182],[-66.15413,18.14187],[-66.15588,18.14157],[-66.15667,18.14162],[-66.15698,18.14188],[-66.15708,18.14228],[-66.1569,18.14323],[-66.15646,18.14421],[-66.15649,18.14449],[-66.15681,18.14496],[-66.15819,18.14593],[-66.16004,18.14663],[-66.1612,18.14627],[-66.16207,18.14618],[-66.16304,18.14571],[-66.1646,18.1443],[-66.16399,18.14267],[-66.16341,18.14198],[-66.16316,18.14134],[-66.16297,18.14019],[-66.16253,18.1394],[-66.16255,18.13859],[-66.16301,18.13815],[-66.16456,18.13786],[-66.16586,18.13728],[-66.16608,18.13702],[-66.16613,18.1367],[-66.16589,18.13529],[-66.16636,18.13418],[-66.16859,18.13349],[-66.17068,18.1335],[-66.172,18.13367],[-66.17283,18.13346],[-66.17398,18.13348],[-66.17429,18.1335],[-66.17476,18.13376],[-66.17507,18.13374],[-66.17608,18.13463],[-66.17659,18.13569],[-66.17676,18.13581],[-66.17686,18.13663],[-66.17732,18.13764],[-66.17752,18.13889],[-66.17773,18.13922],[-66.17827,18.13994],[-66.18021,18.14186],[-66.18135,18.14417],[-66.18175,18.14452],[-66.1821,18.14463],[-66.18282,18.14446],[-66.18346,18.14374],[-66.18354,18.14251],[-66.18345,18.14178],[-66.18319,18.14123],[-66.18312,18.14061],[-66.18277,18.14017],[-66.18258,18.13957],[-66.18288,18.13874],[-66.18389,18.13805],[-66.18518,18.13755],[-66.18682,18.13716],[-66.18831,18.13705],[-66.18859,18.13715],[-66.18907,18.13759],[-66.18951,18.13759],[-66.18976,18.13773],[-66.19001,18.13808],[-66.19061,18.13853],[-66.19256,18.14092],[-66.19346,18.14109],[-66.19376,18.14101],[-66.19457,18.13996],[-66.19562,18.13768],[-66.19636,18.13722],[-66.19696,18.1366],[-66.19719,18.13658],[-66.19843,18.13694],[-66.19906,18.13697],[-66.20073,18.13819],[-66.20096,18.13852],[-66.20107,18.13971],[-66.20143,18.14033],[-66.20143,18.14103],[-66.19945,18.14514],[-66.19967,18.14569],[-66.20039,18.14609],[-66.20134,18.14689],[-66.20173,18.14688],[-66.20213,18.14652],[-66.20271,18.14627],[-66.20296,18.14589],[-66.203,18.14549],[-66.20339,18.14456],[-66.2035,18.14371],[-66.20385,18.14307],[-66.20417,18.14126],[-66.20393,18.13934],[-66.20407,18.1386],[-66.20453,18.13787],[-66.20486,18.1376],[-66.20529,18.13749],[-66.20702,18.13721],[-66.20754,18.13734],[-66.20839,18.13784],[-66.21015,18.14006],[-66.21127,18.14233],[-66.21218,18.14351],[-66.21408,18.14416],[-66.21589,18.14373],[-66.2166,18.14325],[-66.2169,18.14322],[-66.21714,18.1428],[-66.21764,18.14237],[-66.21745,18.14219],[-66.21698,18.14212],[-66.21684,18.14166],[-66.217,18.14064],[-66.21667,18.13801],[-66.21699,18.13603],[-66.21825,18.13461],[-66.21857,18.13343],[-66.21882,18.13306],[-66.21927,18.13267],[-66.2204,18.13219],[-66.2207,18.13168],[-66.22073,18.12918],[-66.2203,18.12861],[-66.21906,18.12806],[-66.21905,18.12777],[-66.21912,18.12713],[-66.21951,18.12594],[-66.21952,18.12512],[-66.21998,18.12413],[-66.22036,18.12079],[-66.22171,18.11909],[-66.22246,18.11878],[-66.22303,18.11885],[-66.22367,18.11853],[-66.22496,18.11836],[-66.22661,18.1171],[-66.22683,18.11664],[-66.22671,18.11617],[-66.2261,18.11532],[-66.22572,18.11381],[-66.22493,18.11293],[-66.22494,18.11229],[-66.22464,18.11045],[-66.22467,18.1097],[-66.22636,18.1082],[-66.2254,18.10626],[-66.2254,18.10531],[-66.2243,18.10397],[-66.22501,18.10317],[-66.22692,18.10244],[-66.22626,18.1011],[-66.22558,18.1002],[-66.22554,18.09932],[-66.22493,18.09827],[-66.22446,18.09519],[-66.22381,18.0951],[-66.22283,18.09425],[-66.22217,18.09389],[-66.22071,18.0938],[-66.22021,18.09354],[-66.21924,18.09271],[-66.21851,18.09265],[-66.21736,18.09041],[-66.2168,18.08966],[-66.21663,18.08898],[-66.21663,18.08808],[-66.216,18.08728],[-66.21532,18.08594],[-66.21587,18.08422],[-66.21562,18.08224],[-66.21601,18.08193],[-66.21623,18.08144],[-66.21625,18.08099],[-66.2158,18.07999],[-66.21582,18.0794],[-66.2061,18.06769],[-66.20345,18.06806],[-66.20182,18.06772],[-66.20116,18.06527],[-66.20096,18.06399],[-66.20143,18.0621],[-66.20121,18.06135],[-66.20131,18.06012],[-66.20115,18.05928],[-66.2014,18.05838],[-66.20141,18.05782],[-66.20154,18.0573],[-66.20227,18.05638],[-66.20266,18.05608],[-66.20303,18.05601],[-66.20352,18.05544],[-66.20442,18.05503],[-66.20471,18.05468],[-66.20432,18.05346],[-66.20469,18.05217],[-66.20483,18.05107],[-66.20311,18.04913],[-66.20246,18.04724],[-66.20188,18.04617],[-66.20067,18.04685],[-66.19921,18.04721],[-66.19812,18.04826],[-66.19653,18.04903],[-66.19522,18.04931],[-66.19296,18.04942],[-66.19217,18.04976],[-66.18923,18.05016],[-66.18821,18.05045],[-66.18717,18.05023],[-66.1864,18.05027],[-66.1849,18.05079],[-66.183,18.05099],[-66.18214,18.05156],[-66.18081,18.05216],[-66.18014,18.05274],[-66.1792,18.05299],[-66.17808,18.05356],[-66.17728,18.05342],[-66.17598,18.05356],[-66.17434,18.05333],[-66.17348,18.05338],[-66.17265,18.05401],[-66.17229,18.0541],[-66.172,18.05385],[-66.17102,18.05217],[-66.1705,18.05153],[-66.17011,18.05148],[-66.16757,18.05183],[-66.16718,18.05175],[-66.16618,18.05012],[-66.16543,18.0501],[-66.16245,18.04938],[-66.1613,18.04978],[-66.16071,18.04979],[-66.15808,18.04899],[-66.15781,18.04875],[-66.15751,18.04787],[-66.15737,18.04625],[-66.15672,18.04543],[-66.156,18.04382],[-66.15575,18.0436],[-66.15328,18.04273],[-66.1517,18.04259],[-66.15052,18.04207],[-66.14911,18.04248],[-66.14827,18.04231],[-66.1468,18.0417],[-66.14466,18.04159],[-66.14426,18.04147],[-66.14343,18.04082],[-66.14328,18.03983],[-66.14254,18.03828],[-66.1422,18.03809],[-66.14042,18.03764],[-66.13906,18.03694],[-66.13819,18.03773],[-66.13696,18.03723],[-66.13532,18.03737],[-66.13502,18.03745],[-66.13421,18.03829],[-66.13391,18.03844],[-66.13247,18.03832],[-66.13115,18.0389],[-66.1299,18.03913],[-66.12905,18.03915],[-66.1288,18.0393],[-66.12881,18.03966],[-66.12863,18.04011],[-66.12917,18.0416],[-66.12976,18.04239],[-66.12947,18.0439],[-66.12922,18.04436],[-66.12825,18.04542],[-66.12791,18.0462],[-66.12776,18.04848],[-66.12656,18.04961],[-66.12571,18.05125],[-66.125,18.05183],[-66.12486,18.05266],[-66.12437,18.05306],[-66.12386,18.05403],[-66.12298,18.05683],[-66.12309,18.05998],[-66.12179,18.0609],[-66.12174,18.06118],[-66.12208,18.06168],[-66.12183,18.06197],[-66.12127,18.0617],[-66.1207,18.06172],[-66.11981,18.06275],[-66.1199,18.06298],[-66.12031,18.06313],[-66.1205,18.06335],[-66.12027,18.06372],[-66.12055,18.06386],[-66.12096,18.06355],[-66.12114,18.06389],[-66.12093,18.06478],[-66.12137,18.06536],[-66.12138,18.06671],[-66.12178,18.06772],[-66.12164,18.06901],[-66.12072,18.07017],[-66.12183,18.07052],[-66.12225,18.07091],[-66.12214,18.07164],[-66.12143,18.0727],[-66.1215,18.07295],[-66.12266,18.07354],[-66.12335,18.07424],[-66.12378,18.07431],[-66.12461,18.07418],[-66.1251,18.07433],[-66.12573,18.07536],[-66.12635,18.07701],[-66.1264,18.07748],[-66.12623,18.07773],[-66.12594,18.07779],[-66.12482,18.07751],[-66.12436,18.0776],[-66.12421,18.0778],[-66.12359,18.07941],[-66.12378,18.08014],[-66.12362,18.08086],[-66.12376,18.08134],[-66.1243,18.08238],[-66.12461,18.0827],[-66.12509,18.08262],[-66.1256,18.08232],[-66.12588,18.08233],[-66.1263,18.08275],[-66.12771,18.08673],[-66.12902,18.08906],[-66.12858,18.08999],[-66.12808,18.09277],[-66.12825,18.09383],[-66.12714,18.09637],[-66.12643,18.09716],[-66.12523,18.09636],[-66.12311,18.09445],[-66.12228,18.09384],[-66.12044,18.09312],[-66.11892,18.09298],[-66.1179,18.09242],[-66.11674,18.09224],[-66.11552,18.09185],[-66.11295,18.09016],[-66.11261,18.09029],[-66.11266,18.09159],[-66.11155,18.09499],[-66.10979,18.09691],[-66.10868,18.09891],[-66.10926,18.09996],[-66.10917,18.10015],[-66.1087,18.10012],[-66.1076,18.09947],[-66.10733,18.09948],[-66.10705,18.09973],[-66.10677,18.09973],[-66.10629,18.0991],[-66.10579,18.0991],[-66.10565,18.09939],[-66.10574,18.10039],[-66.1052,18.10122],[-66.10377,18.10164],[-66.10344,18.10232],[-66.10271,18.10278],[-66.10257,18.10503],[-66.10233,18.10519],[-66.10154,18.10467],[-66.10122,18.10479],[-66.10097,18.10504],[-66.10138,18.10556],[-66.10129,18.10576],[-66.10081,18.10594],[-66.09993,18.1058],[-66.09927,18.10544],[-66.09895,18.10551],[-66.09847,18.10659],[-66.09802,18.10696],[-66.09759,18.10688],[-66.09741,18.10664],[-66.09735,18.10616],[-66.09671,18.10576],[-66.09637,18.10503],[-66.09645,18.10481],[-66.09723,18.10483],[-66.09729,18.10459],[-66.09695,18.10437],[-66.09638,18.10437],[-66.09566,18.1047],[-66.09525,18.10626],[-66.09473,18.10677],[-66.09394,18.10716],[-66.09242,18.1074],[-66.09189,18.10727],[-66.0904,18.10757],[-66.08905,18.10748],[-66.08835,18.1076],[-66.08778,18.10735],[-66.08773,18.1064],[-66.0876,18.10624],[-66.08668,18.10583],[-66.08623,18.10541],[-66.08598,18.10531],[-66.08532,18.10537],[-66.0849,18.10515],[-66.08439,18.10525],[-66.08387,18.10495],[-66.08301,18.10472],[-66.08259,18.10399],[-66.08153,18.10396],[-66.08114,18.10376],[-66.07997,18.10385],[-66.0792,18.1032],[-66.0786,18.10306],[-66.07818,18.10322],[-66.07796,18.10311],[-66.07775,18.10319],[-66.07697,18.10408],[-66.07546,18.10536],[-66.07449,18.1058],[-66.07409,18.10563],[-66.07284,18.10433],[-66.07251,18.10295],[-66.07234,18.10273],[-66.07112,18.10207],[-66.06875,18.1018],[-66.06846,18.10192],[-66.0679,18.10267],[-66.06714,18.10296],[-66.06631,18.10298],[-66.06567,18.10255],[-66.06427,18.10266],[-66.06268,18.10305],[-66.06117,18.10398],[-66.06062,18.10399],[-66.0602,18.10375],[-66.05965,18.10388],[-66.05887,18.10431],[-66.05831,18.10494],[-66.05723,18.10552],[-66.05635,18.10552],[-66.05566,18.10592],[-66.05412,18.10715],[-66.05307,18.10756],[-66.05323,18.10862],[-66.05345,18.1092],[-66.05339,18.10936],[-66.05161,18.11007],[-66.05135,18.11085],[-66.05171,18.1116],[-66.0525,18.11269],[-66.05246,18.11357]]]},"properties":{"municipio":"Cayey","geoid":"72035","countyfp":"035","abrev_mun":"CAY"}},
{"type":"Feature","geometry":{"type":"MultiPolygon","coordinates":[[[[-65.63439,18.28389],[-65.63487,18.2839],[-65.63552,18.28465],[-65.63606,18.28444],[-65.63646,18.2846],[-65.63751,18.28417],[-65.6382,18.28451],[-65.63879,18.28401],[-65.63948,18.28396],[-65.64036,18.28346],[-65.64049,18.28329],[-65.64044,18.28284],[-65.64069,18.28289],[-65.64107,18.28327],[-65.64132,18.28319],[-65.64135,18.2828],[-65.64089,18.28263],[-65.64078,18.28247],[-65.64095,18.28227],[-65.6413,18.28224],[-65.64187,18.28247],[-65.64263,18.28208],[-65.64309,18.28203],[-65.64359,18.28231],[-65.64386,18.28197],[-65.64399,18.28215],[-65.64427,18.28215],[-65.64449,18.28189],[-65.64478,18.28179],[-65.64597,18.28163],[-65.64632,18.28204],[-65.64656,18.28209],[-65.64683,18.28177],[-65.64703,18.28176],[-65.64739,18.28202],[-65.64803,18.28214],[-65.64816,18.28259],[-65.64873,18.28255],[-65.64922,18.28294],[-65.65031,18.28213],[-65.65091,18.28284],[-65.65132,18.28263],[-65.65248,18.28295],[-65.65421,18.28271],[-65.65526,18.28357],[-65.65653,18.28366],[-65.65723,18.2846],[-65.65753,18.28473],[-65.65853,18.2847],[-65.65897,18.28488],[-65.65942,18.2847],[-65.65961,18.28479],[-65.65981,18.28521],[-65.66025,18.28495],[-65.66085,18.28497],[-65.66128,18.2854],[-65.6624,18.28568],[-65.6626,18.28586],[-65.66239,18.28636],[-65.66253,18.28658],[-65.66419,18.28713],[-65.66628,18.28808],[-65.66664,18.28732],[-65.66735,18.28648],[-65.66755,18.2857],[-65.66816,18.28491],[-65.66852,18.28471],[-65.66996,18.28415],[-65.6712,18.28451],[-65.6725,18.28413],[-65.67315,18.28359],[-65.67406,18.28335],[-65.67503,18.28334],[-65.6749,18.27998],[-65.67503,18.27929],[-65.67575,18.27795],[-65.67689,18.27773],[-65.67925,18.27453],[-65.68111,18.27482],[-65.6815,18.27468],[-65.68249,18.27507],[-65.6833,18.27592],[-65.68369,18.27616],[-65.68452,18.27735],[-65.68622,18.27813],[-65.68719,18.27921],[-65.68859,18.27995],[-65.68905,18.28026],[-65.68938,18.28069],[-65.68986,18.28087],[-65.69004,18.28207],[-65.69042,18.28282],[-65.6934,18.28507],[-65.69503,18.28569],[-65.6953,18.28519],[-65.69639,18.28472],[-65.69698,18.28429],[-65.69725,18.28345],[-65.69762,18.28301],[-65.69859,18.28257],[-65.69882,18.28234],[-65.70025,18.27997],[-65.7011,18.27996],[-65.70152,18.27965],[-65.70171,18.279],[-65.70032,18.27614],[-65.70041,18.27574],[-65.70071,18.2756],[-65.70102,18.27561],[-65.70175,18.27609],[-65.70228,18.27621],[-65.70238,18.27603],[-65.70225,18.27522],[-65.70152,18.27411],[-65.7005,18.27376],[-65.70005,18.27301],[-65.7011,18.27191],[-65.70248,18.27102],[-65.70302,18.27085],[-65.70347,18.27107],[-65.70364,18.27134],[-65.70386,18.27175],[-65.704,18.27257],[-65.70415,18.2727],[-65.70441,18.27279],[-65.70567,18.2726],[-65.70707,18.2714],[-65.70931,18.27026],[-65.7102,18.27013],[-65.71085,18.26985],[-65.71178,18.27033],[-65.71252,18.27044],[-65.71431,18.26975],[-65.71447,18.26955],[-65.71458,18.26872],[-65.71527,18.26795],[-65.716,18.26761],[-65.71696,18.26762],[-65.71751,18.26774],[-65.71919,18.26905],[-65.71936,18.26962],[-65.71916,18.27023],[-65.71943,18.2705],[-65.72103,18.27023],[-65.7217,18.27041],[-65.72265,18.27094],[-65.72432,18.27095],[-65.72604,18.27133],[-65.727,18.2717],[-65.72804,18.2717],[-65.72868,18.27228],[-65.73269,18.2749],[-65.73363,18.27476],[-65.73502,18.27487],[-65.7353,18.27469],[-65.73558,18.27389],[-65.73578,18.27369],[-65.73644,18.27355],[-65.73748,18.27364],[-65.73803,18.27432],[-65.73829,18.27506],[-65.73827,18.27557],[-65.7378,18.27693],[-65.73796,18.27742],[-65.73851,18.27805],[-65.74065,18.27979],[-65.74059,18.28004],[-65.73883,18.28063],[-65.73851,18.28088],[-65.73781,18.28211],[-65.73718,18.28252],[-65.73725,18.28275],[-65.73745,18.28293],[-65.73849,18.28311],[-65.73893,18.28344],[-65.73933,18.28461],[-65.74022,18.28615],[-65.74141,18.28767],[-65.74184,18.28803],[-65.74319,18.28816],[-65.74377,18.2885],[-65.74458,18.28957],[-65.74548,18.29119],[-65.74697,18.29205],[-65.74893,18.29294],[-65.74952,18.2939],[-65.75084,18.2945],[-65.7525,18.29484],[-65.75272,18.295],[-65.7531,18.2955],[-65.75372,18.29687],[-65.75469,18.29544],[-65.75617,18.29457],[-65.75667,18.29375],[-65.7575,18.29296],[-65.75777,18.29163],[-65.7587,18.29082],[-65.75901,18.29077],[-65.76043,18.28945],[-65.76068,18.28933],[-65.76156,18.28946],[-65.76247,18.28883],[-65.76284,18.28731],[-65.76371,18.28662],[-65.76427,18.28599],[-65.76527,18.28426],[-65.76627,18.28217],[-65.76654,18.2806],[-65.76674,18.28023],[-65.76697,18.28012],[-65.76527,18.27906],[-65.76502,18.27873],[-65.76455,18.27775],[-65.76507,18.27675],[-65.76505,18.27628],[-65.76448,18.27611],[-65.76345,18.27554],[-65.76329,18.27438],[-65.76267,18.27288],[-65.76234,18.27244],[-65.7623,18.27225],[-65.76257,18.2716],[-65.76249,18.27143],[-65.76177,18.2707],[-65.76076,18.27018],[-65.75965,18.26934],[-65.75815,18.26793],[-65.75774,18.26777],[-65.75671,18.26783],[-65.75648,18.26773],[-65.75532,18.26661],[-65.75461,18.26558],[-65.75401,18.265],[-65.75298,18.26465],[-65.75241,18.26387],[-65.75121,18.26328],[-65.74961,18.26287],[-65.7475,18.26282],[-65.74626,18.26234],[-65.74533,18.26168],[-65.74349,18.26122],[-65.74274,18.26111],[-65.74169,18.26136],[-65.74039,18.261],[-65.73916,18.26084],[-65.73881,18.26019],[-65.73833,18.25976],[-65.73796,18.25891],[-65.73709,18.25859],[-65.73624,18.25804],[-65.7362,18.25761],[-65.73559,18.25624],[-65.73512,18.256],[-65.73442,18.25595],[-65.73352,18.25556],[-65.73296,18.25587],[-65.73239,18.25577],[-65.73224,18.25554],[-65.73237,18.25431],[-65.73218,18.25392],[-65.73117,18.25334],[-65.72984,18.25285],[-65.72753,18.25285],[-65.72631,18.25268],[-65.72449,18.25284],[-65.72232,18.25229],[-65.7217,18.25232],[-65.72132,18.2525],[-65.7212,18.25289],[-65.72173,18.25401],[-65.72165,18.25436],[-65.72106,18.25524],[-65.72173,18.25617],[-65.72158,18.2566],[-65.72165,18.25712],[-65.72147,18.2573],[-65.72076,18.25732],[-65.71963,18.25777],[-65.71837,18.25746],[-65.71681,18.25781],[-65.71646,18.25775],[-65.71527,18.25694],[-65.71375,18.25679],[-65.71337,18.25652],[-65.7129,18.25585],[-65.71213,18.2554],[-65.71193,18.2554],[-65.7114,18.25585],[-65.71088,18.25594],[-65.71013,18.2566],[-65.70968,18.25657],[-65.70865,18.25606],[-65.70784,18.25594],[-65.70727,18.25603],[-65.70663,18.25636],[-65.70536,18.25672],[-65.70477,18.25786],[-65.70354,18.25862],[-65.70307,18.25938],[-65.70271,18.25955],[-65.70247,18.2595],[-65.70214,18.25885],[-65.70125,18.25811],[-65.7005,18.25697],[-65.69837,18.25696],[-65.69743,18.25683],[-65.6952,18.25506],[-65.69492,18.2546],[-65.69495,18.25382],[-65.69456,18.25276],[-65.69454,18.25203],[-65.69393,18.25116],[-65.69344,18.25081],[-65.69231,18.25113],[-65.68867,18.25165],[-65.68569,18.25323],[-65.68518,18.25392],[-65.68468,18.25381],[-65.68359,18.25296],[-65.68304,18.2527],[-65.68218,18.25174],[-65.68234,18.25075],[-65.68263,18.2503],[-65.68278,18.24944],[-65.68297,18.24894],[-65.68353,18.24825],[-65.68373,18.24741],[-65.6864,18.24637],[-65.68662,18.24616],[-65.68685,18.24568],[-65.6869,18.24494],[-65.6871,18.24476],[-65.68765,18.24466],[-65.68811,18.24384],[-65.68855,18.2437],[-65.69004,18.24247],[-65.68991,18.24107],[-65.6901,18.24047],[-65.69067,18.23958],[-65.69118,18.2394],[-65.69172,18.23987],[-65.69191,18.23985],[-65.69217,18.23952],[-65.69309,18.23891],[-65.69301,18.23843],[-65.69146,18.23701],[-65.68913,18.2364],[-65.68877,18.23608],[-65.68873,18.23584],[-65.68886,18.2357],[-65.68952,18.23567],[-65.68976,18.23552],[-65.68946,18.23388],[-65.68893,18.23374],[-65.68833,18.23333],[-65.68764,18.23323],[-65.68728,18.23299],[-65.68738,18.23278],[-65.68794,18.23288],[-65.68834,18.2327],[-65.68854,18.23178],[-65.68832,18.23161],[-65.68765,18.23143],[-65.68577,18.23018],[-65.68383,18.23048],[-65.68334,18.23011],[-65.6825,18.22894],[-65.68221,18.22878],[-65.68181,18.22825],[-65.68163,18.22815],[-65.68106,18.22835],[-65.6809,18.22821],[-65.68063,18.2271],[-65.68039,18.22689],[-65.67984,18.22675],[-65.67864,18.22704],[-65.67791,18.22696],[-65.67624,18.22519],[-65.67573,18.22519],[-65.67535,18.22536],[-65.67452,18.22604],[-65.67356,18.2261],[-65.67289,18.22567],[-65.67275,18.22478],[-65.67247,18.22405],[-65.67187,18.22371],[-65.67164,18.2237],[-65.67149,18.2234],[-65.67101,18.22305],[-65.66931,18.22295],[-65.66827,18.22337],[-65.66763,18.22312],[-65.66651,18.22318],[-65.66557,18.22346],[-65.66333,18.22477],[-65.66206,18.22515],[-65.66036,18.2248],[-65.6584,18.22464],[-65.65825,18.22324],[-65.65792,18.22277],[-65.65782,18.22229],[-65.65799,18.22178],[-65.65914,18.22086],[-65.6595,18.22037],[-65.66025,18.21777],[-65.66086,18.21691],[-65.66233,18.21537],[-65.66264,18.21514],[-65.66386,18.21499],[-65.66415,18.21484],[-65.66448,18.21422],[-65.66433,18.21359],[-65.66382,18.21253],[-65.66232,18.21162],[-65.6618,18.21113],[-65.66123,18.20999],[-65.66112,18.20924],[-65.66098,18.20939],[-65.66096,18.20974],[-65.6608,18.2098],[-65.66071,18.20909],[-65.66098,18.2081],[-65.66122,18.20757],[-65.66165,18.20716],[-65.66164,18.20684],[-65.66148,18.20675],[-65.66122,18.20686],[-65.6607,18.20659],[-65.6607,18.2067],[-65.66018,18.20699],[-65.65912,18.20687],[-65.65874,18.20718],[-65.65855,18.20708],[-65.65854,18.2065],[-65.65811,18.20654],[-65.65767,18.20632],[-65.65708,18.20639],[-65.65684,18.20618],[-65.65654,18.20549],[-65.65624,18.20566],[-65.65584,18.20558],[-65.65583,18.20508],[-65.6556,18.20484],[-65.6548,18.20422],[-65.65422,18.2041],[-65.65391,18.20369],[-65.65258,18.2028],[-65.65234,18.20192],[-65.65242,18.20081],[-65.65223,18.20042],[-65.6519,18.20022],[-65.65157,18.20023],[-65.65122,18.20055],[-65.65064,18.20071],[-65.64915,18.20085],[-65.64855,18.20049],[-65.64819,18.1999],[-65.6475,18.19995],[-65.64617,18.1998],[-65.64554,18.19937],[-65.64515,18.19931],[-65.64405,18.1988],[-65.64331,18.19934],[-65.64342,18.1995],[-65.64331,18.1999],[-65.64315,18.20017],[-65.64287,18.20031],[-65.64173,18.20024],[-65.64106,18.19989],[-65.64062,18.19949],[-65.64041,18.19948],[-65.64034,18.19988],[-65.64098,18.20068],[-65.64106,18.20137],[-65.64123,18.20181],[-65.64156,18.20204],[-65.64156,18.20238],[-65.64114,18.20293],[-65.64034,18.20311],[-65.64009,18.20366],[-65.64012,18.20427],[-65.63976,18.20478],[-65.6397,18.20554],[-65.63989,18.20594],[-65.6397,18.20644],[-65.63912,18.2068],[-65.63851,18.20691],[-65.63791,18.2067],[-65.63753,18.20643],[-65.63756,18.20586],[-65.63726,18.20545],[-65.63732,18.20477],[-65.63699,18.20385],[-65.63678,18.20374],[-65.63641,18.20398],[-65.63574,18.20312],[-65.63572,18.20217],[-65.6355,18.20168],[-65.63562,18.2007],[-65.63548,18.20007],[-65.6352,18.19991],[-65.63523,18.2001],[-65.63509,18.20002],[-65.63487,18.20021],[-65.63455,18.20019],[-65.63438,18.20005],[-65.63431,18.19972],[-65.63396,18.19983],[-65.63375,18.20003],[-65.63381,18.20016],[-65.63369,18.20012],[-65.63344,18.20042],[-65.63297,18.2005],[-65.63273,18.20034],[-65.63188,18.20067],[-65.63159,18.20065],[-65.63133,18.20093],[-65.63152,18.20089],[-65.63173,18.2014],[-65.6317,18.2021],[-65.63144,18.20238],[-65.63128,18.20235],[-65.63124,18.20255],[-65.6309,18.20284],[-65.6303,18.20285],[-65.6303,18.20302],[-65.62987,18.20327],[-65.62947,18.20393],[-65.6292,18.20464],[-65.62856,18.20507],[-65.62842,18.20635],[-65.62774,18.20757],[-65.62812,18.20789],[-65.62908,18.20805],[-65.62937,18.20846],[-65.62954,18.20937],[-65.62962,18.20951],[-65.62988,18.20951],[-65.63228,18.20677],[-65.63365,18.20609],[-65.63435,18.20521],[-65.6351,18.2057],[-65.63615,18.20696],[-65.63624,18.20739],[-65.6359,18.20805],[-65.63592,18.20828],[-65.63621,18.2085],[-65.63493,18.21051],[-65.63492,18.21067],[-65.63515,18.21086],[-65.63509,18.21121],[-65.63498,18.21127],[-65.63466,18.21102],[-65.63467,18.21133],[-65.6345,18.21141],[-65.63425,18.21123],[-65.63404,18.21136],[-65.63418,18.211],[-65.63391,18.21045],[-65.63295,18.21019],[-65.63262,18.21028],[-65.63235,18.21053],[-65.63167,18.21059],[-65.63134,18.21085],[-65.63107,18.21146],[-65.63108,18.21197],[-65.6321,18.21284],[-65.63265,18.21373],[-65.63287,18.21597],[-65.63251,18.21667],[-65.63261,18.21702],[-65.63309,18.21732],[-65.63488,18.21802],[-65.63609,18.21824],[-65.63844,18.21906],[-65.63943,18.21984],[-65.64007,18.21945],[-65.6402,18.21918],[-65.64033,18.21852],[-65.64015,18.21779],[-65.64022,18.21755],[-65.64026,18.21784],[-65.64057,18.21799],[-65.64164,18.21801],[-65.64191,18.21845],[-65.64163,18.21834],[-65.64132,18.21852],[-65.64065,18.21961],[-65.63929,18.22047],[-65.63924,18.22105],[-65.6375,18.22191],[-65.63694,18.2219],[-65.63698,18.2221],[-65.63737,18.22224],[-65.63726,18.22263],[-65.63694,18.2228],[-65.63668,18.22371],[-65.63695,18.22401],[-65.63748,18.22411],[-65.63749,18.22429],[-65.63633,18.22387],[-65.63598,18.22356],[-65.6357,18.22354],[-65.63537,18.22383],[-65.63549,18.22399],[-65.63703,18.2244],[-65.63759,18.22468],[-65.63778,18.22553],[-65.63762,18.22598],[-65.63772,18.2263],[-65.63815,18.22666],[-65.63837,18.22656],[-65.63875,18.22672],[-65.63865,18.22716],[-65.63827,18.22712],[-65.63845,18.22746],[-65.63831,18.22779],[-65.63851,18.22804],[-65.63827,18.22802],[-65.63826,18.22823],[-65.63737,18.22858],[-65.63472,18.23111],[-65.63323,18.23165],[-65.63265,18.23219],[-65.63259,18.23241],[-65.63197,18.2326],[-65.63147,18.23326],[-65.63065,18.2338],[-65.63007,18.23401],[-65.63024,18.23418],[-65.63056,18.23394],[-65.63138,18.23367],[-65.63082,18.23411],[-65.63049,18.23427],[-65.62964,18.23414],[-65.62921,18.23338],[-65.62894,18.23345],[-65.62881,18.23395],[-65.62862,18.23409],[-65.62842,18.23522],[-65.62792,18.23557],[-65.62689,18.23542],[-65.62646,18.23477],[-65.62649,18.23446],[-65.62621,18.23443],[-65.6264,18.23389],[-65.62618,18.23318],[-65.62631,18.23277],[-65.62611,18.23287],[-65.62569,18.23276],[-65.62498,18.23287],[-65.62429,18.23274],[-65.62372,18.23287],[-65.62261,18.2325],[-65.62254,18.23227],[-65.62205,18.23176],[-65.62171,18.23169],[-65.6213,18.23136],[-65.62189,18.23077],[-65.62183,18.2307],[-65.62148,18.231],[-65.62126,18.2308],[-65.62143,18.2304],[-65.62102,18.23057],[-65.62145,18.23005],[-65.6214,18.22984],[-65.62108,18.22988],[-65.62062,18.23038],[-65.61874,18.22917],[-65.6191,18.22884],[-65.61896,18.22864],[-65.61836,18.22891],[-65.61607,18.22736],[-65.61615,18.22726],[-65.61596,18.22714],[-65.61722,18.22543],[-65.61594,18.22348],[-65.61584,18.22343],[-65.6157,18.22368],[-65.61551,18.22362],[-65.61429,18.2226],[-65.61405,18.22226],[-65.61394,18.22143],[-65.61376,18.22108],[-65.61172,18.21925],[-65.61209,18.21787],[-65.61207,18.21621],[-65.61232,18.21596],[-65.61242,18.21556],[-65.61194,18.21436],[-65.61209,18.21384],[-65.61175,18.21312],[-65.61196,18.21287],[-65.61161,18.21262],[-65.61153,18.21192],[-65.61121,18.21157],[-65.61104,18.21112],[-65.61062,18.21085],[-65.61038,18.212],[-65.61045,18.21244],[-65.61028,18.21295],[-65.61051,18.21431],[-65.60934,18.21494],[-65.60836,18.2151],[-65.60725,18.21487],[-65.60503,18.21326],[-65.60522,18.21174],[-65.60501,18.21127],[-65.60434,18.21065],[-65.60361,18.21114],[-65.60335,18.21077],[-65.60292,18.21084],[-65.60186,18.21164],[-65.60093,18.2115],[-65.60016,18.21111],[-65.59927,18.21092],[-65.59915,18.21111],[-65.59904,18.21101],[-65.59892,18.21198],[-65.59864,18.21223],[-65.59887,18.21255],[-65.59875,18.21282],[-65.59887,18.21275],[-65.59885,18.21299],[-65.59924,18.21318],[-65.59924,18.21328],[-65.60007,18.21314],[-65.60123,18.21323],[-65.60108,18.21293],[-65.6015,18.21274],[-65.60203,18.21286],[-65.60303,18.21386],[-65.60451,18.21388],[-65.60493,18.21346],[-65.60648,18.21459],[-65.6074,18.21611],[-65.60731,18.21704],[-65.6066,18.21791],[-65.60619,18.21809],[-65.60567,18.21801],[-65.60482,18.21738],[-65.60436,18.21742],[-65.60425,18.21776],[-65.60482,18.21836],[-65.60485,18.21853],[-65.6047,18.21926],[-65.60438,18.21961],[-65.60449,18.22006],[-65.60426,18.22082],[-65.60475,18.22098],[-65.6053,18.22138],[-65.60569,18.22191],[-65.60598,18.22328],[-65.6058,18.22373],[-65.6073,18.22335],[-65.60765,18.22389],[-65.60757,18.22416],[-65.60703,18.22424],[-65.60655,18.2246],[-65.60677,18.22492],[-65.60674,18.22533],[-65.60539,18.22762],[-65.60515,18.22776],[-65.60481,18.22743],[-65.60467,18.22761],[-65.60491,18.22777],[-65.60464,18.22819],[-65.60472,18.22834],[-65.60703,18.22989],[-65.607,18.23021],[-65.60677,18.23022],[-65.60432,18.22858],[-65.60397,18.22905],[-65.60411,18.22915],[-65.60401,18.22942],[-65.60336,18.23009],[-65.60238,18.23031],[-65.60162,18.23024],[-65.5992,18.22762],[-65.59815,18.22767],[-65.59695,18.22735],[-65.59668,18.22705],[-65.59617,18.22594],[-65.59562,18.22585],[-65.59485,18.22473],[-65.59416,18.2242],[-65.5937,18.22411],[-65.59316,18.22453],[-65.59267,18.22467],[-65.59262,18.22521],[-65.59217,18.22562],[-65.59218,18.22593],[-65.59243,18.22624],[-65.59254,18.22674],[-65.59245,18.22713],[-65.59158,18.22779],[-65.58983,18.22807],[-65.58965,18.22859],[-65.58981,18.22892],[-65.59008,18.22901],[-65.59083,18.2298],[-65.59172,18.22988],[-65.59205,18.23003],[-65.59244,18.23122],[-65.59282,18.23133],[-65.59374,18.23079],[-65.59462,18.231],[-65.59529,18.23189],[-65.59621,18.23251],[-65.59688,18.2339],[-65.59802,18.23476],[-65.5985,18.23544],[-65.59938,18.23584],[-65.60029,18.23586],[-65.60041,18.23603],[-65.60112,18.23627],[-65.60148,18.23657],[-65.60188,18.23724],[-65.60241,18.23753],[-65.60253,18.23793],[-65.60232,18.2389],[-65.60234,18.23953],[-65.60322,18.24065],[-65.60314,18.24093],[-65.60336,18.24127],[-65.60291,18.24185],[-65.60272,18.24259],[-65.60283,18.24292],[-65.6037,18.24397],[-65.60379,18.24442],[-65.60438,18.2445],[-65.60422,18.24545],[-65.6045,18.24619],[-65.60506,18.24665],[-65.60559,18.24741],[-65.60654,18.2493],[-65.60657,18.2496],[-65.60614,18.24983],[-65.60607,18.25008],[-65.60628,18.25021],[-65.60707,18.24973],[-65.6083,18.25047],[-65.60875,18.25113],[-65.60913,18.25198],[-65.60901,18.2522],[-65.60922,18.25234],[-65.60976,18.25361],[-65.60991,18.25476],[-65.60963,18.25512],[-65.6098,18.25575],[-65.60966,18.25642],[-65.60839,18.25704],[-65.60712,18.25717],[-65.60687,18.25747],[-65.60673,18.25851],[-65.60617,18.259],[-65.60528,18.25946],[-65.60494,18.25989],[-65.60502,18.26092],[-65.60579,18.26133],[-65.60693,18.26151],[-65.60732,18.26124],[-65.60783,18.2612],[-65.60847,18.26076],[-65.60913,18.26053],[-65.60967,18.26071],[-65.61025,18.26053],[-65.61057,18.26073],[-65.61085,18.26049],[-65.61091,18.25927],[-65.61117,18.25894],[-65.61131,18.25803],[-65.61246,18.25674],[-65.61337,18.25622],[-65.61417,18.25544],[-65.61479,18.25512],[-65.61596,18.25498],[-65.61626,18.25508],[-65.61683,18.25481],[-65.61722,18.25479],[-65.61749,18.25413],[-65.61766,18.25414],[-65.61818,18.25463],[-65.61908,18.25513],[-65.61998,18.25491],[-65.62031,18.25499],[-65.62069,18.2549],[-65.62319,18.2558],[-65.62544,18.25737],[-65.62884,18.26094],[-65.62878,18.26131],[-65.62897,18.26138],[-65.62885,18.2618],[-65.62897,18.26209],[-65.62875,18.26233],[-65.6291,18.26237],[-65.62939,18.26221],[-65.62954,18.26237],[-65.62985,18.26238],[-65.631,18.26489],[-65.6313,18.26671],[-65.63118,18.26846],[-65.63064,18.27001],[-65.63011,18.27061],[-65.63006,18.271],[-65.62955,18.27151],[-65.6288,18.27155],[-65.62846,18.27183],[-65.62835,18.27162],[-65.62796,18.2717],[-65.62739,18.27228],[-65.62666,18.27252],[-65.62573,18.27331],[-65.62532,18.27341],[-65.62544,18.27359],[-65.62663,18.27374],[-65.62753,18.27426],[-65.62818,18.27494],[-65.62864,18.2748],[-65.62898,18.27546],[-65.62896,18.27593],[-65.62875,18.27595],[-65.62868,18.27638],[-65.629,18.27649],[-65.62886,18.27668],[-65.62882,18.27741],[-65.62857,18.27761],[-65.62825,18.2776],[-65.62821,18.27776],[-65.62805,18.27763],[-65.62803,18.27817],[-65.62783,18.27808],[-65.6278,18.27838],[-65.62665,18.27875],[-65.62596,18.27815],[-65.62564,18.27812],[-65.62472,18.27852],[-65.62477,18.27922],[-65.62499,18.27955],[-65.62511,18.28025],[-65.62508,18.28082],[-65.62555,18.28138],[-65.626,18.28166],[-65.626,18.28187],[-65.62643,18.28204],[-65.62679,18.28162],[-65.62713,18.28147],[-65.62778,18.28036],[-65.62813,18.28037],[-65.62808,18.28069],[-65.62832,18.2807],[-65.62841,18.28108],[-65.62893,18.28138],[-65.62919,18.2812],[-65.62963,18.28115],[-65.63044,18.28062],[-65.63087,18.28055],[-65.63101,18.28066],[-65.63153,18.28035],[-65.63209,18.2804],[-65.63315,18.28098],[-65.63369,18.28155],[-65.6342,18.28268],[-65.63432,18.28338],[-65.63424,18.28377],[-65.63439,18.28389]]],[[[-65.60173,18.22105],[-65.6023,18.22101],[-65.60203,18.22059],[-65.60178,18.22047],[-65.60136,18.2204],[-65.60108,18.2205],[-65.60115,18.22079],[-65.60173,18.22105]]],[[[-65.57676,18.25021],[-65.5769,18.25039],[-65.57697,18.25032],[-65.57705,18.24985],[-65.57729,18.24953],[-65.57807,18.24954],[-65.57837,18.24939],[-65.57899,18.2484],[-65.58009,18.2481],[-65.58032,18.24745],[-65.57924,18.24647],[-65.57869,18.24663],[-65.57771,18.2464],[-65.57722,18.24695],[-65.57659,18.24725],[-65.57651,18.24755],[-65.57675,18.24801],[-65.57666,18.24836],[-65.57562,18.24927],[-65.5758,18.24969],[-65.57622,18.24975],[-65.57644,18.25017],[-65.57666,18.25011],[-65.57676,18.25021]]],[[[-65.58567,18.2539],[-65.58562,18.25515],[-65.58489,18.25628],[-65.58499,18.25681],[-65.58544,18.25711],[-65.58594,18.25702],[-65.58619,18.2568],[-65.58652,18.25611],[-65.58774,18.25549],[-65.58782,18.25514],[-65.58757,18.25468],[-65.58762,18.25448],[-65.58784,18.2541],[-65.58851,18.25379],[-65.58897,18.25381],[-65.59009,18.25416],[-65.59175,18.25567],[-65.59249,18.25591],[-65.59331,18.25588],[-65.59412,18.25558],[-65.59577,18.25594],[-65.59653,18.25523],[-65.59781,18.25498],[-65.59832,18.25505],[-65.59979,18.25575],[-65.60004,18.25568],[-65.6004,18.25531],[-65.60042,18.25408],[-65.59939,18.25275],[-65.59899,18.25195],[-65.59885,18.25122],[-65.59884,18.25064],[-65.59906,18.24971],[-65.59942,18.24907],[-65.59926,18.24867],[-65.59848,18.24821],[-65.59815,18.24759],[-65.59747,18.24774],[-65.59689,18.24808],[-65.59644,18.24758],[-65.59586,18.24779],[-65.59586,18.24811],[-65.59606,18.2484],[-65.59757,18.24941],[-65.59742,18.24968],[-65.59661,18.24982],[-65.59626,18.24969],[-65.59579,18.2492],[-65.59504,18.24875],[-65.59471,18.24881],[-65.59448,18.24916],[-65.59409,18.24938],[-65.59378,18.24931],[-65.59301,18.24954],[-65.59191,18.24928],[-65.59051,18.24796],[-65.58902,18.24756],[-65.58874,18.24729],[-65.58811,18.24704],[-65.58715,18.24736],[-65.5858,18.24723],[-65.58526,18.2476],[-65.58449,18.2478],[-65.58358,18.24756],[-65.58336,18.24735],[-65.5832,18.2469],[-65.58297,18.24675],[-65.58258,18.24678],[-65.58238,18.24693],[-65.58231,18.24723],[-65.58276,18.24813],[-65.58277,18.24875],[-65.58408,18.25129],[-65.5855,18.25313],[-65.58567,18.2539]]]]},"properties":{"municipio":"Ceiba","geoid":"72037","countyfp":"037","abrev_mun":"CEI"}},
{"type":"Feature","geometry":{"type":"Polygon","coordinates":[[[-66.45571,18.25773],[-66.45752,18.25797],[-66.45797,18.25824],[-66.4585,18.25893],[-66.45863,18.25989],[-66.45848,18.26039],[-66.45809,18.26096],[-66.45735,18.26146],[-66.4554,18.26222],[-66.45509,18.26249],[-66.45499,18.26306],[-66.4552,18.26325],[-66.45589,18.2634],[-66.45799,18.26355],[-66.45914,18.26387],[-66.45978,18.26434],[-66.45995,18.26479],[-66.45986,18.26645],[-66.45964,18.26754],[-66.45913,18.26857],[-66.45916,18.26895],[-66.45958,18.26954],[-66.46058,18.27006],[-66.46115,18.27054],[-66.46171,18.27122],[-66.46217,18.27219],[-66.46214,18.27257],[-66.46088,18.27278],[-66.46064,18.27314],[-66.46089,18.2737],[-66.46231,18.27422],[-66.46256,18.27451],[-66.46261,18.27489],[-66.46251,18.27532],[-66.46228,18.27559],[-66.46176,18.2758],[-66.46104,18.27659],[-66.46054,18.27758],[-66.46046,18.27855],[-66.46104,18.28044],[-66.46172,18.28191],[-66.46225,18.28239],[-66.4628,18.28258],[-66.46459,18.28275],[-66.46489,18.28324],[-66.46482,18.28408],[-66.46456,18.28431],[-66.46354,18.28398],[-66.46279,18.28424],[-66.46237,18.28533],[-66.46206,18.28725],[-66.46129,18.28862],[-66.46097,18.28898],[-66.45967,18.28975],[-66.45889,18.29045],[-66.45849,18.291],[-66.45823,18.29176],[-66.45816,18.29236],[-66.45829,18.29284],[-66.45954,18.29425],[-66.45977,18.29481],[-66.45978,18.29525],[-66.45864,18.29673],[-66.45862,18.29729],[-66.45947,18.29746],[-66.46124,18.29914],[-66.46157,18.29973],[-66.4614,18.30085],[-66.46092,18.30149],[-66.4594,18.30253],[-66.45895,18.30314],[-66.45826,18.30345],[-66.45752,18.3022],[-66.45743,18.30131],[-66.45703,18.30008],[-66.45614,18.29982],[-66.45505,18.30009],[-66.45485,18.30037],[-66.45484,18.30067],[-66.45505,18.30187],[-66.45544,18.30324],[-66.45599,18.30438],[-66.45473,18.30751],[-66.4534,18.30905],[-66.45324,18.30941],[-66.45393,18.31112],[-66.45455,18.31324],[-66.45423,18.32821],[-66.45436,18.33212],[-66.45456,18.33308],[-66.45938,18.34268],[-66.46018,18.34363],[-66.46131,18.34432],[-66.46152,18.34458],[-66.46355,18.34796],[-66.46496,18.35237],[-66.46406,18.35964],[-66.46405,18.35989],[-66.46445,18.36094],[-66.46354,18.36777],[-66.46319,18.37166],[-66.4669,18.37194],[-66.4678,18.37089],[-66.46875,18.37007],[-66.46961,18.36957],[-66.47064,18.36932],[-66.47134,18.36896],[-66.47333,18.3676],[-66.47617,18.36748],[-66.47762,18.36686],[-66.47913,18.36699],[-66.48441,18.36597],[-66.49039,18.36554],[-66.49376,18.36652],[-66.49475,18.36656],[-66.49624,18.36623],[-66.49815,18.36465],[-66.49933,18.36412],[-66.49962,18.36463],[-66.49998,18.3648],[-66.50075,18.36477],[-66.50623,18.36345],[-66.50697,18.36339],[-66.50746,18.36318],[-66.50822,18.3625],[-66.50921,18.36238],[-66.50966,18.36208],[-66.51158,18.36214],[-66.51272,18.36123],[-66.51423,18.36051],[-66.5145,18.36023],[-66.51466,18.35919],[-66.51512,18.35928],[-66.51611,18.35904],[-66.51784,18.35734],[-66.51869,18.35708],[-66.51859,18.35623],[-66.51879,18.3556],[-66.51872,18.35492],[-66.51887,18.35452],[-66.51917,18.35447],[-66.51988,18.35486],[-66.5202,18.3549],[-66.52114,18.35468],[-66.52347,18.35498],[-66.52368,18.35454],[-66.52389,18.35439],[-66.52573,18.35355],[-66.52711,18.35316],[-66.52751,18.3527],[-66.52775,18.35155],[-66.52808,18.35084],[-66.52824,18.35055],[-66.52868,18.35033],[-66.5309,18.3503],[-66.53194,18.3509],[-66.5332,18.35101],[-66.53365,18.35144],[-66.5351,18.34975],[-66.53601,18.34891],[-66.53629,18.3484],[-66.53628,18.34811],[-66.53593,18.3476],[-66.53656,18.34649],[-66.53793,18.34606],[-66.53934,18.34439],[-66.5403,18.34431],[-66.54108,18.34399],[-66.54208,18.34389],[-66.54281,18.34334],[-66.54332,18.34363],[-66.5444,18.34324],[-66.54542,18.34358],[-66.54589,18.34302],[-66.54652,18.34257],[-66.54682,18.34239],[-66.54745,18.34247],[-66.54796,18.34188],[-66.54859,18.3418],[-66.54932,18.34219],[-66.54965,18.34209],[-66.55068,18.34152],[-66.55118,18.34047],[-66.55162,18.34121],[-66.55192,18.34123],[-66.55242,18.34048],[-66.55289,18.34032],[-66.55333,18.34052],[-66.55445,18.34149],[-66.55505,18.34146],[-66.55581,18.34102],[-66.55635,18.34104],[-66.55688,18.34129],[-66.55741,18.3419],[-66.55796,18.34209],[-66.55821,18.34206],[-66.55879,18.34135],[-66.55923,18.34143],[-66.55945,18.3413],[-66.55974,18.34088],[-66.56029,18.34093],[-66.56117,18.34066],[-66.56152,18.34093],[-66.56174,18.34143],[-66.56166,18.34248],[-66.56289,18.34288],[-66.56317,18.34278],[-66.56359,18.34223],[-66.56362,18.34174],[-66.56452,18.3413],[-66.56484,18.3409],[-66.56511,18.34082],[-66.56584,18.34135],[-66.56638,18.34097],[-66.56871,18.34102],[-66.5697,18.34072],[-66.56994,18.34081],[-66.56995,18.34114],[-66.57013,18.3413],[-66.57072,18.34153],[-66.57207,18.34158],[-66.57211,18.34238],[-66.57319,18.34259],[-66.5745,18.34235],[-66.57618,18.34132],[-66.577,18.34161],[-66.57724,18.34155],[-66.57799,18.34088],[-66.5789,18.34106],[-66.57925,18.34082],[-66.57941,18.34053],[-66.58016,18.34014],[-66.58075,18.34023],[-66.58133,18.34053],[-66.58176,18.34023],[-66.58245,18.33931],[-66.58341,18.3391],[-66.58388,18.33875],[-66.58453,18.33795],[-66.58622,18.33725],[-66.58691,18.33785],[-66.58754,18.33894],[-66.58785,18.3391],[-66.58808,18.33907],[-66.58931,18.33826],[-66.59047,18.33807],[-66.59067,18.3382],[-66.59099,18.33802],[-66.59145,18.33806],[-66.59177,18.33786],[-66.59278,18.33785],[-66.59336,18.33815],[-66.59505,18.33794],[-66.59603,18.33827],[-66.59718,18.33924],[-66.59762,18.33917],[-66.59819,18.33871],[-66.59856,18.33871],[-66.59911,18.33892],[-66.59931,18.33925],[-66.59957,18.33936],[-66.60029,18.33941],[-66.6008,18.33887],[-66.60106,18.33786],[-66.60099,18.33767],[-66.60009,18.33698],[-66.59997,18.33674],[-66.60018,18.33646],[-66.60139,18.33563],[-66.60159,18.33508],[-66.6015,18.33459],[-66.60158,18.33418],[-66.60254,18.3336],[-66.60276,18.33338],[-66.60288,18.33289],[-66.6031,18.33268],[-66.60386,18.3324],[-66.60427,18.33176],[-66.60451,18.33164],[-66.60523,18.33175],[-66.60582,18.33155],[-66.60628,18.33176],[-66.60659,18.33165],[-66.60706,18.3302],[-66.60689,18.3296],[-66.60707,18.32892],[-66.60684,18.32833],[-66.6069,18.32815],[-66.61122,18.32267],[-66.61069,18.3227],[-66.60908,18.32353],[-66.60798,18.32377],[-66.60767,18.32325],[-66.60698,18.32252],[-66.60601,18.32207],[-66.6054,18.32226],[-66.60501,18.3222],[-66.60455,18.32131],[-66.60428,18.32121],[-66.60385,18.32143],[-66.60268,18.32263],[-66.60135,18.32204],[-66.60032,18.32187],[-66.59909,18.32245],[-66.59816,18.32259],[-66.59809,18.32303],[-66.5979,18.32318],[-66.59664,18.32313],[-66.59621,18.32347],[-66.59582,18.32355],[-66.5951,18.32333],[-66.59487,18.32338],[-66.59403,18.32452],[-66.59252,18.32442],[-66.59212,18.32472],[-66.59163,18.32541],[-66.59123,18.32537],[-66.59085,18.32488],[-66.59075,18.32443],[-66.59084,18.32363],[-66.59042,18.3233],[-66.58994,18.32315],[-66.58912,18.32333],[-66.58856,18.32275],[-66.5867,18.32234],[-66.58514,18.32267],[-66.5849,18.32248],[-66.58425,18.32134],[-66.58386,18.32005],[-66.58322,18.31949],[-66.5828,18.31939],[-66.58248,18.31948],[-66.58216,18.31971],[-66.5818,18.32033],[-66.58134,18.32035],[-66.58122,18.3201],[-66.58127,18.31979],[-66.58173,18.31936],[-66.58191,18.31873],[-66.58143,18.31819],[-66.58142,18.318],[-66.58167,18.31763],[-66.58296,18.31679],[-66.58311,18.31643],[-66.58303,18.3162],[-66.58191,18.31507],[-66.58153,18.31418],[-66.58121,18.31388],[-66.58007,18.31364],[-66.57975,18.31403],[-66.57919,18.31412],[-66.57804,18.31388],[-66.5778,18.31368],[-66.57716,18.31284],[-66.5771,18.3119],[-66.57653,18.31139],[-66.57571,18.3112],[-66.57558,18.31092],[-66.57552,18.31063],[-66.57583,18.31015],[-66.57579,18.30944],[-66.57529,18.30932],[-66.5741,18.30938],[-66.57311,18.30906],[-66.57231,18.30742],[-66.57259,18.30616],[-66.57176,18.30633],[-66.57138,18.30599],[-66.57099,18.30534],[-66.57094,18.30459],[-66.57134,18.30412],[-66.57098,18.30345],[-66.5704,18.30306],[-66.57027,18.30283],[-66.57035,18.30193],[-66.57016,18.30169],[-66.56978,18.30156],[-66.56901,18.3015],[-66.56818,18.29984],[-66.56675,18.2997],[-66.56656,18.29914],[-66.56662,18.29862],[-66.56654,18.29704],[-66.56494,18.29575],[-66.56401,18.29476],[-66.56322,18.29436],[-66.56212,18.29446],[-66.56164,18.29435],[-66.56099,18.29368],[-66.56094,18.29303],[-66.56213,18.2909],[-66.56214,18.2905],[-66.56163,18.29008],[-66.56144,18.28969],[-66.56182,18.28878],[-66.5619,18.28813],[-66.56274,18.28822],[-66.56302,18.2881],[-66.56309,18.28781],[-66.56294,18.28707],[-66.56203,18.28587],[-66.56131,18.28427],[-66.56035,18.28343],[-66.55847,18.28286],[-66.55766,18.28288],[-66.5564,18.28236],[-66.55521,18.28212],[-66.55471,18.28158],[-66.55481,18.28116],[-66.5553,18.28053],[-66.55562,18.27984],[-66.55655,18.2794],[-66.55672,18.27915],[-66.55653,18.27861],[-66.55725,18.27762],[-66.5579,18.277],[-66.55815,18.27644],[-66.55811,18.27538],[-66.55771,18.27506],[-66.55795,18.27384],[-66.55785,18.27303],[-66.55797,18.27171],[-66.55786,18.27152],[-66.55756,18.27155],[-66.55683,18.27207],[-66.55644,18.27202],[-66.55627,18.27185],[-66.55602,18.27094],[-66.5556,18.27011],[-66.55554,18.26983],[-66.55573,18.26905],[-66.55615,18.26878],[-66.55636,18.2688],[-66.55697,18.26903],[-66.55743,18.26952],[-66.55842,18.26972],[-66.55926,18.26951],[-66.5596,18.2688],[-66.55891,18.26833],[-66.55892,18.26782],[-66.55912,18.26764],[-66.55897,18.26721],[-66.55773,18.2668],[-66.55721,18.2658],[-66.55633,18.26536],[-66.55613,18.26496],[-66.55614,18.26458],[-66.55631,18.2643],[-66.55662,18.26413],[-66.5578,18.26461],[-66.55804,18.26458],[-66.55801,18.26418],[-66.55738,18.26335],[-66.55743,18.26305],[-66.55779,18.26275],[-66.56029,18.26202],[-66.56043,18.26146],[-66.5604,18.26105],[-66.55997,18.26031],[-66.55966,18.25934],[-66.55898,18.25889],[-66.55928,18.25865],[-66.55975,18.25875],[-66.55998,18.25867],[-66.56009,18.25741],[-66.55994,18.25723],[-66.55931,18.25761],[-66.55844,18.25734],[-66.55728,18.25622],[-66.55605,18.25544],[-66.55565,18.25478],[-66.55563,18.25433],[-66.5561,18.25403],[-66.55601,18.25358],[-66.55646,18.25362],[-66.55724,18.25406],[-66.55799,18.25324],[-66.55838,18.25312],[-66.56029,18.25307],[-66.56083,18.25337],[-66.56142,18.254],[-66.56171,18.25398],[-66.56226,18.25363],[-66.56213,18.25312],[-66.56218,18.25199],[-66.56178,18.25132],[-66.56177,18.25085],[-66.56208,18.25008],[-66.56241,18.24991],[-66.56295,18.24986],[-66.56266,18.24902],[-66.5613,18.24801],[-66.561,18.24751],[-66.56114,18.24732],[-66.56167,18.2471],[-66.56226,18.2464],[-66.56255,18.24643],[-66.56279,18.24708],[-66.56301,18.24719],[-66.56323,18.2464],[-66.56261,18.24488],[-66.56341,18.24471],[-66.56417,18.24405],[-66.56423,18.24317],[-66.56446,18.24264],[-66.56339,18.24183],[-66.56245,18.24036],[-66.55643,18.23783],[-66.5556,18.23741],[-66.55541,18.23718],[-66.55288,18.23035],[-66.54905,18.22063],[-66.54776,18.22087],[-66.54552,18.22071],[-66.54471,18.21979],[-66.54451,18.21872],[-66.54351,18.2175],[-66.54347,18.21686],[-66.54246,18.21624],[-66.54224,18.21524],[-66.54175,18.21503],[-66.54135,18.21464],[-66.5394,18.2145],[-66.53903,18.21436],[-66.53846,18.21388],[-66.53789,18.21283],[-66.53749,18.21053],[-66.5366,18.20886],[-66.5366,18.20627],[-66.53614,18.20602],[-66.53567,18.20529],[-66.53499,18.20469],[-66.5348,18.20363],[-66.53405,18.20275],[-66.53357,18.20148],[-66.5327,18.20049],[-66.53272,18.19995],[-66.53311,18.19879],[-66.53273,18.19759],[-66.53289,18.19688],[-66.53318,18.19626],[-66.53396,18.19523],[-66.53437,18.19432],[-66.53522,18.19365],[-66.53586,18.19261],[-66.53558,18.19156],[-66.536,18.19044],[-66.53661,18.18939],[-66.53669,18.18854],[-66.53653,18.18787],[-66.53596,18.18743],[-66.5356,18.18684],[-66.53481,18.18665],[-66.53438,18.18617],[-66.53393,18.18546],[-66.53396,18.18435],[-66.53373,18.18372],[-66.53339,18.18331],[-66.53282,18.18309],[-66.53248,18.18278],[-66.53206,18.1814],[-66.53119,18.18043],[-66.53112,18.17993],[-66.53217,18.17768],[-66.53242,18.17687],[-66.53279,18.17657],[-66.53404,18.17667],[-66.53547,18.17726],[-66.53617,18.17711],[-66.53691,18.17614],[-66.5376,18.17603],[-66.53857,18.17633],[-66.53782,18.17503],[-66.53757,18.17364],[-66.5377,18.17345],[-66.53863,18.17295],[-66.53909,18.1725],[-66.53986,18.17145],[-66.5402,18.16991],[-66.54138,18.16913],[-66.54162,18.16721],[-66.54146,18.16662],[-66.54099,18.16615],[-66.5409,18.16552],[-66.54168,18.16452],[-66.54317,18.16325],[-66.5426,18.16247],[-66.53862,18.16023],[-66.53824,18.16021],[-66.53727,18.16046],[-66.5358,18.15934],[-66.53378,18.15907],[-66.53354,18.15877],[-66.53355,18.15814],[-66.53331,18.15754],[-66.53197,18.15601],[-66.53156,18.15568],[-66.53118,18.15567],[-66.53023,18.15656],[-66.52904,18.15694],[-66.52842,18.15798],[-66.52717,18.15895],[-66.52666,18.16061],[-66.52573,18.16094],[-66.52527,18.16085],[-66.52458,18.16122],[-66.52264,18.16171],[-66.5217,18.16236],[-66.5208,18.16328],[-66.51992,18.16383],[-66.51981,18.16398],[-66.51988,18.16464],[-66.51971,18.16517],[-66.51869,18.1659],[-66.51835,18.16658],[-66.51796,18.16691],[-66.51685,18.16704],[-66.51575,18.16764],[-66.51532,18.16767],[-66.51491,18.16738],[-66.51435,18.16657],[-66.51365,18.16635],[-66.51298,18.16593],[-66.51221,18.16632],[-66.51189,18.1668],[-66.51182,18.16781],[-66.51218,18.16861],[-66.51269,18.16929],[-66.51275,18.16979],[-66.5124,18.17027],[-66.51234,18.17067],[-66.51261,18.17114],[-66.51254,18.17152],[-66.51206,18.17259],[-66.51143,18.17337],[-66.51135,18.17365],[-66.5112,18.17477],[-66.5112,18.17654],[-66.51083,18.17733],[-66.51105,18.1781],[-66.51201,18.17913],[-66.51306,18.18062],[-66.51314,18.18093],[-66.51276,18.18316],[-66.51288,18.18366],[-66.51465,18.18432],[-66.51503,18.18463],[-66.51525,18.18513],[-66.51481,18.18671],[-66.51388,18.18741],[-66.51361,18.18785],[-66.51371,18.18825],[-66.51429,18.18927],[-66.51434,18.19057],[-66.51468,18.19175],[-66.51465,18.19212],[-66.51442,18.19251],[-66.51328,18.1935],[-66.51291,18.19492],[-66.51262,18.19708],[-66.51237,18.19743],[-66.51127,18.19819],[-66.51117,18.19896],[-66.51191,18.20015],[-66.51278,18.20331],[-66.51283,18.20434],[-66.51233,18.20562],[-66.51229,18.20634],[-66.51295,18.20708],[-66.51405,18.20725],[-66.51414,18.20754],[-66.514,18.2078],[-66.51339,18.20828],[-66.51304,18.2092],[-66.51242,18.21005],[-66.51241,18.21083],[-66.51264,18.21131],[-66.51334,18.21181],[-66.51447,18.21401],[-66.51513,18.21451],[-66.51539,18.21503],[-66.51526,18.21646],[-66.51605,18.21901],[-66.51641,18.2197],[-66.51649,18.2222],[-66.51679,18.22315],[-66.51688,18.22396],[-66.51771,18.22593],[-66.51758,18.22707],[-66.51684,18.22812],[-66.51678,18.22863],[-66.5171,18.22905],[-66.51762,18.22938],[-66.51791,18.2299],[-66.51764,18.23018],[-66.51729,18.23024],[-66.5161,18.22976],[-66.51544,18.2297],[-66.51341,18.22994],[-66.51224,18.23048],[-66.51131,18.23038],[-66.51032,18.22976],[-66.50972,18.22966],[-66.50924,18.22977],[-66.50874,18.23029],[-66.50806,18.23184],[-66.50799,18.23343],[-66.50727,18.2351],[-66.50694,18.23688],[-66.50723,18.23773],[-66.50769,18.2384],[-66.50826,18.2387],[-66.50965,18.23878],[-66.50983,18.23896],[-66.51013,18.24006],[-66.5099,18.2406],[-66.51057,18.24124],[-66.51215,18.24229],[-66.51223,18.24266],[-66.51134,18.24429],[-66.51081,18.24484],[-66.50967,18.24645],[-66.50825,18.24916],[-66.50717,18.24975],[-66.50676,18.25026],[-66.50618,18.25056],[-66.50564,18.25066],[-66.50308,18.25033],[-66.50265,18.25058],[-66.50219,18.25184],[-66.50176,18.25261],[-66.50164,18.25539],[-66.50112,18.25663],[-66.50062,18.25591],[-66.5001,18.2555],[-66.49827,18.2546],[-66.4975,18.25278],[-66.49713,18.2524],[-66.4968,18.2523],[-66.49511,18.25282],[-66.4948,18.25274],[-66.49435,18.25213],[-66.49374,18.25208],[-66.49288,18.25266],[-66.49224,18.25267],[-66.49193,18.25316],[-66.49162,18.25328],[-66.49103,18.25316],[-66.48989,18.25253],[-66.48937,18.2524],[-66.48863,18.25259],[-66.48766,18.25263],[-66.48657,18.25305],[-66.48545,18.25294],[-66.48379,18.25256],[-66.48278,18.25258],[-66.48203,18.25214],[-66.4809,18.2517],[-66.47586,18.25011],[-66.47511,18.24949],[-66.4741,18.24801],[-66.47372,18.24784],[-66.47324,18.24734],[-66.47256,18.24722],[-66.46914,18.24611],[-66.46659,18.24593],[-66.46552,18.24628],[-66.46493,18.24657],[-66.46479,18.24678],[-66.46419,18.24702],[-66.46378,18.24775],[-66.46297,18.24788],[-66.46199,18.24827],[-66.46078,18.24911],[-66.45983,18.24947],[-66.45849,18.24967],[-66.45731,18.24946],[-66.45702,18.24951],[-66.45609,18.2505],[-66.45522,18.25056],[-66.45489,18.25064],[-66.45479,18.25085],[-66.45421,18.25094],[-66.45426,18.25167],[-66.45495,18.25185],[-66.45522,18.25239],[-66.45452,18.25376],[-66.45382,18.25597],[-66.45422,18.25651],[-66.45571,18.25773]]]},"properties":{"municipio":"Ciales","geoid":"72039","countyfp":"039","abrev_mun":"CIA"}},
{"type":"Feature","geometry":{"type":"Polygon","coordinates":[[[-66.11787,18.20984],[-66.11844,18.2096],[-66.11934,18.2097],[-66.12044,18.20921],[-66.12142,18.20893],[-66.12325,18.20779],[-66.12366,18.20772],[-66.12462,18.20791],[-66.12543,18.20674],[-66.12634,18.20641],[-66.12752,18.20526],[-66.12814,18.20522],[-66.12856,18.20445],[-66.12944,18.20357],[-66.13041,18.20195],[-66.1313,18.20149],[-66.13213,18.2007],[-66.13383,18.20041],[-66.1348,18.19966],[-66.13495,18.19875],[-66.13648,18.19849],[-66.13714,18.19773],[-66.13736,18.19766],[-66.13791,18.19776],[-66.14035,18.19771],[-66.14123,18.19789],[-66.14058,18.19819],[-66.14019,18.19934],[-66.13934,18.20057],[-66.13874,18.20099],[-66.13845,18.20155],[-66.13842,18.20184],[-66.13872,18.20224],[-66.13891,18.20287],[-66.13892,18.2032],[-66.13862,18.20368],[-66.13918,18.20509],[-66.13961,18.20569],[-66.13956,18.20602],[-66.13913,18.20615],[-66.13877,18.20655],[-66.13864,18.20693],[-66.13896,18.20794],[-66.13878,18.20915],[-66.13891,18.21023],[-66.13939,18.21059],[-66.14027,18.21085],[-66.14124,18.21076],[-66.14171,18.21062],[-66.14248,18.21006],[-66.14272,18.2101],[-66.1428,18.21031],[-66.14262,18.21093],[-66.14331,18.21224],[-66.14395,18.21277],[-66.14426,18.21336],[-66.14479,18.21351],[-66.1461,18.21324],[-66.14676,18.21343],[-66.14684,18.21364],[-66.14586,18.21492],[-66.14586,18.21591],[-66.14551,18.21716],[-66.14567,18.21738],[-66.14639,18.21781],[-66.1465,18.21816],[-66.14615,18.22046],[-66.14554,18.22197],[-66.14529,18.22198],[-66.14508,18.2214],[-66.14445,18.22134],[-66.14362,18.22281],[-66.14379,18.22303],[-66.14531,18.22338],[-66.14577,18.22365],[-66.14588,18.22402],[-66.14564,18.22416],[-66.14433,18.22409],[-66.14402,18.22419],[-66.14359,18.22502],[-66.14373,18.22527],[-66.14442,18.22529],[-66.14488,18.22608],[-66.1448,18.22696],[-66.14397,18.22746],[-66.14391,18.22798],[-66.14406,18.2282],[-66.14484,18.22859],[-66.1453,18.22955],[-66.14567,18.22984],[-66.14612,18.23047],[-66.14675,18.22909],[-66.14737,18.22872],[-66.1488,18.22704],[-66.14933,18.22604],[-66.14987,18.22536],[-66.14996,18.22441],[-66.15026,18.22354],[-66.15049,18.22343],[-66.15126,18.22363],[-66.15172,18.22346],[-66.15163,18.22247],[-66.15203,18.22212],[-66.15428,18.22202],[-66.15447,18.22173],[-66.15543,18.22124],[-66.156,18.22137],[-66.15764,18.22099],[-66.15845,18.22119],[-66.1589,18.221],[-66.15939,18.22046],[-66.16039,18.22022],[-66.161,18.22045],[-66.16194,18.22036],[-66.1622,18.22048],[-66.16238,18.22092],[-66.16275,18.22106],[-66.1647,18.223],[-66.16581,18.22367],[-66.16712,18.22407],[-66.16902,18.22424],[-66.17044,18.22425],[-66.17092,18.22398],[-66.17117,18.22352],[-66.17125,18.22255],[-66.17081,18.22045],[-66.17077,18.21967],[-66.17049,18.21885],[-66.16965,18.21779],[-66.16969,18.21737],[-66.17024,18.21639],[-66.17089,18.21598],[-66.17196,18.2156],[-66.17309,18.21594],[-66.17432,18.21578],[-66.1763,18.21417],[-66.17849,18.21271],[-66.17912,18.21168],[-66.17934,18.2108],[-66.18045,18.21032],[-66.18107,18.20884],[-66.18171,18.20807],[-66.18281,18.20752],[-66.18411,18.20725],[-66.18442,18.20698],[-66.18481,18.20446],[-66.18328,18.20325],[-66.18248,18.20231],[-66.18385,18.2023],[-66.18527,18.20095],[-66.18609,18.20068],[-66.19016,18.20104],[-66.19073,18.20082],[-66.1919,18.19989],[-66.1929,18.20017],[-66.19407,18.20006],[-66.19535,18.19943],[-66.1967,18.19791],[-66.19862,18.19755],[-66.19987,18.19716],[-66.20248,18.19681],[-66.20359,18.197],[-66.20504,18.19653],[-66.20557,18.1966],[-66.20628,18.1971],[-66.20664,18.19717],[-66.20689,18.19701],[-66.20952,18.19252],[-66.21326,18.18563],[-66.21308,18.18521],[-66.21324,18.18479],[-66.21318,18.1843],[-66.21369,18.18364],[-66.21369,18.18342],[-66.21328,18.18307],[-66.21204,18.18242],[-66.2119,18.18187],[-66.21191,18.17945],[-66.21213,18.17859],[-66.21236,18.1781],[-66.21293,18.17794],[-66.2131,18.17775],[-66.21298,18.17698],[-66.21233,18.17642],[-66.21216,18.17589],[-66.21201,18.17572],[-66.21144,18.17562],[-66.2112,18.17539],[-66.21108,18.17395],[-66.21127,18.17352],[-66.21177,18.17305],[-66.21243,18.17293],[-66.21399,18.17305],[-66.21621,18.17428],[-66.21884,18.17443],[-66.21949,18.17478],[-66.22075,18.17508],[-66.22287,18.17588],[-66.22345,18.17565],[-66.22357,18.17469],[-66.22376,18.1743],[-66.22397,18.17432],[-66.22766,18.17799],[-66.22808,18.17854],[-66.22842,18.17948],[-66.22995,18.1809],[-66.2304,18.18193],[-66.23075,18.1837],[-66.23052,18.1843],[-66.2406,18.18467],[-66.24146,18.18399],[-66.24191,18.1838],[-66.24339,18.18391],[-66.24394,18.18358],[-66.24433,18.18308],[-66.2444,18.18192],[-66.24423,18.18137],[-66.24374,18.18074],[-66.24274,18.18025],[-66.24153,18.18038],[-66.24051,18.18018],[-66.23916,18.17952],[-66.23712,18.17817],[-66.23434,18.17583],[-66.23312,18.17392],[-66.23229,18.17304],[-66.23056,18.17183],[-66.22917,18.17121],[-66.22857,18.1708],[-66.22663,18.16829],[-66.22646,18.16704],[-66.22612,18.16645],[-66.2258,18.16641],[-66.22523,18.16662],[-66.22497,18.16656],[-66.22455,18.16673],[-66.22432,18.16668],[-66.224,18.16627],[-66.22372,18.16572],[-66.22358,18.16504],[-66.22365,18.16371],[-66.22355,18.16283],[-66.22395,18.1611],[-66.2245,18.16049],[-66.22564,18.16006],[-66.2264,18.16017],[-66.22793,18.16012],[-66.22854,18.15961],[-66.22875,18.15961],[-66.22891,18.15944],[-66.22893,18.15904],[-66.22867,18.15834],[-66.22814,18.15761],[-66.22718,18.15708],[-66.22534,18.15568],[-66.22471,18.15542],[-66.22442,18.15515],[-66.22413,18.15472],[-66.22407,18.1541],[-66.2244,18.15375],[-66.22509,18.15335],[-66.22603,18.15309],[-66.2268,18.15257],[-66.22763,18.15229],[-66.22792,18.15178],[-66.22741,18.15067],[-66.22581,18.14946],[-66.22371,18.14891],[-66.22149,18.14875],[-66.22111,18.14886],[-66.22075,18.1487],[-66.21873,18.14862],[-66.2169,18.14774],[-66.21641,18.14662],[-66.21647,18.14612],[-66.21738,18.14558],[-66.21771,18.14508],[-66.21799,18.14498],[-66.21915,18.14525],[-66.21948,18.14516],[-66.22018,18.14417],[-66.22043,18.14317],[-66.22026,18.14286],[-66.2194,18.14278],[-66.2169,18.14322],[-66.2166,18.14325],[-66.21589,18.14373],[-66.21408,18.14416],[-66.21218,18.14351],[-66.21127,18.14233],[-66.21015,18.14006],[-66.20839,18.13784],[-66.20754,18.13734],[-66.20702,18.13721],[-66.20529,18.13749],[-66.20486,18.1376],[-66.20453,18.13787],[-66.20407,18.1386],[-66.20393,18.13934],[-66.20417,18.14126],[-66.20385,18.14307],[-66.2035,18.14371],[-66.20339,18.14456],[-66.203,18.14549],[-66.20296,18.14589],[-66.20271,18.14627],[-66.20213,18.14652],[-66.20173,18.14688],[-66.20134,18.14689],[-66.20039,18.14609],[-66.19967,18.14569],[-66.19945,18.14514],[-66.20143,18.14103],[-66.20143,18.14033],[-66.20107,18.13971],[-66.20096,18.13852],[-66.20073,18.13819],[-66.19906,18.13697],[-66.19843,18.13694],[-66.19719,18.13658],[-66.19696,18.1366],[-66.19636,18.13722],[-66.19562,18.13768],[-66.19457,18.13996],[-66.19376,18.14101],[-66.19346,18.14109],[-66.19256,18.14092],[-66.19061,18.13853],[-66.19001,18.13808],[-66.18976,18.13773],[-66.18951,18.13759],[-66.18907,18.13759],[-66.18859,18.13715],[-66.18831,18.13705],[-66.18682,18.13716],[-66.18518,18.13755],[-66.18389,18.13805],[-66.18288,18.13874],[-66.18258,18.13957],[-66.18277,18.14017],[-66.18312,18.14061],[-66.18319,18.14123],[-66.18345,18.14178],[-66.18354,18.14251],[-66.18346,18.14374],[-66.18282,18.14446],[-66.1821,18.14463],[-66.18175,18.14452],[-66.18135,18.14417],[-66.18021,18.14186],[-66.17827,18.13994],[-66.17773,18.13922],[-66.17752,18.13889],[-66.17732,18.13764],[-66.17686,18.13663],[-66.17676,18.13581],[-66.17659,18.13569],[-66.17608,18.13463],[-66.17507,18.13374],[-66.17476,18.13376],[-66.17429,18.1335],[-66.17398,18.13348],[-66.17283,18.13346],[-66.172,18.13367],[-66.17068,18.1335],[-66.16859,18.13349],[-66.16636,18.13418],[-66.16589,18.13529],[-66.16613,18.1367],[-66.16608,18.13702],[-66.16586,18.13728],[-66.16456,18.13786],[-66.16301,18.13815],[-66.16255,18.13859],[-66.16253,18.1394],[-66.16297,18.14019],[-66.16316,18.14134],[-66.16341,18.14198],[-66.16399,18.14267],[-66.1646,18.1443],[-66.16304,18.14571],[-66.16207,18.14618],[-66.1612,18.14627],[-66.16004,18.14663],[-66.15819,18.14593],[-66.15681,18.14496],[-66.15649,18.14449],[-66.15646,18.14421],[-66.1569,18.14323],[-66.15708,18.14228],[-66.15698,18.14188],[-66.15667,18.14162],[-66.15588,18.14157],[-66.15413,18.14187],[-66.15274,18.14182],[-66.15231,18.1417],[-66.15191,18.14133],[-66.15166,18.14127],[-66.15123,18.14165],[-66.15091,18.14235],[-66.15047,18.14233],[-66.15021,18.14184],[-66.14995,18.14034],[-66.15022,18.13934],[-66.14958,18.13884],[-66.14923,18.13869],[-66.14832,18.13888],[-66.14779,18.13884],[-66.14443,18.13818],[-66.14376,18.13799],[-66.14275,18.13727],[-66.14065,18.13744],[-66.14003,18.13763],[-66.13929,18.13759],[-66.13929,18.13731],[-66.13869,18.13606],[-66.13823,18.13451],[-66.13758,18.13389],[-66.13554,18.13378],[-66.13444,18.13278],[-66.13358,18.13288],[-66.13225,18.13262],[-66.13182,18.13271],[-66.13153,18.13333],[-66.13168,18.13443],[-66.13155,18.13525],[-66.13169,18.13591],[-66.13159,18.13614],[-66.13044,18.13646],[-66.13038,18.13667],[-66.13051,18.13716],[-66.13041,18.13773],[-66.13092,18.13843],[-66.13094,18.13875],[-66.13065,18.13881],[-66.12927,18.1386],[-66.12798,18.13953],[-66.12753,18.13971],[-66.12479,18.13963],[-66.12413,18.13996],[-66.12325,18.14081],[-66.12293,18.14054],[-66.12187,18.14074],[-66.12143,18.14051],[-66.12135,18.14026],[-66.12161,18.13978],[-66.12104,18.13958],[-66.12091,18.13875],[-66.12021,18.13903],[-66.12,18.139],[-66.11976,18.13822],[-66.11952,18.13796],[-66.11922,18.13791],[-66.11851,18.13815],[-66.11809,18.13875],[-66.11751,18.13896],[-66.11753,18.13921],[-66.11819,18.13963],[-66.11816,18.13987],[-66.11798,18.14001],[-66.11719,18.13985],[-66.11679,18.13941],[-66.11658,18.13943],[-66.11639,18.1398],[-66.11465,18.1397],[-66.11419,18.13978],[-66.11415,18.14021],[-66.11363,18.14106],[-66.11364,18.14192],[-66.1134,18.14229],[-66.11261,18.14229],[-66.11253,18.14145],[-66.11234,18.1413],[-66.1119,18.14171],[-66.11018,18.14204],[-66.10999,18.14251],[-66.11007,18.14275],[-66.11034,18.14286],[-66.11063,18.14283],[-66.11152,18.14233],[-66.11111,18.14313],[-66.11105,18.14406],[-66.11086,18.14427],[-66.10963,18.1445],[-66.10952,18.14465],[-66.10995,18.14541],[-66.11,18.14591],[-66.1104,18.14625],[-66.11037,18.14664],[-66.10898,18.14767],[-66.10873,18.14823],[-66.10837,18.14854],[-66.1077,18.14875],[-66.10694,18.14875],[-66.10668,18.14913],[-66.10575,18.14975],[-66.10541,18.15037],[-66.105,18.15064],[-66.10467,18.15051],[-66.10424,18.14991],[-66.10402,18.1499],[-66.10378,18.1505],[-66.10337,18.15093],[-66.10228,18.15129],[-66.10181,18.15123],[-66.10176,18.15146],[-66.10222,18.15202],[-66.10222,18.15246],[-66.10203,18.15283],[-66.10163,18.15243],[-66.10142,18.15244],[-66.09961,18.15304],[-66.10011,18.15339],[-66.10003,18.15359],[-66.09975,18.15374],[-66.09952,18.15449],[-66.09896,18.15483],[-66.09846,18.156],[-66.09811,18.15564],[-66.09787,18.15563],[-66.09773,18.157],[-66.09823,18.15769],[-66.09813,18.15853],[-66.09707,18.15921],[-66.09642,18.15939],[-66.09635,18.15962],[-66.09665,18.15998],[-66.09671,18.16025],[-66.09663,18.16144],[-66.09627,18.16203],[-66.09608,18.16271],[-66.0953,18.16362],[-66.09485,18.16395],[-66.09453,18.16472],[-66.09516,18.16741],[-66.09504,18.16791],[-66.09515,18.16861],[-66.095,18.16887],[-66.09511,18.16902],[-66.09649,18.16863],[-66.09675,18.16825],[-66.09826,18.16904],[-66.09922,18.16918],[-66.10039,18.16972],[-66.10088,18.16973],[-66.10245,18.16942],[-66.10362,18.17023],[-66.104,18.17094],[-66.10514,18.17154],[-66.10157,18.1828],[-66.10929,18.20102],[-66.11787,18.20984]]]},"properties":{"municipio":"Cidra","geoid":"72041","countyfp":"041","abrev_mun":"CID"}},
{"type":"Feature","geometry":{"type":"Polygon","coordinates":[[[-66.37297,18.17562],[-66.37334,18.17529],[-66.37407,18.17497],[-66.37443,18.17492],[-66.37461,18.17511],[-66.37544,18.17472],[-66.37575,18.17344],[-66.37601,18.17318],[-66.37783,18.17258],[-66.37846,18.17257],[-66.37952,18.17334],[-66.38024,18.1725],[-66.38085,18.17243],[-66.38174,18.17208],[-66.38274,18.17236],[-66.38346,18.17301],[-66.38386,18.17316],[-66.38432,18.17305],[-66.38493,18.1725],[-66.38526,18.17243],[-66.38694,18.17281],[-66.38833,18.17274],[-66.38897,18.17251],[-66.38928,18.1719],[-66.38902,18.17102],[-66.38925,18.17002],[-66.3898,18.16932],[-66.39034,18.16822],[-66.39162,18.16785],[-66.39184,18.1667],[-66.39212,18.16643],[-66.39251,18.16652],[-66.39428,18.16608],[-66.39539,18.16558],[-66.39579,18.16596],[-66.39635,18.16606],[-66.39741,18.16592],[-66.39822,18.16576],[-66.39962,18.1651],[-66.40037,18.16519],[-66.40112,18.16476],[-66.40136,18.1648],[-66.40176,18.16579],[-66.40163,18.16662],[-66.40184,18.16672],[-66.40229,18.16649],[-66.40278,18.16651],[-66.4035,18.16709],[-66.40433,18.16735],[-66.40457,18.16721],[-66.40506,18.16599],[-66.40524,18.16578],[-66.40587,18.16558],[-66.40637,18.16493],[-66.40668,18.1641],[-66.40692,18.16389],[-66.4072,18.16385],[-66.40783,18.16411],[-66.40871,18.16392],[-66.40983,18.16317],[-66.41018,18.16312],[-66.41074,18.16335],[-66.41133,18.16401],[-66.4124,18.16414],[-66.41321,18.16337],[-66.41361,18.16336],[-66.41714,18.1649],[-66.41806,18.16486],[-66.41884,18.16544],[-66.42059,18.1661],[-66.42089,18.16631],[-66.4212,18.16715],[-66.42195,18.16784],[-66.42216,18.16823],[-66.42224,18.16888],[-66.42201,18.16999],[-66.42244,18.17103],[-66.42299,18.17169],[-66.42371,18.1721],[-66.42425,18.17126],[-66.42485,18.17077],[-66.42522,18.17071],[-66.42811,18.17091],[-66.42961,18.17164],[-66.43037,18.17245],[-66.43087,18.17324],[-66.43151,18.17377],[-66.43389,18.17441],[-66.4357,18.17537],[-66.43636,18.17547],[-66.43752,18.17536],[-66.43837,18.17567],[-66.43866,18.17563],[-66.44015,18.176],[-66.44238,18.17598],[-66.44361,18.17624],[-66.44433,18.17673],[-66.44422,18.17636],[-66.44308,18.17553],[-66.44257,18.17543],[-66.44131,18.17478],[-66.44025,18.17443],[-66.43969,18.1731],[-66.43894,18.17286],[-66.43774,18.17311],[-66.43724,18.17342],[-66.43638,18.17321],[-66.43457,18.17354],[-66.43389,18.17308],[-66.43291,18.17276],[-66.43254,18.17236],[-66.42963,18.16667],[-66.42885,18.16463],[-66.42878,18.16415],[-66.42909,18.16326],[-66.42879,18.16069],[-66.42847,18.16005],[-66.42874,18.15924],[-66.42847,18.1582],[-66.42853,18.15797],[-66.42945,18.15691],[-66.42929,18.15647],[-66.4283,18.15604],[-66.42871,18.15517],[-66.42861,18.15493],[-66.42799,18.15522],[-66.42769,18.15522],[-66.42746,18.1544],[-66.4267,18.15426],[-66.42633,18.15381],[-66.42579,18.15361],[-66.42478,18.15285],[-66.42424,18.15202],[-66.42423,18.15111],[-66.42374,18.15078],[-66.4228,18.15066],[-66.42217,18.14994],[-66.42195,18.14917],[-66.42114,18.14789],[-66.41998,18.14688],[-66.41931,18.14499],[-66.41928,18.14438],[-66.41941,18.14402],[-66.42005,18.14367],[-66.42021,18.14343],[-66.42019,18.14313],[-66.4199,18.14235],[-66.4198,18.14139],[-66.41873,18.14003],[-66.41884,18.13973],[-66.42029,18.13946],[-66.42057,18.13897],[-66.42051,18.13831],[-66.42076,18.1373],[-66.42123,18.13663],[-66.42141,18.13607],[-66.42076,18.13426],[-66.42085,18.134],[-66.42224,18.13441],[-66.42279,18.13427],[-66.42334,18.13347],[-66.42353,18.13217],[-66.4237,18.13199],[-66.42403,18.13197],[-66.42443,18.13214],[-66.42457,18.1318],[-66.42467,18.13043],[-66.42409,18.12938],[-66.42505,18.12691],[-66.42527,18.12664],[-66.42584,18.12635],[-66.42581,18.12581],[-66.42636,18.12466],[-66.42623,18.12398],[-66.42685,18.12264],[-66.42635,18.11924],[-66.42803,18.11769],[-66.43001,18.11653],[-66.43032,18.11606],[-66.43068,18.11499],[-66.43061,18.11461],[-66.42959,18.11258],[-66.42837,18.11174],[-66.42768,18.111],[-66.42794,18.10963],[-66.4278,18.10777],[-66.42734,18.10715],[-66.42724,18.10667],[-66.42731,18.10574],[-66.4271,18.10427],[-66.42733,18.1035],[-66.4265,18.10172],[-66.42597,18.10102],[-66.42508,18.10027],[-66.4233,18.09979],[-66.42163,18.09882],[-66.42136,18.09845],[-66.42141,18.09816],[-66.4216,18.09743],[-66.42268,18.09692],[-66.42281,18.09674],[-66.42386,18.09682],[-66.42427,18.09669],[-66.42545,18.09496],[-66.42555,18.09443],[-66.42544,18.09393],[-66.42559,18.09372],[-66.42633,18.09326],[-66.42759,18.09276],[-66.42819,18.09171],[-66.42899,18.09133],[-66.42916,18.09112],[-66.42923,18.0908],[-66.42899,18.08918],[-66.42967,18.08831],[-66.42976,18.08793],[-66.43027,18.08708],[-66.43023,18.08686],[-66.4305,18.08634],[-66.43058,18.08576],[-66.43118,18.0854],[-66.4311,18.08511],[-66.4309,18.085],[-66.43011,18.08502],[-66.42965,18.08472],[-66.42972,18.08413],[-66.42954,18.08307],[-66.43027,18.08245],[-66.43036,18.08217],[-66.43026,18.08084],[-66.42937,18.0805],[-66.42908,18.08012],[-66.42891,18.07859],[-66.42908,18.07827],[-66.43012,18.07749],[-66.4304,18.07697],[-66.43038,18.07673],[-66.43018,18.07645],[-66.42934,18.0761],[-66.4288,18.07543],[-66.42825,18.07428],[-66.42816,18.07303],[-66.42756,18.07162],[-66.42812,18.07089],[-66.42928,18.0683],[-66.42962,18.06793],[-66.43049,18.06761],[-66.43085,18.06727],[-66.43082,18.06678],[-66.42988,18.06637],[-66.42983,18.06619],[-66.43082,18.06524],[-66.43155,18.06355],[-66.43066,18.06286],[-66.43027,18.06226],[-66.43011,18.06095],[-66.42945,18.05979],[-66.42962,18.05917],[-66.42902,18.05834],[-66.42916,18.05773],[-66.42911,18.05718],[-66.4289,18.05686],[-66.42788,18.05641],[-66.42778,18.05611],[-66.42816,18.05485],[-66.428,18.05472],[-66.42742,18.05464],[-66.42725,18.05448],[-66.42695,18.05359],[-66.42672,18.05338],[-66.42604,18.05317],[-66.42433,18.05294],[-66.42416,18.05277],[-66.42402,18.05225],[-66.42402,18.052],[-66.42421,18.05173],[-66.42497,18.05148],[-66.42532,18.05106],[-66.42578,18.04989],[-66.42582,18.04886],[-66.42561,18.04833],[-66.42531,18.04822],[-66.42502,18.04828],[-66.42472,18.0491],[-66.42443,18.04903],[-66.42396,18.04859],[-66.42402,18.04813],[-66.42488,18.04716],[-66.42588,18.04647],[-66.42599,18.0462],[-66.42592,18.04567],[-66.42647,18.04494],[-66.42676,18.0441],[-66.42658,18.04352],[-66.42698,18.04265],[-66.39488,18.03738],[-66.39232,18.03879],[-66.38958,18.03959],[-66.38814,18.04017],[-66.3867,18.03957],[-66.38642,18.03956],[-66.38624,18.03969],[-66.38566,18.03839],[-66.38519,18.03789],[-66.38495,18.03794],[-66.38513,18.0387],[-66.38488,18.03883],[-66.38443,18.03863],[-66.38413,18.03825],[-66.38308,18.0379],[-66.3807,18.03748],[-66.38015,18.03712],[-66.37983,18.03674],[-66.37862,18.03619],[-66.3776,18.03457],[-66.37616,18.034],[-66.37435,18.03405],[-66.37373,18.03394],[-66.37223,18.03279],[-66.37171,18.0326],[-66.37141,18.03277],[-66.3711,18.03334],[-66.37052,18.03382],[-66.37011,18.03393],[-66.36888,18.03378],[-66.36851,18.0339],[-66.36662,18.03549],[-66.36542,18.03601],[-66.36294,18.03627],[-66.36116,18.03711],[-66.35988,18.03717],[-66.35776,18.03688],[-66.35673,18.03692],[-66.35643,18.03681],[-66.35611,18.03588],[-66.35568,18.03537],[-66.35492,18.03366],[-66.35465,18.03335],[-66.35308,18.03236],[-66.35174,18.03124],[-66.35004,18.03081],[-66.3488,18.03082],[-66.34845,18.03048],[-66.34911,18.02966],[-66.34922,18.02912],[-66.34907,18.0285],[-66.34846,18.02782],[-66.34859,18.02656],[-66.34793,18.02578],[-66.34674,18.02517],[-66.34602,18.02509],[-66.34532,18.02468],[-66.34333,18.02475],[-66.34248,18.02386],[-66.3415,18.02373],[-66.34108,18.02334],[-66.3404,18.02304],[-66.34019,18.02301],[-66.33927,18.02338],[-66.3374,18.02319],[-66.3369,18.02308],[-66.33655,18.02282],[-66.33578,18.0227],[-66.3354,18.0222],[-66.3354,18.02193],[-66.33555,18.02181],[-66.33538,18.02147],[-66.33429,18.02068],[-66.33379,18.0198],[-66.33225,18.01881],[-66.33203,18.01835],[-66.33196,18.01765],[-66.33228,18.01723],[-66.33229,18.01692],[-66.3315,18.01644],[-66.33114,18.01601],[-66.33084,18.01681],[-66.33063,18.01698],[-66.3303,18.01696],[-66.33003,18.01677],[-66.32964,18.01586],[-66.32931,18.01552],[-66.32913,18.01547],[-66.32887,18.01564],[-66.32878,18.01608],[-66.3288,18.01628],[-66.32902,18.0165],[-66.3289,18.01714],[-66.32918,18.01808],[-66.32938,18.01829],[-66.33078,18.01895],[-66.33075,18.0192],[-66.3298,18.01951],[-66.32802,18.01952],[-66.32695,18.01918],[-66.32657,18.01864],[-66.32604,18.01834],[-66.32577,18.01833],[-66.32506,18.01958],[-66.32435,18.02033],[-66.32336,18.02088],[-66.32288,18.02148],[-66.3223,18.02262],[-66.32198,18.02371],[-66.32137,18.02498],[-66.31948,18.02769],[-66.31942,18.02857],[-66.319,18.02948],[-66.31867,18.02976],[-66.31656,18.03017],[-66.31609,18.03014],[-66.31541,18.02975],[-66.31484,18.02986],[-66.31389,18.03175],[-66.31284,18.03231],[-66.31242,18.03334],[-66.31257,18.0345],[-66.31302,18.03491],[-66.3141,18.03513],[-66.31434,18.03528],[-66.31449,18.03564],[-66.31439,18.03597],[-66.31307,18.0371],[-66.31182,18.03968],[-66.31194,18.04053],[-66.31248,18.04193],[-66.31299,18.04261],[-66.31286,18.0435],[-66.31309,18.04419],[-66.31305,18.04446],[-66.31276,18.04491],[-66.31099,18.04637],[-66.31049,18.04721],[-66.30969,18.04784],[-66.30817,18.04811],[-66.30629,18.04897],[-66.30504,18.05003],[-66.3042,18.05029],[-66.30358,18.05068],[-66.30325,18.05111],[-66.30307,18.05193],[-66.30138,18.05317],[-66.30032,18.05475],[-66.29992,18.05501],[-66.29915,18.05517],[-66.29893,18.05538],[-66.29862,18.05624],[-66.2978,18.05708],[-66.29727,18.05717],[-66.29632,18.05692],[-66.2942,18.05676],[-66.292,18.0569],[-66.28492,18.05974],[-66.28412,18.06094],[-66.28388,18.06166],[-66.28331,18.0626],[-66.28243,18.06372],[-66.28131,18.06483],[-66.28014,18.06779],[-66.2795,18.06883],[-66.27893,18.06926],[-66.27802,18.06951],[-66.27601,18.06954],[-66.27156,18.06907],[-66.26901,18.0692],[-66.26883,18.06911],[-66.26694,18.07002],[-66.26441,18.07174],[-66.26135,18.07281],[-66.25941,18.07374],[-66.25812,18.07487],[-66.25762,18.07597],[-66.25913,18.07746],[-66.25946,18.078],[-66.25973,18.08201],[-66.26,18.08283],[-66.26058,18.08352],[-66.2619,18.08429],[-66.26291,18.08566],[-66.26601,18.0854],[-66.26686,18.08545],[-66.26801,18.08629],[-66.26882,18.0861],[-66.26909,18.08616],[-66.27035,18.08701],[-66.27294,18.08659],[-66.27303,18.08728],[-66.27277,18.08835],[-66.27286,18.08876],[-66.27342,18.08971],[-66.27345,18.09007],[-66.27299,18.09089],[-66.27307,18.09121],[-66.2742,18.09201],[-66.27492,18.09319],[-66.27649,18.09461],[-66.27712,18.09546],[-66.27831,18.09517],[-66.27947,18.09517],[-66.28144,18.09545],[-66.28201,18.09572],[-66.32063,18.12591],[-66.31739,18.13141],[-66.31694,18.13266],[-66.31538,18.13447],[-66.31321,18.13618],[-66.31301,18.13646],[-66.31286,18.1373],[-66.31265,18.13767],[-66.31281,18.13811],[-66.31299,18.13816],[-66.31479,18.13829],[-66.31587,18.13851],[-66.31647,18.1391],[-66.31674,18.13976],[-66.31665,18.14252],[-66.31631,18.14337],[-66.31571,18.14399],[-66.31574,18.14514],[-66.3151,18.14703],[-66.31488,18.14835],[-66.31431,18.1496],[-66.31418,18.15144],[-66.3143,18.15163],[-66.31475,18.15185],[-66.31594,18.15238],[-66.31649,18.15296],[-66.31697,18.15406],[-66.31819,18.15519],[-66.3215,18.15563],[-66.32177,18.15591],[-66.32195,18.15653],[-66.32299,18.15713],[-66.32303,18.1587],[-66.32233,18.15913],[-66.32223,18.15936],[-66.32231,18.16015],[-66.32206,18.16112],[-66.32227,18.16192],[-66.32197,18.16433],[-66.32227,18.16546],[-66.32326,18.1654],[-66.32359,18.16485],[-66.32388,18.16468],[-66.32449,18.1647],[-66.32473,18.16514],[-66.32462,18.1658],[-66.32549,18.16617],[-66.32664,18.16622],[-66.32709,18.16614],[-66.32732,18.16593],[-66.32724,18.16496],[-66.32739,18.16484],[-66.32777,18.1651],[-66.32864,18.16512],[-66.32969,18.16464],[-66.33029,18.16514],[-66.33045,18.16544],[-66.33067,18.16732],[-66.33062,18.16822],[-66.33125,18.16821],[-66.33236,18.16776],[-66.33367,18.16824],[-66.33381,18.16804],[-66.33357,18.16761],[-66.33371,18.16744],[-66.33447,18.16741],[-66.33662,18.16865],[-66.33754,18.16856],[-66.33805,18.16872],[-66.33895,18.16782],[-66.33952,18.16689],[-66.33923,18.16631],[-66.33956,18.16615],[-66.33992,18.16574],[-66.34049,18.16549],[-66.34155,18.16586],[-66.3415,18.16653],[-66.3413,18.16696],[-66.34146,18.16757],[-66.34201,18.16816],[-66.34299,18.16782],[-66.34356,18.16738],[-66.34658,18.16754],[-66.34794,18.1662],[-66.35033,18.16552],[-66.3513,18.16551],[-66.35289,18.16691],[-66.35414,18.16736],[-66.35486,18.16777],[-66.35515,18.16824],[-66.35491,18.16898],[-66.35536,18.16928],[-66.35575,18.16939],[-66.35703,18.16939],[-66.35863,18.16968],[-66.35948,18.17018],[-66.36072,18.16987],[-66.36234,18.17036],[-66.36446,18.16977],[-66.36591,18.17008],[-66.36623,18.17027],[-66.3675,18.17199],[-66.36785,18.17221],[-66.37077,18.17313],[-66.37268,18.17344],[-66.37371,18.17376],[-66.37311,18.17441],[-66.37297,18.17562]]]},"properties":{"municipio":"Coamo","geoid":"72043","countyfp":"043","abrev_mun":"COA"}},
{"type":"Feature","geometry":{"type":"Polygon","coordinates":[[[-66.20627,18.27675],[-66.2068,18.27661],[-66.20851,18.27699],[-66.20974,18.27709],[-66.20996,18.27702],[-66.21018,18.2765],[-66.21037,18.27545],[-66.21073,18.27509],[-66.21135,18.27499],[-66.21328,18.27541],[-66.21366,18.27491],[-66.21476,18.27516],[-66.21678,18.27429],[-66.21736,18.2743],[-66.218,18.27474],[-66.21911,18.27424],[-66.21972,18.2729],[-66.21971,18.27153],[-66.22002,18.27057],[-66.22069,18.26992],[-66.2214,18.26958],[-66.2223,18.26811],[-66.22236,18.26708],[-66.22219,18.26611],[-66.22294,18.26498],[-66.22342,18.2647],[-66.22443,18.2647],[-66.22508,18.26449],[-66.22584,18.26368],[-66.22659,18.26329],[-66.22691,18.26252],[-66.22711,18.26237],[-66.22789,18.26243],[-66.22818,18.26275],[-66.22855,18.26283],[-66.22902,18.26274],[-66.22916,18.26253],[-66.22928,18.26174],[-66.22898,18.26128],[-66.22901,18.26023],[-66.2288,18.25929],[-66.22882,18.25869],[-66.22829,18.25831],[-66.22793,18.25766],[-66.22789,18.25741],[-66.22831,18.25679],[-66.22781,18.25599],[-66.22761,18.25523],[-66.22762,18.25467],[-66.22816,18.25398],[-66.2287,18.25378],[-66.22908,18.2538],[-66.22952,18.25394],[-66.22983,18.25426],[-66.23042,18.25453],[-66.23262,18.25511],[-66.23323,18.25486],[-66.23498,18.25485],[-66.23598,18.25447],[-66.23839,18.25406],[-66.24021,18.25423],[-66.24193,18.25476],[-66.24368,18.25067],[-66.24513,18.24925],[-66.24808,18.24827],[-66.24892,18.24853],[-66.24965,18.24925],[-66.25015,18.25002],[-66.2509,18.25021],[-66.25183,18.24984],[-66.25378,18.24849],[-66.2543,18.24835],[-66.25472,18.24801],[-66.25498,18.24755],[-66.25529,18.24742],[-66.25679,18.24738],[-66.25841,18.24762],[-66.25985,18.24753],[-66.26233,18.24642],[-66.26276,18.24635],[-66.26594,18.24692],[-66.26629,18.24559],[-66.26793,18.24321],[-66.26829,18.24243],[-66.26846,18.24133],[-66.26769,18.24069],[-66.26728,18.23891],[-66.26655,18.23817],[-66.2661,18.23726],[-66.26594,18.23623],[-66.26661,18.2353],[-66.26663,18.23505],[-66.26643,18.23455],[-66.26574,18.23381],[-66.2656,18.23322],[-66.2666,18.22953],[-66.27047,18.21916],[-66.27099,18.21739],[-66.26977,18.21555],[-66.26988,18.21481],[-66.26872,18.21277],[-66.26786,18.21065],[-66.26765,18.20964],[-66.26698,18.20795],[-66.26595,18.20638],[-66.26482,18.20595],[-66.26455,18.20559],[-66.26364,18.18529],[-66.26332,18.18503],[-66.26235,18.18491],[-66.26169,18.18451],[-66.26115,18.18462],[-66.26047,18.18428],[-66.25972,18.18416],[-66.25896,18.18339],[-66.25848,18.18336],[-66.25786,18.18362],[-66.25743,18.18298],[-66.25675,18.18273],[-66.25606,18.18313],[-66.25555,18.1837],[-66.25576,18.18406],[-66.25531,18.18455],[-66.25561,18.18487],[-66.25563,18.1852],[-66.25553,18.18564],[-66.25518,18.18589],[-66.25538,18.18681],[-66.2552,18.18723],[-66.25458,18.18694],[-66.25439,18.18702],[-66.25433,18.18775],[-66.25375,18.18794],[-66.25299,18.18744],[-66.25213,18.18725],[-66.25219,18.18766],[-66.25167,18.18773],[-66.2515,18.1879],[-66.25137,18.1885],[-66.2508,18.18913],[-66.2506,18.18997],[-66.25062,18.19017],[-66.25093,18.19039],[-66.25092,18.19057],[-66.24977,18.19049],[-66.24943,18.19092],[-66.24843,18.19152],[-66.24757,18.1914],[-66.24681,18.19107],[-66.24661,18.19116],[-66.24613,18.1921],[-66.24487,18.19267],[-66.24428,18.19338],[-66.24406,18.19347],[-66.24312,18.19284],[-66.24203,18.19232],[-66.2425,18.19151],[-66.24341,18.19141],[-66.24389,18.19125],[-66.24418,18.19099],[-66.24465,18.18995],[-66.2446,18.18824],[-66.24444,18.18788],[-66.24386,18.18735],[-66.24073,18.18566],[-66.24045,18.18538],[-66.2406,18.18467],[-66.23052,18.1843],[-66.23075,18.1837],[-66.2304,18.18193],[-66.22995,18.1809],[-66.22842,18.17948],[-66.22808,18.17854],[-66.22766,18.17799],[-66.22397,18.17432],[-66.22376,18.1743],[-66.22357,18.17469],[-66.22345,18.17565],[-66.22287,18.17588],[-66.22075,18.17508],[-66.21949,18.17478],[-66.21884,18.17443],[-66.21621,18.17428],[-66.21399,18.17305],[-66.21243,18.17293],[-66.21177,18.17305],[-66.21127,18.17352],[-66.21108,18.17395],[-66.2112,18.17539],[-66.21144,18.17562],[-66.21201,18.17572],[-66.21216,18.17589],[-66.21233,18.17642],[-66.21298,18.17698],[-66.2131,18.17775],[-66.21293,18.17794],[-66.21236,18.1781],[-66.21213,18.17859],[-66.21191,18.17945],[-66.2119,18.18187],[-66.21204,18.18242],[-66.21328,18.18307],[-66.21369,18.18342],[-66.21369,18.18364],[-66.21318,18.1843],[-66.21324,18.18479],[-66.21308,18.18521],[-66.21326,18.18563],[-66.20952,18.19252],[-66.20689,18.19701],[-66.20664,18.19717],[-66.20628,18.1971],[-66.20557,18.1966],[-66.20504,18.19653],[-66.20359,18.197],[-66.20248,18.19681],[-66.19987,18.19716],[-66.19862,18.19755],[-66.1967,18.19791],[-66.19535,18.19943],[-66.19407,18.20006],[-66.1929,18.20017],[-66.1919,18.19989],[-66.19073,18.20082],[-66.19016,18.20104],[-66.18609,18.20068],[-66.18527,18.20095],[-66.18385,18.2023],[-66.18248,18.20231],[-66.18328,18.20325],[-66.18481,18.20446],[-66.18442,18.20698],[-66.18411,18.20725],[-66.18281,18.20752],[-66.18171,18.20807],[-66.18107,18.20884],[-66.18045,18.21032],[-66.17934,18.2108],[-66.17912,18.21168],[-66.17849,18.21271],[-66.1763,18.21417],[-66.17432,18.21578],[-66.17309,18.21594],[-66.17196,18.2156],[-66.17089,18.21598],[-66.17024,18.21639],[-66.16969,18.21737],[-66.16965,18.21779],[-66.17049,18.21885],[-66.17077,18.21967],[-66.17081,18.22045],[-66.17125,18.22255],[-66.17117,18.22352],[-66.17092,18.22398],[-66.17044,18.22425],[-66.16902,18.22424],[-66.16863,18.22492],[-66.16905,18.22637],[-66.17046,18.2269],[-66.17094,18.22728],[-66.17187,18.2277],[-66.17223,18.22808],[-66.17381,18.2286],[-66.17474,18.22858],[-66.17555,18.22935],[-66.17607,18.22957],[-66.17614,18.23051],[-66.17564,18.23152],[-66.17491,18.23224],[-66.17471,18.23273],[-66.17499,18.23334],[-66.17796,18.23542],[-66.17815,18.23592],[-66.17805,18.23707],[-66.17828,18.23725],[-66.17884,18.23733],[-66.17886,18.23757],[-66.17836,18.23799],[-66.17831,18.23862],[-66.17871,18.23905],[-66.17877,18.23935],[-66.17878,18.24006],[-66.17856,18.24032],[-66.17898,18.24142],[-66.17895,18.24276],[-66.17794,18.24405],[-66.17781,18.24463],[-66.17794,18.24562],[-66.17833,18.24656],[-66.17871,18.24693],[-66.17929,18.2472],[-66.18081,18.24738],[-66.18116,18.24759],[-66.18181,18.2485],[-66.18189,18.24996],[-66.18385,18.25059],[-66.18456,18.25171],[-66.18482,18.25246],[-66.18641,18.25361],[-66.18725,18.25378],[-66.18814,18.25556],[-66.18908,18.25632],[-66.19062,18.25874],[-66.19147,18.26003],[-66.19211,18.26032],[-66.19275,18.26031],[-66.19296,18.26071],[-66.19335,18.26244],[-66.1934,18.26368],[-66.19372,18.26478],[-66.19372,18.26569],[-66.19304,18.26637],[-66.19334,18.26771],[-66.19369,18.26797],[-66.19457,18.2691],[-66.19539,18.26966],[-66.19808,18.27032],[-66.19931,18.27007],[-66.19986,18.27076],[-66.2006,18.27129],[-66.20075,18.27207],[-66.20059,18.27295],[-66.19989,18.27404],[-66.19982,18.27445],[-66.20015,18.27511],[-66.20137,18.27633],[-66.20291,18.27653],[-66.20335,18.27627],[-66.20416,18.27627],[-66.20493,18.27567],[-66.20535,18.2756],[-66.20594,18.27576],[-66.20627,18.27675]]]},"properties":{"municipio":"Comerío","geoid":"72045","countyfp":"045","abrev_mun":"COM"}},
{"type":"Feature","geometry":{"type":"Polygon","coordinates":[[[-66.27798,18.32998],[-66.2779,18.33058],[-66.27861,18.33227],[-66.28484,18.34582],[-66.28633,18.34583],[-66.28642,18.34662],[-66.28626,18.34772],[-66.28639,18.3485],[-66.287,18.35028],[-66.28836,18.35287],[-66.2899,18.3549],[-66.29093,18.35565],[-66.29163,18.35659],[-66.29322,18.35791],[-66.29409,18.35888],[-66.29567,18.35972],[-66.30034,18.36386],[-66.30222,18.36512],[-66.30347,18.36626],[-66.30407,18.36729],[-66.30449,18.369],[-66.30505,18.36994],[-66.30548,18.37006],[-66.30619,18.36958],[-66.30708,18.36782],[-66.30717,18.36596],[-66.30734,18.36537],[-66.3079,18.36475],[-66.30887,18.36487],[-66.31118,18.36473],[-66.31222,18.36439],[-66.31257,18.36445],[-66.31384,18.36557],[-66.31427,18.36574],[-66.31538,18.36582],[-66.3173,18.36726],[-66.31881,18.3674],[-66.32143,18.36592],[-66.32184,18.36473],[-66.32231,18.36437],[-66.32257,18.36441],[-66.32268,18.36462],[-66.32277,18.36525],[-66.3232,18.36615],[-66.32365,18.36669],[-66.32413,18.36695],[-66.32508,18.3669],[-66.32553,18.3667],[-66.32581,18.36606],[-66.32612,18.36597],[-66.32726,18.36603],[-66.32769,18.36629],[-66.32819,18.36626],[-66.32864,18.36644],[-66.3289,18.36644],[-66.32925,18.36608],[-66.32951,18.36606],[-66.32966,18.36621],[-66.32953,18.36706],[-66.32972,18.36757],[-66.33013,18.3675],[-66.33156,18.36683],[-66.3331,18.36647],[-66.33325,18.36665],[-66.33299,18.36757],[-66.33338,18.36793],[-66.3359,18.36816],[-66.33618,18.36805],[-66.33677,18.36743],[-66.33746,18.36754],[-66.33806,18.36805],[-66.33949,18.36668],[-66.33958,18.36464],[-66.34075,18.36265],[-66.34103,18.36188],[-66.34103,18.36014],[-66.34051,18.35801],[-66.34081,18.35749],[-66.34187,18.35774],[-66.34271,18.35769],[-66.34381,18.35792],[-66.34693,18.35984],[-66.34783,18.36027],[-66.34954,18.3608],[-66.35021,18.36117],[-66.35151,18.36089],[-66.3531,18.36137],[-66.3547,18.36096],[-66.35516,18.36071],[-66.35529,18.35996],[-66.35505,18.35847],[-66.35529,18.35776],[-66.35514,18.35735],[-66.35518,18.35584],[-66.3549,18.35527],[-66.35434,18.35479],[-66.35172,18.35385],[-66.34952,18.3523],[-66.34874,18.35133],[-66.34863,18.35074],[-66.34876,18.35019],[-66.34917,18.34964],[-66.3516,18.34892],[-66.35181,18.34876],[-66.35207,18.34807],[-66.35304,18.34802],[-66.35449,18.34704],[-66.35622,18.34553],[-66.35661,18.34494],[-66.35681,18.3442],[-66.35741,18.34364],[-66.35747,18.34201],[-66.35773,18.3416],[-66.35776,18.34126],[-66.35763,18.34018],[-66.35774,18.33829],[-66.35735,18.33666],[-66.35735,18.33467],[-66.35773,18.33319],[-66.35797,18.33125],[-66.35826,18.33067],[-66.35864,18.33051],[-66.35912,18.33056],[-66.35987,18.33101],[-66.36026,18.33157],[-66.36042,18.33277],[-66.36508,18.3331],[-66.36617,18.32985],[-66.36872,18.32089],[-66.37264,18.30933],[-66.373,18.30228],[-66.37328,18.30167],[-66.37352,18.30146],[-66.37461,18.30085],[-66.37604,18.29963],[-66.37552,18.29829],[-66.37561,18.29762],[-66.37636,18.29674],[-66.37715,18.29495],[-66.37782,18.294],[-66.37784,18.29346],[-66.37897,18.29258],[-66.37916,18.29214],[-66.37851,18.29086],[-66.37841,18.29036],[-66.37845,18.28998],[-66.3789,18.28926],[-66.37892,18.28825],[-66.37874,18.2876],[-66.37842,18.28709],[-66.37765,18.2867],[-66.37746,18.28643],[-66.37761,18.2859],[-66.37846,18.28497],[-66.38023,18.2838],[-66.38056,18.28327],[-66.38102,18.28224],[-66.38103,18.28126],[-66.38132,18.28051],[-66.38246,18.27924],[-66.38255,18.27657],[-66.38322,18.27497],[-66.38263,18.27432],[-66.38156,18.27445],[-66.38092,18.27427],[-66.37885,18.27458],[-66.37845,18.27445],[-66.37624,18.27301],[-66.37542,18.27169],[-66.37462,18.27086],[-66.37317,18.27007],[-66.37209,18.26918],[-66.36262,18.25759],[-66.35981,18.25312],[-66.35751,18.24921],[-66.35749,18.2486],[-66.35778,18.24801],[-66.35808,18.24661],[-66.35796,18.24608],[-66.35708,18.24566],[-66.35587,18.24549],[-66.35472,18.24453],[-66.35393,18.24407],[-66.35357,18.24396],[-66.35236,18.24397],[-66.35176,18.24219],[-66.35086,18.24128],[-66.34966,18.24054],[-66.34883,18.24046],[-66.34744,18.24005],[-66.34634,18.24011],[-66.34558,18.23998],[-66.34471,18.24012],[-66.34396,18.23948],[-66.34275,18.23975],[-66.34203,18.23975],[-66.34135,18.23911],[-66.34045,18.23871],[-66.33864,18.23906],[-66.33769,18.23939],[-66.33603,18.2395],[-66.33422,18.24071],[-66.33394,18.24112],[-66.3327,18.24164],[-66.33221,18.24255],[-66.3322,18.24323],[-66.33154,18.24342],[-66.3314,18.24359],[-66.3307,18.24373],[-66.32682,18.24413],[-66.32661,18.24597],[-66.32611,18.24782],[-66.32444,18.24748],[-66.32276,18.2476],[-66.3202,18.24757],[-66.31884,18.24801],[-66.31759,18.24886],[-66.31554,18.24962],[-66.31465,18.24967],[-66.31347,18.24925],[-66.31307,18.24942],[-66.31187,18.25044],[-66.31087,18.25078],[-66.31009,18.25133],[-66.30866,18.25117],[-66.30741,18.25255],[-66.3062,18.25246],[-66.30594,18.25266],[-66.30585,18.25296],[-66.3062,18.25424],[-66.306,18.25483],[-66.30574,18.25493],[-66.30507,18.25483],[-66.30453,18.25504],[-66.303,18.25461],[-66.30241,18.25531],[-66.29775,18.25682],[-66.29628,18.25753],[-66.29539,18.25865],[-66.29515,18.25936],[-66.29394,18.26078],[-66.29308,18.26263],[-66.29238,18.26347],[-66.29134,18.26435],[-66.29117,18.26492],[-66.29107,18.26643],[-66.29083,18.26684],[-66.29014,18.26768],[-66.28987,18.26825],[-66.28897,18.26874],[-66.28836,18.26928],[-66.28733,18.27123],[-66.28709,18.27198],[-66.28715,18.27266],[-66.28748,18.27337],[-66.28882,18.27539],[-66.28897,18.2758],[-66.28899,18.27655],[-66.2883,18.27984],[-66.28817,18.28161],[-66.28722,18.28392],[-66.28742,18.28757],[-66.28664,18.29112],[-66.28666,18.29331],[-66.28636,18.29468],[-66.28595,18.29919],[-66.2853,18.3036],[-66.28522,18.30394],[-66.28405,18.3058],[-66.28368,18.307],[-66.28331,18.3092],[-66.28319,18.31153],[-66.28282,18.31226],[-66.28306,18.31464],[-66.28284,18.31555],[-66.27798,18.32998]]]},"properties":{"municipio":"Corozal","geoid":"72047","countyfp":"047","abrev_mun":"COR"}},
{"type":"Feature","geometry":{"type":"MultiPolygon","coordinates":[[[[-65.33842,18.35014],[-65.33879,18.35024],[-65.33911,18.35015],[-65.33941,18.34977],[-65.33941,18.3493],[-65.33976,18.34917],[-65.33994,18.34932],[-65.3401,18.34927],[-65.34006,18.34822],[-65.34039,18.34796],[-65.34112,18.34786],[-65.34136,18.34746],[-65.34195,18.34755],[-65.34257,18.34843],[-65.34377,18.34955],[-65.34397,18.34954],[-65.34428,18.34886],[-65.34392,18.34782],[-65.34324,18.34733],[-65.3431,18.347],[-65.34261,18.34692],[-65.34228,18.34659],[-65.34169,18.34639],[-65.34142,18.34603],[-65.34061,18.34561],[-65.34014,18.34502],[-65.33932,18.34343],[-65.33904,18.34157],[-65.33856,18.3405],[-65.33728,18.33922],[-65.33644,18.33903],[-65.33611,18.33849],[-65.33567,18.33837],[-65.33552,18.33798],[-65.33547,18.33657],[-65.33517,18.33588],[-65.33461,18.33546],[-65.3344,18.3341],[-65.33423,18.33407],[-65.33321,18.33301],[-65.33253,18.33162],[-65.33163,18.33042],[-65.33105,18.32891],[-65.33044,18.3282],[-65.32974,18.32625],[-65.32969,18.32574],[-65.33008,18.32373],[-65.33032,18.32343],[-65.33065,18.32359],[-65.33084,18.32324],[-65.33096,18.32195],[-65.33071,18.3219],[-65.33067,18.32208],[-65.33057,18.32201],[-65.33027,18.32216],[-65.33006,18.32255],[-65.32997,18.32317],[-65.32917,18.32375],[-65.328,18.32387],[-65.3273,18.32377],[-65.3265,18.32343],[-65.32605,18.32299],[-65.32402,18.3221],[-65.32302,18.32116],[-65.32272,18.32027],[-65.32278,18.31874],[-65.32188,18.3196],[-65.32131,18.31975],[-65.31991,18.31953],[-65.31904,18.31917],[-65.3182,18.31861],[-65.31758,18.31782],[-65.31719,18.31643],[-65.31732,18.31523],[-65.31757,18.31473],[-65.31686,18.31373],[-65.31618,18.31207],[-65.31612,18.31112],[-65.31626,18.31049],[-65.31653,18.31],[-65.31649,18.3094],[-65.31519,18.30912],[-65.3139,18.30863],[-65.31324,18.30799],[-65.31185,18.30481],[-65.31089,18.30402],[-65.31045,18.30329],[-65.31055,18.3026],[-65.31133,18.30103],[-65.31123,18.30082],[-65.31116,18.30097],[-65.31087,18.30086],[-65.31089,18.30123],[-65.31033,18.30235],[-65.30985,18.30288],[-65.3095,18.30302],[-65.3087,18.30288],[-65.3084,18.30261],[-65.30824,18.30197],[-65.30718,18.30158],[-65.30609,18.30174],[-65.30452,18.30262],[-65.304,18.30258],[-65.30309,18.30214],[-65.30261,18.30167],[-65.30276,18.30152],[-65.3027,18.30143],[-65.30242,18.30145],[-65.3022,18.30111],[-65.30258,18.30098],[-65.30253,18.30083],[-65.30131,18.30134],[-65.3014,18.3015],[-65.30172,18.30134],[-65.30189,18.3016],[-65.30134,18.30206],[-65.30094,18.30225],[-65.30074,18.30206],[-65.30039,18.302],[-65.29991,18.30219],[-65.30042,18.30171],[-65.30008,18.30142],[-65.30044,18.30169],[-65.30043,18.30157],[-65.30061,18.3016],[-65.3006,18.30126],[-65.30148,18.30106],[-65.30192,18.30085],[-65.302,18.30068],[-65.3022,18.30068],[-65.30187,18.30061],[-65.3018,18.30044],[-65.30179,18.29926],[-65.30219,18.29891],[-65.3029,18.29869],[-65.30313,18.29836],[-65.30327,18.29841],[-65.30334,18.29831],[-65.30308,18.29809],[-65.30251,18.29838],[-65.30163,18.29854],[-65.30094,18.29819],[-65.30044,18.2976],[-65.30034,18.2969],[-65.30071,18.29616],[-65.30074,18.29554],[-65.30131,18.29439],[-65.3006,18.29391],[-65.30018,18.29435],[-65.29974,18.29432],[-65.29884,18.29454],[-65.29847,18.29448],[-65.29679,18.29318],[-65.29597,18.29219],[-65.29528,18.29186],[-65.29445,18.29103],[-65.29422,18.28998],[-65.29389,18.28923],[-65.29395,18.28851],[-65.29303,18.2871],[-65.29305,18.28676],[-65.29253,18.28628],[-65.29241,18.28635],[-65.29196,18.28624],[-65.29053,18.28505],[-65.29032,18.28389],[-65.28971,18.28308],[-65.28973,18.2827],[-65.28933,18.28262],[-65.2891,18.28279],[-65.28811,18.28257],[-65.28759,18.28233],[-65.28679,18.28162],[-65.28642,18.28097],[-65.28638,18.28019],[-65.28739,18.27837],[-65.2874,18.27773],[-65.28729,18.27763],[-65.28638,18.27742],[-65.28605,18.27711],[-65.28568,18.27767],[-65.28575,18.27811],[-65.28552,18.27831],[-65.28508,18.2792],[-65.28413,18.27956],[-65.28342,18.27967],[-65.28337,18.2801],[-65.28402,18.28105],[-65.28444,18.28142],[-65.28573,18.28192],[-65.28599,18.28227],[-65.28597,18.28303],[-65.28571,18.28357],[-65.28518,18.28395],[-65.28361,18.28388],[-65.2825,18.28359],[-65.28152,18.28373],[-65.28181,18.2846],[-65.2824,18.28541],[-65.28385,18.28669],[-65.28363,18.28746],[-65.28332,18.2877],[-65.28207,18.28764],[-65.28171,18.28773],[-65.28094,18.28814],[-65.28073,18.28853],[-65.28075,18.28882],[-65.28111,18.28945],[-65.2819,18.2906],[-65.28283,18.29162],[-65.28286,18.29276],[-65.28251,18.2939],[-65.28264,18.29395],[-65.28373,18.29332],[-65.28408,18.29337],[-65.28425,18.29272],[-65.28457,18.29229],[-65.28601,18.29216],[-65.28814,18.29132],[-65.28895,18.29123],[-65.28926,18.29135],[-65.2893,18.2918],[-65.28947,18.2919],[-65.2892,18.29238],[-65.28775,18.29303],[-65.28732,18.2934],[-65.28733,18.29397],[-65.28764,18.29418],[-65.28761,18.29434],[-65.2878,18.29429],[-65.28798,18.2944],[-65.28813,18.29469],[-65.28784,18.29516],[-65.28795,18.29562],[-65.28784,18.29595],[-65.28675,18.29629],[-65.28629,18.29672],[-65.28627,18.29751],[-65.28667,18.29834],[-65.28727,18.29881],[-65.28812,18.29906],[-65.28927,18.30012],[-65.29039,18.30059],[-65.29124,18.30111],[-65.29225,18.30117],[-65.29293,18.30136],[-65.29382,18.30122],[-65.29444,18.3017],[-65.29623,18.30235],[-65.29676,18.30235],[-65.29804,18.30198],[-65.29817,18.30204],[-65.29812,18.30221],[-65.29829,18.30227],[-65.29843,18.30211],[-65.29855,18.30228],[-65.29936,18.30234],[-65.2998,18.30218],[-65.29985,18.30226],[-65.29947,18.30256],[-65.29962,18.3028],[-65.29961,18.30359],[-65.29978,18.30389],[-65.30001,18.30412],[-65.30025,18.30415],[-65.30048,18.30377],[-65.30071,18.30377],[-65.30127,18.30421],[-65.30227,18.30534],[-65.30227,18.3059],[-65.302,18.30661],[-65.30215,18.30689],[-65.30209,18.30815],[-65.30223,18.30813],[-65.30236,18.30837],[-65.30249,18.3094],[-65.30238,18.30984],[-65.30263,18.3101],[-65.30252,18.31026],[-65.30272,18.31051],[-65.30183,18.31041],[-65.30081,18.30997],[-65.29921,18.31013],[-65.29705,18.30944],[-65.29642,18.30939],[-65.29625,18.30918],[-65.29542,18.30939],[-65.29516,18.30927],[-65.29468,18.30849],[-65.29408,18.30808],[-65.29318,18.30791],[-65.29254,18.3082],[-65.29227,18.30806],[-65.29229,18.30791],[-65.29189,18.30777],[-65.29126,18.30777],[-65.29095,18.308],[-65.29107,18.30851],[-65.292,18.30912],[-65.29254,18.30982],[-65.29244,18.31025],[-65.29208,18.31044],[-65.29219,18.31085],[-65.2921,18.31123],[-65.29181,18.31155],[-65.2916,18.31217],[-65.29168,18.31162],[-65.29075,18.31084],[-65.28986,18.30896],[-65.28933,18.30861],[-65.28801,18.30726],[-65.2871,18.30678],[-65.28642,18.30678],[-65.28575,18.30716],[-65.28549,18.3082],[-65.28523,18.30843],[-65.28507,18.30911],[-65.28475,18.30843],[-65.28464,18.30663],[-65.28453,18.30659],[-65.28463,18.3071],[-65.28441,18.30671],[-65.2843,18.30685],[-65.28409,18.30676],[-65.28367,18.30625],[-65.28328,18.30618],[-65.28329,18.3063],[-65.28205,18.30636],[-65.28105,18.30618],[-65.28024,18.30629],[-65.2805,18.30698],[-65.28034,18.30732],[-65.28094,18.30734],[-65.28134,18.30763],[-65.28162,18.30796],[-65.28171,18.30856],[-65.28148,18.30789],[-65.28093,18.30743],[-65.28028,18.3075],[-65.28013,18.30696],[-65.27979,18.30718],[-65.27938,18.30705],[-65.27929,18.30679],[-65.27908,18.3067],[-65.27871,18.307],[-65.27838,18.30701],[-65.27794,18.30664],[-65.27731,18.30648],[-65.27665,18.30607],[-65.2767,18.30586],[-65.2764,18.30542],[-65.27535,18.30508],[-65.27568,18.30505],[-65.27599,18.30523],[-65.27635,18.30518],[-65.27688,18.30575],[-65.27706,18.30578],[-65.27721,18.30551],[-65.27773,18.30551],[-65.27796,18.30522],[-65.2779,18.30482],[-65.27776,18.30472],[-65.27742,18.30479],[-65.27752,18.30465],[-65.27843,18.30462],[-65.27886,18.3044],[-65.27922,18.30389],[-65.27957,18.30371],[-65.28052,18.30379],[-65.2818,18.30301],[-65.28109,18.30252],[-65.28072,18.30242],[-65.27976,18.30298],[-65.27945,18.3029],[-65.27927,18.30242],[-65.27934,18.30179],[-65.2797,18.30129],[-65.28029,18.30088],[-65.2802,18.30072],[-65.27918,18.30042],[-65.27903,18.30052],[-65.2788,18.30045],[-65.27871,18.30068],[-65.27791,18.30117],[-65.27737,18.30204],[-65.27696,18.30251],[-65.27677,18.30252],[-65.27687,18.30183],[-65.27716,18.30138],[-65.27721,18.301],[-65.27679,18.29949],[-65.27701,18.2989],[-65.27752,18.29886],[-65.27758,18.29791],[-65.27726,18.2974],[-65.27676,18.2971],[-65.27634,18.29623],[-65.27522,18.29601],[-65.27435,18.29516],[-65.27319,18.29532],[-65.27225,18.29613],[-65.27165,18.29615],[-65.27013,18.29659],[-65.26883,18.29744],[-65.26731,18.29746],[-65.26524,18.29702],[-65.26447,18.29651],[-65.26339,18.29537],[-65.26373,18.29449],[-65.26377,18.29378],[-65.26311,18.29254],[-65.26296,18.29172],[-65.26391,18.29067],[-65.26402,18.29014],[-65.26314,18.28968],[-65.26215,18.28981],[-65.26179,18.28952],[-65.26106,18.28969],[-65.26065,18.28993],[-65.26031,18.29037],[-65.26036,18.29091],[-65.26015,18.29137],[-65.25919,18.2927],[-65.25842,18.29347],[-65.25773,18.29373],[-65.25682,18.29372],[-65.25579,18.29305],[-65.25491,18.29341],[-65.25529,18.2941],[-65.25573,18.29388],[-65.25616,18.29411],[-65.25642,18.29498],[-65.25732,18.29618],[-65.25745,18.29676],[-65.25778,18.29721],[-65.25746,18.29728],[-65.25743,18.29764],[-65.25643,18.29806],[-65.25637,18.29828],[-65.25643,18.29845],[-65.25676,18.29846],[-65.25697,18.29863],[-65.25731,18.30003],[-65.25765,18.30055],[-65.25722,18.30042],[-65.25641,18.29952],[-65.2558,18.29931],[-65.25557,18.29892],[-65.2552,18.29919],[-65.25499,18.3003],[-65.25516,18.30102],[-65.2568,18.30242],[-65.25662,18.30247],[-65.25634,18.30288],[-65.25639,18.30314],[-65.25662,18.30334],[-65.25744,18.30327],[-65.25788,18.30272],[-65.25825,18.30258],[-65.25866,18.30261],[-65.25896,18.30294],[-65.25892,18.30351],[-65.2582,18.30329],[-65.25788,18.3035],[-65.25778,18.30378],[-65.25798,18.30486],[-65.25826,18.30545],[-65.25934,18.30645],[-65.25937,18.30673],[-65.25902,18.30691],[-65.25961,18.30753],[-65.25888,18.30727],[-65.25907,18.30787],[-65.25824,18.30879],[-65.25734,18.30932],[-65.25694,18.3092],[-65.25687,18.30898],[-65.257,18.30878],[-65.25621,18.30872],[-65.25662,18.30864],[-65.2569,18.30843],[-65.25671,18.30828],[-65.2566,18.3078],[-65.25687,18.30804],[-65.25704,18.30781],[-65.25675,18.30722],[-65.256,18.30673],[-65.25572,18.30614],[-65.255,18.30613],[-65.25272,18.30649],[-65.25135,18.30596],[-65.25019,18.30467],[-65.24929,18.30434],[-65.24865,18.30435],[-65.24788,18.30388],[-65.24713,18.30386],[-65.24667,18.30337],[-65.24604,18.30322],[-65.24514,18.30361],[-65.24454,18.30348],[-65.24428,18.30362],[-65.24421,18.30392],[-65.24465,18.30492],[-65.2446,18.3059],[-65.24512,18.30892],[-65.24499,18.30953],[-65.24546,18.311],[-65.24606,18.31177],[-65.24831,18.31358],[-65.25042,18.31586],[-65.25048,18.31648],[-65.25115,18.31714],[-65.25127,18.31786],[-65.25185,18.31909],[-65.25199,18.3191],[-65.25198,18.31892],[-65.25234,18.31855],[-65.25313,18.31876],[-65.25501,18.31992],[-65.2567,18.32074],[-65.2605,18.32347],[-65.26241,18.32442],[-65.26265,18.32501],[-65.26327,18.32545],[-65.26428,18.32565],[-65.2649,18.32649],[-65.26603,18.32672],[-65.26688,18.3277],[-65.26684,18.32784],[-65.26779,18.32783],[-65.26847,18.32819],[-65.26882,18.32806],[-65.26913,18.3281],[-65.26991,18.32868],[-65.27006,18.32895],[-65.27095,18.32935],[-65.271,18.32955],[-65.27133,18.32952],[-65.27233,18.3298],[-65.27251,18.33009],[-65.27242,18.33035],[-65.27294,18.33043],[-65.27335,18.33076],[-65.27351,18.33106],[-65.27367,18.331],[-65.27443,18.33134],[-65.27565,18.3315],[-65.27688,18.33214],[-65.27754,18.3322],[-65.27769,18.33262],[-65.27786,18.33256],[-65.27768,18.33228],[-65.27824,18.33212],[-65.27847,18.33187],[-65.27856,18.33068],[-65.27994,18.33075],[-65.27985,18.33058],[-65.28,18.33039],[-65.28039,18.3303],[-65.28081,18.33041],[-65.28178,18.32958],[-65.28467,18.33013],[-65.28644,18.33066],[-65.28767,18.33121],[-65.28954,18.33237],[-65.2902,18.33298],[-65.29084,18.33423],[-65.29079,18.33474],[-65.29127,18.33532],[-65.29113,18.33535],[-65.29109,18.33566],[-65.29127,18.33545],[-65.29136,18.33563],[-65.29179,18.33554],[-65.29172,18.33547],[-65.29203,18.33512],[-65.29241,18.33545],[-65.29254,18.33519],[-65.29281,18.33504],[-65.29368,18.33297],[-65.29386,18.33177],[-65.29439,18.33124],[-65.29543,18.33061],[-65.29841,18.33066],[-65.30199,18.33163],[-65.30612,18.33335],[-65.30627,18.3342],[-65.30649,18.33456],[-65.30679,18.33475],[-65.30704,18.33541],[-65.30738,18.33576],[-65.30815,18.33619],[-65.30808,18.33655],[-65.30853,18.33647],[-65.30884,18.33685],[-65.30879,18.3372],[-65.30916,18.33772],[-65.31001,18.3381],[-65.31008,18.33791],[-65.31049,18.33784],[-65.31061,18.33757],[-65.31052,18.33723],[-65.31082,18.33658],[-65.31081,18.33605],[-65.31146,18.33548],[-65.31187,18.33547],[-65.31193,18.33502],[-65.3126,18.334],[-65.31287,18.33294],[-65.31264,18.33241],[-65.31313,18.33042],[-65.31342,18.33038],[-65.31371,18.3299],[-65.31469,18.32929],[-65.3172,18.32906],[-65.31889,18.32929],[-65.31991,18.32977],[-65.32012,18.33026],[-65.3213,18.33156],[-65.32219,18.33379],[-65.32233,18.33449],[-65.3236,18.33519],[-65.32422,18.33613],[-65.32514,18.33715],[-65.32548,18.33731],[-65.3272,18.3372],[-65.32759,18.3376],[-65.32864,18.33755],[-65.32967,18.33783],[-65.33039,18.3382],[-65.33058,18.33902],[-65.33091,18.33895],[-65.33168,18.33911],[-65.33204,18.33935],[-65.33196,18.33965],[-65.3325,18.34019],[-65.33378,18.34212],[-65.33495,18.34331],[-65.33519,18.34383],[-65.33514,18.34452],[-65.3353,18.34479],[-65.33534,18.34538],[-65.33585,18.34616],[-65.33625,18.34618],[-65.33651,18.34637],[-65.33681,18.34751],[-65.33696,18.34755],[-65.33688,18.34798],[-65.33707,18.34792],[-65.33718,18.34822],[-65.33765,18.34854],[-65.33785,18.34934],[-65.33812,18.34962],[-65.33814,18.35003],[-65.33842,18.35014]]],[[[-65.28587,18.27697],[-65.28577,18.27705],[-65.286,18.27703],[-65.28587,18.27697]]],[[[-65.28567,18.27745],[-65.2859,18.27724],[-65.28572,18.27717],[-65.2856,18.27731],[-65.28567,18.27745]]],[[[-65.32896,18.29501],[-65.32913,18.29517],[-65.32911,18.29504],[-65.32928,18.29495],[-65.32885,18.2946],[-65.32896,18.29501]]],[[[-65.2568,18.29716],[-65.25658,18.29771],[-65.25685,18.29736],[-65.2568,18.29716]]],[[[-65.25025,18.29816],[-65.2506,18.29833],[-65.251,18.29814],[-65.25109,18.29825],[-65.25146,18.29793],[-65.25148,18.29773],[-65.25098,18.2974],[-65.25097,18.29717],[-65.24977,18.2967],[-65.24976,18.29646],[-65.24968,18.29657],[-65.24963,18.29646],[-65.24932,18.29669],[-65.24916,18.29729],[-65.24898,18.29714],[-65.24902,18.29738],[-65.24963,18.29798],[-65.25025,18.29816]]],[[[-65.25225,18.29925],[-65.2521,18.29934],[-65.25215,18.29955],[-65.25236,18.29975],[-65.25262,18.29972],[-65.25244,18.29927],[-65.25225,18.29925]]],[[[-65.30107,18.3012],[-65.30069,18.30135],[-65.30069,18.30152],[-65.30106,18.30137],[-65.30107,18.3012]]],[[[-65.27826,18.30508],[-65.2779,18.30562],[-65.27717,18.3059],[-65.27745,18.30627],[-65.27789,18.30638],[-65.27832,18.30615],[-65.27857,18.30539],[-65.27845,18.30513],[-65.27826,18.30508]]],[[[-65.29501,18.30547],[-65.29487,18.30578],[-65.295,18.30598],[-65.29589,18.30654],[-65.29615,18.30645],[-65.29577,18.30589],[-65.29501,18.30547]]],[[[-65.27884,18.30547],[-65.27854,18.30616],[-65.27811,18.30659],[-65.27834,18.30684],[-65.27856,18.30684],[-65.27905,18.30654],[-65.27918,18.30575],[-65.27905,18.30551],[-65.27884,18.30547]]],[[[-65.29043,18.30665],[-65.29041,18.30679],[-65.29064,18.30694],[-65.29057,18.30669],[-65.29043,18.30665]]],[[[-65.34897,18.31162],[-65.34908,18.3118],[-65.34911,18.31161],[-65.34897,18.31162]]],[[[-65.34715,18.31211],[-65.34761,18.31189],[-65.34799,18.31135],[-65.34815,18.31145],[-65.34891,18.31143],[-65.34904,18.31104],[-65.34876,18.3109],[-65.34804,18.31115],[-65.34752,18.31102],[-65.34729,18.31071],[-65.34696,18.31077],[-65.34688,18.31154],[-65.34667,18.31164],[-65.3467,18.31194],[-65.34698,18.31191],[-65.34715,18.31211]]],[[[-65.34777,18.3123],[-65.34799,18.31219],[-65.34785,18.31204],[-65.34777,18.3123]]],[[[-65.22108,18.31252],[-65.22103,18.31271],[-65.22113,18.31271],[-65.22108,18.31252]]],[[[-65.35265,18.3136],[-65.35271,18.31342],[-65.35253,18.31355],[-65.35265,18.3136]]],[[[-65.35322,18.31477],[-65.35334,18.31472],[-65.35338,18.31445],[-65.35353,18.31459],[-65.35376,18.31459],[-65.35374,18.31441],[-65.35359,18.31441],[-65.35374,18.31433],[-65.35347,18.31425],[-65.35362,18.31408],[-65.35342,18.31382],[-65.35288,18.31371],[-65.35263,18.31442],[-65.35289,18.31458],[-65.35286,18.31437],[-65.35327,18.31466],[-65.35311,18.31471],[-65.35322,18.31477]]],[[[-65.33013,18.31602],[-65.33031,18.31612],[-65.33071,18.31576],[-65.33071,18.31594],[-65.33089,18.31584],[-65.33085,18.31546],[-65.33139,18.31509],[-65.33144,18.31451],[-65.33183,18.31371],[-65.33241,18.31308],[-65.3327,18.31315],[-65.33235,18.31268],[-65.33227,18.31229],[-65.33248,18.31189],[-65.33341,18.31111],[-65.33399,18.31085],[-65.33464,18.31109],[-65.33501,18.31091],[-65.33523,18.31056],[-65.33542,18.31048],[-65.33579,18.31075],[-65.33605,18.31077],[-65.3364,18.30984],[-65.33717,18.30947],[-65.33757,18.30956],[-65.3378,18.30984],[-65.33854,18.30999],[-65.33934,18.31055],[-65.33957,18.31048],[-65.33966,18.31009],[-65.33973,18.31034],[-65.34024,18.3099],[-65.33949,18.30948],[-65.33879,18.30929],[-65.33803,18.30865],[-65.33757,18.30787],[-65.33709,18.3063],[-65.33708,18.3057],[-65.3372,18.30556],[-65.33692,18.30532],[-65.33684,18.30483],[-65.33722,18.30328],[-65.33797,18.30217],[-65.33843,18.30182],[-65.33841,18.30163],[-65.33813,18.30141],[-65.33788,18.30143],[-65.33639,18.30218],[-65.33579,18.30227],[-65.3345,18.30211],[-65.3338,18.30183],[-65.33307,18.30118],[-65.33279,18.3007],[-65.3317,18.30006],[-65.3314,18.29961],[-65.33129,18.29883],[-65.3319,18.29746],[-65.33179,18.29643],[-65.33147,18.29582],[-65.33061,18.29539],[-65.32971,18.29534],[-65.32905,18.29522],[-65.32881,18.29504],[-65.32823,18.29504],[-65.32791,18.29557],[-65.32782,18.29602],[-65.32814,18.29776],[-65.32865,18.29827],[-65.32993,18.29876],[-65.3302,18.29934],[-65.32995,18.3001],[-65.3289,18.30055],[-65.32838,18.30187],[-65.32835,18.30233],[-65.32817,18.30222],[-65.32824,18.30304],[-65.32867,18.30405],[-65.32871,18.30501],[-65.32804,18.30734],[-65.32788,18.30751],[-65.32811,18.30836],[-65.32773,18.30889],[-65.32842,18.30969],[-65.32855,18.31011],[-65.32882,18.31028],[-65.32946,18.31032],[-65.33024,18.31109],[-65.33025,18.31223],[-65.32917,18.31501],[-65.32937,18.31567],[-65.32982,18.31593],[-65.33003,18.31579],[-65.33013,18.31602]]],[[[-65.36812,18.3173],[-65.36812,18.31753],[-65.36781,18.31771],[-65.36807,18.31806],[-65.36858,18.31761],[-65.36844,18.31734],[-65.36812,18.3173]]],[[[-65.35369,18.3199],[-65.35396,18.32],[-65.35397,18.31978],[-65.35408,18.31982],[-65.354,18.31947],[-65.35431,18.31934],[-65.35428,18.31905],[-65.35448,18.3191],[-65.35419,18.31898],[-65.35434,18.31877],[-65.35382,18.3183],[-65.35329,18.31861],[-65.35295,18.31914],[-65.35312,18.31915],[-65.35317,18.31941],[-65.35348,18.31948],[-65.35339,18.31962],[-65.35326,18.3195],[-65.35316,18.3199],[-65.35329,18.31997],[-65.35338,18.31988],[-65.35343,18.32002],[-65.35369,18.3199]]],[[[-65.2338,18.32171],[-65.23379,18.322],[-65.23401,18.32219],[-65.23413,18.32186],[-65.2338,18.32171]]],[[[-65.23785,18.32352],[-65.23773,18.32358],[-65.23788,18.32377],[-65.23815,18.32376],[-65.23821,18.32352],[-65.23785,18.32352]]],[[[-65.22743,18.32392],[-65.22811,18.3239],[-65.22798,18.3236],[-65.22864,18.32322],[-65.22812,18.32257],[-65.2281,18.32229],[-65.22774,18.32251],[-65.22764,18.32193],[-65.22716,18.32201],[-65.22685,18.32181],[-65.22654,18.32055],[-65.2262,18.32009],[-65.22668,18.31916],[-65.2274,18.31844],[-65.22795,18.31808],[-65.22893,18.3178],[-65.22966,18.31791],[-65.23014,18.31815],[-65.23062,18.3186],[-65.23028,18.31945],[-65.23143,18.3197],[-65.23159,18.31989],[-65.23167,18.32045],[-65.23226,18.32057],[-65.23283,18.3204],[-65.23364,18.32049],[-65.23424,18.32073],[-65.23458,18.32111],[-65.23585,18.32131],[-65.23691,18.32165],[-65.23737,18.32162],[-65.23808,18.32079],[-65.23811,18.31936],[-65.23781,18.31898],[-65.23667,18.31817],[-65.23415,18.31703],[-65.23257,18.3161],[-65.23223,18.31573],[-65.23119,18.31507],[-65.23058,18.31345],[-65.23055,18.3129],[-65.23035,18.31271],[-65.23044,18.31195],[-65.23034,18.31139],[-65.23002,18.3109],[-65.22951,18.31077],[-65.2281,18.31138],[-65.22639,18.31091],[-65.22423,18.31089],[-65.22338,18.31052],[-65.22291,18.31047],[-65.22285,18.31059],[-65.22307,18.3107],[-65.22274,18.31081],[-65.22279,18.31105],[-65.2225,18.31098],[-65.222,18.31128],[-65.22183,18.31119],[-65.22164,18.31155],[-65.22138,18.31138],[-65.22158,18.31173],[-65.22155,18.31196],[-65.22126,18.3119],[-65.22105,18.3123],[-65.2212,18.31247],[-65.22125,18.31237],[-65.22169,18.31249],[-65.22253,18.31197],[-65.22342,18.31173],[-65.2241,18.31202],[-65.22436,18.31246],[-65.2242,18.31312],[-65.22428,18.31339],[-65.22419,18.31361],[-65.22377,18.31382],[-65.22367,18.31412],[-65.2238,18.31423],[-65.22401,18.31419],[-65.22457,18.3137],[-65.22523,18.31395],[-65.22556,18.3144],[-65.22594,18.31539],[-65.22599,18.31657],[-65.22576,18.31762],[-65.22522,18.31816],[-65.22421,18.31805],[-65.22276,18.31854],[-65.22277,18.31891],[-65.22242,18.31921],[-65.22278,18.31927],[-65.22281,18.31956],[-65.2224,18.31999],[-65.22235,18.32028],[-65.2221,18.32021],[-65.22197,18.32046],[-65.22211,18.32068],[-65.22161,18.32097],[-65.22182,18.32138],[-65.22217,18.32154],[-65.22209,18.32186],[-65.2222,18.32199],[-65.22268,18.32184],[-65.22293,18.32219],[-65.22324,18.32218],[-65.22343,18.32196],[-65.22368,18.32221],[-65.22406,18.32219],[-65.22435,18.32256],[-65.22503,18.3227],[-65.22529,18.32305],[-65.22526,18.32339],[-65.22603,18.32334],[-65.2256,18.32358],[-65.22606,18.32353],[-65.22649,18.32328],[-65.22655,18.32306],[-65.22671,18.32298],[-65.22683,18.32304],[-65.2268,18.32335],[-65.2272,18.32327],[-65.22731,18.32294],[-65.22754,18.32276],[-65.22734,18.32322],[-65.22743,18.32392]]],[[[-65.24104,18.32542],[-65.24131,18.32555],[-65.24166,18.32528],[-65.24131,18.32489],[-65.24068,18.32455],[-65.24024,18.32452],[-65.23994,18.32408],[-65.23996,18.3252],[-65.24051,18.32548],[-65.24104,18.32542]]],[[[-65.38049,18.32675],[-65.38069,18.32659],[-65.38088,18.32663],[-65.38097,18.32625],[-65.38036,18.3256],[-65.38017,18.32512],[-65.38007,18.32514],[-65.38009,18.32496],[-65.37976,18.32482],[-65.37971,18.32462],[-65.37925,18.32454],[-65.37907,18.32412],[-65.37835,18.32397],[-65.37815,18.32377],[-65.37813,18.32339],[-65.37856,18.32317],[-65.37852,18.32302],[-65.37832,18.323],[-65.37842,18.32285],[-65.3777,18.32296],[-65.37763,18.32279],[-65.37757,18.32292],[-65.37722,18.32264],[-65.37699,18.32266],[-65.37656,18.3224],[-65.37614,18.32194],[-65.37533,18.32148],[-65.37522,18.3213],[-65.37497,18.32145],[-65.37471,18.3214],[-65.37462,18.32159],[-65.37486,18.3219],[-65.37478,18.32238],[-65.37533,18.32261],[-65.37556,18.32281],[-65.37549,18.32289],[-65.37606,18.32287],[-65.37619,18.3232],[-65.37589,18.32342],[-65.37596,18.32354],[-65.37564,18.32384],[-65.37612,18.32407],[-65.37604,18.32452],[-65.37569,18.32495],[-65.37563,18.32542],[-65.37536,18.32577],[-65.37544,18.3259],[-65.37568,18.32588],[-65.37618,18.32623],[-65.37625,18.3261],[-65.37658,18.32603],[-65.37684,18.32613],[-65.37694,18.326],[-65.37696,18.32613],[-65.37722,18.32597],[-65.37724,18.32619],[-65.37732,18.32577],[-65.37746,18.32562],[-65.37767,18.32571],[-65.37757,18.32559],[-65.37778,18.3254],[-65.37862,18.32588],[-65.37889,18.32574],[-65.37901,18.32586],[-65.37949,18.32588],[-65.37992,18.32647],[-65.38049,18.32675]]],[[[-65.39192,18.33533],[-65.3923,18.33519],[-65.39207,18.33503],[-65.39219,18.3349],[-65.39202,18.33459],[-65.39249,18.33411],[-65.39289,18.33429],[-65.39296,18.33418],[-65.39309,18.33425],[-65.39304,18.33408],[-65.39317,18.33393],[-65.39294,18.33371],[-65.39274,18.33334],[-65.39284,18.33332],[-65.39264,18.33324],[-65.39237,18.33287],[-65.39245,18.33219],[-65.39212,18.33182],[-65.39187,18.33185],[-65.39177,18.33168],[-65.39142,18.33182],[-65.39166,18.33205],[-65.39164,18.33223],[-65.39202,18.3324],[-65.39199,18.33276],[-65.39172,18.33285],[-65.39187,18.33287],[-65.39165,18.33322],[-65.39174,18.33328],[-65.39155,18.33353],[-65.39098,18.33342],[-65.39098,18.33365],[-65.39056,18.33388],[-65.39043,18.33423],[-65.39064,18.33409],[-65.39104,18.33415],[-65.39089,18.33478],[-65.39125,18.33472],[-65.39114,18.33495],[-65.39134,18.33512],[-65.39168,18.33507],[-65.39175,18.33516],[-65.39182,18.33492],[-65.39186,18.33507],[-65.39197,18.3351],[-65.39197,18.33499],[-65.39203,18.33518],[-65.39192,18.33533]]],[[[-65.39201,18.33594],[-65.39201,18.33584],[-65.39187,18.33587],[-65.39201,18.33594]]],[[[-65.39257,18.33586],[-65.39256,18.33605],[-65.39271,18.33583],[-65.39286,18.33603],[-65.39304,18.3359],[-65.39293,18.33572],[-65.39267,18.33565],[-65.39285,18.33556],[-65.39279,18.33549],[-65.39245,18.33564],[-65.3926,18.33573],[-65.39257,18.33586]]],[[[-65.2897,18.3368],[-65.28981,18.33665],[-65.28962,18.33661],[-65.2897,18.3368]]],[[[-65.24561,18.33652],[-65.24566,18.33676],[-65.24591,18.33648],[-65.24561,18.33652]]],[[[-65.28992,18.33719],[-65.29012,18.33753],[-65.29025,18.33676],[-65.29046,18.33668],[-65.29058,18.33619],[-65.29052,18.33575],[-65.29035,18.33566],[-65.2898,18.336],[-65.28975,18.33633],[-65.28957,18.33621],[-65.2896,18.33655],[-65.28981,18.33649],[-65.28988,18.33704],[-65.2898,18.33713],[-65.28992,18.33719]]],[[[-65.24516,18.33819],[-65.24523,18.33836],[-65.24538,18.33833],[-65.24541,18.33806],[-65.24572,18.33776],[-65.24574,18.33732],[-65.24539,18.33688],[-65.24496,18.33702],[-65.24473,18.33751],[-65.24481,18.33788],[-65.24507,18.33823],[-65.24516,18.33819]]],[[[-65.23333,18.34047],[-65.23344,18.34042],[-65.2333,18.33975],[-65.2335,18.33979],[-65.23312,18.33934],[-65.23328,18.33921],[-65.23328,18.33891],[-65.23298,18.33903],[-65.23298,18.33888],[-65.23235,18.33856],[-65.23213,18.33875],[-65.23187,18.33869],[-65.23156,18.33844],[-65.23144,18.3381],[-65.2304,18.33737],[-65.22954,18.33729],[-65.22933,18.33745],[-65.22934,18.3378],[-65.22955,18.33807],[-65.22984,18.3382],[-65.2306,18.33818],[-65.23097,18.33842],[-65.23093,18.33857],[-65.2311,18.33852],[-65.2311,18.33864],[-65.2315,18.33858],[-65.23206,18.33879],[-65.23188,18.3389],[-65.23201,18.33912],[-65.23182,18.33919],[-65.23196,18.33987],[-65.23262,18.33995],[-65.23293,18.33985],[-65.23264,18.34005],[-65.23261,18.34025],[-65.23284,18.34009],[-65.23295,18.34044],[-65.23306,18.34031],[-65.23333,18.34047]]],[[[-65.25978,18.34257],[-65.26021,18.34257],[-65.26019,18.34242],[-65.26035,18.34242],[-65.26039,18.34175],[-65.26075,18.34183],[-65.26171,18.34163],[-65.26265,18.34125],[-65.2629,18.34102],[-65.26356,18.34119],[-65.26407,18.3417],[-65.26443,18.34169],[-65.26444,18.34183],[-65.26477,18.34163],[-65.26572,18.34204],[-65.26613,18.34195],[-65.26643,18.34162],[-65.26656,18.34102],[-65.26644,18.34018],[-65.26607,18.33956],[-65.2656,18.3392],[-65.26477,18.33892],[-65.26472,18.339],[-65.26451,18.33879],[-65.26365,18.33847],[-65.26277,18.33777],[-65.26199,18.33662],[-65.26089,18.33543],[-65.26021,18.33445],[-65.25643,18.33294],[-65.25359,18.33321],[-65.25149,18.33447],[-65.24973,18.33447],[-65.24901,18.334],[-65.24794,18.33364],[-65.24765,18.33339],[-65.24721,18.33345],[-65.24677,18.33375],[-65.24659,18.33436],[-65.24611,18.33439],[-65.24585,18.33467],[-65.24595,18.33486],[-65.24636,18.33469],[-65.24636,18.33489],[-65.24617,18.33509],[-65.24653,18.33544],[-65.24632,18.33587],[-65.24604,18.33609],[-65.24583,18.33607],[-65.24584,18.33639],[-65.24629,18.3364],[-65.24628,18.33612],[-65.24638,18.3362],[-65.2465,18.33607],[-65.24682,18.33612],[-65.24696,18.33599],[-65.24694,18.3357],[-65.24721,18.33592],[-65.2475,18.3359],[-65.24858,18.33665],[-65.249,18.33677],[-65.24923,18.3366],[-65.24995,18.33679],[-65.25018,18.33721],[-65.25036,18.3372],[-65.251,18.3376],[-65.25144,18.3382],[-65.25152,18.33863],[-65.25119,18.33907],[-65.25143,18.33964],[-65.25199,18.33988],[-65.25241,18.34037],[-65.25304,18.34073],[-65.25394,18.34093],[-65.25438,18.34154],[-65.25502,18.34156],[-65.25528,18.34124],[-65.25562,18.34156],[-65.25551,18.34174],[-65.25577,18.34178],[-65.25579,18.34197],[-65.25611,18.34228],[-65.25641,18.34213],[-65.25658,18.34226],[-65.25666,18.34212],[-65.25676,18.34229],[-65.25697,18.34228],[-65.25723,18.34182],[-65.25727,18.34218],[-65.25809,18.34225],[-65.25883,18.34206],[-65.2592,18.34221],[-65.25929,18.34214],[-65.25978,18.34257]]],[[[-65.23797,18.34525],[-65.23813,18.34523],[-65.23825,18.34493],[-65.23813,18.34493],[-65.23821,18.34448],[-65.23811,18.34444],[-65.2375,18.34476],[-65.23772,18.34516],[-65.23797,18.34525]]],[[[-65.23576,18.34594],[-65.23587,18.34602],[-65.23611,18.34572],[-65.23644,18.3456],[-65.23645,18.34536],[-65.236,18.34547],[-65.23576,18.34594]]],[[[-65.23674,18.3476],[-65.23709,18.3476],[-65.23706,18.34736],[-65.23656,18.3472],[-65.23674,18.3476]]],[[[-65.34559,18.34928],[-65.34573,18.34939],[-65.34547,18.34881],[-65.34506,18.34885],[-65.34527,18.34933],[-65.34559,18.34928]]],[[[-65.34184,18.35063],[-65.34187,18.35077],[-65.34194,18.35069],[-65.34184,18.35063]]],[[[-65.34309,18.35151],[-65.34373,18.35138],[-65.34398,18.35113],[-65.34313,18.35087],[-65.34287,18.35125],[-65.343,18.35127],[-65.34309,18.35151]]],[[[-65.34244,18.35134],[-65.34223,18.3516],[-65.34229,18.35178],[-65.34249,18.35176],[-65.34257,18.3515],[-65.34238,18.35104],[-65.34252,18.35098],[-65.34234,18.35087],[-65.34214,18.35132],[-65.34244,18.35134]]],[[[-65.36211,18.35818],[-65.36228,18.35825],[-65.36233,18.35803],[-65.36207,18.35801],[-65.36211,18.35818]]],[[[-65.36131,18.35858],[-65.36147,18.35869],[-65.3616,18.3586],[-65.36151,18.35834],[-65.36117,18.35829],[-65.36112,18.35846],[-65.36131,18.35858]]],[[[-65.34766,18.35907],[-65.3478,18.35884],[-65.34761,18.35866],[-65.34758,18.35842],[-65.34715,18.35852],[-65.34721,18.35885],[-65.34766,18.35907]]],[[[-65.36867,18.36138],[-65.36877,18.36143],[-65.36877,18.3613],[-65.3686,18.36125],[-65.3684,18.36065],[-65.36804,18.36073],[-65.36788,18.36062],[-65.36794,18.36099],[-65.36846,18.36113],[-65.36867,18.36138]]],[[[-65.36919,18.36176],[-65.36965,18.36233],[-65.37001,18.36203],[-65.36983,18.36131],[-65.37004,18.36108],[-65.36994,18.36087],[-65.3698,18.36088],[-65.36978,18.36055],[-65.36962,18.36056],[-65.36956,18.3604],[-65.36957,18.36071],[-65.36895,18.36049],[-65.36867,18.36056],[-65.36862,18.36097],[-65.36919,18.36176]]]]},"properties":{"municipio":"Culebra","geoid":"72049","countyfp":"049","abrev_mun":"CUL"}},
{"type":"Feature","geometry":{"type":"Polygon","coordinates":[[[-66.19864,18.4678],[-66.1983,18.4682],[-66.19834,18.46852],[-66.19959,18.46875],[-66.19981,18.46864],[-66.20003,18.46814],[-66.19983,18.46776],[-66.19987,18.46755],[-66.20051,18.46685],[-66.2014,18.46644],[-66.20321,18.46616],[-66.21064,18.46659],[-66.21205,18.46625],[-66.21502,18.46604],[-66.22011,18.46594],[-66.22286,18.46626],[-66.22621,18.46715],[-66.22963,18.46787],[-66.23198,18.46798],[-66.23475,18.46786],[-66.23613,18.46801],[-66.23666,18.46792],[-66.23909,18.46845],[-66.24126,18.46866],[-66.24304,18.46923],[-66.24526,18.47045],[-66.24633,18.47052],[-66.24722,18.47081],[-66.24783,18.47122],[-66.24853,18.47198],[-66.25026,18.47203],[-66.25148,18.47243],[-66.25229,18.47308],[-66.25358,18.47378],[-66.25424,18.47442],[-66.25489,18.4747],[-66.25522,18.4746],[-66.25516,18.47424],[-66.25442,18.47377],[-66.25379,18.4737],[-66.25354,18.47324],[-66.25382,18.47303],[-66.25508,18.47291],[-66.25585,18.47378],[-66.25609,18.47455],[-66.25593,18.47525],[-66.25598,18.47581],[-66.25579,18.47638],[-66.25523,18.47663],[-66.25475,18.47656],[-66.25465,18.47694],[-66.25448,18.47704],[-66.25477,18.47736],[-66.25506,18.47731],[-66.25525,18.47768],[-66.25534,18.47754],[-66.25549,18.47765],[-66.25568,18.47755],[-66.25569,18.47691],[-66.25596,18.47693],[-66.25611,18.47681],[-66.2567,18.47697],[-66.25679,18.47673],[-66.25664,18.47659],[-66.25691,18.47659],[-66.25704,18.47645],[-66.25686,18.47584],[-66.25708,18.47564],[-66.25741,18.4756],[-66.25831,18.47608],[-66.25837,18.47685],[-66.25849,18.47675],[-66.25879,18.47695],[-66.25899,18.47734],[-66.2594,18.4773],[-66.25955,18.47697],[-66.25974,18.47694],[-66.26095,18.4773],[-66.26183,18.47772],[-66.26255,18.47782],[-66.26343,18.47834],[-66.26354,18.47828],[-66.26401,18.47872],[-66.2642,18.47879],[-66.2644,18.47867],[-66.26451,18.47885],[-66.26504,18.47909],[-66.26622,18.47939],[-66.26688,18.47922],[-66.26706,18.47947],[-66.2671,18.47919],[-66.26728,18.47912],[-66.26837,18.47985],[-66.26873,18.47982],[-66.26921,18.48011],[-66.26968,18.47996],[-66.26978,18.4802],[-66.2703,18.48034],[-66.27119,18.47991],[-66.27128,18.47942],[-66.27118,18.47924],[-66.27135,18.47897],[-66.27245,18.479],[-66.27282,18.47864],[-66.27311,18.47864],[-66.27392,18.47898],[-66.27401,18.47914],[-66.27381,18.47942],[-66.27403,18.47926],[-66.2742,18.4793],[-66.27462,18.47884],[-66.2755,18.47867],[-66.27638,18.47809],[-66.27699,18.47805],[-66.2771,18.47785],[-66.27685,18.47762],[-66.27682,18.47724],[-66.27751,18.47634],[-66.27799,18.47607],[-66.27799,18.47575],[-66.27921,18.47515],[-66.28077,18.47471],[-66.28145,18.47428],[-66.28268,18.47317],[-66.28344,18.47286],[-66.2847,18.47205],[-66.28524,18.47188],[-66.28672,18.47206],[-66.28773,18.47187],[-66.28982,18.47207],[-66.29121,18.4723],[-66.29248,18.47268],[-66.2942,18.47364],[-66.29699,18.47582],[-66.29778,18.47627],[-66.29793,18.47658],[-66.29865,18.47674],[-66.29897,18.47715],[-66.2987,18.47781],[-66.29944,18.4771],[-66.30031,18.47662],[-66.30036,18.47625],[-66.30139,18.47607],[-66.30176,18.47548],[-66.30261,18.475],[-66.30325,18.47502],[-66.304,18.47558],[-66.30426,18.47526],[-66.30483,18.47515],[-66.30594,18.47543],[-66.30712,18.47552],[-66.31038,18.4766],[-66.31144,18.47538],[-66.31207,18.47499],[-66.31273,18.47472],[-66.31381,18.47471],[-66.31504,18.47444],[-66.31613,18.46578],[-66.31738,18.45009],[-66.31326,18.44038],[-66.30872,18.43375],[-66.30194,18.43388],[-66.30182,18.43353],[-66.30222,18.43227],[-66.30194,18.43117],[-66.30202,18.4297],[-66.30176,18.42811],[-66.29952,18.42334],[-66.29964,18.42069],[-66.29978,18.42021],[-66.30071,18.41859],[-66.30144,18.41809],[-66.30198,18.41702],[-66.30398,18.41143],[-66.3037,18.40305],[-66.30392,18.40086],[-66.30385,18.38413],[-66.30329,18.38386],[-66.30215,18.38386],[-66.30143,18.38345],[-66.30095,18.38407],[-66.30052,18.38434],[-66.29931,18.38436],[-66.29834,18.38471],[-66.29716,18.38429],[-66.29542,18.38489],[-66.29387,18.38439],[-66.29341,18.38466],[-66.29239,18.38471],[-66.29139,18.38505],[-66.29061,18.38481],[-66.28933,18.38547],[-66.28845,18.38564],[-66.28773,18.3855],[-66.28709,18.38509],[-66.28666,18.38337],[-66.28625,18.38318],[-66.28513,18.38329],[-66.28444,18.38314],[-66.28246,18.38305],[-66.28109,18.3836],[-66.27984,18.3838],[-66.27884,18.3846],[-66.2772,18.38545],[-66.27691,18.38547],[-66.27668,18.38525],[-66.27633,18.38451],[-66.27606,18.38432],[-66.27533,18.38441],[-66.27443,18.38424],[-66.27314,18.38476],[-66.2718,18.38379],[-66.27075,18.38375],[-66.27003,18.38404],[-66.26985,18.38424],[-66.26986,18.38453],[-66.27042,18.3855],[-66.27023,18.38569],[-66.26923,18.38602],[-66.26868,18.38577],[-66.26836,18.38581],[-66.26756,18.38656],[-66.26733,18.38662],[-66.26658,18.38611],[-66.26619,18.38601],[-66.26571,18.3861],[-66.2645,18.38673],[-66.26416,18.38715],[-66.2639,18.38799],[-66.26364,18.38808],[-66.26193,18.38789],[-66.26011,18.3871],[-66.25806,18.38748],[-66.25776,18.38764],[-66.25734,18.38898],[-66.25726,18.39003],[-66.25697,18.39027],[-66.25566,18.38992],[-66.25493,18.39009],[-66.25458,18.39064],[-66.25406,18.39243],[-66.2526,18.39384],[-66.25257,18.39417],[-66.25321,18.39464],[-66.25405,18.39491],[-66.25493,18.39561],[-66.25604,18.39613],[-66.25633,18.39646],[-66.25647,18.39688],[-66.25738,18.3976],[-66.25728,18.39828],[-66.25754,18.40031],[-66.25743,18.4016],[-66.25756,18.40233],[-66.25818,18.40352],[-66.25805,18.40404],[-66.25745,18.40471],[-66.25741,18.40511],[-66.25762,18.40564],[-66.25777,18.40661],[-66.25808,18.40721],[-66.25852,18.40783],[-66.25902,18.40808],[-66.25958,18.4086],[-66.26012,18.40941],[-66.26007,18.40999],[-66.25978,18.41055],[-66.25942,18.4109],[-66.25806,18.41143],[-66.25612,18.41167],[-66.25585,18.41203],[-66.25618,18.41432],[-66.2569,18.41571],[-66.25749,18.41617],[-66.25778,18.41637],[-66.25928,18.41664],[-66.26009,18.41726],[-66.26047,18.41724],[-66.26065,18.41711],[-66.26084,18.41536],[-66.26167,18.41457],[-66.26205,18.41453],[-66.26305,18.41578],[-66.26358,18.41674],[-66.26373,18.41748],[-66.2636,18.41927],[-66.26424,18.42067],[-66.26394,18.42129],[-66.26305,18.42174],[-66.2628,18.42209],[-66.26262,18.42302],[-66.26163,18.42303],[-66.26103,18.42261],[-66.26076,18.42258],[-66.26028,18.42266],[-66.26014,18.42283],[-66.2602,18.42377],[-66.25965,18.42421],[-66.25948,18.42479],[-66.25957,18.42557],[-66.25988,18.42581],[-66.26119,18.42551],[-66.26143,18.42534],[-66.26173,18.42451],[-66.26196,18.42444],[-66.26238,18.4246],[-66.26313,18.42549],[-66.26418,18.42534],[-66.26437,18.42545],[-66.26436,18.42568],[-66.26328,18.42814],[-66.26248,18.42882],[-66.26212,18.42891],[-66.26187,18.42926],[-66.2619,18.4303],[-66.2614,18.43038],[-66.26011,18.43004],[-66.25939,18.43067],[-66.25814,18.43074],[-66.25789,18.4308],[-66.25753,18.43114],[-66.25728,18.43168],[-66.25801,18.4347],[-66.25807,18.43562],[-66.25795,18.43653],[-66.25721,18.43797],[-66.2566,18.43835],[-66.2553,18.43872],[-66.255,18.43916],[-66.255,18.43978],[-66.25534,18.44057],[-66.2564,18.44091],[-66.25723,18.44149],[-66.25876,18.44223],[-66.259,18.44253],[-66.25893,18.44306],[-66.25849,18.444],[-66.25714,18.44626],[-66.2574,18.44682],[-66.25824,18.44736],[-66.25861,18.4478],[-66.25893,18.44897],[-66.2589,18.45056],[-66.25827,18.45284],[-66.25795,18.45519],[-66.2576,18.45491],[-66.25719,18.45397],[-66.25688,18.45363],[-66.25622,18.45348],[-66.25555,18.45376],[-66.25488,18.45425],[-66.25409,18.45437],[-66.25366,18.4542],[-66.25319,18.4538],[-66.25246,18.45231],[-66.25155,18.45148],[-66.25097,18.45122],[-66.24908,18.451],[-66.24856,18.45108],[-66.24776,18.45141],[-66.24567,18.45381],[-66.24474,18.45436],[-66.24431,18.45485],[-66.24198,18.45564],[-66.24075,18.45565],[-66.2391,18.45508],[-66.23581,18.45284],[-66.23346,18.4502],[-66.23235,18.44965],[-66.23169,18.44962],[-66.2309,18.44992],[-66.23059,18.45037],[-66.23065,18.45081],[-66.23146,18.45179],[-66.23162,18.45256],[-66.23137,18.45328],[-66.23066,18.45412],[-66.22455,18.45846],[-66.21816,18.46223],[-66.21415,18.46514],[-66.21293,18.46555],[-66.21159,18.46565],[-66.20879,18.46498],[-66.2056,18.46363],[-66.20384,18.46369],[-66.19933,18.4649],[-66.19882,18.46751],[-66.19864,18.4678]]]},"properties":{"municipio":"Dorado","geoid":"72051","countyfp":"051","abrev_mun":"DOR"}},
{"type":"Feature","geometry":{"type":"MultiPolygon","coordinates":[[[[-65.63439,18.28389],[-65.6345,18.28408],[-65.63357,18.28413],[-65.63276,18.28447],[-65.63249,18.28475],[-65.63166,18.28488],[-65.63165,18.28499],[-65.63175,18.28518],[-65.63204,18.285],[-65.63264,18.28491],[-65.6329,18.28514],[-65.63327,18.28514],[-65.63333,18.28493],[-65.63308,18.28489],[-65.63308,18.28476],[-65.63367,18.28457],[-65.63489,18.2848],[-65.63531,18.28517],[-65.63571,18.28595],[-65.63568,18.28669],[-65.63616,18.28808],[-65.63606,18.28846],[-65.63521,18.28869],[-65.63584,18.28872],[-65.63611,18.2896],[-65.63609,18.29034],[-65.63572,18.29124],[-65.63471,18.29227],[-65.63313,18.29288],[-65.63277,18.29369],[-65.6324,18.2937],[-65.63197,18.29406],[-65.63179,18.29436],[-65.63165,18.29511],[-65.63123,18.29562],[-65.63016,18.29599],[-65.63,18.29586],[-65.62974,18.29593],[-65.62874,18.29651],[-65.62812,18.29723],[-65.62748,18.29843],[-65.6266,18.29874],[-65.62607,18.30038],[-65.62629,18.30103],[-65.62628,18.30244],[-65.62458,18.30393],[-65.62564,18.30474],[-65.62644,18.30651],[-65.62629,18.30739],[-65.62598,18.30769],[-65.62565,18.3077],[-65.62548,18.30784],[-65.62534,18.30843],[-65.62541,18.30941],[-65.62565,18.30954],[-65.62606,18.3094],[-65.62691,18.30941],[-65.62776,18.30976],[-65.62845,18.31035],[-65.62873,18.31124],[-65.62862,18.31287],[-65.62834,18.31376],[-65.62815,18.31397],[-65.62803,18.31496],[-65.62826,18.31609],[-65.6283,18.31746],[-65.62749,18.31977],[-65.62733,18.32106],[-65.62741,18.32272],[-65.62729,18.32451],[-65.62687,18.32607],[-65.62704,18.32698],[-65.62766,18.32806],[-65.62736,18.32835],[-65.62698,18.32917],[-65.62689,18.33092],[-65.62667,18.33135],[-65.62736,18.33237],[-65.63039,18.33398],[-65.63161,18.33479],[-65.63187,18.3348],[-65.63304,18.33626],[-65.63387,18.3377],[-65.63386,18.33814],[-65.63413,18.33874],[-65.634,18.33939],[-65.63353,18.33971],[-65.63168,18.3404],[-65.63198,18.34102],[-65.632,18.34144],[-65.63184,18.34179],[-65.6313,18.34207],[-65.63098,18.34249],[-65.63099,18.3437],[-65.6311,18.34397],[-65.63147,18.34403],[-65.63286,18.34333],[-65.63355,18.34342],[-65.63385,18.34329],[-65.63426,18.3435],[-65.6344,18.344],[-65.63556,18.34393],[-65.63596,18.34427],[-65.63638,18.34399],[-65.63648,18.34282],[-65.63688,18.34239],[-65.63719,18.34236],[-65.63839,18.34145],[-65.63864,18.34144],[-65.63949,18.34087],[-65.63996,18.34155],[-65.63966,18.34179],[-65.63954,18.34167],[-65.63945,18.34173],[-65.6393,18.34192],[-65.63939,18.34203],[-65.6384,18.34281],[-65.63753,18.3433],[-65.63689,18.344],[-65.63671,18.34375],[-65.63661,18.34416],[-65.63606,18.34457],[-65.63601,18.3447],[-65.63622,18.34479],[-65.63641,18.34565],[-65.63582,18.34703],[-65.63549,18.34714],[-65.63582,18.34754],[-65.63563,18.348],[-65.63529,18.34813],[-65.63512,18.34786],[-65.63377,18.34843],[-65.63363,18.3466],[-65.63345,18.34599],[-65.63327,18.34599],[-65.6338,18.34938],[-65.63324,18.3496],[-65.63292,18.35009],[-65.63021,18.35237],[-65.62862,18.35275],[-65.62786,18.35391],[-65.62704,18.35474],[-65.62651,18.35499],[-65.62537,18.35644],[-65.62498,18.35718],[-65.62474,18.35689],[-65.62481,18.35737],[-65.62427,18.35831],[-65.62413,18.35887],[-65.62415,18.35952],[-65.62456,18.36099],[-65.62432,18.36256],[-65.62477,18.3632],[-65.62523,18.36325],[-65.62544,18.36347],[-65.62556,18.36409],[-65.62544,18.36457],[-65.62452,18.36581],[-65.62378,18.36512],[-65.6233,18.36502],[-65.6227,18.36529],[-65.62215,18.36533],[-65.62052,18.36601],[-65.61992,18.36648],[-65.6196,18.36693],[-65.61894,18.36826],[-65.61843,18.36991],[-65.61806,18.37177],[-65.61732,18.37438],[-65.61721,18.37608],[-65.61751,18.3779],[-65.61741,18.37847],[-65.61672,18.37957],[-65.61582,18.38014],[-65.61501,18.38043],[-65.61454,18.38087],[-65.61481,18.38296],[-65.61389,18.38374],[-65.6137,18.38417],[-65.61406,18.38431],[-65.61481,18.38403],[-65.61638,18.38459],[-65.61738,18.3852],[-65.61799,18.38587],[-65.61808,18.38648],[-65.61759,18.38698],[-65.61772,18.38713],[-65.61808,18.38709],[-65.61778,18.38756],[-65.61794,18.38779],[-65.61816,18.38778],[-65.61813,18.38789],[-65.61869,18.38805],[-65.61916,18.38796],[-65.61957,18.38765],[-65.61951,18.38724],[-65.61992,18.38689],[-65.62024,18.38639],[-65.62084,18.38624],[-65.6218,18.38633],[-65.62184,18.38714],[-65.62263,18.3878],[-65.62281,18.38776],[-65.62299,18.3875],[-65.62295,18.38773],[-65.62326,18.38774],[-65.62413,18.38737],[-65.62435,18.38709],[-65.62431,18.38673],[-65.62456,18.38675],[-65.62485,18.38657],[-65.62454,18.38618],[-65.62336,18.38558],[-65.6232,18.38514],[-65.62337,18.38449],[-65.62318,18.38392],[-65.62333,18.38368],[-65.62412,18.38324],[-65.62514,18.38315],[-65.62558,18.38293],[-65.62686,18.38131],[-65.62671,18.381],[-65.62691,18.38022],[-65.62665,18.37945],[-65.62659,18.37884],[-65.62683,18.37731],[-65.62726,18.37642],[-65.62961,18.37349],[-65.63242,18.37078],[-65.63449,18.36978],[-65.63581,18.36945],[-65.63746,18.3694],[-65.6385,18.36975],[-65.6392,18.37034],[-65.63957,18.37143],[-65.64008,18.37172],[-65.64052,18.37237],[-65.64074,18.37319],[-65.64054,18.37373],[-65.64057,18.37408],[-65.64034,18.37478],[-65.64017,18.37491],[-65.64001,18.37571],[-65.63962,18.37585],[-65.63947,18.37666],[-65.63959,18.3766],[-65.63989,18.37707],[-65.64026,18.37687],[-65.64129,18.37682],[-65.64202,18.3771],[-65.64242,18.37797],[-65.64229,18.37828],[-65.64208,18.37821],[-65.64231,18.37933],[-65.64233,18.37921],[-65.64288,18.37978],[-65.64292,18.38019],[-65.64298,18.37998],[-65.64317,18.3799],[-65.64326,18.38051],[-65.64338,18.3803],[-65.64349,18.38053],[-65.64369,18.38047],[-65.64376,18.38068],[-65.6439,18.38064],[-65.64429,18.38084],[-65.64441,18.38069],[-65.64354,18.37892],[-65.6436,18.37863],[-65.64423,18.37814],[-65.64521,18.37684],[-65.64605,18.37626],[-65.64703,18.37588],[-65.64816,18.37481],[-65.64923,18.37326],[-65.64955,18.37198],[-65.64974,18.37176],[-65.65033,18.37134],[-65.65104,18.37123],[-65.65176,18.37074],[-65.65186,18.37033],[-65.65178,18.36868],[-65.65216,18.36775],[-65.653,18.36669],[-65.65489,18.36512],[-65.65642,18.36435],[-65.65803,18.36379],[-65.66067,18.36333],[-65.66301,18.36255],[-65.66795,18.36189],[-65.66903,18.36196],[-65.66953,18.36232],[-65.66962,18.36211],[-65.66979,18.36176],[-65.67043,18.36136],[-65.67049,18.36054],[-65.67104,18.35952],[-65.67175,18.35917],[-65.67268,18.35841],[-65.67293,18.35782],[-65.67319,18.35655],[-65.67378,18.35533],[-65.67432,18.35452],[-65.67539,18.35373],[-65.67568,18.35226],[-65.67645,18.35122],[-65.67723,18.34937],[-65.6778,18.3489],[-65.67935,18.34699],[-65.67953,18.34626],[-65.67956,18.34471],[-65.6789,18.34337],[-65.67806,18.34274],[-65.67818,18.34222],[-65.67805,18.34194],[-65.67836,18.34163],[-65.67904,18.34016],[-65.67902,18.33924],[-65.67939,18.3389],[-65.68027,18.33878],[-65.6805,18.33862],[-65.68087,18.33735],[-65.68076,18.33602],[-65.68103,18.33559],[-65.68193,18.33486],[-65.68206,18.33462],[-65.68204,18.33374],[-65.68293,18.33221],[-65.68318,18.33192],[-65.68379,18.33164],[-65.68476,18.33072],[-65.68575,18.33016],[-65.68594,18.32986],[-65.6859,18.32911],[-65.68505,18.32812],[-65.68484,18.32766],[-65.68424,18.32366],[-65.68532,18.32373],[-65.68551,18.32363],[-65.68583,18.32278],[-65.68662,18.32244],[-65.68921,18.32339],[-65.69137,18.32444],[-65.69231,18.3244],[-65.69322,18.32453],[-65.69461,18.32494],[-65.6955,18.32496],[-65.69675,18.32461],[-65.69776,18.32399],[-65.6989,18.32391],[-65.70026,18.32296],[-65.70061,18.32195],[-65.70204,18.3208],[-65.70273,18.3207],[-65.70381,18.32083],[-65.70429,18.31943],[-65.70497,18.3187],[-65.70478,18.31645],[-65.70483,18.31512],[-65.70445,18.31388],[-65.70453,18.31333],[-65.70485,18.3127],[-65.70497,18.31144],[-65.70518,18.31101],[-65.70477,18.31058],[-65.70466,18.31027],[-65.70454,18.30931],[-65.70472,18.30905],[-65.70498,18.30891],[-65.70581,18.30899],[-65.7067,18.30795],[-65.70836,18.30767],[-65.70901,18.3067],[-65.70979,18.30637],[-65.71102,18.30634],[-65.71239,18.30677],[-65.71289,18.30651],[-65.71379,18.30663],[-65.71426,18.30629],[-65.71523,18.30645],[-65.71738,18.30642],[-65.71828,18.30672],[-65.71914,18.3066],[-65.71956,18.3064],[-65.71952,18.3056],[-65.71965,18.3052],[-65.72056,18.30429],[-65.72079,18.3039],[-65.72085,18.30347],[-65.72037,18.30134],[-65.7211,18.29952],[-65.72059,18.29802],[-65.72086,18.29702],[-65.7206,18.29597],[-65.72109,18.2958],[-65.72277,18.29587],[-65.72431,18.29547],[-65.72484,18.29519],[-65.72514,18.29486],[-65.72522,18.2945],[-65.72507,18.29359],[-65.72526,18.29264],[-65.72556,18.29202],[-65.72582,18.29185],[-65.72688,18.29195],[-65.72782,18.29175],[-65.72807,18.29159],[-65.7284,18.29087],[-65.72914,18.29045],[-65.73158,18.29026],[-65.73193,18.28988],[-65.73198,18.28964],[-65.73191,18.2886],[-65.73205,18.28833],[-65.73232,18.28817],[-65.73347,18.28797],[-65.73361,18.28943],[-65.734,18.28963],[-65.73426,18.29053],[-65.73535,18.29152],[-65.73579,18.29228],[-65.73645,18.29295],[-65.73763,18.2961],[-65.7381,18.29631],[-65.73858,18.29619],[-65.73867,18.29557],[-65.73916,18.29547],[-65.7405,18.29654],[-65.74157,18.29713],[-65.74303,18.29891],[-65.74363,18.2994],[-65.74471,18.29973],[-65.74635,18.29989],[-65.74722,18.30025],[-65.74797,18.30085],[-65.74871,18.30086],[-65.74983,18.30131],[-65.75025,18.30128],[-65.75121,18.30002],[-65.75177,18.29852],[-65.75372,18.29687],[-65.7531,18.2955],[-65.75272,18.295],[-65.7525,18.29484],[-65.75084,18.2945],[-65.74952,18.2939],[-65.74893,18.29294],[-65.74697,18.29205],[-65.74548,18.29119],[-65.74458,18.28957],[-65.74377,18.2885],[-65.74319,18.28816],[-65.74184,18.28803],[-65.74141,18.28767],[-65.74022,18.28615],[-65.73933,18.28461],[-65.73893,18.28344],[-65.73849,18.28311],[-65.73745,18.28293],[-65.73725,18.28275],[-65.73718,18.28252],[-65.73781,18.28211],[-65.73851,18.28088],[-65.73883,18.28063],[-65.74059,18.28004],[-65.74065,18.27979],[-65.73851,18.27805],[-65.73796,18.27742],[-65.7378,18.27693],[-65.73827,18.27557],[-65.73829,18.27506],[-65.73803,18.27432],[-65.73748,18.27364],[-65.73644,18.27355],[-65.73578,18.27369],[-65.73558,18.27389],[-65.7353,18.27469],[-65.73502,18.27487],[-65.73363,18.27476],[-65.73269,18.2749],[-65.72868,18.27228],[-65.72804,18.2717],[-65.727,18.2717],[-65.72604,18.27133],[-65.72432,18.27095],[-65.72265,18.27094],[-65.7217,18.27041],[-65.72103,18.27023],[-65.71943,18.2705],[-65.71916,18.27023],[-65.71936,18.26962],[-65.71919,18.26905],[-65.71751,18.26774],[-65.71696,18.26762],[-65.716,18.26761],[-65.71527,18.26795],[-65.71458,18.26872],[-65.71447,18.26955],[-65.71431,18.26975],[-65.71252,18.27044],[-65.71178,18.27033],[-65.71085,18.26985],[-65.7102,18.27013],[-65.70931,18.27026],[-65.70707,18.2714],[-65.70567,18.2726],[-65.70441,18.27279],[-65.70415,18.2727],[-65.704,18.27257],[-65.70386,18.27175],[-65.70364,18.27134],[-65.70347,18.27107],[-65.70302,18.27085],[-65.70248,18.27102],[-65.7011,18.27191],[-65.70005,18.27301],[-65.7005,18.27376],[-65.70152,18.27411],[-65.70225,18.27522],[-65.70238,18.27603],[-65.70228,18.27621],[-65.70175,18.27609],[-65.70102,18.27561],[-65.70071,18.2756],[-65.70041,18.27574],[-65.70032,18.27614],[-65.70171,18.279],[-65.70152,18.27965],[-65.7011,18.27996],[-65.70025,18.27997],[-65.69882,18.28234],[-65.69859,18.28257],[-65.69762,18.28301],[-65.69725,18.28345],[-65.69698,18.28429],[-65.69639,18.28472],[-65.6953,18.28519],[-65.69503,18.28569],[-65.6934,18.28507],[-65.69042,18.28282],[-65.69004,18.28207],[-65.68986,18.28087],[-65.68938,18.28069],[-65.68905,18.28026],[-65.68859,18.27995],[-65.68719,18.27921],[-65.68622,18.27813],[-65.68452,18.27735],[-65.68369,18.27616],[-65.6833,18.27592],[-65.68249,18.27507],[-65.6815,18.27468],[-65.68111,18.27482],[-65.67925,18.27453],[-65.67689,18.27773],[-65.67575,18.27795],[-65.67503,18.27929],[-65.6749,18.27998],[-65.67503,18.28334],[-65.67406,18.28335],[-65.67315,18.28359],[-65.6725,18.28413],[-65.6712,18.28451],[-65.66996,18.28415],[-65.66852,18.28471],[-65.66816,18.28491],[-65.66755,18.2857],[-65.66735,18.28648],[-65.66664,18.28732],[-65.66628,18.28808],[-65.66419,18.28713],[-65.66253,18.28658],[-65.66239,18.28636],[-65.6626,18.28586],[-65.6624,18.28568],[-65.66128,18.2854],[-65.66085,18.28497],[-65.66025,18.28495],[-65.65981,18.28521],[-65.65961,18.28479],[-65.65942,18.2847],[-65.65897,18.28488],[-65.65853,18.2847],[-65.65753,18.28473],[-65.65723,18.2846],[-65.65653,18.28366],[-65.65526,18.28357],[-65.65421,18.28271],[-65.65248,18.28295],[-65.65132,18.28263],[-65.65091,18.28284],[-65.65031,18.28213],[-65.64922,18.28294],[-65.64873,18.28255],[-65.64816,18.28259],[-65.64803,18.28214],[-65.64739,18.28202],[-65.64703,18.28176],[-65.64683,18.28177],[-65.64656,18.28209],[-65.64632,18.28204],[-65.64597,18.28163],[-65.64478,18.28179],[-65.64449,18.28189],[-65.64427,18.28215],[-65.64399,18.28215],[-65.64386,18.28197],[-65.64359,18.28231],[-65.64309,18.28203],[-65.64263,18.28208],[-65.64187,18.28247],[-65.6413,18.28224],[-65.64095,18.28227],[-65.64078,18.28247],[-65.64089,18.28263],[-65.64135,18.2828],[-65.64132,18.28319],[-65.64107,18.28327],[-65.64069,18.28289],[-65.64044,18.28284],[-65.64049,18.28329],[-65.64036,18.28346],[-65.63948,18.28396],[-65.63879,18.28401],[-65.6382,18.28451],[-65.63751,18.28417],[-65.63646,18.2846],[-65.63606,18.28444],[-65.63552,18.28465],[-65.63487,18.2839],[-65.63439,18.28389]]],[[[-65.60894,18.31132],[-65.60856,18.31167],[-65.60839,18.31206],[-65.60879,18.31351],[-65.60968,18.315],[-65.61,18.31466],[-65.61033,18.31384],[-65.611,18.31301],[-65.61118,18.31236],[-65.61057,18.31185],[-65.6092,18.31127],[-65.60894,18.31132]]],[[[-65.61886,18.32201],[-65.61898,18.32236],[-65.61941,18.32279],[-65.61946,18.32263],[-65.61928,18.32225],[-65.61886,18.32201]]],[[[-65.56772,18.33839],[-65.56748,18.3384],[-65.56677,18.33885],[-65.56697,18.33921],[-65.56766,18.33862],[-65.5678,18.33836],[-65.56772,18.33839]]],[[[-65.61652,18.33834],[-65.61681,18.33924],[-65.61732,18.33944],[-65.61746,18.33934],[-65.61745,18.33833],[-65.6185,18.33839],[-65.61863,18.33807],[-65.61837,18.33779],[-65.61836,18.33761],[-65.61884,18.33728],[-65.61894,18.33524],[-65.61843,18.3354],[-65.61651,18.33764],[-65.61652,18.33834]]],[[[-65.62045,18.34179],[-65.62133,18.34174],[-65.6215,18.34157],[-65.62153,18.34131],[-65.62108,18.34092],[-65.62107,18.34068],[-65.62145,18.34005],[-65.6214,18.33989],[-65.62014,18.33993],[-65.61946,18.33937],[-65.61877,18.33947],[-65.61862,18.3397],[-65.61863,18.33999],[-65.61899,18.34067],[-65.61993,18.34165],[-65.62045,18.34179]]],[[[-65.56867,18.35228],[-65.56886,18.35271],[-65.56916,18.35282],[-65.57124,18.35156],[-65.57274,18.3522],[-65.57343,18.35202],[-65.57389,18.35214],[-65.57446,18.35187],[-65.57433,18.35174],[-65.57363,18.35179],[-65.57302,18.35167],[-65.5718,18.35118],[-65.57084,18.34898],[-65.56993,18.34782],[-65.56959,18.34756],[-65.56929,18.34705],[-65.56931,18.34627],[-65.56952,18.34597],[-65.56904,18.34442],[-65.56893,18.34422],[-65.56817,18.34371],[-65.56795,18.34334],[-65.56741,18.34401],[-65.56675,18.34533],[-65.56605,18.34545],[-65.56564,18.34571],[-65.56539,18.34617],[-65.56529,18.34722],[-65.56486,18.34765],[-65.56454,18.34772],[-65.56548,18.34867],[-65.5658,18.35018],[-65.56664,18.35029],[-65.56715,18.35052],[-65.56758,18.35138],[-65.56801,18.35183],[-65.56807,18.35212],[-65.56846,18.35233],[-65.56867,18.35228]]],[[[-65.52736,18.3636],[-65.52766,18.36377],[-65.52824,18.36351],[-65.52883,18.36345],[-65.52925,18.3632],[-65.52927,18.363],[-65.52894,18.36278],[-65.52928,18.36243],[-65.52986,18.36243],[-65.53122,18.36316],[-65.53174,18.36304],[-65.53202,18.3627],[-65.53218,18.3616],[-65.53159,18.36148],[-65.53092,18.36156],[-65.52896,18.36207],[-65.52867,18.36244],[-65.52763,18.36272],[-65.52752,18.36287],[-65.52762,18.36302],[-65.52816,18.36291],[-65.52839,18.36301],[-65.52736,18.3636]]],[[[-65.5518,18.37332],[-65.55152,18.37337],[-65.55133,18.3736],[-65.5516,18.37387],[-65.5522,18.37323],[-65.5518,18.37319],[-65.5518,18.37332]]],[[[-65.56131,18.3752],[-65.5609,18.37552],[-65.56155,18.37536],[-65.56184,18.37483],[-65.56171,18.37476],[-65.56131,18.3752]]],[[[-65.56555,18.37653],[-65.56529,18.37672],[-65.56551,18.3767],[-65.56564,18.37658],[-65.56555,18.37653]]],[[[-65.56623,18.37709],[-65.56527,18.37745],[-65.56499,18.37772],[-65.56625,18.3772],[-65.56623,18.37709]]],[[[-65.56375,18.37789],[-65.56334,18.37807],[-65.56408,18.37804],[-65.56439,18.3778],[-65.56375,18.37789]]],[[[-65.56947,18.37862],[-65.56999,18.37924],[-65.57022,18.37921],[-65.57042,18.37897],[-65.57071,18.37778],[-65.57158,18.3765],[-65.57153,18.37632],[-65.57057,18.37607],[-65.57016,18.3762],[-65.56961,18.37653],[-65.5689,18.37723],[-65.56803,18.37744],[-65.56647,18.3783],[-65.56637,18.37848],[-65.56689,18.37851],[-65.56925,18.3778],[-65.56944,18.37802],[-65.56939,18.37826],[-65.56795,18.37886],[-65.56808,18.37893],[-65.56947,18.37862]]],[[[-65.56525,18.37896],[-65.56486,18.37933],[-65.56532,18.37907],[-65.56525,18.37896]]],[[[-65.57328,18.37928],[-65.573,18.37946],[-65.57337,18.3794],[-65.57328,18.37928]]],[[[-65.56926,18.37921],[-65.56918,18.37974],[-65.56948,18.37929],[-65.56926,18.37921]]],[[[-65.56663,18.38],[-65.56643,18.38033],[-65.5666,18.38032],[-65.56663,18.38]]],[[[-65.56806,18.38099],[-65.5682,18.38099],[-65.56835,18.38067],[-65.56798,18.38072],[-65.56794,18.38093],[-65.56806,18.38099]]],[[[-65.57049,18.38144],[-65.56993,18.38194],[-65.57074,18.38153],[-65.57049,18.38144]]],[[[-65.56854,18.38117],[-65.56858,18.3817],[-65.56891,18.38198],[-65.5693,18.38185],[-65.56962,18.38133],[-65.56955,18.38109],[-65.56874,18.38105],[-65.56854,18.38117]]],[[[-65.5706,18.38257],[-65.57073,18.38277],[-65.57088,18.38273],[-65.57115,18.38233],[-65.57242,18.3815],[-65.57209,18.38146],[-65.57156,18.38181],[-65.57004,18.38211],[-65.57007,18.38257],[-65.5706,18.38257]]],[[[-65.5712,18.3825],[-65.57116,18.38289],[-65.57137,18.38251],[-65.5712,18.3825]]],[[[-65.57872,18.38247],[-65.57898,18.38265],[-65.57892,18.38296],[-65.5797,18.38302],[-65.58109,18.38269],[-65.58142,18.38252],[-65.58174,18.382],[-65.58165,18.38173],[-65.57994,18.38155],[-65.57955,18.38133],[-65.57982,18.38096],[-65.57967,18.38093],[-65.57912,18.38127],[-65.5794,18.38145],[-65.57914,18.38191],[-65.57911,18.38224],[-65.5785,18.38229],[-65.57832,18.38243],[-65.57872,18.38247]]],[[[-65.57753,18.384],[-65.57712,18.38456],[-65.57749,18.38432],[-65.57753,18.384]]],[[[-65.58023,18.38479],[-65.58013,18.38517],[-65.58052,18.38477],[-65.58023,18.38479]]],[[[-65.58087,18.3851],[-65.58068,18.38534],[-65.58074,18.38565],[-65.58107,18.38521],[-65.58087,18.3851]]],[[[-65.58206,18.38569],[-65.58202,18.38611],[-65.58224,18.38588],[-65.5826,18.38577],[-65.58249,18.38566],[-65.58206,18.38569]]],[[[-65.5936,18.38968],[-65.59368,18.38983],[-65.59373,18.38972],[-65.5936,18.38968]]],[[[-65.59141,18.3903],[-65.59274,18.39095],[-65.59303,18.39149],[-65.59354,18.39125],[-65.59367,18.391],[-65.59337,18.39082],[-65.59357,18.39044],[-65.59347,18.38961],[-65.593,18.38894],[-65.59289,18.38857],[-65.59188,18.38756],[-65.59165,18.38693],[-65.59179,18.38567],[-65.59217,18.38475],[-65.59111,18.38432],[-65.59066,18.38367],[-65.58978,18.38352],[-65.58896,18.38297],[-65.58825,18.38271],[-65.58774,18.38212],[-65.58719,18.38199],[-65.58596,18.38235],[-65.58515,18.38299],[-65.58443,18.38313],[-65.5836,18.38375],[-65.58351,18.38393],[-65.58398,18.38387],[-65.58454,18.38515],[-65.58387,18.38542],[-65.58346,18.38601],[-65.58287,18.38605],[-65.58248,18.38653],[-65.58293,18.38649],[-65.58333,18.38626],[-65.58354,18.38635],[-65.58462,18.38703],[-65.58492,18.38741],[-65.5845,18.38767],[-65.58446,18.38807],[-65.58505,18.38778],[-65.58524,18.38752],[-65.58539,18.38754],[-65.5857,18.38798],[-65.58546,18.38847],[-65.58596,18.38805],[-65.58644,18.38851],[-65.58649,18.38887],[-65.58686,18.38877],[-65.58817,18.38988],[-65.58931,18.39034],[-65.58938,18.39055],[-65.59033,18.39035],[-65.59141,18.3903]]],[[[-65.58712,18.39176],[-65.58713,18.3919],[-65.58733,18.39196],[-65.58712,18.39176]]],[[[-65.59477,18.39187],[-65.59472,18.39203],[-65.59492,18.39189],[-65.59477,18.39187]]],[[[-65.59305,18.3925],[-65.59286,18.39264],[-65.59314,18.39267],[-65.59321,18.39253],[-65.59305,18.3925]]],[[[-65.59511,18.3932],[-65.59496,18.39332],[-65.59524,18.39329],[-65.59511,18.3932]]],[[[-65.59874,18.39616],[-65.59845,18.3964],[-65.59834,18.3968],[-65.5988,18.3963],[-65.59884,18.39617],[-65.59874,18.39616]]],[[[-65.59544,18.3965],[-65.59524,18.39678],[-65.5953,18.39708],[-65.59546,18.39701],[-65.5954,18.39685],[-65.59557,18.39652],[-65.59544,18.3965]]],[[[-65.59714,18.39755],[-65.59702,18.39769],[-65.59712,18.39788],[-65.59727,18.39762],[-65.59714,18.39755]]],[[[-65.59807,18.39758],[-65.59792,18.39771],[-65.59794,18.39812],[-65.59821,18.39823],[-65.5983,18.39793],[-65.59873,18.39766],[-65.59807,18.39758]]],[[[-65.59864,18.39799],[-65.59859,18.39826],[-65.59871,18.39809],[-65.59864,18.39799]]],[[[-65.59907,18.39805],[-65.59909,18.39826],[-65.59941,18.39824],[-65.59926,18.39806],[-65.59907,18.39805]]],[[[-65.61008,18.40014],[-65.61017,18.40022],[-65.6103,18.40011],[-65.61008,18.40014]]],[[[-65.61053,18.40022],[-65.61058,18.40038],[-65.61079,18.40016],[-65.61053,18.40022]]],[[[-65.61111,18.40026],[-65.61112,18.40045],[-65.61158,18.40058],[-65.61181,18.40028],[-65.61111,18.40026]]],[[[-65.61175,18.40062],[-65.61167,18.40078],[-65.61196,18.40097],[-65.61228,18.40081],[-65.61222,18.40065],[-65.61175,18.40062]]],[[[-65.61201,18.40167],[-65.61174,18.40169],[-65.61161,18.4019],[-65.61197,18.40182],[-65.61201,18.40167]]],[[[-65.61204,18.40189],[-65.61192,18.40194],[-65.61198,18.40202],[-65.61204,18.40189]]]]},"properties":{"municipio":"Fajardo","geoid":"72053","countyfp":"053","abrev_mun":"FAJ"}},
{"type":"Feature","geometry":{"type":"Polygon","coordinates":[[[-66.54327,18.40562],[-66.54354,18.40552],[-66.54449,18.40579],[-66.54531,18.40581],[-66.54759,18.40463],[-66.54845,18.40502],[-66.54927,18.40517],[-66.55005,18.40601],[-66.55108,18.40654],[-66.55128,18.40679],[-66.55177,18.4097],[-66.55301,18.41162],[-66.55451,18.41107],[-66.556,18.41159],[-66.55698,18.4112],[-66.55767,18.41109],[-66.55836,18.41115],[-66.55899,18.41145],[-66.55965,18.41238],[-66.56009,18.41271],[-66.56351,18.41397],[-66.56411,18.41394],[-66.56722,18.41246],[-66.56819,18.41109],[-66.56957,18.41076],[-66.57078,18.41015],[-66.57138,18.40946],[-66.57075,18.40837],[-66.57104,18.40787],[-66.57204,18.40754],[-66.57279,18.40708],[-66.57337,18.40661],[-66.57414,18.40548],[-66.57538,18.4051],[-66.57569,18.40488],[-66.57602,18.40416],[-66.57581,18.40165],[-66.57599,18.40036],[-66.57667,18.39893],[-66.57708,18.39864],[-66.57771,18.39847],[-66.57793,18.39824],[-66.57804,18.39659],[-66.57829,18.39582],[-66.57892,18.39525],[-66.57957,18.39506],[-66.58068,18.39539],[-66.58202,18.39554],[-66.58272,18.39551],[-66.58293,18.39522],[-66.58303,18.3948],[-66.58299,18.39353],[-66.58356,18.39127],[-66.58343,18.39055],[-66.58304,18.3899],[-66.58682,18.39002],[-66.58837,18.38957],[-66.58822,18.38943],[-66.58826,18.38665],[-66.58863,18.38626],[-66.58811,18.38427],[-66.58786,18.38237],[-66.58818,18.38068],[-66.58868,18.37964],[-66.58916,18.37799],[-66.58899,18.37683],[-66.58914,18.37589],[-66.58906,18.37533],[-66.58834,18.37413],[-66.58808,18.37401],[-66.58662,18.37452],[-66.58559,18.37398],[-66.58527,18.37398],[-66.58459,18.37437],[-66.58348,18.37408],[-66.5823,18.37401],[-66.58234,18.37154],[-66.58272,18.36858],[-66.583,18.36376],[-66.58319,18.36263],[-66.58452,18.36107],[-66.58458,18.36035],[-66.58499,18.35974],[-66.58526,18.359],[-66.58609,18.35854],[-66.58647,18.35792],[-66.58729,18.35702],[-66.5875,18.35646],[-66.58817,18.35595],[-66.58836,18.35559],[-66.58805,18.35481],[-66.58744,18.35433],[-66.58704,18.35308],[-66.58757,18.35274],[-66.58818,18.35178],[-66.58892,18.35118],[-66.58923,18.35023],[-66.5899,18.34898],[-66.58984,18.34852],[-66.58902,18.34795],[-66.58864,18.34732],[-66.58896,18.34675],[-66.58997,18.34586],[-66.59031,18.34521],[-66.59034,18.34461],[-66.58958,18.34406],[-66.59012,18.34351],[-66.59023,18.34153],[-66.59054,18.34116],[-66.59163,18.34068],[-66.59155,18.34042],[-66.59072,18.33987],[-66.59039,18.3394],[-66.59038,18.33891],[-66.59067,18.3382],[-66.59047,18.33807],[-66.58931,18.33826],[-66.58808,18.33907],[-66.58785,18.3391],[-66.58754,18.33894],[-66.58691,18.33785],[-66.58622,18.33725],[-66.58453,18.33795],[-66.58388,18.33875],[-66.58341,18.3391],[-66.58245,18.33931],[-66.58176,18.34023],[-66.58133,18.34053],[-66.58075,18.34023],[-66.58016,18.34014],[-66.57941,18.34053],[-66.57925,18.34082],[-66.5789,18.34106],[-66.57799,18.34088],[-66.57724,18.34155],[-66.577,18.34161],[-66.57618,18.34132],[-66.5745,18.34235],[-66.57319,18.34259],[-66.57211,18.34238],[-66.57207,18.34158],[-66.57072,18.34153],[-66.57013,18.3413],[-66.56995,18.34114],[-66.56994,18.34081],[-66.5697,18.34072],[-66.56871,18.34102],[-66.56638,18.34097],[-66.56584,18.34135],[-66.56511,18.34082],[-66.56484,18.3409],[-66.56452,18.3413],[-66.56362,18.34174],[-66.56359,18.34223],[-66.56317,18.34278],[-66.56289,18.34288],[-66.56166,18.34248],[-66.56174,18.34143],[-66.56152,18.34093],[-66.56117,18.34066],[-66.56029,18.34093],[-66.55974,18.34088],[-66.55945,18.3413],[-66.55923,18.34143],[-66.55879,18.34135],[-66.55821,18.34206],[-66.55796,18.34209],[-66.55741,18.3419],[-66.55688,18.34129],[-66.55635,18.34104],[-66.55581,18.34102],[-66.55505,18.34146],[-66.55445,18.34149],[-66.55333,18.34052],[-66.55289,18.34032],[-66.55242,18.34048],[-66.55192,18.34123],[-66.55162,18.34121],[-66.55118,18.34047],[-66.55068,18.34152],[-66.54965,18.34209],[-66.54932,18.34219],[-66.54859,18.3418],[-66.54796,18.34188],[-66.54745,18.34247],[-66.54682,18.34239],[-66.54652,18.34257],[-66.54589,18.34302],[-66.54542,18.34358],[-66.5444,18.34324],[-66.54332,18.34363],[-66.54281,18.34334],[-66.54208,18.34389],[-66.54108,18.34399],[-66.5403,18.34431],[-66.53934,18.34439],[-66.53793,18.34606],[-66.53656,18.34649],[-66.53593,18.3476],[-66.53628,18.34811],[-66.53629,18.3484],[-66.53601,18.34891],[-66.5351,18.34975],[-66.53365,18.35144],[-66.53386,18.35186],[-66.53386,18.35238],[-66.53338,18.35552],[-66.53315,18.35615],[-66.53321,18.35668],[-66.53405,18.35854],[-66.53386,18.35991],[-66.53396,18.36087],[-66.53346,18.36224],[-66.53227,18.3634],[-66.53207,18.36402],[-66.53163,18.36457],[-66.53137,18.36541],[-66.53132,18.37064],[-66.53103,18.37306],[-66.53137,18.37447],[-66.53146,18.37797],[-66.53114,18.38146],[-66.5315,18.38306],[-66.53079,18.38419],[-66.53067,18.38512],[-66.53093,18.38565],[-66.53177,18.38666],[-66.53224,18.38701],[-66.53372,18.38724],[-66.53396,18.38829],[-66.53436,18.38878],[-66.53432,18.39036],[-66.53444,18.3906],[-66.53508,18.39104],[-66.5354,18.39163],[-66.53564,18.39266],[-66.53573,18.39379],[-66.53609,18.3941],[-66.53721,18.39448],[-66.53774,18.39507],[-66.53789,18.39559],[-66.53784,18.39713],[-66.53819,18.39812],[-66.53832,18.39833],[-66.5394,18.39869],[-66.53985,18.39909],[-66.54086,18.40227],[-66.54141,18.4027],[-66.54327,18.40562]]]},"properties":{"municipio":"Florida","geoid":"72054","countyfp":"054","abrev_mun":"FLO"}},
{"type":"Feature","geometry":{"type":"MultiPolygon","coordinates":[[[[-66.88483,18.0251],[-66.8879,18.0246],[-66.8893,18.02386],[-66.89041,18.02365],[-66.89121,18.02381],[-66.89376,18.02565],[-66.89513,18.02333],[-66.89723,18.02411],[-66.90006,18.02432],[-66.90073,18.02455],[-66.90097,18.02479],[-66.90102,18.02509],[-66.90082,18.0261],[-66.901,18.0263],[-66.90511,18.0266],[-66.90582,18.02623],[-66.90649,18.02504],[-66.90673,18.02484],[-66.9095,18.02417],[-66.9106,18.02438],[-66.91093,18.02395],[-66.91208,18.02459],[-66.9126,18.02522],[-66.91324,18.02566],[-66.91565,18.02676],[-66.9197,18.02778],[-66.91993,18.0271],[-66.92011,18.02699],[-66.92435,18.02748],[-66.92558,18.02877],[-66.92794,18.02968],[-66.9298,18.03016],[-66.9311,18.03066],[-66.93385,18.0308],[-66.93615,18.02988],[-66.93636,18.02949],[-66.93892,18.03009],[-66.94002,18.03089],[-66.94151,18.03162],[-66.94522,18.03295],[-66.94677,18.03324],[-66.94721,18.03351],[-66.95313,18.03375],[-66.95508,18.03283],[-66.95642,18.03288],[-66.95835,18.0327],[-66.95879,18.03249],[-66.9593,18.02293],[-66.96172,17.9917],[-66.981,17.95286],[-66.98064,17.95218],[-66.98028,17.95188],[-66.97862,17.95124],[-66.97695,17.9501],[-66.97652,17.95007],[-66.97603,17.95046],[-66.97529,17.95052],[-66.97488,17.9502],[-66.97469,17.9497],[-66.97272,17.94937],[-66.97149,17.95038],[-66.97103,17.95031],[-66.97085,17.95016],[-66.97079,17.94954],[-66.96998,17.94931],[-66.96995,17.94905],[-66.97036,17.94796],[-66.96859,17.94718],[-66.96816,17.94719],[-66.9678,17.94686],[-66.96754,17.94695],[-66.96761,17.94663],[-66.96719,17.94648],[-66.96705,17.94624],[-66.96667,17.9463],[-66.96633,17.94613],[-66.96582,17.94572],[-66.96542,17.94517],[-66.96536,17.94445],[-66.96565,17.94445],[-66.96571,17.94415],[-66.96554,17.94396],[-66.96534,17.9439],[-66.96513,17.94403],[-66.96509,17.94422],[-66.96473,17.94425],[-66.96395,17.94376],[-66.96352,17.9427],[-66.96384,17.94244],[-66.96374,17.94199],[-66.96331,17.94121],[-66.96309,17.94117],[-66.96287,17.94138],[-66.96222,17.94136],[-66.96179,17.94158],[-66.96143,17.94157],[-66.95987,17.94077],[-66.95969,17.94015],[-66.95954,17.94022],[-66.95926,17.93995],[-66.95892,17.93921],[-66.95842,17.93919],[-66.95811,17.93903],[-66.95745,17.9395],[-66.95711,17.93959],[-66.95665,17.93942],[-66.95594,17.93885],[-66.95515,17.93772],[-66.95495,17.93651],[-66.95501,17.93604],[-66.9551,17.93577],[-66.95564,17.93559],[-66.95702,17.93444],[-66.95648,17.93395],[-66.95645,17.93361],[-66.95675,17.9333],[-66.95689,17.9326],[-66.9572,17.93249],[-66.95724,17.93218],[-66.95712,17.93216],[-66.95708,17.93184],[-66.95731,17.93123],[-66.95592,17.93093],[-66.95535,17.93095],[-66.9551,17.93114],[-66.9547,17.93194],[-66.95452,17.93272],[-66.95418,17.93287],[-66.95361,17.93267],[-66.95327,17.93276],[-66.95235,17.93263],[-66.95152,17.93287],[-66.951,17.93283],[-66.95023,17.93238],[-66.94989,17.93239],[-66.94944,17.93342],[-66.94828,17.93425],[-66.94781,17.93433],[-66.94682,17.93379],[-66.94676,17.93315],[-66.94663,17.93304],[-66.94572,17.93314],[-66.94463,17.93356],[-66.94433,17.93347],[-66.94407,17.93356],[-66.9426,17.93352],[-66.93944,17.93268],[-66.93842,17.93287],[-66.93778,17.93255],[-66.93696,17.93259],[-66.93623,17.93223],[-66.93612,17.93202],[-66.93618,17.93163],[-66.93567,17.93175],[-66.93511,17.93163],[-66.93429,17.93114],[-66.93421,17.93093],[-66.93436,17.93078],[-66.93387,17.93036],[-66.93364,17.9304],[-66.93353,17.93069],[-66.93337,17.9303],[-66.93293,17.93038],[-66.93247,17.92943],[-66.93228,17.92943],[-66.93225,17.92932],[-66.93246,17.92923],[-66.93241,17.92882],[-66.93254,17.92876],[-66.93221,17.92853],[-66.93207,17.92872],[-66.932,17.92855],[-66.93168,17.92854],[-66.93179,17.92886],[-66.93158,17.92899],[-66.93132,17.92885],[-66.93148,17.9285],[-66.93122,17.92849],[-66.93107,17.92864],[-66.93098,17.92838],[-66.93079,17.92855],[-66.9302,17.92818],[-66.92939,17.92816],[-66.9293,17.92807],[-66.92898,17.92824],[-66.92824,17.92822],[-66.92774,17.92781],[-66.92761,17.92749],[-66.92769,17.9271],[-66.92756,17.92696],[-66.92746,17.92706],[-66.92742,17.92693],[-66.92725,17.92697],[-66.92712,17.92711],[-66.9269,17.92699],[-66.9268,17.9271],[-66.92654,17.9269],[-66.92615,17.92693],[-66.92608,17.92705],[-66.92592,17.9269],[-66.92577,17.92706],[-66.92547,17.92694],[-66.92481,17.92721],[-66.92431,17.92711],[-66.92418,17.92725],[-66.92385,17.92725],[-66.92377,17.92772],[-66.92357,17.92799],[-66.92335,17.92791],[-66.92307,17.92796],[-66.92295,17.92815],[-66.9227,17.92811],[-66.92291,17.92856],[-66.92245,17.92922],[-66.92151,17.93013],[-66.92124,17.93026],[-66.92108,17.93017],[-66.92085,17.93026],[-66.92076,17.93014],[-66.92069,17.93078],[-66.91974,17.93112],[-66.91973,17.93129],[-66.91918,17.93154],[-66.91917,17.93208],[-66.91945,17.93214],[-66.91944,17.93232],[-66.91964,17.93228],[-66.91973,17.93273],[-66.92002,17.93301],[-66.92009,17.93333],[-66.92036,17.93352],[-66.92119,17.93339],[-66.92211,17.93394],[-66.92344,17.93389],[-66.92386,17.93431],[-66.92429,17.93418],[-66.92462,17.93438],[-66.92476,17.93471],[-66.92562,17.93468],[-66.92585,17.9349],[-66.92629,17.93495],[-66.92656,17.93534],[-66.92737,17.93602],[-66.92766,17.93658],[-66.92872,17.93665],[-66.93035,17.93699],[-66.93223,17.93777],[-66.93256,17.93848],[-66.93267,17.93982],[-66.93239,17.94071],[-66.93115,17.9432],[-66.93097,17.94337],[-66.92853,17.94432],[-66.92824,17.9442],[-66.92787,17.94366],[-66.92711,17.94359],[-66.92602,17.94429],[-66.9248,17.94455],[-66.92433,17.94435],[-66.92413,17.94457],[-66.9236,17.94469],[-66.92312,17.94457],[-66.923,17.94492],[-66.92259,17.94507],[-66.92219,17.94505],[-66.92194,17.94488],[-66.922,17.94448],[-66.92177,17.94422],[-66.92156,17.94478],[-66.9203,17.94542],[-66.91984,17.94545],[-66.9192,17.94517],[-66.91914,17.9447],[-66.91898,17.94464],[-66.91861,17.94482],[-66.91868,17.94501],[-66.91856,17.94515],[-66.91799,17.94525],[-66.91763,17.94549],[-66.91741,17.94545],[-66.91739,17.94568],[-66.91719,17.94567],[-66.91725,17.94541],[-66.91709,17.94542],[-66.91694,17.94565],[-66.91715,17.94575],[-66.9172,17.94603],[-66.91697,17.94641],[-66.91584,17.94681],[-66.91476,17.9466],[-66.91391,17.94711],[-66.91359,17.94716],[-66.91356,17.94729],[-66.91332,17.94719],[-66.91273,17.94736],[-66.91203,17.9478],[-66.91121,17.9488],[-66.91091,17.94872],[-66.90972,17.94934],[-66.90941,17.94964],[-66.90922,17.95012],[-66.9093,17.95077],[-66.9095,17.95093],[-66.9096,17.95144],[-66.90937,17.95185],[-66.90936,17.9523],[-66.9096,17.95246],[-66.90958,17.95269],[-66.90991,17.95307],[-66.90986,17.9536],[-66.91014,17.95381],[-66.91009,17.95391],[-66.91034,17.95398],[-66.91065,17.95452],[-66.91088,17.95461],[-66.91113,17.95541],[-66.91201,17.95583],[-66.91254,17.95647],[-66.91349,17.95707],[-66.91473,17.95825],[-66.91511,17.95837],[-66.91585,17.95906],[-66.91625,17.95909],[-66.91662,17.95949],[-66.91694,17.95941],[-66.91744,17.95988],[-66.91819,17.95987],[-66.91893,17.96008],[-66.92179,17.96141],[-66.92278,17.96151],[-66.92327,17.96177],[-66.92443,17.96204],[-66.92527,17.96192],[-66.92629,17.96202],[-66.9274,17.96174],[-66.92753,17.96188],[-66.92793,17.96179],[-66.92865,17.9619],[-66.93026,17.96147],[-66.9306,17.96155],[-66.93091,17.9618],[-66.93104,17.96231],[-66.93044,17.9632],[-66.92998,17.96358],[-66.92927,17.9639],[-66.92887,17.96391],[-66.92865,17.96369],[-66.92837,17.96379],[-66.92785,17.9651],[-66.92638,17.96466],[-66.92525,17.96482],[-66.9254,17.96522],[-66.92506,17.96553],[-66.92499,17.96579],[-66.92508,17.96599],[-66.92545,17.9662],[-66.92666,17.96633],[-66.92779,17.96737],[-66.92822,17.96749],[-66.92823,17.96796],[-66.92781,17.96853],[-66.92808,17.96881],[-66.92863,17.96897],[-66.92878,17.96947],[-66.92819,17.97062],[-66.92777,17.97109],[-66.92739,17.97109],[-66.92733,17.97145],[-66.92609,17.97259],[-66.92498,17.973],[-66.92464,17.97298],[-66.92382,17.9722],[-66.92376,17.97159],[-66.92299,17.97141],[-66.92243,17.97095],[-66.92182,17.97086],[-66.92169,17.97069],[-66.92173,17.9704],[-66.92153,17.9702],[-66.9211,17.97038],[-66.92071,17.97013],[-66.92005,17.96926],[-66.92028,17.96855],[-66.92015,17.96825],[-66.92068,17.96794],[-66.9209,17.96732],[-66.92095,17.96689],[-66.92052,17.96656],[-66.91929,17.96656],[-66.91917,17.9668],[-66.91887,17.96679],[-66.91864,17.96696],[-66.91855,17.96715],[-66.91867,17.96744],[-66.91803,17.96756],[-66.91771,17.96723],[-66.91783,17.96709],[-66.91779,17.96678],[-66.91742,17.96648],[-66.91724,17.966],[-66.9168,17.96592],[-66.91654,17.96608],[-66.91638,17.96586],[-66.9159,17.96609],[-66.9156,17.9657],[-66.91488,17.96555],[-66.91474,17.96566],[-66.91423,17.96567],[-66.91402,17.96557],[-66.91398,17.9653],[-66.91375,17.96505],[-66.91371,17.96519],[-66.91351,17.96508],[-66.9134,17.96523],[-66.91308,17.96501],[-66.91291,17.96468],[-66.91234,17.96416],[-66.91233,17.96379],[-66.912,17.9635],[-66.91153,17.96372],[-66.91075,17.96383],[-66.91058,17.96358],[-66.91039,17.96356],[-66.90989,17.96395],[-66.90994,17.9642],[-66.90954,17.96466],[-66.90888,17.96493],[-66.90799,17.96468],[-66.90674,17.96513],[-66.90588,17.96486],[-66.90534,17.96429],[-66.90569,17.96363],[-66.90619,17.96335],[-66.90638,17.96201],[-66.9063,17.96117],[-66.9064,17.96091],[-66.90627,17.9604],[-66.90649,17.95962],[-66.90688,17.95916],[-66.90688,17.95805],[-66.90644,17.95709],[-66.9066,17.95644],[-66.9064,17.95584],[-66.90637,17.95511],[-66.9061,17.95485],[-66.90573,17.95393],[-66.90512,17.95379],[-66.9044,17.95332],[-66.90393,17.95271],[-66.90409,17.95219],[-66.9046,17.95187],[-66.90472,17.95066],[-66.90435,17.95044],[-66.9039,17.95043],[-66.90341,17.94994],[-66.90338,17.94952],[-66.90322,17.9496],[-66.90283,17.94926],[-66.90219,17.94899],[-66.90153,17.94894],[-66.90093,17.94946],[-66.90023,17.9491],[-66.90021,17.94876],[-66.90001,17.94856],[-66.89909,17.94865],[-66.89824,17.94906],[-66.89814,17.94948],[-66.89777,17.94956],[-66.89727,17.94996],[-66.89684,17.94997],[-66.89666,17.94971],[-66.89626,17.94961],[-66.896,17.94985],[-66.8953,17.95002],[-66.89514,17.94993],[-66.89486,17.95017],[-66.89456,17.95003],[-66.89415,17.95028],[-66.89399,17.95015],[-66.89369,17.95025],[-66.89305,17.95074],[-66.89354,17.95134],[-66.89266,17.9518],[-66.89171,17.95181],[-66.89119,17.95123],[-66.89012,17.95119],[-66.88966,17.95141],[-66.88915,17.9514],[-66.8889,17.95156],[-66.88839,17.95149],[-66.88852,17.95195],[-66.8882,17.95215],[-66.88786,17.95201],[-66.88757,17.95158],[-66.88663,17.95151],[-66.88606,17.95167],[-66.88584,17.95186],[-66.88528,17.95192],[-66.88365,17.95293],[-66.88214,17.953],[-66.87958,17.95246],[-66.87827,17.95152],[-66.87771,17.95077],[-66.87778,17.95029],[-66.87801,17.94963],[-66.87842,17.94942],[-66.87872,17.9489],[-66.87894,17.94879],[-66.87896,17.94854],[-66.8787,17.94824],[-66.87873,17.94798],[-66.87857,17.94777],[-66.87755,17.94782],[-66.87687,17.94796],[-66.8762,17.94838],[-66.87592,17.9484],[-66.87519,17.94877],[-66.87483,17.94915],[-66.87491,17.9494],[-66.87474,17.94961],[-66.87439,17.94949],[-66.87409,17.94959],[-66.87355,17.95063],[-66.87361,17.95087],[-66.87323,17.95102],[-66.87312,17.95163],[-66.87271,17.9523],[-66.87216,17.95282],[-66.8717,17.95291],[-66.87151,17.95273],[-66.87156,17.95223],[-66.87088,17.95152],[-66.87087,17.95134],[-66.87025,17.95106],[-66.86969,17.95032],[-66.86904,17.95034],[-66.86888,17.95011],[-66.86906,17.94989],[-66.8688,17.94982],[-66.86886,17.94976],[-66.86868,17.9496],[-66.86834,17.94954],[-66.8683,17.94943],[-66.86857,17.94925],[-66.86828,17.94906],[-66.86833,17.94895],[-66.86807,17.94857],[-66.86813,17.94782],[-66.86777,17.94786],[-66.86697,17.94763],[-66.86623,17.94725],[-66.86574,17.94683],[-66.86533,17.94622],[-66.86435,17.94558],[-66.86376,17.94593],[-66.86339,17.94644],[-66.86383,17.94798],[-66.86379,17.94901],[-66.86347,17.95037],[-66.86273,17.95192],[-66.86221,17.95268],[-66.8614,17.95344],[-66.85952,17.95475],[-66.86162,17.96134],[-66.86227,17.96262],[-66.86273,17.96433],[-66.86322,17.96529],[-66.86316,17.96708],[-66.86351,17.97337],[-66.86379,17.98823],[-66.86292,17.99159],[-66.86286,17.9923],[-66.86284,17.99453],[-66.86316,17.99802],[-66.86478,17.9998],[-66.8653,18.00082],[-66.86582,18.00267],[-66.86618,18.00348],[-66.86802,18.00606],[-66.86874,18.0068],[-66.87004,18.00777],[-66.8724,18.00886],[-66.87293,18.00924],[-66.87462,18.01082],[-66.87525,18.01125],[-66.87506,18.01377],[-66.87514,18.01427],[-66.87692,18.01571],[-66.87781,18.01621],[-66.87841,18.01623],[-66.87965,18.01589],[-66.88025,18.01591],[-66.88119,18.01617],[-66.88223,18.01665],[-66.88246,18.01703],[-66.88168,18.01765],[-66.88195,18.01856],[-66.88181,18.01993],[-66.88208,18.0203],[-66.88255,18.02041],[-66.88273,18.02032],[-66.88283,18.01993],[-66.88301,18.01977],[-66.88378,18.01955],[-66.88478,18.01954],[-66.88554,18.01989],[-66.88567,18.02059],[-66.88493,18.02183],[-66.88446,18.02411],[-66.88446,18.02441],[-66.88483,18.0251]]],[[[-66.97351,17.93006],[-66.97305,17.92939],[-66.97259,17.92908],[-66.97195,17.92954],[-66.97219,17.92996],[-66.97351,17.93006]]],[[[-66.8702,17.9428],[-66.87059,17.94297],[-66.87223,17.94279],[-66.87376,17.94289],[-66.87377,17.94271],[-66.87336,17.94239],[-66.87339,17.94222],[-66.87393,17.9422],[-66.87493,17.94173],[-66.8752,17.9415],[-66.87521,17.94121],[-66.87498,17.94097],[-66.87281,17.94078],[-66.87217,17.94083],[-66.87203,17.94111],[-66.87162,17.94119],[-66.87217,17.94207],[-66.87188,17.94204],[-66.8713,17.94145],[-66.87102,17.94136],[-66.87046,17.94181],[-66.8702,17.9428]]],[[[-66.86952,17.9437],[-66.87058,17.94427],[-66.87069,17.94423],[-66.87066,17.94377],[-66.87081,17.94362],[-66.87184,17.94401],[-66.8722,17.94391],[-66.8716,17.94352],[-66.8705,17.94342],[-66.86984,17.94317],[-66.86948,17.94332],[-66.86952,17.9437]]],[[[-66.97144,17.94406],[-66.97195,17.94418],[-66.97262,17.94491],[-66.97301,17.94485],[-66.97259,17.944],[-66.9717,17.94328],[-66.97067,17.9432],[-66.9703,17.94336],[-66.97017,17.9438],[-66.97048,17.94419],[-66.97144,17.94406]]],[[[-66.91227,17.94596],[-66.91254,17.94614],[-66.9127,17.94599],[-66.91243,17.94582],[-66.91227,17.94596]]],[[[-66.91192,17.94605],[-66.91186,17.94632],[-66.91225,17.94634],[-66.91229,17.94619],[-66.91192,17.94605]]],[[[-66.91117,17.94653],[-66.911,17.94678],[-66.9111,17.94698],[-66.91175,17.94677],[-66.91185,17.94652],[-66.91141,17.94638],[-66.91117,17.94653]]],[[[-66.97801,17.94661],[-66.97795,17.94678],[-66.97826,17.94683],[-66.97831,17.94648],[-66.97801,17.94661]]],[[[-66.86558,17.94598],[-66.86586,17.94656],[-66.86665,17.9471],[-66.86699,17.94712],[-66.86697,17.94623],[-66.86714,17.94598],[-66.86684,17.9454],[-66.86752,17.94564],[-66.86787,17.9456],[-66.86876,17.94472],[-66.86969,17.9445],[-66.86831,17.94384],[-66.86657,17.94398],[-66.86594,17.9443],[-66.86561,17.94473],[-66.86551,17.94507],[-66.86558,17.94598]]],[[[-66.97866,17.94674],[-66.97892,17.94691],[-66.97899,17.94712],[-66.9795,17.94674],[-66.97887,17.9465],[-66.97868,17.94652],[-66.97866,17.94674]]],[[[-66.98023,17.94748],[-66.98036,17.94774],[-66.98069,17.94741],[-66.98044,17.94731],[-66.98023,17.94748]]],[[[-66.98071,17.94773],[-66.98068,17.94788],[-66.98083,17.94779],[-66.98071,17.94773]]],[[[-66.98095,17.9479],[-66.98103,17.94812],[-66.98107,17.94785],[-66.98095,17.9479]]],[[[-66.98127,17.94781],[-66.98127,17.94843],[-66.98144,17.94841],[-66.98164,17.94782],[-66.98144,17.94762],[-66.98127,17.94781]]],[[[-66.98239,17.94868],[-66.98241,17.94887],[-66.9826,17.94882],[-66.98264,17.94864],[-66.98239,17.94868]]]]},"properties":{"municipio":"Guánica","geoid":"72055","countyfp":"055","abrev_mun":"GNC"}},
{"type":"Feature","geometry":{"type":"MultiPolygon","coordinates":[[[[-66.08218,18.0328],[-66.08232,18.03348],[-66.08306,18.03446],[-66.08324,18.03463],[-66.08381,18.03479],[-66.08537,18.03608],[-66.08587,18.03673],[-66.08607,18.03756],[-66.08594,18.03795],[-66.0856,18.03862],[-66.08502,18.0392],[-66.08503,18.0394],[-66.08597,18.04157],[-66.08615,18.04182],[-66.08723,18.04253],[-66.08728,18.04271],[-66.08737,18.04339],[-66.08649,18.04437],[-66.08587,18.04645],[-66.08618,18.04751],[-66.08607,18.04782],[-66.08553,18.04843],[-66.08599,18.04904],[-66.08648,18.04926],[-66.0874,18.05023],[-66.08781,18.05214],[-66.08873,18.05422],[-66.0892,18.05612],[-66.08817,18.05874],[-66.08786,18.0614],[-66.08661,18.06218],[-66.08526,18.06338],[-66.08444,18.06282],[-66.08345,18.06273],[-66.0819,18.06322],[-66.08076,18.06414],[-66.08048,18.06522],[-66.07973,18.06594],[-66.07918,18.06731],[-66.07914,18.0677],[-66.07945,18.0685],[-66.07996,18.06892],[-66.08001,18.06916],[-66.07985,18.06973],[-66.07939,18.0703],[-66.0794,18.07107],[-66.07995,18.07185],[-66.08006,18.07248],[-66.08071,18.0727],[-66.08105,18.07309],[-66.0812,18.07378],[-66.08104,18.07422],[-66.08006,18.07497],[-66.07869,18.07491],[-66.07663,18.07543],[-66.07524,18.07554],[-66.07492,18.0757],[-66.07458,18.07637],[-66.07253,18.07823],[-66.07046,18.07972],[-66.06997,18.07971],[-66.06868,18.07881],[-66.06805,18.07883],[-66.06782,18.07908],[-66.06666,18.08167],[-66.06562,18.08229],[-66.06508,18.08377],[-66.06395,18.08493],[-66.06326,18.08625],[-66.06252,18.08721],[-66.06259,18.08786],[-66.06249,18.08802],[-66.06181,18.08882],[-66.06076,18.08928],[-66.0599,18.09058],[-66.06014,18.09167],[-66.06,18.09299],[-66.06063,18.09423],[-66.06076,18.09482],[-66.06024,18.09574],[-66.06025,18.0963],[-66.06048,18.09697],[-66.06036,18.09771],[-66.06044,18.09845],[-66.06068,18.09892],[-66.06131,18.0995],[-66.06132,18.09986],[-66.06102,18.10019],[-66.0602,18.10052],[-66.06,18.10073],[-66.05932,18.10236],[-66.05751,18.10466],[-66.05536,18.10523],[-66.05428,18.1064],[-66.05331,18.10693],[-66.05313,18.10712],[-66.05307,18.10756],[-66.05412,18.10715],[-66.05566,18.10592],[-66.05635,18.10552],[-66.05723,18.10552],[-66.05831,18.10494],[-66.05887,18.10431],[-66.05965,18.10388],[-66.0602,18.10375],[-66.06062,18.10399],[-66.06117,18.10398],[-66.06268,18.10305],[-66.06427,18.10266],[-66.06567,18.10255],[-66.06631,18.10298],[-66.06714,18.10296],[-66.0679,18.10267],[-66.06846,18.10192],[-66.06875,18.1018],[-66.07112,18.10207],[-66.07234,18.10273],[-66.07251,18.10295],[-66.07284,18.10433],[-66.07409,18.10563],[-66.07449,18.1058],[-66.07546,18.10536],[-66.07697,18.10408],[-66.07775,18.10319],[-66.07796,18.10311],[-66.07818,18.10322],[-66.0786,18.10306],[-66.0792,18.1032],[-66.07997,18.10385],[-66.08114,18.10376],[-66.08153,18.10396],[-66.08259,18.10399],[-66.08301,18.10472],[-66.08387,18.10495],[-66.08439,18.10525],[-66.0849,18.10515],[-66.08532,18.10537],[-66.08598,18.10531],[-66.08623,18.10541],[-66.08668,18.10583],[-66.0876,18.10624],[-66.08773,18.1064],[-66.08778,18.10735],[-66.08835,18.1076],[-66.08905,18.10748],[-66.0904,18.10757],[-66.09189,18.10727],[-66.09242,18.1074],[-66.09394,18.10716],[-66.09473,18.10677],[-66.09525,18.10626],[-66.09566,18.1047],[-66.09638,18.10437],[-66.09695,18.10437],[-66.09729,18.10459],[-66.09723,18.10483],[-66.09645,18.10481],[-66.09637,18.10503],[-66.09671,18.10576],[-66.09735,18.10616],[-66.09741,18.10664],[-66.09759,18.10688],[-66.09802,18.10696],[-66.09847,18.10659],[-66.09895,18.10551],[-66.09927,18.10544],[-66.09993,18.1058],[-66.10081,18.10594],[-66.10129,18.10576],[-66.10138,18.10556],[-66.10097,18.10504],[-66.10122,18.10479],[-66.10154,18.10467],[-66.10233,18.10519],[-66.10257,18.10503],[-66.10271,18.10278],[-66.10344,18.10232],[-66.10377,18.10164],[-66.1052,18.10122],[-66.10574,18.10039],[-66.10565,18.09939],[-66.10579,18.0991],[-66.10629,18.0991],[-66.10677,18.09973],[-66.10705,18.09973],[-66.10733,18.09948],[-66.1076,18.09947],[-66.1087,18.10012],[-66.10917,18.10015],[-66.10926,18.09996],[-66.10868,18.09891],[-66.10979,18.09691],[-66.11155,18.09499],[-66.11266,18.09159],[-66.11261,18.09029],[-66.11295,18.09016],[-66.11552,18.09185],[-66.11674,18.09224],[-66.1179,18.09242],[-66.11892,18.09298],[-66.12044,18.09312],[-66.12228,18.09384],[-66.12311,18.09445],[-66.12523,18.09636],[-66.12643,18.09716],[-66.12714,18.09637],[-66.12825,18.09383],[-66.12808,18.09277],[-66.12858,18.08999],[-66.12902,18.08906],[-66.12771,18.08673],[-66.1263,18.08275],[-66.12588,18.08233],[-66.1256,18.08232],[-66.12509,18.08262],[-66.12461,18.0827],[-66.1243,18.08238],[-66.12376,18.08134],[-66.12362,18.08086],[-66.12378,18.08014],[-66.12359,18.07941],[-66.12421,18.0778],[-66.12436,18.0776],[-66.12482,18.07751],[-66.12594,18.07779],[-66.12623,18.07773],[-66.1264,18.07748],[-66.12635,18.07701],[-66.12573,18.07536],[-66.1251,18.07433],[-66.12461,18.07418],[-66.12378,18.07431],[-66.12335,18.07424],[-66.12266,18.07354],[-66.1215,18.07295],[-66.12143,18.0727],[-66.12214,18.07164],[-66.12225,18.07091],[-66.12183,18.07052],[-66.12072,18.07017],[-66.12164,18.06901],[-66.12178,18.06772],[-66.12138,18.06671],[-66.12137,18.06536],[-66.12093,18.06478],[-66.12114,18.06389],[-66.12096,18.06355],[-66.12055,18.06386],[-66.12027,18.06372],[-66.1205,18.06335],[-66.12031,18.06313],[-66.1199,18.06298],[-66.11981,18.06275],[-66.1207,18.06172],[-66.12127,18.0617],[-66.12183,18.06197],[-66.12208,18.06168],[-66.12174,18.06118],[-66.12179,18.0609],[-66.12309,18.05998],[-66.12298,18.05683],[-66.12386,18.05403],[-66.12437,18.05306],[-66.12486,18.05266],[-66.125,18.05183],[-66.12571,18.05125],[-66.12656,18.04961],[-66.12776,18.04848],[-66.12791,18.0462],[-66.12825,18.04542],[-66.12922,18.04436],[-66.12947,18.0439],[-66.12976,18.04239],[-66.12917,18.0416],[-66.12863,18.04011],[-66.12881,18.03966],[-66.1288,18.0393],[-66.12905,18.03915],[-66.1299,18.03913],[-66.13115,18.0389],[-66.13247,18.03832],[-66.13391,18.03844],[-66.13421,18.03829],[-66.13502,18.03745],[-66.13532,18.03737],[-66.13696,18.03723],[-66.13819,18.03773],[-66.13906,18.03694],[-66.14042,18.03764],[-66.1422,18.03809],[-66.14254,18.03828],[-66.14328,18.03983],[-66.14343,18.04082],[-66.14426,18.04147],[-66.14466,18.04159],[-66.1468,18.0417],[-66.14827,18.04231],[-66.14911,18.04248],[-66.15052,18.04207],[-66.1517,18.04259],[-66.15328,18.04273],[-66.15575,18.0436],[-66.156,18.04382],[-66.15672,18.04543],[-66.15737,18.04625],[-66.15751,18.04787],[-66.15781,18.04875],[-66.15808,18.04899],[-66.16071,18.04979],[-66.1613,18.04978],[-66.16245,18.04938],[-66.16543,18.0501],[-66.16618,18.05012],[-66.17489,18.03352],[-66.17514,18.0328],[-66.17631,18.03264],[-66.17799,18.03216],[-66.17928,18.03033],[-66.18097,18.02897],[-66.18102,18.02877],[-66.18063,18.02786],[-66.18071,18.02686],[-66.1806,18.02649],[-66.1801,18.02585],[-66.18009,18.02552],[-66.1803,18.02527],[-66.18099,18.0249],[-66.1822,18.02467],[-66.18265,18.02478],[-66.18378,18.02541],[-66.18439,18.02548],[-66.18613,18.02507],[-66.18698,18.02457],[-66.18899,18.02431],[-66.1901,18.02253],[-66.18988,18.02215],[-66.18999,18.0219],[-66.19121,18.02211],[-66.19196,18.02069],[-66.19235,18.02039],[-66.19301,18.02021],[-66.19443,18.02014],[-66.19546,18.01974],[-66.19663,18.02051],[-66.19688,18.02055],[-66.1981,18.01999],[-66.19853,18.01929],[-66.19886,18.01915],[-66.20046,18.01899],[-66.20162,18.01788],[-66.2016,18.01696],[-66.20173,18.01668],[-66.20313,18.01556],[-66.20303,18.01503],[-66.20335,18.0134],[-66.20382,18.01305],[-66.20548,18.01319],[-66.20613,17.96296],[-66.20596,17.96275],[-66.20584,17.96277],[-66.2059,17.96262],[-66.20569,17.96232],[-66.2053,17.96205],[-66.20505,17.96231],[-66.20464,17.96235],[-66.20409,17.96213],[-66.20383,17.96187],[-66.20267,17.96149],[-66.20243,17.9616],[-66.2013,17.96128],[-66.20125,17.96136],[-66.20041,17.96075],[-66.19997,17.96089],[-66.19983,17.96054],[-66.19882,17.96001],[-66.19781,17.95928],[-66.19651,17.95829],[-66.19531,17.9571],[-66.19429,17.95662],[-66.19359,17.95605],[-66.19254,17.95551],[-66.19171,17.95474],[-66.19122,17.9544],[-66.19112,17.95444],[-66.1908,17.95402],[-66.18905,17.95304],[-66.18797,17.95268],[-66.18729,17.95265],[-66.18712,17.95243],[-66.18595,17.95214],[-66.18589,17.9519],[-66.18526,17.95137],[-66.18461,17.95122],[-66.18451,17.95135],[-66.18432,17.95129],[-66.18387,17.95146],[-66.18385,17.95161],[-66.18364,17.95149],[-66.18336,17.95161],[-66.18298,17.95131],[-66.18278,17.9514],[-66.1826,17.95107],[-66.18212,17.95068],[-66.18121,17.95035],[-66.17945,17.95032],[-66.1782,17.95078],[-66.17693,17.95044],[-66.17651,17.94986],[-66.1757,17.94938],[-66.17522,17.94826],[-66.17502,17.94814],[-66.17439,17.94537],[-66.17367,17.94443],[-66.17295,17.94065],[-66.17261,17.94005],[-66.17242,17.93994],[-66.1725,17.93985],[-66.17276,17.93995],[-66.173,17.94024],[-66.17384,17.94435],[-66.17409,17.9448],[-66.17465,17.94519],[-66.17552,17.94512],[-66.17606,17.94534],[-66.17717,17.94465],[-66.17804,17.94455],[-66.17844,17.94435],[-66.18027,17.94469],[-66.18061,17.94463],[-66.18103,17.94433],[-66.18143,17.94388],[-66.18145,17.9437],[-66.18162,17.94365],[-66.18168,17.94335],[-66.18208,17.94303],[-66.18216,17.94268],[-66.18205,17.94233],[-66.18144,17.94195],[-66.18147,17.9415],[-66.18131,17.94113],[-66.18146,17.93946],[-66.1812,17.93923],[-66.18195,17.93924],[-66.18276,17.93944],[-66.1831,17.93932],[-66.18392,17.93869],[-66.18167,17.9382],[-66.18154,17.93809],[-66.1816,17.93766],[-66.18202,17.93751],[-66.18214,17.93761],[-66.18297,17.93754],[-66.18318,17.93742],[-66.18379,17.93763],[-66.18496,17.93846],[-66.18546,17.93843],[-66.18612,17.93886],[-66.18736,17.93894],[-66.18791,17.93929],[-66.18808,17.93961],[-66.18805,17.93996],[-66.18847,17.94018],[-66.18882,17.94003],[-66.18924,17.94007],[-66.1902,17.94057],[-66.19201,17.94111],[-66.1925,17.9409],[-66.19294,17.94153],[-66.19335,17.94186],[-66.19415,17.94196],[-66.19431,17.94222],[-66.19441,17.94206],[-66.19499,17.94209],[-66.19563,17.94223],[-66.19623,17.94265],[-66.19674,17.94266],[-66.19718,17.94229],[-66.19727,17.94178],[-66.19745,17.94181],[-66.19724,17.94241],[-66.19755,17.94272],[-66.19829,17.94283],[-66.19834,17.94314],[-66.19868,17.94345],[-66.19908,17.94313],[-66.19933,17.94314],[-66.19954,17.94327],[-66.19991,17.94393],[-66.20022,17.94407],[-66.20034,17.94391],[-66.20016,17.94353],[-66.20055,17.94367],[-66.20108,17.94358],[-66.20149,17.94315],[-66.2015,17.94283],[-66.20092,17.94259],[-66.20153,17.94272],[-66.20164,17.94219],[-66.20202,17.94215],[-66.2021,17.9415],[-66.20261,17.94155],[-66.20247,17.94239],[-66.20199,17.94241],[-66.20181,17.94257],[-66.2017,17.94301],[-66.20173,17.94318],[-66.2023,17.94366],[-66.20217,17.94425],[-66.20269,17.94494],[-66.20311,17.94476],[-66.20351,17.94485],[-66.20376,17.94475],[-66.20597,17.94474],[-66.20747,17.94431],[-66.20893,17.94406],[-66.21048,17.94412],[-66.21146,17.94467],[-66.21252,17.94454],[-66.2133,17.94488],[-66.21347,17.94464],[-66.21348,17.94358],[-66.21297,17.94252],[-66.21292,17.94206],[-66.21321,17.94159],[-66.21302,17.94156],[-66.21301,17.9412],[-66.21271,17.9411],[-66.21252,17.94067],[-66.21225,17.94073],[-66.21116,17.93995],[-66.2107,17.93938],[-66.21067,17.93913],[-66.21049,17.93904],[-66.2104,17.93865],[-66.21004,17.93814],[-66.20926,17.93764],[-66.20928,17.93738],[-66.20896,17.93677],[-66.20877,17.93671],[-66.20836,17.93601],[-66.20727,17.93523],[-66.20676,17.93447],[-66.20745,17.93407],[-66.20746,17.93385],[-66.2082,17.93384],[-66.20883,17.93364],[-66.20926,17.93311],[-66.21032,17.93282],[-66.21057,17.93258],[-66.21063,17.9322],[-66.20824,17.93259],[-66.20693,17.93242],[-66.20341,17.93098],[-66.20191,17.93009],[-66.20091,17.92975],[-66.19997,17.92967],[-66.19869,17.9307],[-66.19831,17.93145],[-66.19782,17.93202],[-66.19782,17.93221],[-66.19699,17.93349],[-66.19676,17.93503],[-66.19643,17.93549],[-66.19457,17.93693],[-66.19348,17.93761],[-66.19206,17.93834],[-66.19138,17.93853],[-66.19017,17.9381],[-66.1888,17.93732],[-66.18803,17.93707],[-66.18664,17.93624],[-66.18462,17.93579],[-66.183,17.93598],[-66.18243,17.93631],[-66.18196,17.93638],[-66.17971,17.93578],[-66.17896,17.9357],[-66.17816,17.93591],[-66.17736,17.93643],[-66.17643,17.93673],[-66.17515,17.93701],[-66.17387,17.93708],[-66.17302,17.93664],[-66.17279,17.93608],[-66.17102,17.93512],[-66.16914,17.93387],[-66.16704,17.93315],[-66.16479,17.93283],[-66.16314,17.93222],[-66.16203,17.93206],[-66.16162,17.93231],[-66.16104,17.93234],[-66.16074,17.93212],[-66.16085,17.93187],[-66.16062,17.93191],[-66.1607,17.932],[-66.16059,17.93214],[-66.16024,17.93206],[-66.16019,17.9322],[-66.16042,17.93262],[-66.16038,17.9333],[-66.16051,17.93372],[-66.16105,17.9341],[-66.16117,17.93467],[-66.16099,17.93475],[-66.16072,17.93518],[-66.16037,17.93538],[-66.16005,17.93645],[-66.1598,17.93674],[-66.15783,17.93783],[-66.15738,17.93788],[-66.1558,17.93713],[-66.15567,17.93692],[-66.15568,17.93593],[-66.15695,17.93328],[-66.15781,17.93251],[-66.15831,17.93231],[-66.15838,17.9319],[-66.15805,17.93071],[-66.15808,17.93027],[-66.15884,17.92945],[-66.15985,17.92862],[-66.15983,17.92843],[-66.15969,17.92839],[-66.15834,17.92958],[-66.15631,17.92955],[-66.15534,17.92982],[-66.1533,17.93136],[-66.1504,17.93301],[-66.14822,17.93419],[-66.14785,17.93432],[-66.14738,17.93425],[-66.14736,17.93441],[-66.14562,17.93594],[-66.14227,17.9403],[-66.1409,17.94116],[-66.14037,17.94135],[-66.13933,17.94136],[-66.1382,17.94085],[-66.13603,17.94168],[-66.13544,17.94214],[-66.13461,17.94245],[-66.13419,17.94283],[-66.13368,17.94283],[-66.13299,17.94351],[-66.13207,17.94411],[-66.13114,17.94527],[-66.1299,17.94619],[-66.12863,17.94682],[-66.12705,17.94713],[-66.1257,17.94687],[-66.12403,17.94762],[-66.12309,17.94767],[-66.1216,17.94843],[-66.11785,17.94838],[-66.1164,17.94908],[-66.11528,17.94927],[-66.11435,17.94913],[-66.11356,17.94873],[-66.11263,17.94881],[-66.10847,17.95215],[-66.10794,17.95238],[-66.10699,17.95251],[-66.10377,17.95495],[-66.10169,17.95617],[-66.10042,17.95673],[-66.0961,17.95909],[-66.09011,17.96307],[-66.087,17.96456],[-66.08677,17.96425],[-66.08674,17.9646],[-66.086,17.96503],[-66.08195,17.96654],[-66.08084,17.96683],[-66.08037,17.96667],[-66.07866,17.967],[-66.07761,17.96692],[-66.07697,17.96671],[-66.07655,17.96618],[-66.07561,17.96559],[-66.07337,17.96627],[-66.07166,17.96662],[-66.07089,17.96665],[-66.07013,17.96641],[-66.06989,17.96651],[-66.07008,17.96666],[-66.07084,17.96833],[-66.07079,17.97022],[-66.07091,17.97093],[-66.07008,17.97286],[-66.06977,17.9741],[-66.07,17.97467],[-66.07094,17.97587],[-66.07158,17.97743],[-66.07225,17.97826],[-66.07237,17.97874],[-66.07155,17.99311],[-66.07161,17.99399],[-66.0723,17.99481],[-66.07281,17.99593],[-66.07312,17.99604],[-66.07453,17.99599],[-66.07523,17.99625],[-66.0759,17.99769],[-66.07591,17.99826],[-66.07642,17.99998],[-66.07669,18.00019],[-66.07752,18.0002],[-66.07989,18.00171],[-66.08051,18.00322],[-66.08128,18.00408],[-66.08138,18.00527],[-66.08181,18.00607],[-66.08183,18.00795],[-66.08222,18.00935],[-66.08224,18.01038],[-66.0826,18.0107],[-66.08303,18.01177],[-66.08379,18.01295],[-66.08419,18.01301],[-66.08573,18.01283],[-66.08632,18.01378],[-66.08708,18.01429],[-66.08815,18.01475],[-66.08895,18.01534],[-66.08957,18.01624],[-66.09113,18.01748],[-66.09144,18.01787],[-66.09131,18.02009],[-66.09164,18.02101],[-66.0921,18.02129],[-66.0938,18.02115],[-66.09504,18.02183],[-66.0951,18.02211],[-66.09479,18.02264],[-66.09409,18.02329],[-66.09221,18.02444],[-66.09113,18.02467],[-66.09031,18.02437],[-66.08954,18.02456],[-66.08899,18.02548],[-66.08809,18.0264],[-66.08704,18.02678],[-66.08627,18.02731],[-66.08564,18.02749],[-66.08456,18.02823],[-66.08414,18.0295],[-66.082,18.03084],[-66.08189,18.03107],[-66.0822,18.03184],[-66.08218,18.0328]]],[[[-66.21355,17.92202],[-66.21384,17.92211],[-66.21387,17.92183],[-66.21366,17.92158],[-66.21347,17.92158],[-66.21355,17.92202]]],[[[-66.21307,17.92218],[-66.21348,17.92246],[-66.21336,17.9221],[-66.21309,17.92193],[-66.21307,17.92218]]],[[[-66.21116,17.9232],[-66.21189,17.92355],[-66.21161,17.92319],[-66.21124,17.92305],[-66.21116,17.9232]]],[[[-66.21232,17.9225],[-66.21237,17.92274],[-66.21279,17.92318],[-66.21374,17.92376],[-66.21346,17.92312],[-66.21266,17.92248],[-66.21244,17.92237],[-66.21232,17.9225]]],[[[-66.21176,17.9227],[-66.21235,17.92366],[-66.2128,17.92408],[-66.2132,17.92433],[-66.21362,17.92423],[-66.2125,17.92343],[-66.21198,17.92276],[-66.21176,17.9227]]],[[[-66.21398,17.92149],[-66.21415,17.92198],[-66.21413,17.92284],[-66.21426,17.92328],[-66.21509,17.92444],[-66.21522,17.92444],[-66.21525,17.92424],[-66.21481,17.92357],[-66.21645,17.92298],[-66.21659,17.92284],[-66.21653,17.92252],[-66.21711,17.92219],[-66.21743,17.92174],[-66.21697,17.92143],[-66.21483,17.92093],[-66.21412,17.92092],[-66.21371,17.92066],[-66.21398,17.92149]]],[[[-66.21268,17.92505],[-66.21311,17.92506],[-66.21305,17.92488],[-66.21174,17.92378],[-66.21067,17.92325],[-66.21094,17.92419],[-66.21211,17.92502],[-66.21268,17.92505]]],[[[-66.20717,17.92588],[-66.20759,17.92655],[-66.20767,17.92609],[-66.20744,17.92576],[-66.20728,17.92571],[-66.20717,17.92588]]],[[[-66.21193,17.92581],[-66.2119,17.92606],[-66.21266,17.92669],[-66.21276,17.92649],[-66.21262,17.92631],[-66.21205,17.92577],[-66.21193,17.92581]]],[[[-66.20929,17.92456],[-66.20889,17.9247],[-66.20897,17.9249],[-66.21041,17.92645],[-66.21095,17.92677],[-66.2111,17.92657],[-66.21111,17.92613],[-66.21157,17.92582],[-66.21167,17.9257],[-66.21159,17.92555],[-66.2113,17.92533],[-66.20929,17.92456]]],[[[-66.20695,17.92635],[-66.20723,17.92692],[-66.20742,17.92701],[-66.20738,17.92651],[-66.20698,17.92615],[-66.20695,17.92635]]],[[[-66.20595,17.92672],[-66.2066,17.92721],[-66.20665,17.92709],[-66.20612,17.92661],[-66.20595,17.92672]]],[[[-66.20454,17.92768],[-66.20482,17.92828],[-66.20556,17.92869],[-66.20556,17.92851],[-66.20488,17.92774],[-66.20457,17.92752],[-66.20454,17.92768]]],[[[-66.20967,17.92889],[-66.21005,17.92917],[-66.2103,17.92906],[-66.21013,17.92877],[-66.21022,17.92857],[-66.20983,17.92787],[-66.21046,17.9285],[-66.21052,17.92813],[-66.21095,17.92764],[-66.21098,17.92716],[-66.2103,17.92684],[-66.20904,17.9256],[-66.20761,17.925],[-66.20755,17.92513],[-66.20798,17.92644],[-66.20763,17.92701],[-66.2077,17.92725],[-66.2086,17.92838],[-66.20908,17.9287],[-66.20967,17.92889]]],[[[-66.2081,17.93059],[-66.20885,17.93079],[-66.20937,17.93059],[-66.20938,17.93073],[-66.20959,17.93076],[-66.20945,17.93033],[-66.20875,17.93003],[-66.20867,17.92947],[-66.20813,17.92908],[-66.20789,17.92865],[-66.20609,17.92726],[-66.20496,17.92665],[-66.20464,17.92668],[-66.20468,17.9272],[-66.20657,17.92969],[-66.2081,17.93059]]],[[[-66.20182,17.92794],[-66.20173,17.92846],[-66.2023,17.92968],[-66.20386,17.93057],[-66.20503,17.93096],[-66.20263,17.92823],[-66.20222,17.92794],[-66.20182,17.92794]]],[[[-66.20762,17.93159],[-66.20788,17.93144],[-66.20518,17.92904],[-66.20297,17.92811],[-66.20328,17.9288],[-66.20554,17.93103],[-66.20619,17.93132],[-66.20762,17.93159]]],[[[-66.20598,17.95005],[-66.20578,17.95025],[-66.20574,17.95074],[-66.20588,17.95092],[-66.20624,17.951],[-66.20697,17.95073],[-66.20675,17.95025],[-66.20654,17.95009],[-66.20618,17.94996],[-66.20598,17.95005]]]]},"properties":{"municipio":"Guayama","geoid":"72057","countyfp":"057","abrev_mun":"GYM"}},
{"type":"Feature","geometry":{"type":"Polygon","coordinates":[[[-66.76912,18.13502],[-66.77025,18.13493],[-66.77149,18.13403],[-66.77362,18.13399],[-66.77443,18.13311],[-66.77475,18.13295],[-66.77506,18.13307],[-66.77529,18.13345],[-66.77579,18.13385],[-66.77726,18.13403],[-66.77779,18.13441],[-66.77804,18.13487],[-66.77842,18.1352],[-66.77932,18.13542],[-66.78012,18.13591],[-66.78125,18.13602],[-66.78199,18.13627],[-66.78302,18.13714],[-66.78372,18.13852],[-66.78414,18.13873],[-66.78447,18.13859],[-66.78488,18.13766],[-66.78519,18.13732],[-66.7867,18.13677],[-66.788,18.13492],[-66.78863,18.13446],[-66.78934,18.13439],[-66.79,18.13466],[-66.79155,18.13468],[-66.79187,18.13457],[-66.79252,18.13386],[-66.79343,18.13355],[-66.79382,18.13368],[-66.79444,18.13422],[-66.79474,18.13425],[-66.79555,18.13392],[-66.79629,18.13323],[-66.79667,18.13306],[-66.79718,18.13315],[-66.79757,18.13353],[-66.79846,18.13323],[-66.79886,18.13285],[-66.79897,18.13234],[-66.79891,18.13106],[-66.7983,18.12956],[-66.79735,18.12794],[-66.79689,18.12547],[-66.79683,18.12432],[-66.79658,18.12386],[-66.79662,18.12302],[-66.79607,18.12203],[-66.7961,18.12161],[-66.7972,18.12094],[-66.79982,18.1204],[-66.80053,18.12014],[-66.80112,18.1198],[-66.80214,18.11891],[-66.80317,18.1169],[-66.80677,18.11578],[-66.80693,18.11562],[-66.80705,18.11507],[-66.80763,18.11477],[-66.80825,18.11466],[-66.80988,18.11405],[-66.81041,18.11371],[-66.81071,18.11327],[-66.81048,18.11135],[-66.81031,18.11101],[-66.81009,18.11063],[-66.80954,18.11018],[-66.80943,18.10982],[-66.80875,18.1093],[-66.80893,18.10886],[-66.80995,18.10784],[-66.80921,18.10684],[-66.80897,18.10539],[-66.80843,18.1052],[-66.80638,18.10395],[-66.80594,18.10382],[-66.80576,18.10351],[-66.80575,18.10285],[-66.80526,18.1016],[-66.80522,18.10085],[-66.80568,18.10025],[-66.80674,18.09753],[-66.80672,18.09665],[-66.80647,18.09544],[-66.80633,18.09515],[-66.80506,18.09385],[-66.80394,18.0934],[-66.80307,18.09166],[-66.80224,18.09106],[-66.80874,18.08182],[-66.81473,18.07364],[-66.81526,18.07281],[-66.81562,18.0718],[-66.81608,18.07138],[-66.81714,18.06941],[-66.8185,18.06396],[-66.81896,18.06051],[-66.81884,18.05884],[-66.81851,18.05776],[-66.81864,18.05678],[-66.81939,18.05499],[-66.82396,18.04804],[-66.82312,18.04757],[-66.8221,18.04753],[-66.82244,18.04698],[-66.82211,18.04599],[-66.82096,18.04578],[-66.82054,18.04583],[-66.82012,18.04563],[-66.82005,18.04495],[-66.82144,18.0446],[-66.82195,18.04461],[-66.82319,18.0452],[-66.82432,18.0451],[-66.82443,18.04431],[-66.82415,18.04392],[-66.82418,18.04368],[-66.82492,18.04278],[-66.8249,18.04243],[-66.82456,18.04171],[-66.82453,18.04096],[-66.82415,18.04055],[-66.82392,18.03999],[-66.82387,18.03907],[-66.82358,18.03857],[-66.82298,18.03815],[-66.8222,18.03728],[-66.82159,18.03566],[-66.82159,18.03522],[-66.82191,18.03486],[-66.8221,18.03429],[-66.82149,18.03259],[-66.8209,18.03213],[-66.81955,18.03148],[-66.81846,18.03029],[-66.81814,18.02953],[-66.81858,18.02819],[-66.81943,18.02748],[-66.82028,18.02567],[-66.82073,18.02524],[-66.82122,18.02186],[-66.82146,18.02132],[-66.82223,18.02093],[-66.82304,18.02083],[-66.82346,18.02097],[-66.8238,18.0213],[-66.82429,18.02121],[-66.8248,18.02033],[-66.82555,18.0199],[-66.82664,18.01975],[-66.82711,18.01936],[-66.82814,18.01931],[-66.82894,18.0191],[-66.82969,18.01874],[-66.83013,18.01817],[-66.82992,18.0146],[-66.82959,18.01437],[-66.8294,18.01402],[-66.82896,18.01295],[-66.82887,18.01237],[-66.8292,18.01199],[-66.8302,18.01159],[-66.83056,18.01055],[-66.83094,18.01005],[-66.82951,18.00846],[-66.8291,18.00855],[-66.82878,18.00899],[-66.82845,18.00906],[-66.82696,18.00835],[-66.82652,18.00796],[-66.82651,18.00775],[-66.82687,18.0073],[-66.82661,18.00659],[-66.82667,18.00641],[-66.82723,18.00591],[-66.82728,18.00569],[-66.82701,18.00458],[-66.82616,18.00392],[-66.82593,18.00357],[-66.8261,18.00292],[-66.82578,18.00203],[-66.82606,18.00065],[-66.82599,17.99976],[-66.82628,17.99952],[-66.82748,17.99944],[-66.82863,17.99901],[-66.82989,17.99934],[-66.8305,17.99938],[-66.83069,17.99925],[-66.8306,17.99857],[-66.83084,17.99822],[-66.83097,17.99757],[-66.83127,17.9971],[-66.83193,17.99666],[-66.83201,17.99638],[-66.83147,17.99502],[-66.83106,17.99471],[-66.83066,17.9941],[-66.83071,17.99329],[-66.83004,17.99157],[-66.83025,17.99128],[-66.83119,17.991],[-66.83219,17.99006],[-66.83374,17.9897],[-66.83521,17.98815],[-66.83564,17.9836],[-66.83653,17.97062],[-66.83656,17.96588],[-66.85261,17.95473],[-66.85237,17.9543],[-66.85178,17.95394],[-66.85059,17.95391],[-66.84966,17.95374],[-66.8495,17.95361],[-66.84959,17.95327],[-66.84909,17.95273],[-66.8484,17.95291],[-66.84811,17.95271],[-66.84787,17.95296],[-66.84718,17.95321],[-66.8463,17.953],[-66.84585,17.95274],[-66.84471,17.95169],[-66.84478,17.9511],[-66.84459,17.95067],[-66.84435,17.95083],[-66.84367,17.95083],[-66.84298,17.95058],[-66.84174,17.95063],[-66.84135,17.95046],[-66.84114,17.95009],[-66.84089,17.94993],[-66.83994,17.94997],[-66.83941,17.94968],[-66.83879,17.94989],[-66.83847,17.9498],[-66.83832,17.95005],[-66.83809,17.94997],[-66.83768,17.95013],[-66.83751,17.95052],[-66.837,17.95024],[-66.83659,17.9504],[-66.83634,17.9503],[-66.83597,17.95037],[-66.83567,17.95125],[-66.8355,17.95119],[-66.83518,17.95131],[-66.83462,17.9509],[-66.83425,17.95098],[-66.83405,17.95136],[-66.83382,17.95149],[-66.83356,17.95145],[-66.83313,17.95168],[-66.83278,17.95159],[-66.83218,17.95197],[-66.83206,17.95179],[-66.83181,17.95194],[-66.83174,17.95224],[-66.83125,17.95248],[-66.83091,17.95249],[-66.8308,17.95238],[-66.8309,17.95258],[-66.83082,17.95272],[-66.83071,17.95277],[-66.83064,17.95265],[-66.83064,17.95282],[-66.83032,17.95312],[-66.83011,17.95311],[-66.82996,17.9533],[-66.82914,17.95367],[-66.82836,17.95359],[-66.82832,17.95342],[-66.82812,17.95353],[-66.82833,17.95328],[-66.82829,17.95312],[-66.82778,17.95344],[-66.82804,17.95367],[-66.82795,17.95391],[-66.82759,17.95407],[-66.82754,17.95393],[-66.82744,17.95397],[-66.82749,17.95376],[-66.82718,17.95369],[-66.82737,17.9542],[-66.82711,17.95422],[-66.82704,17.9544],[-66.82715,17.9546],[-66.82665,17.95469],[-66.8266,17.95494],[-66.82591,17.9553],[-66.82543,17.95532],[-66.82519,17.95515],[-66.82501,17.95495],[-66.82502,17.95472],[-66.82467,17.95456],[-66.82468,17.95417],[-66.82444,17.95418],[-66.82462,17.95425],[-66.82449,17.95449],[-66.824,17.95438],[-66.82387,17.9546],[-66.82351,17.95414],[-66.82337,17.95429],[-66.82353,17.95448],[-66.82339,17.95468],[-66.82238,17.95445],[-66.82245,17.95487],[-66.82208,17.95499],[-66.82213,17.95527],[-66.82258,17.95572],[-66.82199,17.95627],[-66.82165,17.9563],[-66.82121,17.95559],[-66.82122,17.956],[-66.82102,17.95615],[-66.82076,17.95587],[-66.82057,17.95605],[-66.82037,17.95573],[-66.81986,17.95587],[-66.81937,17.95577],[-66.81935,17.95556],[-66.81929,17.9559],[-66.81915,17.95581],[-66.81893,17.95597],[-66.8188,17.95585],[-66.81875,17.95622],[-66.81898,17.95633],[-66.81873,17.95641],[-66.81881,17.95718],[-66.81841,17.95723],[-66.81841,17.95694],[-66.81812,17.95675],[-66.81808,17.957],[-66.81827,17.95705],[-66.81812,17.95735],[-66.81827,17.95802],[-66.81797,17.95832],[-66.81761,17.95798],[-66.81754,17.95808],[-66.81782,17.95841],[-66.81762,17.95868],[-66.81717,17.95852],[-66.8171,17.95883],[-66.81732,17.95884],[-66.81738,17.95912],[-66.81719,17.95977],[-66.81654,17.95978],[-66.81635,17.95968],[-66.81601,17.95989],[-66.81572,17.95979],[-66.81567,17.95942],[-66.81553,17.95935],[-66.8155,17.95964],[-66.81588,17.95993],[-66.81557,17.96044],[-66.8149,17.96061],[-66.8147,17.96036],[-66.81452,17.96034],[-66.81464,17.96058],[-66.81447,17.96081],[-66.81431,17.96079],[-66.81427,17.96063],[-66.81405,17.9608],[-66.81392,17.96058],[-66.81374,17.96079],[-66.81338,17.96074],[-66.81318,17.9611],[-66.81335,17.96133],[-66.81311,17.96133],[-66.81303,17.96147],[-66.81261,17.96159],[-66.81187,17.96228],[-66.81138,17.9624],[-66.81095,17.96286],[-66.81072,17.96295],[-66.81007,17.96272],[-66.81025,17.96302],[-66.8104,17.96302],[-66.81036,17.96334],[-66.81064,17.96381],[-66.81062,17.96399],[-66.80946,17.96502],[-66.80837,17.96574],[-66.80666,17.96637],[-66.80599,17.9662],[-66.80411,17.96674],[-66.80347,17.96714],[-66.80109,17.96776],[-66.79927,17.96869],[-66.79721,17.96944],[-66.79609,17.96969],[-66.79444,17.96981],[-66.79316,17.96956],[-66.79239,17.96991],[-66.79157,17.97092],[-66.78952,17.97187],[-66.78859,17.97216],[-66.78776,17.97267],[-66.78718,17.97281],[-66.7871,17.974],[-66.78683,17.97492],[-66.78624,17.97568],[-66.78619,17.97595],[-66.78561,17.97658],[-66.78544,17.9773],[-66.78508,17.97775],[-66.78493,17.97844],[-66.78408,17.97957],[-66.78374,17.97977],[-66.7836,17.98009],[-66.78357,17.98065],[-66.78377,17.98142],[-66.7839,17.98142],[-66.78396,17.9816],[-66.784,17.98216],[-66.78335,17.98345],[-66.78336,17.98373],[-66.78372,17.98395],[-66.78371,17.9843],[-66.78387,17.98441],[-66.78383,17.98486],[-66.78354,17.98499],[-66.78375,17.98565],[-66.78448,17.98587],[-66.78499,17.98588],[-66.78619,17.98551],[-66.7872,17.98469],[-66.78786,17.9837],[-66.78791,17.98313],[-66.78805,17.98293],[-66.78798,17.98277],[-66.78831,17.9823],[-66.78883,17.9819],[-66.78882,17.98167],[-66.789,17.98167],[-66.78947,17.98066],[-66.79004,17.98028],[-66.79097,17.97926],[-66.79163,17.97883],[-66.79188,17.97838],[-66.79235,17.9781],[-66.79275,17.97753],[-66.79315,17.97746],[-66.79353,17.97717],[-66.79413,17.9772],[-66.79458,17.97687],[-66.79605,17.97685],[-66.79716,17.97641],[-66.79888,17.97664],[-66.79969,17.97649],[-66.79982,17.9766],[-66.80024,17.9764],[-66.80053,17.97656],[-66.80073,17.97644],[-66.80108,17.97656],[-66.80249,17.97653],[-66.80308,17.97636],[-66.80327,17.97606],[-66.80358,17.97602],[-66.805,17.97518],[-66.80571,17.9753],[-66.8061,17.97522],[-66.80672,17.97561],[-66.80669,17.97574],[-66.80705,17.97614],[-66.80712,17.97657],[-66.8074,17.9767],[-66.80753,17.97696],[-66.80774,17.97775],[-66.80763,17.97809],[-66.80775,17.97815],[-66.8077,17.97834],[-66.80788,17.97866],[-66.80778,17.97946],[-66.8079,17.97973],[-66.80734,17.9822],[-66.80715,17.98225],[-66.80727,17.98238],[-66.80715,17.98242],[-66.80698,17.98296],[-66.80544,17.98466],[-66.80441,17.9845],[-66.80266,17.98393],[-66.80193,17.98343],[-66.80141,17.98329],[-66.80118,17.98251],[-66.80126,17.98215],[-66.801,17.98166],[-66.80105,17.98131],[-66.80085,17.98113],[-66.80027,17.9814],[-66.80018,17.9817],[-66.79988,17.98178],[-66.79987,17.98206],[-66.79955,17.98168],[-66.7991,17.98157],[-66.79857,17.98174],[-66.79855,17.98205],[-66.79823,17.98184],[-66.79799,17.98194],[-66.79762,17.98188],[-66.79741,17.98207],[-66.79748,17.9822],[-66.79735,17.98224],[-66.79728,17.98243],[-66.79738,17.98248],[-66.79726,17.98257],[-66.79742,17.9827],[-66.79745,17.98325],[-66.79765,17.9832],[-66.79786,17.98335],[-66.79752,17.98337],[-66.79742,17.98363],[-66.79692,17.98358],[-66.7968,17.98375],[-66.79658,17.98378],[-66.7965,17.98403],[-66.79662,17.98427],[-66.79639,17.98432],[-66.79653,17.98459],[-66.79639,17.98468],[-66.79628,17.98447],[-66.7963,17.98476],[-66.79646,17.98483],[-66.79665,17.98469],[-66.79653,17.98488],[-66.79663,17.98526],[-66.79678,17.98534],[-66.79704,17.98512],[-66.79696,17.9853],[-66.7971,17.98531],[-66.79715,17.98549],[-66.79731,17.98543],[-66.79742,17.98576],[-66.79759,17.98582],[-66.79753,17.98611],[-66.79772,17.9863],[-66.79814,17.98633],[-66.79808,17.98645],[-66.79833,17.98649],[-66.79832,17.98712],[-66.79813,17.98731],[-66.79838,17.98759],[-66.79813,17.988],[-66.79814,17.98824],[-66.7983,17.98828],[-66.79815,17.98837],[-66.79816,17.98861],[-66.79825,17.9888],[-66.79842,17.98879],[-66.79828,17.98897],[-66.79851,17.98929],[-66.79879,17.98931],[-66.79869,17.98949],[-66.79912,17.98983],[-66.79904,17.98998],[-66.79915,17.99006],[-66.79895,17.99018],[-66.79908,17.99021],[-66.7992,17.9905],[-66.79905,17.99063],[-66.79906,17.99114],[-66.7993,17.99145],[-66.79921,17.99163],[-66.79956,17.99212],[-66.79943,17.9923],[-66.79966,17.99264],[-66.79922,17.99285],[-66.79886,17.99354],[-66.79897,17.99379],[-66.79877,17.99391],[-66.79882,17.99406],[-66.79863,17.99402],[-66.79813,17.9943],[-66.79808,17.99446],[-66.79771,17.99464],[-66.79767,17.99492],[-66.79747,17.99482],[-66.79684,17.99485],[-66.79597,17.99442],[-66.79589,17.99462],[-66.79569,17.99457],[-66.79547,17.99366],[-66.79446,17.99283],[-66.79402,17.99304],[-66.7936,17.99306],[-66.79329,17.99284],[-66.79256,17.99297],[-66.79213,17.99273],[-66.79166,17.99285],[-66.79102,17.99267],[-66.78977,17.99353],[-66.78867,17.99498],[-66.78828,17.99525],[-66.78774,17.99533],[-66.78634,17.99518],[-66.78475,17.99563],[-66.78295,17.99821],[-66.78113,17.99957],[-66.77902,18.00042],[-66.77864,18.0004],[-66.77822,18.0001],[-66.77783,18.00003],[-66.77776,18.00013],[-66.77788,18.00018],[-66.77748,18.00043],[-66.77725,18.0003],[-66.77737,18.00043],[-66.77729,18.00066],[-66.7768,18.00114],[-66.77524,18.00167],[-66.77476,18.00199],[-66.77452,18.00196],[-66.77443,18.0022],[-66.77405,18.00252],[-66.77397,18.00328],[-66.77354,18.00366],[-66.77349,18.00395],[-66.77232,18.0047],[-66.7709,18.00589],[-66.76981,18.00625],[-66.76888,18.00617],[-66.76761,18.00657],[-66.76644,18.00651],[-66.76575,18.00671],[-66.76564,18.00655],[-66.76524,18.00646],[-66.76501,18.00658],[-66.76454,18.00552],[-66.76358,18.0047],[-66.76354,18.00405],[-66.76315,18.00311],[-66.76266,18.00296],[-66.76216,18.00253],[-66.76158,18.00251],[-66.76193,18.00224],[-66.76276,18.00193],[-66.763,18.0016],[-66.76318,18.00109],[-66.76292,18.00011],[-66.76052,17.99984],[-66.75975,18.00015],[-66.75885,18.00021],[-66.75782,18.00046],[-66.75751,18.00084],[-66.75717,18.00095],[-66.75693,18.0012],[-66.75666,18.00111],[-66.75572,18.00137],[-66.75501,18.00064],[-66.75426,17.99914],[-66.75255,18.00125],[-66.75217,18.00192],[-66.75182,18.00313],[-66.75121,18.00498],[-66.75157,18.00599],[-66.75147,18.00661],[-66.74962,18.009],[-66.74893,18.01033],[-66.74849,18.01078],[-66.74538,18.01216],[-66.74341,18.01269],[-66.74133,18.01388],[-66.73957,18.01414],[-66.73799,18.01335],[-66.73765,18.01332],[-66.73464,18.01413],[-66.73428,18.01445],[-66.73401,18.01575],[-66.73302,18.01704],[-66.73292,18.01737],[-66.73391,18.01969],[-66.73474,18.021],[-66.73599,18.02223],[-66.73613,18.02355],[-66.7373,18.02476],[-66.73998,18.02923],[-66.74026,18.02956],[-66.7414,18.03025],[-66.74174,18.03063],[-66.74173,18.03092],[-66.74111,18.03188],[-66.741,18.03292],[-66.74013,18.03465],[-66.7382,18.03696],[-66.73823,18.03737],[-66.73908,18.03939],[-66.73845,18.04091],[-66.73765,18.04163],[-66.73643,18.04233],[-66.73628,18.04254],[-66.73624,18.0431],[-66.73641,18.04375],[-66.73671,18.04411],[-66.73723,18.04435],[-66.73812,18.04443],[-66.73825,18.04459],[-66.73824,18.0462],[-66.73853,18.04704],[-66.73891,18.04748],[-66.73946,18.04744],[-66.73973,18.04718],[-66.73981,18.04569],[-66.74025,18.04499],[-66.74061,18.04478],[-66.74133,18.04481],[-66.74211,18.04554],[-66.74266,18.04573],[-66.74402,18.04586],[-66.74443,18.04558],[-66.74487,18.04484],[-66.74574,18.04464],[-66.74609,18.0447],[-66.74644,18.04498],[-66.74687,18.04497],[-66.74781,18.04546],[-66.74882,18.04613],[-66.74962,18.04698],[-66.75038,18.0472],[-66.75084,18.04747],[-66.75162,18.04828],[-66.75235,18.04942],[-66.75276,18.04956],[-66.75343,18.0495],[-66.75385,18.04969],[-66.75407,18.05001],[-66.75427,18.05094],[-66.75413,18.05205],[-66.75421,18.05278],[-66.75435,18.05315],[-66.75497,18.05379],[-66.75515,18.05585],[-66.75538,18.05625],[-66.75571,18.0562],[-66.75653,18.05568],[-66.75733,18.05369],[-66.75777,18.05331],[-66.7589,18.05273],[-66.75942,18.05209],[-66.76157,18.04793],[-66.76185,18.04762],[-66.76249,18.04737],[-66.76303,18.04695],[-66.76323,18.04606],[-66.7634,18.04364],[-66.76449,18.04141],[-66.76482,18.04007],[-66.7653,18.03889],[-66.76629,18.03974],[-66.76643,18.04009],[-66.76637,18.04215],[-66.76701,18.04351],[-66.76705,18.04481],[-66.76796,18.04585],[-66.76794,18.04634],[-66.7676,18.04717],[-66.7677,18.04787],[-66.76838,18.04854],[-66.76847,18.04885],[-66.76845,18.04909],[-66.76717,18.04964],[-66.76643,18.05035],[-66.7663,18.05101],[-66.76638,18.05173],[-66.76684,18.0528],[-66.76886,18.05535],[-66.76873,18.05628],[-66.76837,18.05698],[-66.76843,18.05724],[-66.76938,18.05851],[-66.76951,18.05921],[-66.76892,18.06084],[-66.76874,18.06101],[-66.76832,18.0611],[-66.76768,18.06234],[-66.76742,18.06252],[-66.76682,18.06259],[-66.76668,18.06277],[-66.7674,18.06395],[-66.76725,18.06478],[-66.76728,18.06595],[-66.76753,18.06646],[-66.76837,18.06743],[-66.76812,18.06856],[-66.76871,18.06971],[-66.76891,18.07109],[-66.76859,18.07243],[-66.76828,18.07309],[-66.76793,18.07361],[-66.76672,18.07448],[-66.76648,18.07491],[-66.76629,18.07569],[-66.76633,18.07642],[-66.76706,18.07708],[-66.767,18.07743],[-66.76606,18.07782],[-66.7659,18.07817],[-66.7659,18.0795],[-66.76622,18.08056],[-66.76589,18.0822],[-66.76597,18.08253],[-66.7668,18.08355],[-66.76748,18.08386],[-66.76916,18.08521],[-66.76976,18.08706],[-66.7696,18.08833],[-66.76911,18.09006],[-66.76875,18.09099],[-66.76819,18.09155],[-66.76798,18.0921],[-66.76798,18.09279],[-66.76771,18.09367],[-66.76765,18.09488],[-66.76722,18.09593],[-66.76725,18.09662],[-66.76668,18.09725],[-66.76615,18.09824],[-66.76565,18.09876],[-66.76486,18.10053],[-66.76483,18.10144],[-66.7652,18.10405],[-66.76561,18.10499],[-66.76584,18.10644],[-66.76473,18.10756],[-66.76425,18.10877],[-66.76281,18.1106],[-66.76127,18.11141],[-66.761,18.11177],[-66.76165,18.11256],[-66.76186,18.11381],[-66.76255,18.11522],[-66.76409,18.11699],[-66.7645,18.11772],[-66.76456,18.11863],[-66.76428,18.11939],[-66.76488,18.12138],[-66.76499,18.12242],[-66.76533,18.12302],[-66.76624,18.12407],[-66.76729,18.12584],[-66.76844,18.12699],[-66.76866,18.12743],[-66.76849,18.12797],[-66.76795,18.12872],[-66.76816,18.12979],[-66.76905,18.13123],[-66.76917,18.13166],[-66.76901,18.13228],[-66.76932,18.1337],[-66.76912,18.13502]]]},"properties":{"municipio":"Guayanilla","geoid":"72059","countyfp":"059","abrev_mun":"GYL"}},
{"type":"Feature","geometry":{"type":"Polygon","coordinates":[[[-66.1124,18.44041],[-66.1141,18.44063],[-66.11469,18.44051],[-66.11557,18.44003],[-66.11681,18.43905],[-66.11996,18.4362],[-66.12461,18.43138],[-66.13151,18.42469],[-66.13162,18.42386],[-66.1311,18.42448],[-66.13054,18.42398],[-66.13069,18.42377],[-66.13056,18.42358],[-66.13125,18.4223],[-66.13139,18.42135],[-66.13227,18.42045],[-66.13191,18.42023],[-66.13127,18.42043],[-66.13045,18.42029],[-66.13002,18.42082],[-66.12941,18.42061],[-66.12862,18.41958],[-66.128,18.41959],[-66.12506,18.41857],[-66.12461,18.4179],[-66.12187,18.41536],[-66.12182,18.41461],[-66.12111,18.41442],[-66.1239,18.41008],[-66.12409,18.40939],[-66.12388,18.40834],[-66.12422,18.40764],[-66.12461,18.40726],[-66.12461,18.40686],[-66.12481,18.40681],[-66.12487,18.40593],[-66.1251,18.40565],[-66.12616,18.40504],[-66.1268,18.40441],[-66.12788,18.40263],[-66.12657,18.40107],[-66.12526,18.40156],[-66.12462,18.4007],[-66.12408,18.39938],[-66.12397,18.39858],[-66.12418,18.39807],[-66.12569,18.39691],[-66.12634,18.39594],[-66.12462,18.39223],[-66.12328,18.38877],[-66.11931,18.38133],[-66.11887,18.38078],[-66.11881,18.37953],[-66.11846,18.37925],[-66.1184,18.37905],[-66.11898,18.37891],[-66.11941,18.37905],[-66.12058,18.37825],[-66.12138,18.37802],[-66.1222,18.37624],[-66.12461,18.37697],[-66.12706,18.3785],[-66.12981,18.37975],[-66.13294,18.38158],[-66.13445,18.38201],[-66.13446,18.38241],[-66.13488,18.38291],[-66.13518,18.3829],[-66.13524,18.38267],[-66.13686,18.38075],[-66.13756,18.37934],[-66.13757,18.37779],[-66.13739,18.37728],[-66.13478,18.37491],[-66.13455,18.37457],[-66.13458,18.37373],[-66.13468,18.37341],[-66.13517,18.37281],[-66.13542,18.37279],[-66.1358,18.37339],[-66.13656,18.37356],[-66.13719,18.37349],[-66.13762,18.37301],[-66.13783,18.37301],[-66.13801,18.3727],[-66.13816,18.37215],[-66.13795,18.37125],[-66.13817,18.37058],[-66.13774,18.36715],[-66.13793,18.36606],[-66.13785,18.36505],[-66.13816,18.36361],[-66.13882,18.36221],[-66.13933,18.3619],[-66.13969,18.36194],[-66.14002,18.36269],[-66.14034,18.36298],[-66.1408,18.36299],[-66.14116,18.36273],[-66.14171,18.36136],[-66.14194,18.35829],[-66.14187,18.35763],[-66.14167,18.35735],[-66.14011,18.35587],[-66.13946,18.35554],[-66.13832,18.35545],[-66.13817,18.35512],[-66.13858,18.35402],[-66.13857,18.35364],[-66.13812,18.35316],[-66.13808,18.35293],[-66.13829,18.35212],[-66.13744,18.35108],[-66.13646,18.35048],[-66.13623,18.3501],[-66.13594,18.34915],[-66.13574,18.34754],[-66.1359,18.34612],[-66.13618,18.34527],[-66.13752,18.34392],[-66.13784,18.34321],[-66.13789,18.34231],[-66.13751,18.34169],[-66.13705,18.34153],[-66.13536,18.34183],[-66.13505,18.34183],[-66.13484,18.34168],[-66.13472,18.34131],[-66.13491,18.34049],[-66.13508,18.33991],[-66.13549,18.33947],[-66.13576,18.33888],[-66.13609,18.3374],[-66.13596,18.33621],[-66.13581,18.33599],[-66.13547,18.33589],[-66.13412,18.33583],[-66.13363,18.33573],[-66.13354,18.33555],[-66.13371,18.33486],[-66.13395,18.33461],[-66.13887,18.33243],[-66.1399,18.33104],[-66.14,18.33014],[-66.14117,18.32952],[-66.14137,18.32929],[-66.14154,18.32881],[-66.14157,18.32807],[-66.14147,18.3278],[-66.14086,18.3275],[-66.14056,18.32704],[-66.14059,18.32663],[-66.14104,18.32596],[-66.14154,18.32469],[-66.1417,18.32299],[-66.1416,18.32164],[-66.14119,18.32008],[-66.1392,18.31764],[-66.13628,18.31542],[-66.13562,18.31469],[-66.13401,18.31387],[-66.13298,18.31384],[-66.1326,18.31359],[-66.13248,18.31325],[-66.13255,18.31286],[-66.13309,18.31259],[-66.13621,18.31189],[-66.13733,18.31169],[-66.13952,18.31187],[-66.14096,18.31136],[-66.14148,18.31049],[-66.14163,18.30893],[-66.14151,18.3087],[-66.14016,18.3082],[-66.13992,18.30736],[-66.13996,18.30691],[-66.14082,18.30554],[-66.14092,18.30512],[-66.14083,18.30456],[-66.14119,18.3023],[-66.14119,18.30134],[-66.14091,18.30088],[-66.1394,18.30036],[-66.13859,18.29988],[-66.13838,18.29961],[-66.13796,18.2982],[-66.13852,18.29711],[-66.13895,18.29523],[-66.1392,18.29503],[-66.13987,18.29483],[-66.14067,18.29477],[-66.14093,18.29455],[-66.141,18.29409],[-66.1408,18.29317],[-66.14084,18.2926],[-66.14119,18.29148],[-66.14145,18.29111],[-66.1415,18.29026],[-66.14057,18.2876],[-66.14078,18.28638],[-66.14062,18.28525],[-66.1413,18.28459],[-66.14353,18.28385],[-66.14408,18.28348],[-66.1441,18.2831],[-66.14382,18.28255],[-66.14328,18.28241],[-66.14234,18.2826],[-66.14206,18.28253],[-66.14189,18.28213],[-66.14374,18.28004],[-66.14385,18.27973],[-66.14361,18.27887],[-66.14319,18.27836],[-66.14202,18.27784],[-66.14118,18.27771],[-66.14092,18.27791],[-66.14069,18.27834],[-66.14083,18.27922],[-66.14079,18.27948],[-66.14056,18.27963],[-66.14014,18.27967],[-66.1395,18.27948],[-66.13914,18.27891],[-66.13684,18.2787],[-66.13583,18.27895],[-66.13505,18.27957],[-66.12084,18.2814],[-66.11974,18.28084],[-66.11844,18.28071],[-66.11563,18.27972],[-66.11491,18.27962],[-66.11322,18.27966],[-66.11195,18.27947],[-66.10821,18.27787],[-66.10709,18.27847],[-66.10565,18.27883],[-66.09912,18.28176],[-66.0966,18.28352],[-66.09599,18.28378],[-66.09528,18.28271],[-66.09231,18.28328],[-66.09198,18.28278],[-66.09069,18.28265],[-66.09047,18.28286],[-66.09014,18.28406],[-66.08788,18.28485],[-66.08645,18.28508],[-66.08571,18.28634],[-66.08598,18.28707],[-66.08675,18.28805],[-66.08642,18.28868],[-66.08268,18.28988],[-66.08204,18.29027],[-66.08221,18.29148],[-66.08262,18.29158],[-66.08309,18.29201],[-66.08207,18.2919],[-66.08171,18.29227],[-66.08097,18.29234],[-66.08039,18.29452],[-66.08412,18.29485],[-66.08048,18.29727],[-66.08206,18.29985],[-66.08275,18.3],[-66.08463,18.29972],[-66.08502,18.3],[-66.08511,18.30026],[-66.08511,18.30102],[-66.08473,18.30234],[-66.08543,18.30351],[-66.08543,18.30412],[-66.0842,18.30501],[-66.08349,18.30529],[-66.08336,18.30516],[-66.08314,18.30529],[-66.08269,18.30588],[-66.08234,18.30694],[-66.08262,18.30736],[-66.08245,18.30799],[-66.08305,18.31027],[-66.08394,18.31111],[-66.08402,18.31181],[-66.08469,18.31258],[-66.0845,18.31337],[-66.08453,18.31415],[-66.08465,18.31458],[-66.08507,18.31512],[-66.0851,18.31621],[-66.0862,18.31746],[-66.08659,18.31769],[-66.08764,18.31766],[-66.08787,18.31778],[-66.08812,18.31826],[-66.08852,18.31977],[-66.08775,18.32058],[-66.08763,18.3209],[-66.0877,18.32117],[-66.08874,18.32206],[-66.08916,18.32302],[-66.08805,18.32473],[-66.08826,18.32517],[-66.08801,18.32633],[-66.08761,18.327],[-66.08739,18.32827],[-66.08783,18.32888],[-66.08812,18.32968],[-66.08846,18.33014],[-66.08848,18.33041],[-66.08776,18.33145],[-66.08678,18.33201],[-66.08687,18.33303],[-66.08708,18.33321],[-66.08786,18.33475],[-66.08853,18.33505],[-66.08974,18.3351],[-66.09006,18.33541],[-66.09036,18.33602],[-66.09197,18.33669],[-66.09275,18.33771],[-66.09332,18.33789],[-66.09404,18.33761],[-66.09512,18.33769],[-66.09517,18.33788],[-66.09485,18.33853],[-66.09517,18.33922],[-66.09589,18.33786],[-66.09632,18.3379],[-66.09626,18.33847],[-66.09598,18.33911],[-66.09613,18.34008],[-66.09636,18.34028],[-66.09824,18.34076],[-66.09938,18.34182],[-66.09972,18.34239],[-66.09924,18.34368],[-66.09837,18.34458],[-66.098,18.34545],[-66.09777,18.34698],[-66.09784,18.34864],[-66.09751,18.34907],[-66.09774,18.3495],[-66.09828,18.3497],[-66.09838,18.35032],[-66.09745,18.35274],[-66.09655,18.35338],[-66.09637,18.35364],[-66.09636,18.35388],[-66.09732,18.35492],[-66.09749,18.35542],[-66.09795,18.35577],[-66.09788,18.35591],[-66.09742,18.35585],[-66.0967,18.35525],[-66.09651,18.35482],[-66.09623,18.35472],[-66.09564,18.35553],[-66.09546,18.35548],[-66.09532,18.35495],[-66.09518,18.35488],[-66.09478,18.35503],[-66.09413,18.35502],[-66.09236,18.35663],[-66.09161,18.35657],[-66.09069,18.35679],[-66.09011,18.35664],[-66.08965,18.35631],[-66.08846,18.35722],[-66.08863,18.35789],[-66.08939,18.35902],[-66.09003,18.36072],[-66.0905,18.36113],[-66.09083,18.3612],[-66.09156,18.36104],[-66.09184,18.36127],[-66.09179,18.36216],[-66.09201,18.36376],[-66.0911,18.36499],[-66.09017,18.36577],[-66.09006,18.36623],[-66.0909,18.36799],[-66.09243,18.36932],[-66.09258,18.37222],[-66.09255,18.37247],[-66.09181,18.37309],[-66.0904,18.37476],[-66.09087,18.37509],[-66.09256,18.37543],[-66.0939,18.37604],[-66.09437,18.37653],[-66.09482,18.3774],[-66.09538,18.37794],[-66.09696,18.37851],[-66.09949,18.37989],[-66.10014,18.37998],[-66.10172,18.37964],[-66.10247,18.37975],[-66.10364,18.38115],[-66.10608,18.38254],[-66.10645,18.38293],[-66.10636,18.38323],[-66.10615,18.38339],[-66.10499,18.38377],[-66.10462,18.3843],[-66.10478,18.38465],[-66.10554,18.38506],[-66.10558,18.38654],[-66.10569,18.38673],[-66.10735,18.38684],[-66.10738,18.38753],[-66.10796,18.38872],[-66.10779,18.38979],[-66.10802,18.39119],[-66.10764,18.39185],[-66.10774,18.39233],[-66.10759,18.39284],[-66.10818,18.39475],[-66.10817,18.39569],[-66.10791,18.39654],[-66.10789,18.39715],[-66.1085,18.39887],[-66.10763,18.39992],[-66.10699,18.40093],[-66.10694,18.40159],[-66.10649,18.4018],[-66.10636,18.40205],[-66.10484,18.40194],[-66.10316,18.40218],[-66.10126,18.40209],[-66.09672,18.40045],[-66.0965,18.40052],[-66.09525,18.40243],[-66.09504,18.40298],[-66.09486,18.40388],[-66.09497,18.40466],[-66.09484,18.40562],[-66.09506,18.40605],[-66.09627,18.40737],[-66.09638,18.40792],[-66.09679,18.40847],[-66.09696,18.40904],[-66.09817,18.41023],[-66.09923,18.41099],[-66.09974,18.41163],[-66.09983,18.41223],[-66.09951,18.41287],[-66.09981,18.41357],[-66.09979,18.41382],[-66.09786,18.41602],[-66.09802,18.41686],[-66.09884,18.41845],[-66.10743,18.42743],[-66.10838,18.42794],[-66.10859,18.42811],[-66.10818,18.42968],[-66.10871,18.42984],[-66.1091,18.42847],[-66.1094,18.42855],[-66.10947,18.42818],[-66.11045,18.42846],[-66.11078,18.42813],[-66.11109,18.42857],[-66.11035,18.42956],[-66.11033,18.43033],[-66.11044,18.42957],[-66.111,18.42895],[-66.11097,18.43012],[-66.11069,18.43072],[-66.11072,18.43183],[-66.11045,18.43201],[-66.1104,18.43268],[-66.1102,18.43269],[-66.11021,18.43284],[-66.11042,18.43279],[-66.11044,18.4333],[-66.11042,18.43574],[-66.11038,18.43643],[-66.11027,18.43653],[-66.11061,18.4376],[-66.11117,18.43806],[-66.11133,18.43854],[-66.11206,18.43903],[-66.11238,18.43967],[-66.1124,18.44041]]]},"properties":{"municipio":"Guaynabo","geoid":"72061","countyfp":"061","abrev_mun":"GYB"}},
{"type":"Feature","geometry":{"type":"Polygon","coordinates":[[[-65.94245,18.2934],[-65.9433,18.29332],[-65.94457,18.29373],[-65.94545,18.29357],[-65.94711,18.29423],[-65.94836,18.29431],[-65.94914,18.29497],[-65.95039,18.29549],[-65.95288,18.29454],[-65.95398,18.29448],[-65.9552,18.29514],[-65.95629,18.29621],[-65.95782,18.29673],[-65.95828,18.29731],[-65.95888,18.29756],[-65.96007,18.2988],[-65.96067,18.29991],[-65.96147,18.30012],[-65.96223,18.29968],[-65.96284,18.2997],[-65.9633,18.30025],[-65.96372,18.30051],[-65.96391,18.30159],[-65.96426,18.30201],[-65.96467,18.30224],[-65.96474,18.30249],[-65.96454,18.3029],[-65.96459,18.30308],[-65.96551,18.30394],[-65.96562,18.30435],[-65.96607,18.30485],[-65.96621,18.30527],[-65.96759,18.30573],[-65.96734,18.30689],[-65.9675,18.30704],[-65.9683,18.30703],[-65.96858,18.30717],[-65.96872,18.3074],[-65.96875,18.30806],[-65.96857,18.3086],[-65.96771,18.3098],[-65.96813,18.31024],[-65.96831,18.30996],[-65.9692,18.30986],[-65.97065,18.31018],[-65.9736,18.31044],[-65.98309,18.31065],[-65.98458,18.31082],[-65.98606,18.31118],[-65.98708,18.31089],[-65.9888,18.30992],[-65.98968,18.30992],[-65.99046,18.30975],[-65.99321,18.30874],[-65.99349,18.30847],[-65.99358,18.30805],[-65.99511,18.30665],[-65.9958,18.30652],[-65.99659,18.30656],[-65.99718,18.30609],[-65.99784,18.30616],[-65.99865,18.3067],[-66.00055,18.30746],[-66.00218,18.30739],[-66.00251,18.30746],[-66.00273,18.30769],[-66.00281,18.30724],[-66.00267,18.30652],[-66.00398,18.30597],[-66.00452,18.30602],[-66.00505,18.30577],[-66.0062,18.30554],[-66.00677,18.30437],[-66.00792,18.30433],[-66.00848,18.30457],[-66.00884,18.30513],[-66.01085,18.30572],[-66.01293,18.30742],[-66.01355,18.30756],[-66.01393,18.30725],[-66.01462,18.30756],[-66.01527,18.30749],[-66.01561,18.30826],[-66.01635,18.30865],[-66.01649,18.30893],[-66.01838,18.30858],[-66.02006,18.30765],[-66.02035,18.30743],[-66.02063,18.30646],[-66.02154,18.30556],[-66.02173,18.30517],[-66.0222,18.30442],[-66.02343,18.3035],[-66.02517,18.30336],[-66.02656,18.30407],[-66.02758,18.30419],[-66.02878,18.3033],[-66.0296,18.30304],[-66.02982,18.30273],[-66.02997,18.3021],[-66.0307,18.30112],[-66.03085,18.29993],[-66.03048,18.29952],[-66.02939,18.2992],[-66.02835,18.29839],[-66.02768,18.29804],[-66.0275,18.29739],[-66.02815,18.29571],[-66.02813,18.29494],[-66.0294,18.2924],[-66.02998,18.29059],[-66.02895,18.28866],[-66.0264,18.28657],[-66.02573,18.28633],[-66.02507,18.28656],[-66.02464,18.28654],[-66.0218,18.28614],[-66.02058,18.2859],[-66.01885,18.28529],[-66.01747,18.28443],[-66.01719,18.28261],[-66.01725,18.28152],[-66.01712,18.28126],[-66.01648,18.28109],[-66.01563,18.28108],[-66.01414,18.28064],[-66.01305,18.28046],[-66.01052,18.27916],[-66.00952,18.27827],[-66.00872,18.27831],[-66.00824,18.27819],[-66.00796,18.2777],[-66.00798,18.27701],[-66.00835,18.27597],[-66.00836,18.27476],[-66.0085,18.27427],[-66.00838,18.27257],[-66.00849,18.27216],[-66.00929,18.27144],[-66.0098,18.27064],[-66.0099,18.26928],[-66.0098,18.26899],[-66.00951,18.26874],[-66.00756,18.26778],[-66.00717,18.26734],[-66.00714,18.26694],[-66.00803,18.26617],[-66.01382,18.26462],[-66.01425,18.26425],[-66.01427,18.26302],[-66.01395,18.26175],[-66.01386,18.2607],[-66.01333,18.25966],[-66.01324,18.25901],[-66.01232,18.25754],[-66.01145,18.25499],[-66.01096,18.25319],[-66.01095,18.2516],[-66.01068,18.25065],[-66.01087,18.25003],[-66.01197,18.24891],[-66.01266,18.24848],[-66.01323,18.24783],[-66.01406,18.24759],[-66.01419,18.24745],[-66.01474,18.24554],[-66.01465,18.24496],[-66.01435,18.24433],[-66.01248,18.24239],[-66.01192,18.24208],[-66.01181,18.24164],[-66.01089,18.24185],[-66.01039,18.24176],[-66.00994,18.24154],[-66.00923,18.24066],[-66.0084,18.23823],[-66.00832,18.23564],[-66.00808,18.23421],[-66.00841,18.23296],[-66.00913,18.23138],[-66.0095,18.2309],[-66.01151,18.22969],[-66.01286,18.22855],[-66.01344,18.22787],[-66.01376,18.227],[-66.01385,18.22572],[-66.01361,18.22495],[-66.01236,18.22299],[-66.01085,18.22118],[-66.00741,18.21994],[-66.0059,18.21904],[-66.00507,18.21872],[-66.00352,18.21857],[-66.00249,18.21902],[-66.00199,18.21908],[-66.00058,18.21891],[-65.99961,18.21833],[-65.99935,18.21776],[-65.99952,18.21631],[-66.00013,18.21426],[-66.00034,18.21007],[-66.00006,18.20934],[-65.99908,18.2085],[-65.99857,18.20734],[-65.99817,18.20706],[-65.99764,18.20708],[-65.9943,18.20843],[-65.99357,18.21057],[-65.99275,18.21076],[-65.99206,18.21172],[-65.99181,18.21241],[-65.99049,18.21841],[-65.99006,18.21931],[-65.98946,18.2197],[-65.98897,18.22042],[-65.98805,18.2202],[-65.98692,18.22052],[-65.98627,18.22053],[-65.98546,18.22027],[-65.98444,18.22026],[-65.98378,18.22085],[-65.98296,18.22127],[-65.98234,18.22122],[-65.98243,18.2208],[-65.98233,18.22057],[-65.98186,18.22063],[-65.98065,18.2226],[-65.98068,18.2228],[-65.98138,18.2231],[-65.9805,18.22607],[-65.97958,18.22612],[-65.97663,18.22753],[-65.9713,18.22922],[-65.97019,18.22919],[-65.96752,18.22868],[-65.96675,18.22874],[-65.96498,18.2295],[-65.96386,18.2292],[-65.96179,18.22942],[-65.96062,18.2293],[-65.95968,18.22899],[-65.95893,18.22908],[-65.958,18.22878],[-65.95688,18.22875],[-65.9561,18.22853],[-65.9547,18.22891],[-65.95237,18.22887],[-65.95115,18.22928],[-65.95063,18.2293],[-65.95043,18.22965],[-65.95019,18.22979],[-65.94873,18.22948],[-65.94843,18.22948],[-65.94807,18.22974],[-65.94803,18.22994],[-65.94975,18.23047],[-65.95029,18.23081],[-65.95021,18.23104],[-65.94916,18.23193],[-65.94903,18.23299],[-65.94874,18.2335],[-65.94815,18.23343],[-65.94788,18.23325],[-65.94771,18.23239],[-65.94775,18.23171],[-65.94559,18.23262],[-65.94557,18.23286],[-65.94587,18.23323],[-65.94588,18.23357],[-65.94547,18.2337],[-65.94516,18.23369],[-65.94552,18.23344],[-65.94548,18.23325],[-65.9446,18.23321],[-65.94432,18.23308],[-65.9439,18.23203],[-65.94347,18.23166],[-65.94303,18.23215],[-65.94237,18.23181],[-65.94138,18.23186],[-65.94161,18.23235],[-65.94152,18.23262],[-65.94088,18.23328],[-65.93983,18.23361],[-65.93949,18.23424],[-65.94001,18.23445],[-65.94015,18.2349],[-65.9404,18.23508],[-65.94081,18.23505],[-65.94112,18.23525],[-65.94113,18.23586],[-65.94139,18.23635],[-65.94149,18.23752],[-65.94173,18.2375],[-65.94218,18.2369],[-65.94247,18.23686],[-65.94261,18.23742],[-65.9425,18.2386],[-65.94302,18.23935],[-65.9438,18.23973],[-65.94518,18.24014],[-65.94565,18.23996],[-65.94582,18.2409],[-65.94614,18.24125],[-65.94711,18.24145],[-65.94772,18.24128],[-65.94804,18.24137],[-65.94795,18.24206],[-65.94848,18.24254],[-65.94844,18.24323],[-65.94936,18.24386],[-65.94926,18.24412],[-65.94741,18.24394],[-65.9462,18.24421],[-65.9459,18.24441],[-65.94534,18.24528],[-65.94546,18.24632],[-65.94534,18.2472],[-65.94551,18.24766],[-65.94695,18.24791],[-65.94735,18.24817],[-65.94727,18.2484],[-65.94687,18.24869],[-65.94589,18.24891],[-65.94525,18.24939],[-65.94521,18.24965],[-65.94577,18.25005],[-65.94625,18.25242],[-65.9449,18.25318],[-65.94398,18.25316],[-65.9435,18.25299],[-65.94302,18.25264],[-65.9428,18.25183],[-65.94223,18.25111],[-65.94165,18.25066],[-65.94077,18.25029],[-65.93652,18.25897],[-65.93624,18.25938],[-65.93547,18.25967],[-65.93507,18.26004],[-65.93463,18.26102],[-65.93475,18.2618],[-65.93465,18.26206],[-65.93425,18.26224],[-65.93375,18.26279],[-65.93314,18.26303],[-65.93251,18.26389],[-65.93082,18.26484],[-65.93052,18.2652],[-65.9304,18.26559],[-65.92975,18.26579],[-65.92853,18.26655],[-65.92791,18.26716],[-65.92756,18.26816],[-65.92655,18.26822],[-65.92607,18.26846],[-65.92538,18.26853],[-65.92449,18.26931],[-65.92343,18.26921],[-65.92288,18.26929],[-65.92165,18.26904],[-65.91971,18.26932],[-65.91856,18.27012],[-65.91995,18.27054],[-65.92115,18.27147],[-65.92229,18.27195],[-65.92369,18.27235],[-65.92412,18.27286],[-65.92422,18.2733],[-65.92406,18.27404],[-65.92358,18.27457],[-65.92365,18.27479],[-65.92407,18.27482],[-65.92448,18.27541],[-65.92529,18.27532],[-65.92583,18.27563],[-65.92652,18.27577],[-65.9282,18.2767],[-65.93003,18.27818],[-65.93042,18.2787],[-65.93173,18.27947],[-65.93296,18.28047],[-65.93352,18.28124],[-65.93552,18.28277],[-65.93588,18.28353],[-65.93595,18.28416],[-65.93663,18.2845],[-65.93685,18.2851],[-65.93724,18.28521],[-65.93779,18.28512],[-65.93843,18.28578],[-65.93882,18.28645],[-65.93922,18.28669],[-65.93967,18.28797],[-65.93913,18.28842],[-65.93903,18.28861],[-65.93913,18.28889],[-65.93997,18.28962],[-65.94038,18.2906],[-65.94149,18.29216],[-65.9415,18.2926],[-65.94221,18.29302],[-65.94245,18.2934]]]},"properties":{"municipio":"Gurabo","geoid":"72063","countyfp":"063","abrev_mun":"GUR"}},
{"type":"Feature","geometry":{"type":"MultiPolygon","coordinates":[[[[-66.76533,18.48341],[-66.76671,18.48425],[-66.76774,18.48465],[-66.76877,18.48561],[-66.77107,18.48694],[-66.77213,18.48718],[-66.77426,18.48841],[-66.77489,18.48843],[-66.77537,18.48862],[-66.7758,18.48906],[-66.77573,18.48923],[-66.77592,18.48948],[-66.77634,18.48907],[-66.77666,18.48902],[-66.77756,18.48971],[-66.77842,18.48975],[-66.77935,18.49015],[-66.77943,18.49027],[-66.77923,18.4905],[-66.77956,18.49078],[-66.77969,18.49076],[-66.77975,18.49094],[-66.7799,18.49082],[-66.78,18.49102],[-66.78018,18.49103],[-66.78062,18.49081],[-66.78093,18.49102],[-66.7809,18.49127],[-66.78133,18.49106],[-66.7816,18.49116],[-66.78158,18.4914],[-66.78183,18.49128],[-66.78187,18.49146],[-66.78219,18.49139],[-66.78224,18.49165],[-66.78286,18.49178],[-66.78445,18.49161],[-66.7847,18.49178],[-66.78456,18.49196],[-66.78482,18.49199],[-66.78497,18.49187],[-66.78595,18.49209],[-66.78625,18.49257],[-66.7865,18.49245],[-66.78661,18.49254],[-66.78676,18.49232],[-66.78759,18.49222],[-66.78772,18.49241],[-66.78802,18.49227],[-66.78849,18.49255],[-66.78882,18.49249],[-66.78914,18.49265],[-66.78996,18.49268],[-66.79051,18.49251],[-66.79052,18.49234],[-66.79079,18.49221],[-66.79175,18.49228],[-66.7922,18.49245],[-66.79232,18.49264],[-66.79268,18.49265],[-66.79361,18.49315],[-66.7936,18.49334],[-66.79332,18.49346],[-66.79365,18.49352],[-66.79396,18.49343],[-66.79408,18.49352],[-66.79416,18.4934],[-66.79418,18.49325],[-66.7937,18.49312],[-66.79369,18.49286],[-66.79393,18.49247],[-66.79435,18.49232],[-66.79519,18.49252],[-66.79588,18.49305],[-66.79664,18.49273],[-66.79802,18.49281],[-66.79952,18.49243],[-66.8009,18.49247],[-66.80142,18.49211],[-66.80283,18.49204],[-66.80419,18.49147],[-66.8049,18.49142],[-66.80468,18.4914],[-66.80473,18.49133],[-66.80603,18.49132],[-66.80666,18.49111],[-66.80875,18.4913],[-66.80988,18.49121],[-66.8108,18.49082],[-66.81139,18.49076],[-66.81475,18.49125],[-66.81515,18.49118],[-66.81532,18.49093],[-66.81573,18.49076],[-66.81676,18.49053],[-66.81787,18.49058],[-66.81935,18.49086],[-66.82199,18.49074],[-66.82388,18.49098],[-66.8243,18.49071],[-66.82473,18.48994],[-66.82542,18.48932],[-66.82539,18.48855],[-66.8256,18.48846],[-66.82574,18.48813],[-66.82639,18.48774],[-66.82824,18.48732],[-66.83212,18.48761],[-66.83402,18.48795],[-66.83464,18.48791],[-66.83692,18.48841],[-66.83715,18.48838],[-66.83715,18.48822],[-66.83674,18.48752],[-66.83573,18.48678],[-66.83574,18.48615],[-66.83693,18.48423],[-66.8373,18.48405],[-66.83846,18.48404],[-66.83866,18.48377],[-66.83863,18.48347],[-66.83834,18.48294],[-66.83766,18.48243],[-66.83748,18.48208],[-66.8376,18.48083],[-66.8374,18.48038],[-66.83663,18.47991],[-66.83498,18.47981],[-66.83452,18.47949],[-66.83423,18.47903],[-66.83424,18.47865],[-66.83519,18.4784],[-66.83539,18.47814],[-66.83464,18.47714],[-66.83464,18.47687],[-66.83527,18.47654],[-66.83546,18.4761],[-66.83544,18.47498],[-66.83516,18.47384],[-66.83475,18.47344],[-66.83352,18.47371],[-66.83296,18.47367],[-66.83251,18.47239],[-66.83226,18.47224],[-66.83207,18.47234],[-66.83172,18.47292],[-66.83151,18.4728],[-66.83121,18.47228],[-66.83082,18.47223],[-66.82954,18.47302],[-66.82919,18.47297],[-66.82902,18.4728],[-66.82897,18.47252],[-66.82987,18.47194],[-66.83016,18.47157],[-66.83007,18.47119],[-66.82971,18.47079],[-66.829,18.47067],[-66.82916,18.47039],[-66.8306,18.4698],[-66.8305,18.46949],[-66.82958,18.46891],[-66.82931,18.46818],[-66.82952,18.46807],[-66.83016,18.46838],[-66.83063,18.46833],[-66.83115,18.46785],[-66.8311,18.46761],[-66.83048,18.4675],[-66.83034,18.46732],[-66.83063,18.46598],[-66.83035,18.46507],[-66.83039,18.46468],[-66.83089,18.46429],[-66.83231,18.46386],[-66.8329,18.46334],[-66.83304,18.46308],[-66.83298,18.46274],[-66.83278,18.46249],[-66.83232,18.46232],[-66.8322,18.46211],[-66.83206,18.46125],[-66.8316,18.46005],[-66.83082,18.45966],[-66.83054,18.45928],[-66.83109,18.45896],[-66.831,18.45869],[-66.83061,18.45851],[-66.83013,18.45867],[-66.82978,18.45863],[-66.82961,18.45849],[-66.82932,18.4578],[-66.82903,18.45772],[-66.82631,18.45752],[-66.82617,18.45731],[-66.82622,18.45678],[-66.82581,18.45659],[-66.82577,18.45639],[-66.82636,18.45609],[-66.82666,18.45575],[-66.82657,18.45559],[-66.82556,18.45542],[-66.82541,18.45522],[-66.82546,18.45497],[-66.82617,18.45437],[-66.82627,18.45406],[-66.82589,18.4533],[-66.82589,18.45238],[-66.82555,18.45084],[-66.8257,18.45064],[-66.82652,18.45033],[-66.82686,18.45006],[-66.82699,18.44979],[-66.82606,18.44881],[-66.826,18.44856],[-66.82664,18.44818],[-66.82671,18.44779],[-66.82529,18.44743],[-66.82479,18.4469],[-66.82503,18.44593],[-66.82598,18.44432],[-66.82624,18.44361],[-66.82625,18.44319],[-66.82594,18.4422],[-66.82615,18.44105],[-66.82618,18.43989],[-66.82574,18.43833],[-66.82625,18.43767],[-66.82741,18.43765],[-66.82799,18.43747],[-66.8286,18.43642],[-66.82893,18.43529],[-66.8286,18.43479],[-66.82726,18.43368],[-66.82635,18.43229],[-66.82597,18.43067],[-66.82601,18.4292],[-66.82631,18.42834],[-66.82624,18.42785],[-66.82581,18.42721],[-66.82534,18.4258],[-66.82515,18.42556],[-66.82413,18.42501],[-66.82395,18.42476],[-66.82418,18.42326],[-66.8242,18.42209],[-66.82501,18.42059],[-66.82432,18.41935],[-66.82425,18.41824],[-66.82393,18.41795],[-66.82294,18.41748],[-66.82216,18.41653],[-66.82091,18.41641],[-66.82066,18.41632],[-66.82052,18.41607],[-66.82093,18.41523],[-66.821,18.41446],[-66.82118,18.41417],[-66.82173,18.41383],[-66.82328,18.41332],[-66.82362,18.41292],[-66.82364,18.41246],[-66.82305,18.41067],[-66.82265,18.41007],[-66.82196,18.40802],[-66.82186,18.40688],[-66.82128,18.40555],[-66.82018,18.40479],[-66.81967,18.40424],[-66.81877,18.40426],[-66.81775,18.4045],[-66.81745,18.40436],[-66.81724,18.40404],[-66.81675,18.40235],[-66.81715,18.40062],[-66.81677,18.39826],[-66.81698,18.39752],[-66.8178,18.39645],[-66.81789,18.3959],[-66.81787,18.39553],[-66.81737,18.39475],[-66.8173,18.39376],[-66.817,18.39302],[-66.8165,18.39224],[-66.81576,18.3915],[-66.81431,18.39061],[-66.81381,18.39004],[-66.81255,18.38934],[-66.81188,18.38862],[-66.81153,18.38797],[-66.81061,18.38703],[-66.81068,18.38663],[-66.81116,18.38623],[-66.81146,18.38567],[-66.8126,18.38429],[-66.8129,18.38332],[-66.81285,18.38218],[-66.81307,18.38054],[-66.81371,18.37916],[-66.81392,18.37727],[-66.81452,18.3759],[-66.81448,18.37489],[-66.81424,18.37384],[-66.81431,18.37313],[-66.81478,18.37208],[-66.81434,18.3708],[-66.81505,18.36957],[-66.81497,18.36843],[-66.81551,18.36706],[-66.81586,18.36541],[-66.81587,18.36404],[-66.81701,18.36265],[-66.81801,18.36177],[-66.81995,18.36135],[-66.82014,18.3612],[-66.82007,18.36078],[-66.81966,18.3602],[-66.81962,18.35977],[-66.8198,18.35926],[-66.82115,18.35727],[-66.82108,18.35652],[-66.82041,18.35593],[-66.81963,18.35456],[-66.81895,18.35389],[-66.81891,18.35298],[-66.82111,18.34858],[-66.82408,18.34328],[-66.82477,18.33734],[-66.82481,18.33316],[-66.82604,18.32336],[-66.77028,18.32074],[-66.7702,18.32494],[-66.76903,18.37357],[-66.7671,18.39183],[-66.76996,18.40511],[-66.77001,18.40811],[-66.7678,18.41578],[-66.76812,18.42076],[-66.76786,18.42442],[-66.76788,18.42737],[-66.769,18.43245],[-66.77005,18.43391],[-66.77073,18.43615],[-66.7703,18.43784],[-66.76829,18.44403],[-66.76727,18.45686],[-66.7673,18.46167],[-66.76819,18.46152],[-66.76832,18.46548],[-66.76897,18.46765],[-66.76893,18.46823],[-66.76918,18.46905],[-66.76881,18.4696],[-66.76863,18.4707],[-66.76835,18.4711],[-66.76868,18.47245],[-66.76864,18.47324],[-66.76777,18.4763],[-66.76808,18.47703],[-66.76806,18.47805],[-66.76533,18.48341]]],[[[-66.79189,18.49264],[-66.79265,18.49283],[-66.79157,18.49237],[-66.79073,18.49241],[-66.79189,18.49264]]],[[[-66.78954,18.49309],[-66.78949,18.4932],[-66.78964,18.49309],[-66.78954,18.49309]]],[[[-66.79284,18.49364],[-66.79282,18.49377],[-66.79292,18.49376],[-66.79314,18.49351],[-66.79284,18.49364]]],[[[-66.79808,18.49356],[-66.79792,18.49381],[-66.79824,18.49384],[-66.79838,18.49356],[-66.79808,18.49356]]],[[[-66.79808,18.49391],[-66.79809,18.49403],[-66.79823,18.49393],[-66.79808,18.49391]]],[[[-66.79593,18.49376],[-66.79624,18.49405],[-66.79642,18.49389],[-66.79631,18.49351],[-66.79615,18.49342],[-66.79451,18.49336],[-66.79473,18.49365],[-66.79491,18.49351],[-66.79527,18.49351],[-66.79527,18.49378],[-66.7956,18.49348],[-66.79559,18.49362],[-66.79593,18.49376]]],[[[-66.79749,18.49409],[-66.79758,18.49411],[-66.79757,18.49392],[-66.7979,18.49405],[-66.79793,18.49388],[-66.79762,18.49386],[-66.79732,18.494],[-66.79749,18.49409]]],[[[-66.7985,18.49398],[-66.79881,18.49426],[-66.7986,18.49398],[-66.79827,18.49393],[-66.7985,18.49398]]],[[[-66.8001,18.49438],[-66.80039,18.49431],[-66.80008,18.49422],[-66.79993,18.49433],[-66.8001,18.49438]]]]},"properties":{"municipio":"Hatillo","geoid":"72065","countyfp":"065","abrev_mun":"HAT"}},
{"type":"Feature","geometry":{"type":"Polygon","coordinates":[[[-67.08635,18.14983],[-67.08686,18.14946],[-67.08709,18.14946],[-67.08799,18.15009],[-67.0894,18.15138],[-67.09205,18.15179],[-67.09293,18.15216],[-67.09404,18.15477],[-67.09439,18.15531],[-67.09502,18.15581],[-67.09683,18.15639],[-67.09706,18.15737],[-67.09802,18.15866],[-67.09821,18.1587],[-67.0995,18.15723],[-67.10083,18.1567],[-67.10102,18.15701],[-67.10165,18.15751],[-67.10312,18.15771],[-67.10389,18.15799],[-67.10441,18.15787],[-67.10536,18.15723],[-67.1063,18.15809],[-67.10744,18.15849],[-67.10724,18.15916],[-67.10764,18.15948],[-67.10862,18.15983],[-67.10921,18.15979],[-67.10993,18.15955],[-67.11061,18.15983],[-67.11138,18.15971],[-67.11223,18.16028],[-67.11246,18.16028],[-67.11366,18.15972],[-67.11487,18.15948],[-67.11519,18.15894],[-67.11528,18.15834],[-67.11545,18.15819],[-67.11857,18.1579],[-67.11882,18.15775],[-67.11943,18.15692],[-67.12023,18.1565],[-67.12083,18.15596],[-67.12211,18.15615],[-67.12318,18.15661],[-67.12289,18.15743],[-67.12304,18.15755],[-67.12353,18.15751],[-67.1238,18.15799],[-67.12415,18.15803],[-67.12526,18.15783],[-67.12546,18.15793],[-67.12565,18.15833],[-67.126,18.15841],[-67.12663,18.15801],[-67.12719,18.15742],[-67.12767,18.15745],[-67.12786,18.15718],[-67.12815,18.15721],[-67.12879,18.15799],[-67.1291,18.15815],[-67.12939,18.15806],[-67.12989,18.15776],[-67.13045,18.15701],[-67.1314,18.15655],[-67.13159,18.15599],[-67.13211,18.15521],[-67.13253,18.15554],[-67.13273,18.15547],[-67.13329,18.15486],[-67.13351,18.15429],[-67.13437,18.15427],[-67.1349,18.15359],[-67.1361,18.15298],[-67.13639,18.15274],[-67.13673,18.1521],[-67.13704,18.15197],[-67.13729,18.1521],[-67.13814,18.1534],[-67.13865,18.15364],[-67.13903,18.15368],[-67.13939,18.15348],[-67.14001,18.1535],[-67.14083,18.15311],[-67.141,18.15322],[-67.14107,18.15394],[-67.14139,18.15453],[-67.14184,18.15473],[-67.14222,18.15524],[-67.14322,18.1557],[-67.14371,18.15538],[-67.14417,18.15432],[-67.14445,18.15416],[-67.14469,18.15415],[-67.14562,18.15481],[-67.14659,18.1547],[-67.1474,18.15522],[-67.1495,18.15434],[-67.15098,18.15412],[-67.15178,18.15371],[-67.15404,18.15452],[-67.15638,18.15576],[-67.15766,18.1562],[-67.1588,18.15529],[-67.15902,18.15431],[-67.1595,18.15334],[-67.15974,18.15322],[-67.15854,18.15193],[-67.15705,18.15177],[-67.15642,18.15156],[-67.15623,18.15132],[-67.15607,18.1502],[-67.15586,18.15003],[-67.1547,18.1501],[-67.15405,18.14977],[-67.1536,18.14935],[-67.1534,18.14892],[-67.15338,18.14845],[-67.15411,18.14548],[-67.15384,18.14522],[-67.15297,18.14517],[-67.15277,18.14527],[-67.15257,18.14567],[-67.1523,18.14566],[-67.15107,18.14481],[-67.15107,18.14431],[-67.15146,18.14379],[-67.15164,18.14322],[-67.15175,18.14246],[-67.15163,18.14203],[-67.15094,18.14215],[-67.15019,18.14205],[-67.14994,18.14247],[-67.15004,18.14314],[-67.14994,18.14335],[-67.14948,18.14342],[-67.14932,18.1433],[-67.14942,18.14282],[-67.14932,18.1425],[-67.14868,18.1409],[-67.14848,18.14072],[-67.14781,18.14069],[-67.14684,18.14102],[-67.14659,18.14089],[-67.14649,18.13978],[-67.14632,18.13962],[-67.14518,18.13936],[-67.14454,18.13899],[-67.14337,18.14008],[-67.14282,18.13988],[-67.14273,18.13968],[-67.14315,18.13904],[-67.14312,18.13873],[-67.14277,18.1381],[-67.14176,18.13739],[-67.1413,18.13679],[-67.14108,18.13594],[-67.14119,18.13469],[-67.14056,18.13453],[-67.14078,18.13363],[-67.1406,18.13308],[-67.14013,18.13332],[-67.13972,18.13394],[-67.13945,18.13393],[-67.13879,18.13306],[-67.13789,18.1331],[-67.13747,18.13346],[-67.13709,18.13337],[-67.13623,18.1327],[-67.13666,18.13191],[-67.13655,18.13148],[-67.13625,18.13136],[-67.13563,18.1316],[-67.13519,18.13226],[-67.13486,18.13241],[-67.13427,18.13245],[-67.13399,18.13233],[-67.13376,18.13186],[-67.13364,18.1306],[-67.1332,18.12986],[-67.13359,18.12967],[-67.13505,18.12973],[-67.13535,18.12925],[-67.13542,18.12872],[-67.13604,18.12798],[-67.13593,18.12747],[-67.13551,18.12705],[-67.13564,18.12634],[-67.13504,18.12604],[-67.13465,18.12521],[-67.13479,18.12506],[-67.13531,18.125],[-67.13532,18.12453],[-67.13472,18.12357],[-67.13346,18.12301],[-67.13325,18.12249],[-67.13334,18.12174],[-67.13215,18.12051],[-67.13172,18.12056],[-67.13116,18.12101],[-67.13059,18.12054],[-67.12996,18.12074],[-67.12952,18.12061],[-67.12935,18.11984],[-67.12916,18.11972],[-67.12842,18.12003],[-67.12851,18.11939],[-67.1284,18.11921],[-67.12771,18.11921],[-67.12752,18.11905],[-67.12782,18.11834],[-67.1276,18.11789],[-67.12689,18.11757],[-67.1268,18.11738],[-67.12701,18.11694],[-67.12697,18.11667],[-67.12672,18.11595],[-67.12616,18.11514],[-67.12462,18.11455],[-67.12416,18.11462],[-67.12404,18.11444],[-67.1241,18.11402],[-67.12391,18.1138],[-67.12353,18.1139],[-67.12304,18.11365],[-67.12248,18.11365],[-67.12206,18.11413],[-67.12182,18.11376],[-67.12123,18.11338],[-67.12061,18.11246],[-67.11971,18.1119],[-67.11943,18.11185],[-67.11893,18.11207],[-67.11829,18.11169],[-67.11729,18.11186],[-67.11601,18.11137],[-67.11477,18.1104],[-67.11318,18.10976],[-67.11224,18.10874],[-67.11169,18.10871],[-67.11111,18.10886],[-67.11072,18.10872],[-67.11044,18.10794],[-67.1097,18.1081],[-67.10897,18.10744],[-67.10868,18.10682],[-67.10826,18.10639],[-67.10693,18.10587],[-67.10632,18.10583],[-67.10563,18.10549],[-67.10517,18.10567],[-67.10498,18.10598],[-67.10475,18.106],[-67.10424,18.1053],[-67.10358,18.10555],[-67.10294,18.1051],[-67.10273,18.10519],[-67.10255,18.10555],[-67.10127,18.10565],[-67.10045,18.1063],[-67.09992,18.10653],[-67.09933,18.1071],[-67.0982,18.10678],[-67.09714,18.10732],[-67.09513,18.10655],[-67.0942,18.10676],[-67.09332,18.10674],[-67.09148,18.10521],[-67.09072,18.10479],[-67.09035,18.10478],[-67.08871,18.10522],[-67.08849,18.10535],[-67.08833,18.10604],[-67.08791,18.10619],[-67.08745,18.10607],[-67.08726,18.10586],[-67.08748,18.10484],[-67.08726,18.10463],[-67.08691,18.10469],[-67.08669,18.10489],[-67.08659,18.10525],[-67.08687,18.10675],[-67.08681,18.10722],[-67.08634,18.10737],[-67.0855,18.10692],[-67.08453,18.1066],[-67.0831,18.10702],[-67.08121,18.10701],[-67.08067,18.10736],[-67.0794,18.10895],[-67.07924,18.10963],[-67.07859,18.11049],[-67.0786,18.1107],[-67.0788,18.11083],[-67.07949,18.11063],[-67.08019,18.11099],[-67.08055,18.11234],[-67.08025,18.11258],[-67.07887,18.11289],[-67.07804,18.11328],[-67.07782,18.11427],[-67.07814,18.11498],[-67.07809,18.11533],[-67.07769,18.11573],[-67.0778,18.11597],[-67.09178,18.12505],[-67.0919,18.12536],[-67.09128,18.12545],[-67.09076,18.12608],[-67.09074,18.12633],[-67.09116,18.12666],[-67.09286,18.12742],[-67.0933,18.12779],[-67.0931,18.12831],[-67.09249,18.12887],[-67.09196,18.1299],[-67.09113,18.13093],[-67.09089,18.1315],[-67.09103,18.13204],[-67.09194,18.13291],[-67.09285,18.13344],[-67.09341,18.13416],[-67.09414,18.13476],[-67.09408,18.13502],[-67.09291,18.13643],[-67.09273,18.13736],[-67.09288,18.13796],[-67.09275,18.13878],[-67.09307,18.14061],[-67.09317,18.14088],[-67.09387,18.14166],[-67.09395,18.14215],[-67.09363,18.14271],[-67.09334,18.1428],[-67.09171,18.14207],[-67.09136,18.142],[-67.0911,18.14209],[-67.09095,18.14235],[-67.09099,18.14263],[-67.09198,18.1444],[-67.09254,18.14618],[-67.09203,18.14719],[-67.09144,18.14787],[-67.08932,18.14896],[-67.08792,18.14882],[-67.0873,18.14862],[-67.08709,18.14843],[-67.08701,18.14755],[-67.08786,18.14667],[-67.08803,18.14623],[-67.08791,18.14568],[-67.08737,18.14504],[-67.08661,18.14443],[-67.0864,18.14436],[-67.08573,18.14488],[-67.08484,18.14636],[-67.08414,18.14815],[-67.08435,18.14854],[-67.08485,18.14873],[-67.08555,18.14936],[-67.08635,18.14983]]]},"properties":{"municipio":"Hormigueros","geoid":"72067","countyfp":"067","abrev_mun":"HOR"}},
{"type":"Feature","geometry":{"type":"MultiPolygon","coordinates":[[[[-65.73919,18.17403],[-65.74034,18.17654],[-65.74098,18.17736],[-65.74084,18.17882],[-65.7402,18.18097],[-65.74039,18.18187],[-65.74053,18.18208],[-65.74102,18.18232],[-65.74142,18.18242],[-65.74212,18.1823],[-65.74411,18.18119],[-65.74584,18.18118],[-65.74691,18.1809],[-65.74809,18.17984],[-65.74859,18.17883],[-65.74935,18.17826],[-65.74978,18.1773],[-65.75087,18.17647],[-65.75156,18.1763],[-65.75202,18.17637],[-65.76618,18.18206],[-65.76178,18.19167],[-65.76048,18.19533],[-65.76045,18.19571],[-65.76068,18.19596],[-65.76263,18.19646],[-65.76456,18.1979],[-65.76594,18.19859],[-65.76806,18.1981],[-65.76918,18.19806],[-65.77209,18.19852],[-65.77411,18.19949],[-65.77671,18.19955],[-65.78003,18.20122],[-65.78131,18.20121],[-65.78213,18.20148],[-65.78332,18.20268],[-65.78386,18.20285],[-65.78567,18.20395],[-65.78592,18.20398],[-65.78696,18.20361],[-65.78839,18.20409],[-65.79039,18.20409],[-65.79118,18.20425],[-65.79149,18.20455],[-65.79173,18.20547],[-65.79227,18.20666],[-65.79251,18.20676],[-65.79566,18.20549],[-65.79754,18.20366],[-65.7988,18.20408],[-65.79963,18.20275],[-65.79987,18.2026],[-65.80046,18.20276],[-65.80084,18.20305],[-65.80333,18.2041],[-65.80406,18.20393],[-65.80461,18.20408],[-65.80697,18.20534],[-65.80811,18.20531],[-65.81169,18.20446],[-65.81247,18.20444],[-65.81349,18.2048],[-65.8144,18.20462],[-65.81577,18.20492],[-65.8167,18.2049],[-65.81759,18.20579],[-65.81939,18.20544],[-65.81958,18.20529],[-65.81988,18.20435],[-65.82033,18.204],[-65.82152,18.20332],[-65.82314,18.20281],[-65.82356,18.20238],[-65.82388,18.20181],[-65.82416,18.20063],[-65.82442,18.20038],[-65.82499,18.20015],[-65.82571,18.20026],[-65.82592,18.20044],[-65.82576,18.19335],[-65.82584,18.19186],[-65.82742,18.18892],[-65.82824,18.18679],[-65.83013,18.18522],[-65.83188,18.18473],[-65.83224,18.18453],[-65.83274,18.18403],[-65.83431,18.18175],[-65.83585,18.17827],[-65.83596,18.17683],[-65.83643,18.17536],[-65.83697,18.17537],[-65.83779,18.1756],[-65.84584,18.17828],[-65.84642,18.17803],[-65.84667,18.17775],[-65.84708,18.17652],[-65.84755,18.17627],[-65.84889,18.17623],[-65.8507,18.17579],[-65.85135,18.17631],[-65.85398,18.17726],[-65.85434,18.17726],[-65.85488,18.17678],[-65.85504,18.17633],[-65.85569,18.17549],[-65.85619,18.17419],[-65.8566,18.17377],[-65.85673,18.17341],[-65.85591,18.17191],[-65.85564,18.17068],[-65.85491,18.16956],[-65.85544,18.16879],[-65.85541,18.16766],[-65.8619,18.15579],[-65.86171,18.15399],[-65.86217,18.15302],[-65.86171,18.15112],[-65.8618,18.15067],[-65.86161,18.14831],[-65.86181,18.14702],[-65.86136,18.14563],[-65.86193,18.14434],[-65.86264,18.14191],[-65.86277,18.14129],[-65.86266,18.14044],[-65.86275,18.14021],[-65.86307,18.14001],[-65.86484,18.13902],[-65.86515,18.13835],[-65.86556,18.13818],[-65.86688,18.13811],[-65.86755,18.13772],[-65.86789,18.137],[-65.86857,18.13617],[-65.86889,18.13475],[-65.86954,18.13356],[-65.87116,18.13167],[-65.87135,18.13012],[-65.87165,18.12985],[-65.87274,18.12944],[-65.8742,18.1283],[-65.87419,18.12753],[-65.87449,18.12671],[-65.8755,18.12566],[-65.87565,18.125],[-65.87557,18.12419],[-65.87567,18.1237],[-65.87595,18.12314],[-65.87666,18.12274],[-65.87651,18.12227],[-65.87719,18.121],[-65.87721,18.11956],[-65.8777,18.11809],[-65.87765,18.1173],[-65.87737,18.11663],[-65.87753,18.11587],[-65.87745,18.11563],[-65.87613,18.11527],[-65.8755,18.11481],[-65.87434,18.11492],[-65.87328,18.11418],[-65.87212,18.11381],[-65.87102,18.11282],[-65.87084,18.11229],[-65.87128,18.11191],[-65.87175,18.10991],[-65.87166,18.10957],[-65.8711,18.10905],[-65.87049,18.10855],[-65.86993,18.10836],[-65.86937,18.1085],[-65.86825,18.10844],[-65.86777,18.10866],[-65.8671,18.1087],[-65.86632,18.10852],[-65.8656,18.10808],[-65.86384,18.10853],[-65.86339,18.10883],[-65.86327,18.10923],[-65.86366,18.11137],[-65.86351,18.11202],[-65.86328,18.11236],[-65.86256,18.11294],[-65.86156,18.11303],[-65.86122,18.1132],[-65.86065,18.11435],[-65.86048,18.11545],[-65.86015,18.11574],[-65.85895,18.11591],[-65.85775,18.11541],[-65.85721,18.11534],[-65.85699,18.11555],[-65.85705,18.11623],[-65.85684,18.11672],[-65.85641,18.11717],[-65.85508,18.11754],[-65.85328,18.11738],[-65.85155,18.11785],[-65.85111,18.11821],[-65.85042,18.11805],[-65.84981,18.11748],[-65.84805,18.11728],[-65.84749,18.11709],[-65.84692,18.11594],[-65.84535,18.11516],[-65.84515,18.11483],[-65.84525,18.11462],[-65.84592,18.11423],[-65.84611,18.11393],[-65.84623,18.11281],[-65.84614,18.11255],[-65.84568,18.11223],[-65.8448,18.11211],[-65.84363,18.11224],[-65.84254,18.11211],[-65.84206,18.11018],[-65.84311,18.10979],[-65.84324,18.10963],[-65.84321,18.10796],[-65.84335,18.10726],[-65.84374,18.10685],[-65.8456,18.10602],[-65.84752,18.10317],[-65.8481,18.1018],[-65.84801,18.10132],[-65.84763,18.10058],[-65.84822,18.09947],[-65.84828,18.09899],[-65.84772,18.09854],[-65.84643,18.09836],[-65.84493,18.09748],[-65.84454,18.09742],[-65.84364,18.09775],[-65.84346,18.09759],[-65.84135,18.09514],[-65.84026,18.09344],[-65.84017,18.09288],[-65.84065,18.09182],[-65.84061,18.09124],[-65.83977,18.09072],[-65.838,18.09009],[-65.83763,18.09037],[-65.83733,18.09106],[-65.83647,18.09121],[-65.83628,18.09136],[-65.83593,18.09118],[-65.83588,18.09092],[-65.83534,18.0907],[-65.83324,18.09028],[-65.83152,18.0896],[-65.83028,18.0887],[-65.8301,18.0879],[-65.83024,18.08686],[-65.8301,18.08584],[-65.82976,18.08528],[-65.82881,18.08431],[-65.82815,18.084],[-65.82688,18.08389],[-65.82526,18.08352],[-65.82404,18.08389],[-65.82288,18.08384],[-65.82241,18.08341],[-65.82199,18.08258],[-65.82174,18.08165],[-65.8215,18.08153],[-65.82006,18.0812],[-65.81861,18.08068],[-65.81829,18.08266],[-65.81441,18.08182],[-65.81413,18.08147],[-65.81407,18.08016],[-65.81183,18.07756],[-65.81125,18.07534],[-65.81055,18.07429],[-65.80906,18.07253],[-65.80881,18.07147],[-65.80807,18.07107],[-65.80697,18.07092],[-65.80627,18.07124],[-65.80575,18.07128],[-65.80504,18.07083],[-65.80449,18.07069],[-65.8038,18.0708],[-65.803,18.07118],[-65.80273,18.07108],[-65.80215,18.07034],[-65.80162,18.06998],[-65.80033,18.06949],[-65.79958,18.06937],[-65.79733,18.0697],[-65.79673,18.06997],[-65.79708,18.07055],[-65.79708,18.07098],[-65.79701,18.07129],[-65.79676,18.07131],[-65.79692,18.07145],[-65.79652,18.07155],[-65.79665,18.07171],[-65.7964,18.0718],[-65.79645,18.0717],[-65.79631,18.0717],[-65.79637,18.07206],[-65.79615,18.07228],[-65.7963,18.07286],[-65.79615,18.07305],[-65.79569,18.0731],[-65.79566,18.07323],[-65.79535,18.07319],[-65.79506,18.07366],[-65.79543,18.0737],[-65.79517,18.07386],[-65.79512,18.0741],[-65.79569,18.07408],[-65.79639,18.07456],[-65.79652,18.07527],[-65.79643,18.07588],[-65.79632,18.07592],[-65.79652,18.07606],[-65.7961,18.07639],[-65.79657,18.07621],[-65.79773,18.07631],[-65.79814,18.07664],[-65.79798,18.07738],[-65.7982,18.07682],[-65.79841,18.07689],[-65.79855,18.07679],[-65.7985,18.077],[-65.79872,18.0769],[-65.79856,18.07702],[-65.79856,18.07732],[-65.79959,18.07773],[-65.79979,18.07708],[-65.80011,18.07715],[-65.80005,18.07784],[-65.80037,18.07794],[-65.80087,18.07724],[-65.80221,18.0772],[-65.80231,18.07759],[-65.8014,18.07757],[-65.80097,18.07777],[-65.80081,18.0781],[-65.80113,18.07825],[-65.80103,18.07854],[-65.80042,18.07854],[-65.80041,18.07842],[-65.80002,18.0783],[-65.79971,18.07848],[-65.79968,18.07884],[-65.7994,18.07924],[-65.79985,18.07971],[-65.80004,18.07963],[-65.80033,18.08013],[-65.80014,18.08064],[-65.79999,18.08011],[-65.79954,18.07995],[-65.79909,18.07949],[-65.79866,18.0797],[-65.79862,18.08013],[-65.80012,18.0807],[-65.79962,18.08091],[-65.79813,18.08035],[-65.7978,18.08065],[-65.79755,18.08042],[-65.79768,18.0801],[-65.79676,18.07989],[-65.79717,18.07984],[-65.79771,18.08002],[-65.7982,18.07945],[-65.79895,18.07891],[-65.79917,18.07802],[-65.79863,18.07786],[-65.79834,18.07862],[-65.79719,18.07949],[-65.79715,18.07975],[-65.79689,18.07977],[-65.7968,18.07946],[-65.79596,18.0794],[-65.79571,18.07927],[-65.79512,18.07846],[-65.79597,18.07731],[-65.79599,18.07684],[-65.79477,18.07854],[-65.79472,18.07878],[-65.79531,18.07949],[-65.79575,18.0798],[-65.79669,18.07989],[-65.79611,18.08014],[-65.79583,18.07997],[-65.79597,18.08024],[-65.79637,18.08033],[-65.79644,18.08144],[-65.7969,18.08297],[-65.79681,18.08384],[-65.79629,18.0853],[-65.79493,18.08719],[-65.79332,18.08874],[-65.79213,18.08963],[-65.79084,18.09011],[-65.78899,18.09021],[-65.78797,18.09097],[-65.78901,18.09207],[-65.78938,18.09275],[-65.78985,18.09407],[-65.79004,18.0957],[-65.78993,18.09688],[-65.78954,18.09834],[-65.78798,18.10253],[-65.78598,18.10604],[-65.78441,18.10813],[-65.78351,18.10905],[-65.78236,18.11088],[-65.78082,18.1128],[-65.78037,18.11318],[-65.77987,18.11333],[-65.77932,18.11295],[-65.7788,18.11295],[-65.77859,18.1134],[-65.77902,18.11385],[-65.77871,18.11399],[-65.77846,18.11462],[-65.77817,18.1148],[-65.77762,18.11453],[-65.7775,18.11466],[-65.77759,18.11486],[-65.77796,18.11501],[-65.77794,18.11556],[-65.77781,18.11576],[-65.77801,18.11584],[-65.77808,18.11612],[-65.77808,18.11635],[-65.77792,18.11652],[-65.77821,18.11678],[-65.77802,18.11681],[-65.77844,18.11712],[-65.7788,18.11709],[-65.77922,18.11672],[-65.77961,18.11693],[-65.78002,18.11752],[-65.78026,18.1188],[-65.78017,18.12097],[-65.77987,18.12313],[-65.77946,18.12492],[-65.77804,18.12871],[-65.777,18.13082],[-65.77551,18.13348],[-65.7729,18.13729],[-65.76662,18.1448],[-65.76732,18.14568],[-65.76794,18.14613],[-65.76798,18.14639],[-65.7677,18.14732],[-65.76706,18.14848],[-65.76584,18.15003],[-65.76279,18.15301],[-65.75904,18.15605],[-65.75732,18.15728],[-65.75497,18.15864],[-65.7514,18.16045],[-65.74316,18.16393],[-65.7414,18.16607],[-65.74112,18.16851],[-65.74065,18.17031],[-65.74009,18.17198],[-65.73919,18.17403]]],[[[-65.77056,18.11576],[-65.77062,18.11587],[-65.77121,18.11576],[-65.7713,18.11542],[-65.77111,18.1151],[-65.77091,18.11504],[-65.77073,18.11516],[-65.7707,18.11564],[-65.77056,18.11576]]],[[[-65.72998,18.15851],[-65.72985,18.15865],[-65.73038,18.15899],[-65.73107,18.15864],[-65.7319,18.15849],[-65.73341,18.15858],[-65.73471,18.15885],[-65.73489,18.15875],[-65.73512,18.15797],[-65.73482,18.15777],[-65.73502,18.15765],[-65.73481,18.15725],[-65.73457,18.15715],[-65.73448,18.15676],[-65.73479,18.1554],[-65.73476,18.15478],[-65.73455,18.15432],[-65.73371,18.15349],[-65.73354,18.15347],[-65.73316,18.1538],[-65.73258,18.15393],[-65.73248,18.15407],[-65.73303,18.15645],[-65.73299,18.15796],[-65.73272,18.15816],[-65.73206,18.15817],[-65.73175,18.15795],[-65.73139,18.15735],[-65.73071,18.15729],[-65.73011,18.15781],[-65.72998,18.15851]]]]},"properties":{"municipio":"Humacao","geoid":"72069","countyfp":"069","abrev_mun":"HUM"}},
{"type":"Feature","geometry":{"type":"MultiPolygon","coordinates":[[[[-66.95751,18.48927],[-66.95884,18.4897],[-66.95906,18.48998],[-66.95948,18.49018],[-66.95949,18.49045],[-66.95977,18.49082],[-66.96028,18.49069],[-66.96057,18.49079],[-66.9609,18.49073],[-66.96128,18.49097],[-66.9616,18.4909],[-66.96438,18.4917],[-66.96483,18.49161],[-66.96536,18.49187],[-66.96752,18.49232],[-66.96828,18.49261],[-66.96916,18.49277],[-66.97061,18.4928],[-66.97107,18.49317],[-66.97093,18.49345],[-66.97107,18.49352],[-66.97109,18.49344],[-66.97132,18.49353],[-66.97131,18.49342],[-66.97156,18.49353],[-66.97178,18.49342],[-66.9719,18.4936],[-66.972,18.49339],[-66.97211,18.49356],[-66.97241,18.49349],[-66.97267,18.49319],[-66.97369,18.49335],[-66.97339,18.4927],[-66.97403,18.49247],[-66.97476,18.49192],[-66.97592,18.49161],[-66.97736,18.49168],[-66.97871,18.492],[-66.98287,18.49375],[-66.98443,18.49469],[-66.98445,18.49482],[-66.98532,18.49518],[-66.9859,18.4956],[-66.98665,18.49583],[-66.9868,18.49616],[-66.98698,18.49603],[-66.98697,18.49634],[-66.98726,18.49634],[-66.98738,18.4965],[-66.98725,18.49655],[-66.98747,18.49663],[-66.98767,18.49712],[-66.98781,18.49704],[-66.98806,18.49762],[-66.98878,18.49762],[-66.98892,18.49782],[-66.9895,18.49792],[-66.99052,18.49903],[-66.99118,18.49906],[-66.99182,18.49954],[-66.99194,18.49985],[-66.99288,18.50044],[-66.9942,18.50041],[-66.99457,18.50082],[-66.99491,18.50095],[-66.99515,18.50129],[-66.99531,18.50125],[-66.9952,18.50141],[-66.99528,18.5015],[-66.9957,18.50151],[-66.99571,18.50168],[-66.99644,18.50168],[-66.99702,18.50189],[-66.99704,18.50201],[-66.99766,18.50225],[-66.99804,18.50261],[-66.99829,18.50259],[-66.99838,18.50276],[-66.99921,18.50273],[-66.99957,18.50287],[-66.99998,18.50268],[-67.00047,18.50294],[-67.00126,18.50286],[-67.00212,18.50307],[-67.00358,18.50419],[-67.00584,18.50485],[-67.00871,18.50664],[-67.01018,18.50716],[-67.0107,18.50756],[-67.01286,18.50859],[-67.01333,18.50867],[-67.01363,18.50914],[-67.01413,18.50938],[-67.01418,18.50953],[-67.01476,18.50969],[-67.01532,18.51009],[-67.01587,18.51008],[-67.01595,18.51032],[-67.01685,18.51058],[-67.01696,18.51087],[-67.01716,18.51092],[-67.01728,18.51074],[-67.01746,18.51072],[-67.01754,18.51051],[-67.01864,18.51084],[-67.01879,18.5111],[-67.01913,18.51095],[-67.01933,18.51107],[-67.01951,18.51087],[-67.01965,18.51114],[-67.01989,18.51125],[-67.0206,18.51106],[-67.02069,18.5112],[-67.02105,18.51119],[-67.02137,18.51132],[-67.02134,18.51142],[-67.02163,18.51145],[-67.02172,18.51167],[-67.02182,18.51163],[-67.02148,18.51121],[-67.02079,18.51105],[-67.02069,18.5109],[-67.02091,18.51002],[-67.02178,18.50891],[-67.02284,18.50841],[-67.02339,18.50833],[-67.02648,18.50869],[-67.02696,18.50884],[-67.02742,18.50873],[-67.02831,18.50892],[-67.03081,18.50993],[-67.03263,18.51098],[-67.03432,18.51173],[-67.03497,18.51188],[-67.03533,18.51216],[-67.03562,18.5126],[-67.03668,18.51262],[-67.03689,18.51306],[-67.03675,18.51312],[-67.03626,18.51298],[-67.03534,18.51297],[-67.03554,18.51316],[-67.03572,18.51303],[-67.03667,18.51331],[-67.03683,18.51349],[-67.03706,18.51338],[-67.03717,18.51366],[-67.03756,18.51357],[-67.03779,18.51311],[-67.03805,18.51292],[-67.03971,18.51271],[-67.04179,18.51316],[-67.04267,18.51352],[-67.04431,18.5139],[-67.04401,18.51422],[-67.04426,18.51439],[-67.04509,18.51455],[-67.0452,18.51476],[-67.04541,18.51454],[-67.04621,18.51438],[-67.04624,18.51387],[-67.04697,18.51361],[-67.0474,18.51368],[-67.04829,18.51418],[-67.04843,18.51435],[-67.04839,18.51471],[-67.04985,18.51487],[-67.0507,18.51518],[-67.05134,18.51497],[-67.05258,18.51532],[-67.05303,18.51524],[-67.05326,18.51537],[-67.0538,18.51527],[-67.05409,18.51497],[-67.05418,18.51437],[-67.05438,18.51423],[-67.0553,18.51418],[-67.05624,18.51396],[-67.0574,18.51422],[-67.05797,18.5146],[-67.05867,18.51432],[-67.05901,18.51473],[-67.05908,18.5151],[-67.05933,18.51479],[-67.05964,18.51489],[-67.05978,18.51474],[-67.06021,18.51499],[-67.06043,18.51429],[-67.06114,18.51386],[-67.06298,18.51395],[-67.06393,18.51419],[-67.06443,18.51411],[-67.06493,18.51442],[-67.06527,18.51362],[-67.0658,18.51317],[-67.06659,18.51296],[-67.06776,18.51291],[-67.07075,18.51355],[-67.07273,18.51456],[-67.07293,18.51507],[-67.07339,18.51497],[-67.0735,18.51517],[-67.07415,18.51525],[-67.07445,18.51515],[-67.07502,18.51555],[-67.07562,18.51528],[-67.07587,18.51556],[-67.0764,18.51535],[-67.07643,18.51512],[-67.07579,18.51496],[-67.07567,18.51463],[-67.07577,18.51413],[-67.07621,18.51367],[-67.07722,18.51329],[-67.07886,18.51324],[-67.07947,18.5133],[-67.0804,18.5137],[-67.08137,18.51378],[-67.08277,18.51426],[-67.08405,18.51447],[-67.08602,18.51518],[-67.08742,18.51526],[-67.08893,18.51575],[-67.09145,18.51597],[-67.09426,18.51572],[-67.09529,18.51586],[-67.09678,18.51548],[-67.09767,18.51553],[-67.09821,18.5153],[-67.09928,18.51536],[-67.1009,18.51514],[-67.10118,18.51523],[-67.10299,18.51356],[-67.10323,18.51313],[-67.10278,18.51271],[-67.10216,18.51241],[-67.10085,18.51252],[-67.09982,18.51221],[-67.09854,18.51244],[-67.09759,18.51225],[-67.09717,18.51146],[-67.09612,18.51076],[-67.09585,18.51032],[-67.09565,18.50887],[-67.09634,18.50777],[-67.09646,18.50726],[-67.0961,18.50651],[-67.09538,18.50586],[-67.09185,18.50355],[-67.09124,18.50344],[-67.08991,18.50358],[-67.08952,18.50346],[-67.08903,18.50291],[-67.0885,18.50155],[-67.08776,18.5007],[-67.08747,18.49966],[-67.08725,18.49939],[-67.08664,18.49923],[-67.08581,18.4992],[-67.08533,18.49902],[-67.08514,18.49878],[-67.0851,18.49746],[-67.08492,18.49734],[-67.08371,18.49728],[-67.08297,18.49681],[-67.08249,18.49553],[-67.08267,18.49395],[-67.08251,18.4925],[-67.08307,18.49109],[-67.08236,18.48996],[-67.08252,18.48941],[-67.08239,18.48927],[-67.08134,18.48902],[-67.08074,18.4886],[-67.07947,18.488],[-67.07916,18.48799],[-67.07858,18.48857],[-67.07706,18.48896],[-67.07494,18.4889],[-67.0739,18.48859],[-67.07342,18.48773],[-67.07188,18.48726],[-67.06963,18.48612],[-67.06832,18.48453],[-67.06742,18.48391],[-67.0666,18.48374],[-67.06487,18.48418],[-67.06398,18.48454],[-67.06326,18.4844],[-67.06287,18.48408],[-67.06217,18.48213],[-67.06139,18.48064],[-67.06077,18.48024],[-67.05937,18.48],[-67.05829,18.48005],[-67.05913,18.47648],[-67.05899,18.47453],[-67.05913,18.4737],[-67.05884,18.47229],[-67.05858,18.46861],[-67.05628,18.46856],[-67.05637,18.46096],[-67.05635,18.46038],[-67.05218,18.44678],[-67.02804,18.39542],[-67.0272,18.39337],[-67.02681,18.39285],[-67.02657,18.39224],[-67.02596,18.39213],[-67.02374,18.39259],[-67.02283,18.39315],[-67.02165,18.39366],[-67.02132,18.39429],[-67.0205,18.39485],[-67.02031,18.39481],[-67.0198,18.39426],[-67.0181,18.39458],[-67.01734,18.39496],[-67.01599,18.39513],[-67.01385,18.39513],[-67.0129,18.39436],[-67.01221,18.39447],[-67.01149,18.39429],[-67.01059,18.39426],[-67.0097,18.39446],[-67.00921,18.39504],[-67.00858,18.39441],[-67.00834,18.39434],[-67.00624,18.3942],[-67.00605,18.39432],[-67.00562,18.39387],[-67.00297,18.39287],[-67.00219,18.39305],[-67.00061,18.39172],[-66.99998,18.39087],[-66.99931,18.39053],[-66.9985,18.39068],[-66.99777,18.39117],[-66.99744,18.39091],[-66.99728,18.39057],[-66.99713,18.38952],[-66.99691,18.38929],[-66.9962,18.38896],[-66.99542,18.38915],[-66.99462,18.38953],[-66.99433,18.38945],[-66.99369,18.38872],[-66.9918,18.3888],[-66.98945,18.38823],[-66.98803,18.38674],[-66.98595,18.38618],[-66.98523,18.38549],[-66.98428,18.38507],[-66.98327,18.38511],[-66.98193,18.38489],[-66.9811,18.38492],[-66.97944,18.38638],[-66.97286,18.38628],[-66.97009,18.38562],[-66.96176,18.38398],[-66.95966,18.38211],[-66.95845,18.38221],[-66.95741,18.38183],[-66.95447,18.37982],[-66.95397,18.3796],[-66.9524,18.37917],[-66.95089,18.37957],[-66.94883,18.37683],[-66.94825,18.37666],[-66.94554,18.37519],[-66.93677,18.37672],[-66.93668,18.37779],[-66.9364,18.37838],[-66.93688,18.3794],[-66.93724,18.38146],[-66.93652,18.38378],[-66.93712,18.38464],[-66.9363,18.38526],[-66.93542,18.38549],[-66.93572,18.38633],[-66.93561,18.38739],[-66.93506,18.38842],[-66.9334,18.38797],[-66.93344,18.38942],[-66.93222,18.38956],[-66.93129,18.39065],[-66.93087,18.39159],[-66.93014,18.3921],[-66.92915,18.39253],[-66.92211,18.39331],[-66.92209,18.39669],[-66.92236,18.39745],[-66.92312,18.39841],[-66.92469,18.39851],[-66.92525,18.398],[-66.92601,18.39785],[-66.92687,18.39832],[-66.92783,18.39816],[-66.92903,18.39854],[-66.93104,18.39854],[-66.93353,18.39958],[-66.9345,18.4005],[-66.93491,18.40073],[-66.93574,18.40061],[-66.93731,18.39999],[-66.93898,18.3997],[-66.93979,18.3997],[-66.94037,18.3994],[-66.94276,18.39949],[-66.94383,18.4001],[-66.94529,18.40044],[-66.94708,18.40141],[-66.94747,18.40177],[-66.94821,18.40327],[-66.94809,18.40376],[-66.94773,18.40416],[-66.94777,18.40568],[-66.94763,18.40603],[-66.94739,18.40617],[-66.94679,18.40602],[-66.94665,18.40649],[-66.94609,18.40696],[-66.94588,18.40851],[-66.94492,18.40886],[-66.94449,18.40959],[-66.94423,18.40981],[-66.94323,18.40998],[-66.94158,18.40996],[-66.94056,18.41032],[-66.9396,18.41085],[-66.93889,18.41161],[-66.93817,18.41288],[-66.93685,18.41417],[-66.9366,18.41489],[-66.93506,18.41537],[-66.93488,18.41554],[-66.93447,18.41643],[-66.93453,18.41739],[-66.93377,18.41832],[-66.93355,18.41885],[-66.93422,18.41879],[-66.93493,18.41839],[-66.93539,18.41832],[-66.93653,18.41874],[-66.93768,18.41883],[-66.93875,18.41919],[-66.93938,18.41961],[-66.94014,18.42082],[-66.94155,18.42174],[-66.94177,18.42174],[-66.94316,18.42345],[-66.94346,18.42418],[-66.94305,18.42467],[-66.94312,18.42512],[-66.94297,18.42571],[-66.94362,18.42665],[-66.9436,18.42798],[-66.9439,18.42897],[-66.94404,18.43018],[-66.94439,18.43073],[-66.9452,18.43138],[-66.94558,18.43222],[-66.94592,18.43361],[-66.94687,18.43528],[-66.94716,18.437],[-66.94773,18.4377],[-66.94874,18.43809],[-66.94929,18.43808],[-66.95108,18.43731],[-66.95203,18.43731],[-66.95286,18.43796],[-66.95393,18.43815],[-66.95446,18.43839],[-66.95516,18.43934],[-66.95596,18.43992],[-66.95764,18.44015],[-66.95827,18.44045],[-66.95877,18.44099],[-66.9592,18.44199],[-66.95924,18.44282],[-66.95882,18.44525],[-66.95936,18.44652],[-66.95985,18.44691],[-66.96102,18.44653],[-66.96153,18.44666],[-66.96225,18.44733],[-66.96293,18.44823],[-66.96312,18.44871],[-66.96311,18.44962],[-66.96357,18.45015],[-66.96404,18.45034],[-66.96458,18.45034],[-66.96613,18.44986],[-66.96678,18.44991],[-66.96773,18.45158],[-66.9685,18.45374],[-66.96857,18.45459],[-66.96839,18.45506],[-66.96773,18.45546],[-66.96692,18.45566],[-66.96513,18.45539],[-66.96376,18.45537],[-66.96341,18.45553],[-66.96358,18.45851],[-66.96344,18.45998],[-66.96309,18.46106],[-66.96202,18.46234],[-66.96177,18.46246],[-66.96014,18.46407],[-66.95968,18.46485],[-66.95918,18.46528],[-66.95912,18.46546],[-66.95932,18.46581],[-66.96099,18.46685],[-66.96111,18.46703],[-66.9609,18.46784],[-66.96001,18.46908],[-66.95989,18.4695],[-66.95999,18.47015],[-66.96067,18.47083],[-66.96322,18.47184],[-66.9635,18.47253],[-66.96335,18.47333],[-66.9629,18.47346],[-66.96249,18.47333],[-66.96136,18.47243],[-66.96092,18.47229],[-66.95949,18.47338],[-66.95738,18.47541],[-66.95631,18.47606],[-66.95547,18.47675],[-66.95474,18.47688],[-66.95289,18.4766],[-66.95264,18.47724],[-66.95276,18.47824],[-66.95303,18.47909],[-66.95299,18.47992],[-66.95251,18.48075],[-66.9506,18.48308],[-66.9506,18.48337],[-66.95129,18.48352],[-66.95276,18.48341],[-66.95348,18.48321],[-66.95412,18.48324],[-66.95471,18.48352],[-66.95581,18.48447],[-66.95672,18.48553],[-66.95769,18.48699],[-66.95778,18.48729],[-66.95769,18.48774],[-66.9573,18.48787],[-66.95726,18.48821],[-66.95749,18.48852],[-66.95751,18.48927]]],[[[-66.9733,18.49422],[-66.97321,18.49434],[-66.97336,18.4943],[-66.9733,18.49422]]],[[[-67.02097,18.51133],[-67.02096,18.51145],[-67.02107,18.51144],[-67.02097,18.51133]]],[[[-67.06481,18.5153],[-67.06556,18.51517],[-67.06571,18.51502],[-67.06509,18.51459],[-67.06425,18.51469],[-67.06424,18.51513],[-67.06481,18.5153]]]]},"properties":{"municipio":"Isabela","geoid":"72071","countyfp":"071","abrev_mun":"ISA"}},
{"type":"Feature","geometry":{"type":"Polygon","coordinates":[[[-66.56662,18.29862],[-66.56794,18.29895],[-66.56883,18.2998],[-66.56963,18.29988],[-66.56977,18.30007],[-66.56957,18.30025],[-66.57316,18.30034],[-66.57325,18.29952],[-66.57412,18.29724],[-66.5741,18.29673],[-66.57377,18.29612],[-66.57434,18.29586],[-66.57446,18.29568],[-66.57429,18.2955],[-66.57377,18.29537],[-66.57331,18.29482],[-66.57344,18.29385],[-66.57313,18.29273],[-66.57336,18.29164],[-66.57327,18.29093],[-66.57353,18.29096],[-66.57392,18.29152],[-66.57478,18.29166],[-66.57457,18.29112],[-66.57459,18.2906],[-66.57492,18.28992],[-66.57477,18.28904],[-66.5745,18.28867],[-66.5755,18.28762],[-66.57547,18.28709],[-66.57564,18.28662],[-66.5767,18.28587],[-66.57767,18.28461],[-66.5782,18.28426],[-66.5786,18.28413],[-66.58008,18.28428],[-66.58104,18.28485],[-66.582,18.28458],[-66.58221,18.2843],[-66.5832,18.28415],[-66.58377,18.28392],[-66.585,18.28414],[-66.58675,18.28397],[-66.58748,18.28402],[-66.58804,18.28356],[-66.58981,18.28348],[-66.58996,18.28335],[-66.58991,18.28283],[-66.59024,18.28306],[-66.59024,18.28392],[-66.591,18.2839],[-66.59139,18.28374],[-66.59187,18.28309],[-66.59209,18.28296],[-66.59231,18.28315],[-66.59257,18.28376],[-66.59283,18.28388],[-66.59368,18.28316],[-66.59402,18.2832],[-66.59444,18.28416],[-66.59491,18.28471],[-66.5951,18.28465],[-66.59512,18.284],[-66.59555,18.2834],[-66.59576,18.28334],[-66.59577,18.28386],[-66.59646,18.28434],[-66.59696,18.28436],[-66.59738,18.28419],[-66.59753,18.28394],[-66.59755,18.28296],[-66.59868,18.28195],[-66.59805,18.28178],[-66.59607,18.28266],[-66.59583,18.28208],[-66.59587,18.28166],[-66.59614,18.28141],[-66.59684,18.28133],[-66.59707,18.28111],[-66.59744,18.28008],[-66.59806,18.27925],[-66.59789,18.27913],[-66.59637,18.27891],[-66.59605,18.27854],[-66.59529,18.27691],[-66.5955,18.27637],[-66.59585,18.27623],[-66.59605,18.27599],[-66.59609,18.27532],[-66.59666,18.2749],[-66.59689,18.27457],[-66.59678,18.27398],[-66.59633,18.27316],[-66.59645,18.27079],[-66.59667,18.27035],[-66.597,18.27009],[-66.59801,18.27003],[-66.59853,18.26964],[-66.59907,18.26826],[-66.59903,18.26747],[-66.59882,18.26689],[-66.59891,18.26647],[-66.59916,18.26616],[-66.60003,18.26569],[-66.60038,18.26523],[-66.60109,18.26504],[-66.60133,18.26484],[-66.60135,18.26457],[-66.6012,18.2643],[-66.60053,18.2639],[-66.59992,18.26282],[-66.59839,18.26209],[-66.5978,18.26156],[-66.59771,18.26092],[-66.59737,18.26024],[-66.59763,18.25977],[-66.59843,18.25901],[-66.59917,18.25868],[-66.59973,18.25695],[-66.60032,18.25635],[-66.60047,18.25514],[-66.59927,18.25394],[-66.59972,18.25363],[-66.59998,18.25298],[-66.59995,18.25275],[-66.59955,18.25259],[-66.59944,18.25242],[-66.59963,18.25203],[-66.59986,18.25181],[-66.60063,18.252],[-66.6012,18.25128],[-66.60198,18.25148],[-66.60228,18.25138],[-66.60311,18.24928],[-66.60312,18.24873],[-66.60364,18.24801],[-66.60384,18.24801],[-66.60391,18.24775],[-66.60448,18.24735],[-66.60497,18.24669],[-66.60494,18.24639],[-66.60467,18.2462],[-66.60389,18.24633],[-66.60485,18.2428],[-66.60648,18.23764],[-66.60673,18.23849],[-66.60696,18.23865],[-66.60734,18.23867],[-66.60777,18.23905],[-66.60786,18.23995],[-66.60802,18.24018],[-66.60886,18.24055],[-66.60947,18.24106],[-66.61019,18.24121],[-66.61117,18.24188],[-66.61213,18.24166],[-66.61261,18.24186],[-66.61292,18.24233],[-66.61345,18.24375],[-66.61478,18.24409],[-66.61541,18.24493],[-66.61583,18.24681],[-66.61611,18.24736],[-66.61711,18.24732],[-66.61735,18.24746],[-66.61765,18.24816],[-66.61814,18.24863],[-66.61835,18.24902],[-66.61871,18.24922],[-66.61951,18.24943],[-66.6211,18.24867],[-66.62235,18.24877],[-66.62317,18.24801],[-66.62458,18.24762],[-66.62505,18.24707],[-66.62524,18.24449],[-66.62521,18.24092],[-66.62545,18.2359],[-66.62578,18.23481],[-66.62652,18.2335],[-66.62672,18.23347],[-66.62706,18.23432],[-66.62757,18.23471],[-66.6282,18.23573],[-66.62888,18.23614],[-66.62956,18.23491],[-66.62995,18.23462],[-66.62965,18.23353],[-66.6291,18.23241],[-66.62796,18.23181],[-66.62731,18.23108],[-66.6267,18.2301],[-66.62716,18.22956],[-66.62772,18.22808],[-66.62816,18.22622],[-66.62828,18.22499],[-66.62813,18.22335],[-66.62833,18.22271],[-66.62867,18.22208],[-66.62958,18.22118],[-66.62962,18.22068],[-66.62935,18.22017],[-66.62909,18.21888],[-66.62912,18.2184],[-66.62858,18.21765],[-66.62834,18.21662],[-66.62833,18.21493],[-66.62849,18.21461],[-66.6297,18.21479],[-66.6303,18.21471],[-66.63125,18.2139],[-66.63256,18.2134],[-66.63274,18.21324],[-66.63276,18.21296],[-66.63252,18.2124],[-66.63318,18.2113],[-66.63391,18.21121],[-66.63417,18.21075],[-66.63506,18.20997],[-66.63673,18.20766],[-66.63857,18.20786],[-66.63945,18.20748],[-66.63962,18.20726],[-66.63921,18.20662],[-66.63909,18.20585],[-66.63888,18.20549],[-66.63896,18.20479],[-66.63865,18.2033],[-66.63871,18.2031],[-66.63919,18.20184],[-66.64,18.20128],[-66.63998,18.20032],[-66.64075,18.19872],[-66.64099,18.19696],[-66.64172,18.1966],[-66.64219,18.19614],[-66.64292,18.19617],[-66.64359,18.19511],[-66.64377,18.19454],[-66.64376,18.19423],[-66.64317,18.19356],[-66.64251,18.19307],[-66.64209,18.19308],[-66.64199,18.19278],[-66.64212,18.19221],[-66.64184,18.19199],[-66.64165,18.19156],[-66.64172,18.19053],[-66.64225,18.18997],[-66.64241,18.18961],[-66.64237,18.18927],[-66.64119,18.18816],[-66.64129,18.18748],[-66.64103,18.18665],[-66.64133,18.18584],[-66.6421,18.18481],[-66.64233,18.18393],[-66.64217,18.18346],[-66.64307,18.18295],[-66.64334,18.18296],[-66.64377,18.18317],[-66.64408,18.18352],[-66.64514,18.184],[-66.6477,18.18398],[-66.64854,18.18337],[-66.65026,18.18294],[-66.65086,18.18311],[-66.65155,18.18309],[-66.65228,18.18262],[-66.65153,18.17998],[-66.65109,18.17714],[-66.65063,18.17613],[-66.65086,18.17547],[-66.65086,18.175],[-66.65047,18.17361],[-66.65061,18.17347],[-66.6516,18.17346],[-66.65222,18.17268],[-66.65269,18.17236],[-66.65304,18.17116],[-66.65449,18.1697],[-66.6543,18.16937],[-66.65398,18.16938],[-66.65256,18.16994],[-66.65154,18.16952],[-66.65143,18.16824],[-66.65159,18.16772],[-66.65157,18.16635],[-66.65132,18.16593],[-66.65138,18.16548],[-66.65086,18.16493],[-66.65091,18.16399],[-66.6508,18.16383],[-66.6503,18.16338],[-66.64977,18.16338],[-66.64957,18.16304],[-66.64973,18.16268],[-66.64951,18.162],[-66.64982,18.16137],[-66.65025,18.16111],[-66.65042,18.16073],[-66.65005,18.16022],[-66.64932,18.15964],[-66.64928,18.15927],[-66.64945,18.15903],[-66.64906,18.15855],[-66.64707,18.15791],[-66.64623,18.15739],[-66.64464,18.15706],[-66.64406,18.15714],[-66.64319,18.15688],[-66.64265,18.15629],[-66.64244,18.15558],[-66.64254,18.15483],[-66.64203,18.15426],[-66.64176,18.1547],[-66.64115,18.15507],[-66.6405,18.15512],[-66.63991,18.15496],[-66.63914,18.1544],[-66.63895,18.15408],[-66.63888,18.15348],[-66.63836,18.15283],[-66.63807,18.15264],[-66.63728,18.15237],[-66.6366,18.1518],[-66.63622,18.15166],[-66.63418,18.15124],[-66.63355,18.15078],[-66.63289,18.1506],[-66.63265,18.15038],[-66.63247,18.14994],[-66.63185,18.14993],[-66.63134,18.1502],[-66.63115,18.15044],[-66.63107,18.15202],[-66.63118,18.15242],[-66.63196,18.15289],[-66.63224,18.15351],[-66.63151,18.15453],[-66.63048,18.15489],[-66.63035,18.1553],[-66.63045,18.15604],[-66.63006,18.15633],[-66.62954,18.15717],[-66.6295,18.15804],[-66.62858,18.15884],[-66.62775,18.15871],[-66.62704,18.15878],[-66.62672,18.15847],[-66.62676,18.15784],[-66.62613,18.15739],[-66.62561,18.15715],[-66.62462,18.15724],[-66.62381,18.15654],[-66.62346,18.15645],[-66.62309,18.15657],[-66.62276,18.15704],[-66.62077,18.15782],[-66.61932,18.15782],[-66.61813,18.15764],[-66.61746,18.15769],[-66.61647,18.15795],[-66.61589,18.15858],[-66.6154,18.15886],[-66.61362,18.15881],[-66.61277,18.15894],[-66.61204,18.15959],[-66.61166,18.16113],[-66.61145,18.16129],[-66.61054,18.16137],[-66.60896,18.16194],[-66.60865,18.16282],[-66.60774,18.16444],[-66.60563,18.16542],[-66.60457,18.16632],[-66.60422,18.1663],[-66.60371,18.16582],[-66.60263,18.16586],[-66.602,18.16539],[-66.60108,18.16543],[-66.60088,18.16576],[-66.60085,18.16627],[-66.60051,18.16666],[-66.59952,18.16722],[-66.59926,18.16753],[-66.5989,18.16844],[-66.599,18.16935],[-66.59881,18.16989],[-66.59848,18.17043],[-66.5978,18.17098],[-66.59633,18.17148],[-66.59573,18.17133],[-66.59478,18.1708],[-66.59358,18.17084],[-66.59309,18.17114],[-66.59215,18.17218],[-66.59098,18.17232],[-66.59031,18.17218],[-66.5893,18.17161],[-66.58905,18.17029],[-66.58891,18.1699],[-66.58857,18.16954],[-66.58616,18.16934],[-66.58521,18.16854],[-66.58463,18.16831],[-66.58334,18.16818],[-66.58072,18.16819],[-66.58046,18.16801],[-66.58025,18.16747],[-66.58002,18.16728],[-66.57905,18.16745],[-66.5778,18.16803],[-66.57726,18.16797],[-66.57645,18.16746],[-66.57601,18.16752],[-66.57473,18.16813],[-66.5743,18.16807],[-66.57406,18.16793],[-66.57371,18.16688],[-66.57228,18.16577],[-66.5724,18.16459],[-66.57206,18.16402],[-66.57174,18.16377],[-66.57057,18.16355],[-66.57002,18.16288],[-66.56848,18.16221],[-66.56782,18.16176],[-66.56731,18.16079],[-66.56726,18.15977],[-66.56681,18.15902],[-66.56599,18.15874],[-66.56347,18.15847],[-66.56141,18.15768],[-66.56129,18.1575],[-66.56144,18.15618],[-66.56135,18.15506],[-66.56104,18.15475],[-66.55975,18.15385],[-66.55907,18.15356],[-66.55812,18.15342],[-66.55655,18.15354],[-66.55573,18.15299],[-66.55439,18.15304],[-66.55333,18.15241],[-66.55278,18.15228],[-66.55195,18.15242],[-66.5513,18.15295],[-66.55062,18.1532],[-66.54986,18.15274],[-66.54914,18.15263],[-66.54819,18.15303],[-66.54759,18.15299],[-66.54721,18.15326],[-66.54682,18.15407],[-66.54678,18.15519],[-66.54625,18.15582],[-66.54582,18.15663],[-66.54481,18.15732],[-66.5444,18.15806],[-66.54425,18.15874],[-66.54477,18.15995],[-66.54476,18.16047],[-66.54446,18.16078],[-66.54382,18.16104],[-66.54349,18.16149],[-66.54335,18.16306],[-66.54317,18.16325],[-66.54168,18.16452],[-66.5409,18.16552],[-66.54099,18.16615],[-66.54146,18.16662],[-66.54162,18.16721],[-66.54138,18.16913],[-66.5402,18.16991],[-66.53986,18.17145],[-66.53909,18.1725],[-66.53863,18.17295],[-66.5377,18.17345],[-66.53757,18.17364],[-66.53782,18.17503],[-66.53857,18.17633],[-66.5376,18.17603],[-66.53691,18.17614],[-66.53617,18.17711],[-66.53547,18.17726],[-66.53404,18.17667],[-66.53279,18.17657],[-66.53242,18.17687],[-66.53217,18.17768],[-66.53112,18.17993],[-66.53119,18.18043],[-66.53206,18.1814],[-66.53248,18.18278],[-66.53282,18.18309],[-66.53339,18.18331],[-66.53373,18.18372],[-66.53396,18.18435],[-66.53393,18.18546],[-66.53438,18.18617],[-66.53481,18.18665],[-66.5356,18.18684],[-66.53596,18.18743],[-66.53653,18.18787],[-66.53669,18.18854],[-66.53661,18.18939],[-66.536,18.19044],[-66.53558,18.19156],[-66.53586,18.19261],[-66.53522,18.19365],[-66.53437,18.19432],[-66.53396,18.19523],[-66.53318,18.19626],[-66.53289,18.19688],[-66.53273,18.19759],[-66.53311,18.19879],[-66.53272,18.19995],[-66.5327,18.20049],[-66.53357,18.20148],[-66.53405,18.20275],[-66.5348,18.20363],[-66.53499,18.20469],[-66.53567,18.20529],[-66.53614,18.20602],[-66.5366,18.20627],[-66.5366,18.20886],[-66.53749,18.21053],[-66.53789,18.21283],[-66.53846,18.21388],[-66.53903,18.21436],[-66.5394,18.2145],[-66.54135,18.21464],[-66.54175,18.21503],[-66.54224,18.21524],[-66.54246,18.21624],[-66.54347,18.21686],[-66.54351,18.2175],[-66.54451,18.21872],[-66.54471,18.21979],[-66.54552,18.22071],[-66.54776,18.22087],[-66.54905,18.22063],[-66.55288,18.23035],[-66.55541,18.23718],[-66.5556,18.23741],[-66.55643,18.23783],[-66.56245,18.24036],[-66.56339,18.24183],[-66.56446,18.24264],[-66.56423,18.24317],[-66.56417,18.24405],[-66.56341,18.24471],[-66.56261,18.24488],[-66.56323,18.2464],[-66.56301,18.24719],[-66.56279,18.24708],[-66.56255,18.24643],[-66.56226,18.2464],[-66.56167,18.2471],[-66.56114,18.24732],[-66.561,18.24751],[-66.5613,18.24801],[-66.56266,18.24902],[-66.56295,18.24986],[-66.56241,18.24991],[-66.56208,18.25008],[-66.56177,18.25085],[-66.56178,18.25132],[-66.56218,18.25199],[-66.56213,18.25312],[-66.56226,18.25363],[-66.56171,18.25398],[-66.56142,18.254],[-66.56083,18.25337],[-66.56029,18.25307],[-66.55838,18.25312],[-66.55799,18.25324],[-66.55724,18.25406],[-66.55646,18.25362],[-66.55601,18.25358],[-66.5561,18.25403],[-66.55563,18.25433],[-66.55565,18.25478],[-66.55605,18.25544],[-66.55728,18.25622],[-66.55844,18.25734],[-66.55931,18.25761],[-66.55994,18.25723],[-66.56009,18.25741],[-66.55998,18.25867],[-66.55975,18.25875],[-66.55928,18.25865],[-66.55898,18.25889],[-66.55966,18.25934],[-66.55997,18.26031],[-66.5604,18.26105],[-66.56043,18.26146],[-66.56029,18.26202],[-66.55779,18.26275],[-66.55743,18.26305],[-66.55738,18.26335],[-66.55801,18.26418],[-66.55804,18.26458],[-66.5578,18.26461],[-66.55662,18.26413],[-66.55631,18.2643],[-66.55614,18.26458],[-66.55613,18.26496],[-66.55633,18.26536],[-66.55721,18.2658],[-66.55773,18.2668],[-66.55897,18.26721],[-66.55912,18.26764],[-66.55892,18.26782],[-66.55891,18.26833],[-66.5596,18.2688],[-66.55926,18.26951],[-66.55842,18.26972],[-66.55743,18.26952],[-66.55697,18.26903],[-66.55636,18.2688],[-66.55615,18.26878],[-66.55573,18.26905],[-66.55554,18.26983],[-66.5556,18.27011],[-66.55602,18.27094],[-66.55627,18.27185],[-66.55644,18.27202],[-66.55683,18.27207],[-66.55756,18.27155],[-66.55786,18.27152],[-66.55797,18.27171],[-66.55785,18.27303],[-66.55795,18.27384],[-66.55771,18.27506],[-66.55811,18.27538],[-66.55815,18.27644],[-66.5579,18.277],[-66.55725,18.27762],[-66.55653,18.27861],[-66.55672,18.27915],[-66.55655,18.2794],[-66.55562,18.27984],[-66.5553,18.28053],[-66.55481,18.28116],[-66.55471,18.28158],[-66.55521,18.28212],[-66.5564,18.28236],[-66.55766,18.28288],[-66.55847,18.28286],[-66.56035,18.28343],[-66.56131,18.28427],[-66.56203,18.28587],[-66.56294,18.28707],[-66.56309,18.28781],[-66.56302,18.2881],[-66.56274,18.28822],[-66.5619,18.28813],[-66.56182,18.28878],[-66.56144,18.28969],[-66.56163,18.29008],[-66.56214,18.2905],[-66.56213,18.2909],[-66.56094,18.29303],[-66.56099,18.29368],[-66.56164,18.29435],[-66.56212,18.29446],[-66.56322,18.29436],[-66.56401,18.29476],[-66.56494,18.29575],[-66.56654,18.29704],[-66.56662,18.29862]]]},"properties":{"municipio":"Jayuya","geoid":"72073","countyfp":"073","abrev_mun":"JAY"}},
{"type":"Feature","geometry":{"type":"MultiPolygon","coordinates":[[[[-66.52203,18.15223],[-66.52277,18.15226],[-66.52425,18.15279],[-66.52592,18.15268],[-66.52778,18.15332],[-66.52852,18.15321],[-66.5288,18.15304],[-66.52903,18.15258],[-66.52946,18.1524],[-66.53038,18.15245],[-66.53101,18.15281],[-66.53347,18.1521],[-66.53377,18.15215],[-66.53404,18.15244],[-66.53442,18.15248],[-66.5352,18.15194],[-66.53665,18.15039],[-66.53697,18.14959],[-66.53753,18.14896],[-66.53794,18.14876],[-66.5407,18.14812],[-66.54103,18.1475],[-66.54147,18.14737],[-66.54247,18.14772],[-66.544,18.1477],[-66.54444,18.14781],[-66.54547,18.14995],[-66.54546,18.15076],[-66.54567,18.15124],[-66.54625,18.15182],[-66.54637,18.1525],[-66.54668,18.15305],[-66.54721,18.15326],[-66.54759,18.15299],[-66.54819,18.15303],[-66.54914,18.15263],[-66.54986,18.15274],[-66.55062,18.1532],[-66.5513,18.15295],[-66.55195,18.15242],[-66.55278,18.15228],[-66.55244,18.15154],[-66.55246,18.15075],[-66.55291,18.14971],[-66.55339,18.14911],[-66.55645,18.14708],[-66.55733,18.14683],[-66.55841,18.14611],[-66.55943,18.14596],[-66.56224,18.14452],[-66.56322,18.14359],[-66.56443,18.13981],[-66.5645,18.13863],[-66.56445,18.13838],[-66.56421,18.1382],[-66.56341,18.13798],[-66.56295,18.13736],[-66.56283,18.13617],[-66.56294,18.13532],[-66.56263,18.13411],[-66.56267,18.13299],[-66.56309,18.13171],[-66.56352,18.13103],[-66.56408,18.13067],[-66.56514,18.13038],[-66.56535,18.13019],[-66.56541,18.12982],[-66.56517,18.12905],[-66.56493,18.12692],[-66.56445,18.12551],[-66.56251,18.12348],[-66.56196,18.12264],[-66.56205,18.12168],[-66.56173,18.11912],[-66.56231,18.11824],[-66.56238,18.11782],[-66.5623,18.11721],[-66.56171,18.11545],[-66.56142,18.11523],[-66.55931,18.11554],[-66.55848,18.11512],[-66.55784,18.11502],[-66.55594,18.11581],[-66.55562,18.11549],[-66.55514,18.11333],[-66.5553,18.11179],[-66.55472,18.11032],[-66.55533,18.10941],[-66.55536,18.1091],[-66.55451,18.10753],[-66.5546,18.10624],[-66.55409,18.10519],[-66.55256,18.10328],[-66.55178,18.10298],[-66.55114,18.1023],[-66.55082,18.10164],[-66.55077,18.10023],[-66.54995,18.09893],[-66.54914,18.09709],[-66.54916,18.09544],[-66.54955,18.09435],[-66.55049,18.09358],[-66.55228,18.09265],[-66.55355,18.09037],[-66.5537,18.08957],[-66.55336,18.08809],[-66.55343,18.08783],[-66.55374,18.0874],[-66.55524,18.08648],[-66.55541,18.08626],[-66.55538,18.08533],[-66.55551,18.08455],[-66.55459,18.08405],[-66.55265,18.08248],[-66.55179,18.08206],[-66.55131,18.08159],[-66.55047,18.08039],[-66.54993,18.07917],[-66.55001,18.07859],[-66.55052,18.07747],[-66.55046,18.07644],[-66.55023,18.07573],[-66.54946,18.07469],[-66.54873,18.07297],[-66.54629,18.07077],[-66.54598,18.06995],[-66.5453,18.06892],[-66.54528,18.06866],[-66.54576,18.06815],[-66.54569,18.06765],[-66.5463,18.06604],[-66.54614,18.06438],[-66.54631,18.063],[-66.54605,18.06253],[-66.54548,18.06197],[-66.54437,18.06012],[-66.54402,18.05902],[-66.54387,18.05768],[-66.54425,18.05658],[-66.54592,18.05432],[-66.54607,18.05347],[-66.54554,18.05237],[-66.54466,18.05195],[-66.54408,18.05139],[-66.54325,18.05087],[-66.54297,18.05043],[-66.54233,18.04753],[-66.54207,18.04549],[-66.54112,18.04424],[-66.53918,18.04237],[-66.53769,18.04183],[-66.53732,18.0412],[-66.53762,18.04047],[-66.53772,18.03938],[-66.53832,18.03735],[-66.53966,18.03558],[-66.54211,18.03322],[-66.54246,18.03246],[-66.54236,18.03127],[-66.54114,18.02943],[-66.54036,18.02762],[-66.53927,18.02643],[-66.53892,18.02561],[-66.53895,18.02494],[-66.53931,18.02422],[-66.54031,18.02342],[-66.54073,18.02291],[-66.53842,18.02272],[-66.5377,18.02167],[-66.53671,18.01848],[-66.53579,18.01675],[-66.53589,18.01616],[-66.53634,18.0155],[-66.53711,18.01376],[-66.53713,18.0129],[-66.53607,18.01192],[-66.53534,18.01102],[-66.53504,18.00992],[-66.53525,18.00904],[-66.53488,18.0076],[-66.53353,18.00698],[-66.53299,18.00446],[-66.53238,18.00406],[-66.53084,18.00388],[-66.5305,18.00346],[-66.53045,18.00188],[-66.53069,18.0011],[-66.5313,18.00058],[-66.53264,17.99987],[-66.53267,17.99946],[-66.53229,17.9985],[-66.53331,17.99812],[-66.53345,17.99789],[-66.53382,17.99782],[-66.53431,17.99775],[-66.535,17.99802],[-66.53596,17.99802],[-66.53637,17.99787],[-66.53638,17.99756],[-66.53578,17.99683],[-66.53589,17.99658],[-66.53636,17.99623],[-66.53652,17.99588],[-66.53644,17.99538],[-66.53571,17.994],[-66.53585,17.9926],[-66.5364,17.99249],[-66.53735,17.99323],[-66.53847,17.99333],[-66.53877,17.99353],[-66.53901,17.99391],[-66.53973,17.9941],[-66.5401,17.99402],[-66.54052,17.99266],[-66.5416,17.99161],[-66.54166,17.99027],[-66.54053,17.98974],[-66.53989,17.98865],[-66.53992,17.98823],[-66.5405,17.98689],[-66.54032,17.98666],[-66.53964,17.98646],[-66.53903,17.98609],[-66.53899,17.98553],[-66.53953,17.98391],[-66.53902,17.98261],[-66.53848,17.98168],[-66.53874,17.9811],[-66.53983,17.9812],[-66.5401,17.98076],[-66.54058,17.98067],[-66.54073,17.98048],[-66.54062,17.98023],[-66.5402,17.98013],[-66.53982,17.97981],[-66.53974,17.97861],[-66.53962,17.97844],[-66.53758,17.97741],[-66.53716,17.97699],[-66.5373,17.97656],[-66.53778,17.97637],[-66.53859,17.97669],[-66.53911,17.97661],[-66.53986,17.97619],[-66.54057,17.97552],[-66.54059,17.97514],[-66.54043,17.97495],[-66.53917,17.97422],[-66.53848,17.97428],[-66.5366,17.97495],[-66.53166,17.97742],[-66.52532,17.98],[-66.52175,17.98167],[-66.51196,17.98521],[-66.50644,17.9869],[-66.50328,17.98766],[-66.49766,17.9894],[-66.49259,17.9903],[-66.48871,17.99071],[-66.48709,17.99075],[-66.48359,17.99038],[-66.48128,17.98921],[-66.48029,17.988],[-66.47971,17.98758],[-66.47808,17.98708],[-66.47739,17.98736],[-66.47611,17.98829],[-66.4743,17.9891],[-66.47034,17.99027],[-66.46799,17.99065],[-66.46533,17.99078],[-66.46354,17.99068],[-66.46163,17.9904],[-66.45844,17.98934],[-66.45657,17.98823],[-66.45504,17.987],[-66.45424,17.98596],[-66.45353,17.9837],[-66.45354,17.98339],[-66.45306,17.98214],[-66.4515,17.9816],[-66.45117,17.98243],[-66.44906,17.98427],[-66.4482,17.98585],[-66.44696,17.98675],[-66.44681,17.98762],[-66.44615,17.98811],[-66.44437,17.98897],[-66.44332,17.98983],[-66.44271,17.99065],[-66.4418,17.9923],[-66.44072,17.99305],[-66.44048,17.99336],[-66.44028,17.9944],[-66.43983,17.99506],[-66.43929,17.99521],[-66.43854,17.99501],[-66.43818,17.99484],[-66.43793,17.99449],[-66.43782,17.99407],[-66.4379,17.99353],[-66.43829,17.99244],[-66.43829,17.99192],[-66.43816,17.99167],[-66.43794,17.99154],[-66.4377,17.99164],[-66.43703,17.9923],[-66.43603,17.99421],[-66.43578,17.995],[-66.43475,17.99684],[-66.4349,17.99851],[-66.43565,18.00312],[-66.43544,18.00471],[-66.43479,18.00693],[-66.43433,18.00744],[-66.43273,18.00847],[-66.4316,18.00965],[-66.43103,18.00992],[-66.42814,18.00948],[-66.42762,18.0096],[-66.42741,18.00977],[-66.42725,18.01005],[-66.42725,18.01047],[-66.42825,18.01153],[-66.42837,18.01175],[-66.42826,18.01221],[-66.42785,18.01219],[-66.4265,18.01162],[-66.42583,18.01165],[-66.4254,18.01192],[-66.42514,18.01224],[-66.42478,18.01392],[-66.42434,18.01497],[-66.42404,18.01543],[-66.42333,18.0159],[-66.42273,18.01711],[-66.42209,18.01713],[-66.42191,18.01734],[-66.4213,18.01862],[-66.42095,18.02014],[-66.42115,18.02145],[-66.42135,18.02197],[-66.42214,18.02251],[-66.42245,18.02373],[-66.42291,18.02444],[-66.42281,18.02466],[-66.42228,18.02479],[-66.42219,18.02495],[-66.42209,18.02547],[-66.42218,18.02605],[-66.42259,18.02677],[-66.42418,18.02762],[-66.42452,18.02825],[-66.42385,18.03006],[-66.42322,18.03096],[-66.42327,18.03132],[-66.42351,18.0316],[-66.42377,18.03166],[-66.4241,18.03155],[-66.42522,18.03029],[-66.42549,18.03031],[-66.42571,18.03052],[-66.42598,18.03106],[-66.42597,18.03391],[-66.42664,18.03573],[-66.42703,18.03739],[-66.42654,18.0387],[-66.42606,18.03945],[-66.42703,18.04004],[-66.42732,18.04054],[-66.4272,18.04195],[-66.42698,18.04265],[-66.42658,18.04352],[-66.42676,18.0441],[-66.42647,18.04494],[-66.42592,18.04567],[-66.42599,18.0462],[-66.42588,18.04647],[-66.42488,18.04716],[-66.42402,18.04813],[-66.42396,18.04859],[-66.42443,18.04903],[-66.42472,18.0491],[-66.42502,18.04828],[-66.42531,18.04822],[-66.42561,18.04833],[-66.42582,18.04886],[-66.42578,18.04989],[-66.42532,18.05106],[-66.42497,18.05148],[-66.42421,18.05173],[-66.42402,18.052],[-66.42402,18.05225],[-66.42416,18.05277],[-66.42433,18.05294],[-66.42604,18.05317],[-66.42672,18.05338],[-66.42695,18.05359],[-66.42725,18.05448],[-66.42742,18.05464],[-66.428,18.05472],[-66.42816,18.05485],[-66.42778,18.05611],[-66.42788,18.05641],[-66.4289,18.05686],[-66.42911,18.05718],[-66.42916,18.05773],[-66.42902,18.05834],[-66.42962,18.05917],[-66.42945,18.05979],[-66.43011,18.06095],[-66.43027,18.06226],[-66.43066,18.06286],[-66.43155,18.06355],[-66.43082,18.06524],[-66.42983,18.06619],[-66.42988,18.06637],[-66.43082,18.06678],[-66.43085,18.06727],[-66.43049,18.06761],[-66.42962,18.06793],[-66.42928,18.0683],[-66.42812,18.07089],[-66.42756,18.07162],[-66.42816,18.07303],[-66.42825,18.07428],[-66.4288,18.07543],[-66.42934,18.0761],[-66.43018,18.07645],[-66.43038,18.07673],[-66.4304,18.07697],[-66.43012,18.07749],[-66.42908,18.07827],[-66.42891,18.07859],[-66.42908,18.08012],[-66.42937,18.0805],[-66.43026,18.08084],[-66.43036,18.08217],[-66.43221,18.08267],[-66.43282,18.0832],[-66.43409,18.08344],[-66.43446,18.08383],[-66.43505,18.08377],[-66.43541,18.08404],[-66.43653,18.08428],[-66.43694,18.08463],[-66.43723,18.08446],[-66.43775,18.08471],[-66.4391,18.08501],[-66.43942,18.08497],[-66.43966,18.08451],[-66.44117,18.08453],[-66.44133,18.0844],[-66.44183,18.08465],[-66.44277,18.08448],[-66.44305,18.08424],[-66.44342,18.08419],[-66.44385,18.08457],[-66.44386,18.08492],[-66.44535,18.08416],[-66.44612,18.08405],[-66.44666,18.08418],[-66.44712,18.08377],[-66.44794,18.08341],[-66.45042,18.08362],[-66.4524,18.08293],[-66.45396,18.08156],[-66.4548,18.08135],[-66.45522,18.08171],[-66.45662,18.08245],[-66.45937,18.08326],[-66.45996,18.08351],[-66.46046,18.08412],[-66.46263,18.08491],[-66.46527,18.08529],[-66.46603,18.08497],[-66.46621,18.08533],[-66.46719,18.08563],[-66.46977,18.08549],[-66.47115,18.08606],[-66.4722,18.08617],[-66.47292,18.0866],[-66.47394,18.08693],[-66.47581,18.08783],[-66.47639,18.08786],[-66.47694,18.08761],[-66.4791,18.08743],[-66.47967,18.08793],[-66.48168,18.08816],[-66.48213,18.08833],[-66.48279,18.08894],[-66.48471,18.08983],[-66.48493,18.09121],[-66.48512,18.09155],[-66.48552,18.0919],[-66.48675,18.09233],[-66.48697,18.09329],[-66.48794,18.09438],[-66.4887,18.09465],[-66.48955,18.09473],[-66.49016,18.09526],[-66.49172,18.09601],[-66.49306,18.09643],[-66.49243,18.09836],[-66.49474,18.09748],[-66.49538,18.09694],[-66.49695,18.09639],[-66.49974,18.09646],[-66.50065,18.09601],[-66.50213,18.09572],[-66.5027,18.09498],[-66.50531,18.09378],[-66.50554,18.09353],[-66.50578,18.09312],[-66.50581,18.09251],[-66.50553,18.0916],[-66.5051,18.09108],[-66.50433,18.09059],[-66.50306,18.089],[-66.50213,18.08832],[-66.50179,18.0874],[-66.50183,18.08652],[-66.50234,18.0853],[-66.50303,18.08473],[-66.50354,18.08387],[-66.50455,18.08265],[-66.50622,18.08175],[-66.50703,18.08105],[-66.50738,18.08097],[-66.50991,18.08164],[-66.51091,18.08205],[-66.51161,18.08261],[-66.51237,18.0826],[-66.51338,18.08338],[-66.51463,18.08396],[-66.51569,18.08429],[-66.51684,18.0844],[-66.51843,18.0852],[-66.52004,18.08743],[-66.52129,18.08851],[-66.52222,18.08979],[-66.52206,18.0907],[-66.52124,18.09228],[-66.52106,18.09288],[-66.52106,18.09339],[-66.52129,18.09407],[-66.52179,18.0949],[-66.52304,18.09586],[-66.52393,18.09728],[-66.52424,18.09809],[-66.52453,18.09841],[-66.52564,18.0988],[-66.52655,18.0988],[-66.52749,18.09979],[-66.52884,18.10078],[-66.52761,18.10201],[-66.52779,18.10244],[-66.52832,18.10287],[-66.52839,18.10333],[-66.5293,18.10568],[-66.53014,18.10672],[-66.53009,18.10773],[-66.5299,18.10834],[-66.52715,18.10997],[-66.52686,18.11039],[-66.52656,18.11137],[-66.52578,18.11252],[-66.52569,18.11483],[-66.52552,18.11576],[-66.52576,18.11623],[-66.52634,18.1167],[-66.52649,18.11699],[-66.52652,18.1174],[-66.52628,18.11835],[-66.52676,18.11964],[-66.52668,18.11984],[-66.52589,18.12063],[-66.52458,18.12118],[-66.52418,18.12177],[-66.52331,18.1223],[-66.52362,18.12302],[-66.52444,18.12396],[-66.5248,18.12461],[-66.52477,18.12636],[-66.52563,18.1277],[-66.52645,18.1304],[-66.52698,18.13105],[-66.52838,18.13156],[-66.52796,18.13417],[-66.52797,18.13509],[-66.52738,18.136],[-66.52668,18.13643],[-66.52642,18.13693],[-66.52705,18.13904],[-66.52695,18.14052],[-66.52682,18.14078],[-66.52458,18.14281],[-66.5233,18.14506],[-66.52293,18.14701],[-66.52244,18.1479],[-66.52183,18.14954],[-66.52188,18.15178],[-66.52203,18.15223]]],[[[-66.45536,17.92455],[-66.45524,17.92466],[-66.45527,17.92504],[-66.45578,17.92492],[-66.45561,17.92449],[-66.45536,17.92455]]],[[[-66.45344,17.9242],[-66.45385,17.92436],[-66.45387,17.92453],[-66.45414,17.9247],[-66.45385,17.92488],[-66.45386,17.92504],[-66.45438,17.9252],[-66.45454,17.92495],[-66.45485,17.92493],[-66.45507,17.92475],[-66.45478,17.9242],[-66.45515,17.92438],[-66.45538,17.92432],[-66.45563,17.92412],[-66.45563,17.92389],[-66.45516,17.92334],[-66.45486,17.92347],[-66.45432,17.92342],[-66.45356,17.9236],[-66.4536,17.92394],[-66.45328,17.92391],[-66.45318,17.92408],[-66.45325,17.92423],[-66.45344,17.9242]]],[[[-66.45766,17.93265],[-66.45804,17.93286],[-66.45825,17.93264],[-66.45857,17.93263],[-66.45828,17.93199],[-66.45851,17.93091],[-66.45812,17.92998],[-66.45766,17.92948],[-66.45779,17.92912],[-66.45746,17.9282],[-66.45693,17.92792],[-66.45648,17.9275],[-66.45663,17.92717],[-66.45595,17.92677],[-66.45526,17.92594],[-66.45543,17.92599],[-66.4559,17.92661],[-66.4564,17.9267],[-66.45659,17.92617],[-66.45642,17.9258],[-66.45665,17.9256],[-66.45674,17.92528],[-66.4566,17.92479],[-66.45671,17.9246],[-66.45653,17.92438],[-66.45678,17.92422],[-66.45678,17.92388],[-66.45706,17.92389],[-66.45711,17.92377],[-66.457,17.92363],[-66.45644,17.92359],[-66.45614,17.92392],[-66.45595,17.92501],[-66.45546,17.92523],[-66.45486,17.92511],[-66.45416,17.9256],[-66.45395,17.92764],[-66.45431,17.92972],[-66.45478,17.93061],[-66.45535,17.9311],[-66.45519,17.93134],[-66.45527,17.93157],[-66.45561,17.93172],[-66.45591,17.9322],[-66.45641,17.93264],[-66.45693,17.93268],[-66.4572,17.93252],[-66.45766,17.93265]]]]},"properties":{"municipio":"Juana Díaz","geoid":"72075","countyfp":"075","abrev_mun":"JUA"}},
{"type":"Feature","geometry":{"type":"Polygon","coordinates":[[[-65.85262,18.25483],[-65.85395,18.2552],[-65.85579,18.25541],[-65.85649,18.25569],[-65.8579,18.25667],[-65.85845,18.25606],[-65.85922,18.2559],[-65.86006,18.25609],[-65.86106,18.25692],[-65.86154,18.25696],[-65.86188,18.25681],[-65.8623,18.25633],[-65.86404,18.25621],[-65.86631,18.25575],[-65.86649,18.25502],[-65.86752,18.25343],[-65.86784,18.25315],[-65.86937,18.25307],[-65.86981,18.25353],[-65.87019,18.25363],[-65.87106,18.25311],[-65.87147,18.25307],[-65.87204,18.25324],[-65.8725,18.25368],[-65.8728,18.25363],[-65.87349,18.25269],[-65.87377,18.25263],[-65.87482,18.2529],[-65.87541,18.25378],[-65.87566,18.25391],[-65.87614,18.25365],[-65.87761,18.25496],[-65.87807,18.25573],[-65.87842,18.25599],[-65.87945,18.25619],[-65.88028,18.25654],[-65.88149,18.25647],[-65.88352,18.25757],[-65.88391,18.25789],[-65.88429,18.25859],[-65.88514,18.25912],[-65.8859,18.2598],[-65.88602,18.26001],[-65.88578,18.26061],[-65.88599,18.26069],[-65.8867,18.26027],[-65.88779,18.26101],[-65.88868,18.26123],[-65.88915,18.2616],[-65.89025,18.26166],[-65.89171,18.26098],[-65.89239,18.26142],[-65.89414,18.26108],[-65.89644,18.26096],[-65.8971,18.26112],[-65.89954,18.26242],[-65.90301,18.26338],[-65.90397,18.26471],[-65.90435,18.265],[-65.90694,18.26561],[-65.90789,18.26536],[-65.91,18.26555],[-65.91141,18.26546],[-65.9119,18.26554],[-65.91351,18.26675],[-65.91448,18.26773],[-65.91631,18.26881],[-65.91748,18.26935],[-65.91832,18.27005],[-65.91856,18.27012],[-65.91971,18.26932],[-65.92165,18.26904],[-65.92288,18.26929],[-65.92343,18.26921],[-65.92449,18.26931],[-65.92538,18.26853],[-65.92607,18.26846],[-65.92655,18.26822],[-65.92756,18.26816],[-65.92791,18.26716],[-65.92853,18.26655],[-65.92975,18.26579],[-65.9304,18.26559],[-65.93052,18.2652],[-65.93082,18.26484],[-65.93251,18.26389],[-65.93314,18.26303],[-65.93375,18.26279],[-65.93425,18.26224],[-65.93465,18.26206],[-65.93475,18.2618],[-65.93463,18.26102],[-65.93507,18.26004],[-65.93547,18.25967],[-65.93624,18.25938],[-65.93652,18.25897],[-65.94077,18.25029],[-65.94165,18.25066],[-65.94223,18.25111],[-65.9428,18.25183],[-65.94302,18.25264],[-65.9435,18.25299],[-65.94398,18.25316],[-65.9449,18.25318],[-65.94625,18.25242],[-65.94577,18.25005],[-65.94521,18.24965],[-65.94525,18.24939],[-65.94589,18.24891],[-65.94687,18.24869],[-65.94727,18.2484],[-65.94735,18.24817],[-65.94695,18.24791],[-65.94551,18.24766],[-65.94534,18.2472],[-65.94546,18.24632],[-65.94534,18.24528],[-65.9459,18.24441],[-65.9462,18.24421],[-65.94741,18.24394],[-65.94926,18.24412],[-65.94936,18.24386],[-65.94844,18.24323],[-65.94848,18.24254],[-65.94795,18.24206],[-65.94804,18.24137],[-65.94772,18.24128],[-65.94711,18.24145],[-65.94614,18.24125],[-65.94582,18.2409],[-65.94565,18.23996],[-65.94518,18.24014],[-65.9438,18.23973],[-65.94302,18.23935],[-65.9425,18.2386],[-65.94261,18.23742],[-65.94247,18.23686],[-65.94218,18.2369],[-65.94173,18.2375],[-65.94149,18.23752],[-65.94139,18.23635],[-65.94113,18.23586],[-65.94112,18.23525],[-65.94081,18.23505],[-65.9404,18.23508],[-65.94015,18.2349],[-65.94001,18.23445],[-65.93949,18.23424],[-65.93983,18.23361],[-65.94088,18.23328],[-65.94152,18.23262],[-65.94161,18.23235],[-65.94138,18.23186],[-65.94237,18.23181],[-65.94303,18.23215],[-65.94347,18.23166],[-65.9439,18.23203],[-65.94432,18.23308],[-65.9446,18.23321],[-65.94548,18.23325],[-65.94552,18.23344],[-65.94516,18.23369],[-65.94547,18.2337],[-65.94588,18.23357],[-65.94587,18.23323],[-65.94557,18.23286],[-65.94559,18.23262],[-65.94775,18.23171],[-65.94771,18.23239],[-65.94788,18.23325],[-65.94815,18.23343],[-65.94874,18.2335],[-65.94903,18.23299],[-65.94916,18.23193],[-65.95021,18.23104],[-65.95029,18.23081],[-65.94975,18.23047],[-65.94803,18.22994],[-65.94807,18.22974],[-65.94843,18.22948],[-65.94873,18.22948],[-65.95019,18.22979],[-65.95043,18.22965],[-65.95063,18.2293],[-65.95115,18.22928],[-65.95014,18.22822],[-65.94925,18.22785],[-65.94904,18.22709],[-65.94924,18.22648],[-65.94997,18.22616],[-65.95108,18.22528],[-65.95111,18.22453],[-65.95087,18.22379],[-65.95101,18.22301],[-65.95075,18.22226],[-65.95159,18.22062],[-65.95106,18.21915],[-65.95103,18.2185],[-65.95123,18.21729],[-65.95184,18.21628],[-65.95174,18.21567],[-65.9514,18.21516],[-65.95068,18.21443],[-65.94996,18.21409],[-65.94944,18.2135],[-65.94811,18.21315],[-65.94783,18.2126],[-65.94739,18.21098],[-65.94779,18.21041],[-65.94779,18.20995],[-65.94684,18.20877],[-65.94591,18.20822],[-65.945,18.20743],[-65.94411,18.20603],[-65.94293,18.20536],[-65.94191,18.20451],[-65.94159,18.20342],[-65.9416,18.20261],[-65.94139,18.20217],[-65.94105,18.20215],[-65.94014,18.20259],[-65.93954,18.20252],[-65.93855,18.20119],[-65.93803,18.20113],[-65.9379,18.20059],[-65.93727,18.19976],[-65.93452,18.19711],[-65.93383,18.19623],[-65.93161,18.19645],[-65.93114,18.19683],[-65.93097,18.19725],[-65.93058,18.19743],[-65.92944,18.19722],[-65.92949,18.19526],[-65.92999,18.19324],[-65.92996,18.19295],[-65.92906,18.19143],[-65.92839,18.19084],[-65.92835,18.19043],[-65.9286,18.19],[-65.92859,18.18972],[-65.92818,18.18857],[-65.92862,18.18666],[-65.92924,18.18541],[-65.92931,18.18463],[-65.92909,18.18416],[-65.92803,18.18357],[-65.92774,18.18326],[-65.92722,18.18216],[-65.92731,18.18147],[-65.92793,18.17981],[-65.9274,18.17721],[-65.92816,18.17711],[-65.93109,18.1778],[-65.93082,18.17657],[-65.93107,18.17559],[-65.93079,18.17319],[-65.93088,18.17216],[-65.93142,18.17046],[-65.93153,18.16965],[-65.93135,18.16894],[-65.93134,18.16799],[-65.93022,18.16643],[-65.92982,18.16414],[-65.93008,18.16369],[-65.9305,18.16336],[-65.93099,18.16331],[-65.93142,18.16355],[-65.93203,18.16187],[-65.93164,18.16124],[-65.93157,18.1606],[-65.93102,18.15976],[-65.9303,18.15767],[-65.92984,18.15675],[-65.92989,18.15557],[-65.92911,18.15482],[-65.9285,18.15385],[-65.92864,18.1528],[-65.92844,18.15241],[-65.92838,18.14946],[-65.92812,18.1484],[-65.92821,18.14595],[-65.92809,18.14504],[-65.9282,18.14442],[-65.92898,18.14375],[-65.92907,18.14339],[-65.92831,18.14299],[-65.92627,18.14414],[-65.92561,18.14543],[-65.92491,18.14637],[-65.92298,18.15013],[-65.92158,18.15228],[-65.92083,18.15398],[-65.91854,18.15711],[-65.91752,18.15942],[-65.91729,18.16037],[-65.91652,18.16093],[-65.91664,18.16288],[-65.91623,18.16441],[-65.91444,18.16696],[-65.91443,18.16785],[-65.914,18.16883],[-65.91289,18.16996],[-65.91168,18.17229],[-65.91153,18.17309],[-65.91063,18.17493],[-65.91034,18.1751],[-65.90915,18.17664],[-65.90306,18.18495],[-65.90278,18.18837],[-65.90199,18.19157],[-65.90097,18.19307],[-65.89992,18.19418],[-65.89872,18.19609],[-65.89676,18.20015],[-65.89634,18.20136],[-65.89621,18.20231],[-65.89535,18.20153],[-65.89458,18.20031],[-65.89406,18.20017],[-65.89312,18.2002],[-65.88955,18.19983],[-65.88766,18.19837],[-65.88278,18.20795],[-65.87632,18.2143],[-65.87461,18.21592],[-65.87439,18.21592],[-65.87081,18.21949],[-65.86992,18.2197],[-65.86879,18.21945],[-65.86866,18.21959],[-65.86896,18.22018],[-65.86891,18.22122],[-65.86758,18.22254],[-65.86754,18.22379],[-65.86623,18.22698],[-65.85814,18.24171],[-65.85765,18.24239],[-65.85222,18.24767],[-65.85196,18.24814],[-65.85186,18.2494],[-65.85316,18.25064],[-65.85322,18.25088],[-65.85336,18.25307],[-65.85268,18.25423],[-65.85262,18.25483]]]},"properties":{"municipio":"Juncos","geoid":"72077","countyfp":"077","abrev_mun":"JUN"}},
{"type":"Feature","geometry":{"type":"MultiPolygon","coordinates":[[[[-66.98347,18.0526],[-66.99046,18.05429],[-66.99159,18.05386],[-66.99243,18.05254],[-66.99455,18.05272],[-66.99531,18.05263],[-66.99542,18.05327],[-66.99585,18.05363],[-66.99737,18.05357],[-66.99802,18.05428],[-66.99962,18.05484],[-67.00026,18.05531],[-67.00121,18.05513],[-67.00216,18.0553],[-67.00429,18.05737],[-67.00501,18.05833],[-67.00629,18.05861],[-67.00697,18.05901],[-67.00739,18.05994],[-67.00794,18.06054],[-67.00962,18.05917],[-67.0104,18.05902],[-67.01173,18.0593],[-67.01214,18.05911],[-67.01251,18.05886],[-67.01291,18.05801],[-67.01307,18.05786],[-67.01332,18.05785],[-67.01423,18.05807],[-67.01526,18.05811],[-67.01595,18.05872],[-67.01637,18.05889],[-67.0174,18.05868],[-67.0182,18.05878],[-67.01946,18.05932],[-67.02431,18.06073],[-67.02562,18.06129],[-67.02689,18.06126],[-67.02676,18.05997],[-67.02693,18.05951],[-67.02734,18.05909],[-67.02838,18.05887],[-67.02943,18.05846],[-67.03244,18.05833],[-67.03299,18.0582],[-67.03366,18.05844],[-67.03434,18.05843],[-67.0348,18.05862],[-67.03514,18.05861],[-67.03572,18.05838],[-67.03613,18.05789],[-67.03691,18.05876],[-67.03788,18.05908],[-67.03961,18.06007],[-67.04104,18.06037],[-67.0419,18.06131],[-67.04287,18.06187],[-67.04494,18.06202],[-67.04575,18.06235],[-67.04816,18.06282],[-67.04935,18.06326],[-67.04965,18.06345],[-67.05,18.06398],[-67.05111,18.06442],[-67.0515,18.06478],[-67.05229,18.06514],[-67.05293,18.0637],[-67.05439,18.06376],[-67.05529,18.06322],[-67.05954,18.06415],[-67.06085,18.06428],[-67.06329,18.06505],[-67.06387,18.06504],[-67.06449,18.06445],[-67.0651,18.06439],[-67.06552,18.06418],[-67.0662,18.06431],[-67.06693,18.06469],[-67.06727,18.06501],[-67.06776,18.06584],[-67.06781,18.06622],[-67.06819,18.06643],[-67.07131,18.06447],[-67.07183,18.0638],[-67.07332,18.063],[-67.07368,18.06233],[-67.07398,18.06273],[-67.0755,18.06355],[-67.0762,18.06337],[-67.07713,18.06355],[-67.07893,18.06279],[-67.07938,18.06186],[-67.07988,18.06145],[-67.08073,18.06166],[-67.08202,18.06162],[-67.0828,18.06074],[-67.08438,18.06008],[-67.08498,18.05936],[-67.08521,18.05972],[-67.08615,18.06],[-67.0867,18.06082],[-67.08748,18.06102],[-67.08845,18.06159],[-67.08899,18.06141],[-67.08964,18.06138],[-67.08987,18.06149],[-67.0904,18.06106],[-67.09194,18.06074],[-67.09262,18.06031],[-67.09353,18.06046],[-67.09448,18.06042],[-67.09524,18.06074],[-67.09577,18.06077],[-67.09672,18.06042],[-67.09872,18.05904],[-67.09928,18.05888],[-67.09953,18.05886],[-67.10073,18.05964],[-67.10091,18.05958],[-67.10189,18.05855],[-67.1022,18.05777],[-67.10249,18.05756],[-67.10287,18.0576],[-67.10325,18.05737],[-67.10477,18.05693],[-67.1059,18.05694],[-67.10672,18.05652],[-67.10803,18.0565],[-67.10883,18.05621],[-67.10909,18.05625],[-67.10983,18.05519],[-67.10966,18.05392],[-67.11011,18.0533],[-67.1103,18.0524],[-67.11058,18.05194],[-67.11068,18.05111],[-67.111,18.05081],[-67.11183,18.04948],[-67.11237,18.04934],[-67.11224,18.04885],[-67.11292,18.04847],[-67.11305,18.04826],[-67.11279,18.04783],[-67.11288,18.04766],[-67.11353,18.04754],[-67.11338,18.04714],[-67.11387,18.04688],[-67.11413,18.04649],[-67.11407,18.04595],[-67.11346,18.04485],[-67.11372,18.04321],[-67.11342,18.04289],[-67.11269,18.04288],[-67.11225,18.04261],[-67.11227,18.04159],[-67.11096,18.03979],[-67.11076,18.03971],[-67.11136,18.03896],[-67.11186,18.0388],[-67.11241,18.03822],[-67.1132,18.03783],[-67.11373,18.03688],[-67.11403,18.03664],[-67.11416,18.03643],[-67.11417,18.03549],[-67.1148,18.03511],[-67.11582,18.03359],[-67.11574,18.0327],[-67.11553,18.03264],[-67.11526,18.03232],[-67.1153,18.03209],[-67.11572,18.03209],[-67.11587,18.03177],[-67.11582,18.03152],[-67.11563,18.03138],[-67.11508,18.0312],[-67.11494,18.03048],[-67.11449,18.03051],[-67.11417,18.03098],[-67.11396,18.03097],[-67.11337,18.03029],[-67.11347,18.03009],[-67.11396,18.02996],[-67.11397,18.02977],[-67.11329,18.02736],[-67.11361,18.02647],[-67.11344,18.02548],[-67.11353,18.02432],[-67.11286,18.02339],[-67.11194,18.02148],[-67.11142,18.01949],[-67.11068,18.01831],[-67.11048,18.017],[-67.11013,18.01587],[-67.1104,18.01303],[-67.11069,18.01264],[-67.11105,18.01259],[-67.1098,18.00979],[-67.10931,17.98186],[-67.10935,17.98122],[-67.10991,17.97972],[-67.10991,17.97923],[-67.10937,17.97799],[-67.1089,17.9776],[-67.10769,17.97709],[-67.10715,17.97704],[-67.10655,17.97719],[-67.10545,17.97696],[-67.10513,17.97666],[-67.10454,17.97666],[-67.10351,17.97634],[-67.10306,17.97608],[-67.10231,17.97511],[-67.1023,17.97487],[-67.1035,17.97215],[-67.10398,17.97033],[-67.10472,17.96913],[-67.10601,17.96766],[-67.10616,17.96705],[-67.10605,17.96612],[-67.10728,17.96391],[-67.10703,17.96274],[-67.10693,17.96074],[-67.10677,17.96011],[-67.10683,17.95933],[-67.10647,17.95724],[-67.10741,17.95472],[-67.10776,17.95186],[-67.10828,17.95076],[-67.10954,17.94891],[-67.10992,17.94745],[-67.10979,17.94586],[-67.11012,17.94588],[-67.10831,17.94555],[-67.10793,17.94589],[-67.10735,17.94561],[-67.10683,17.9456],[-67.10673,17.94582],[-67.10592,17.94562],[-67.10569,17.94579],[-67.10578,17.94596],[-67.10552,17.94596],[-67.10512,17.94587],[-67.10495,17.94564],[-67.10478,17.94576],[-67.10385,17.94579],[-67.10382,17.94602],[-67.10346,17.94598],[-67.10344,17.94613],[-67.10321,17.94598],[-67.10276,17.94603],[-67.10258,17.94626],[-67.10254,17.94611],[-67.1023,17.94612],[-67.10227,17.94631],[-67.10156,17.94645],[-67.10147,17.9468],[-67.1012,17.94663],[-67.10068,17.94674],[-67.10054,17.94701],[-67.10031,17.94703],[-67.10022,17.94689],[-67.10009,17.94693],[-67.10007,17.94713],[-67.09968,17.94714],[-67.09963,17.94741],[-67.09926,17.94728],[-67.09916,17.94745],[-67.09888,17.94747],[-67.09884,17.94756],[-67.09901,17.9476],[-67.09875,17.94763],[-67.09884,17.94799],[-67.09875,17.94828],[-67.09886,17.94837],[-67.09913,17.94829],[-67.09911,17.94846],[-67.09758,17.94848],[-67.09747,17.94871],[-67.09775,17.94917],[-67.09729,17.94901],[-67.09738,17.94892],[-67.09724,17.94888],[-67.09681,17.94911],[-67.09682,17.94925],[-67.09701,17.94937],[-67.09651,17.94928],[-67.09637,17.9494],[-67.09635,17.94974],[-67.09675,17.95025],[-67.09667,17.9504],[-67.09619,17.95024],[-67.09608,17.9504],[-67.0957,17.95043],[-67.09554,17.95095],[-67.09536,17.95096],[-67.0954,17.95078],[-67.09519,17.95077],[-67.09527,17.95094],[-67.09473,17.95115],[-67.09441,17.95169],[-67.09432,17.95165],[-67.09457,17.95114],[-67.09492,17.95082],[-67.09469,17.9506],[-67.0947,17.95045],[-67.09449,17.95058],[-67.09429,17.95049],[-67.09382,17.95095],[-67.09353,17.95091],[-67.09345,17.95118],[-67.09307,17.95127],[-67.09277,17.95185],[-67.09297,17.95202],[-67.09312,17.95198],[-67.09322,17.95226],[-67.09294,17.95244],[-67.09307,17.95287],[-67.09259,17.95351],[-67.09243,17.95393],[-67.09253,17.95455],[-67.09291,17.95525],[-67.09265,17.95617],[-67.09288,17.95711],[-67.09361,17.95773],[-67.09403,17.95742],[-67.09414,17.95663],[-67.0934,17.95611],[-67.09367,17.95536],[-67.09388,17.95558],[-67.0943,17.95568],[-67.0946,17.95546],[-67.09472,17.95567],[-67.0959,17.95635],[-67.0958,17.95666],[-67.09591,17.95685],[-67.09614,17.95689],[-67.09626,17.95674],[-67.09665,17.9569],[-67.09663,17.95706],[-67.09608,17.95728],[-67.09572,17.95724],[-67.09573,17.95707],[-67.09553,17.957],[-67.09507,17.957],[-67.09482,17.95718],[-67.09464,17.95792],[-67.09479,17.95804],[-67.09513,17.95893],[-67.09499,17.9586],[-67.09456,17.95851],[-67.09423,17.95867],[-67.09423,17.95914],[-67.09405,17.95932],[-67.09369,17.95937],[-67.09333,17.95904],[-67.093,17.95916],[-67.09292,17.95932],[-67.09318,17.96011],[-67.09168,17.96177],[-67.09155,17.96177],[-67.09147,17.9616],[-67.09059,17.96182],[-67.0904,17.9617],[-67.08984,17.96183],[-67.08966,17.96216],[-67.08941,17.9618],[-67.08881,17.96177],[-67.08858,17.96135],[-67.08844,17.96133],[-67.08824,17.96158],[-67.08829,17.96184],[-67.08869,17.96201],[-67.0884,17.96208],[-67.08825,17.96272],[-67.0874,17.96285],[-67.08633,17.96271],[-67.08633,17.96209],[-67.08613,17.96206],[-67.0859,17.96245],[-67.0861,17.96284],[-67.08596,17.96293],[-67.08564,17.96285],[-67.08556,17.96319],[-67.08628,17.9636],[-67.08674,17.96364],[-67.08695,17.96358],[-67.08714,17.96319],[-67.0873,17.96313],[-67.08752,17.96379],[-67.08799,17.96425],[-67.08809,17.96525],[-67.08771,17.96548],[-67.08761,17.96488],[-67.08716,17.96468],[-67.08692,17.9651],[-67.08634,17.96539],[-67.08653,17.96558],[-67.08676,17.96551],[-67.08692,17.96583],[-67.08616,17.96552],[-67.08573,17.96565],[-67.08596,17.96588],[-67.08546,17.96616],[-67.08472,17.96611],[-67.0842,17.96591],[-67.08386,17.96598],[-67.08346,17.96666],[-67.08346,17.96716],[-67.0828,17.96723],[-67.08292,17.96708],[-67.08273,17.9666],[-67.08237,17.96642],[-67.08195,17.9664],[-67.082,17.96622],[-67.08257,17.96622],[-67.08285,17.96581],[-67.08311,17.96573],[-67.08315,17.96554],[-67.08306,17.96537],[-67.08242,17.96508],[-67.08208,17.96511],[-67.08151,17.96544],[-67.08192,17.96509],[-67.082,17.96483],[-67.08145,17.96424],[-67.08226,17.96418],[-67.08261,17.96396],[-67.08294,17.96426],[-67.08341,17.96429],[-67.08377,17.96389],[-67.08434,17.96369],[-67.08423,17.96329],[-67.08437,17.96301],[-67.08434,17.96237],[-67.0839,17.96218],[-67.08372,17.96233],[-67.08377,17.96263],[-67.08358,17.9626],[-67.08359,17.96219],[-67.08337,17.96184],[-67.08363,17.96143],[-67.08341,17.96057],[-67.08302,17.9604],[-67.08305,17.96073],[-67.08281,17.96047],[-67.08277,17.96085],[-67.08258,17.96035],[-67.0822,17.9599],[-67.08158,17.9595],[-67.08111,17.95936],[-67.08058,17.95942],[-67.07997,17.95998],[-67.07936,17.96011],[-67.07919,17.96049],[-67.07888,17.96066],[-67.07864,17.96004],[-67.079,17.95948],[-67.07909,17.9596],[-67.07924,17.95956],[-67.07942,17.95809],[-67.07756,17.95835],[-67.07731,17.9587],[-67.07724,17.95961],[-67.07684,17.96037],[-67.07669,17.96231],[-67.07703,17.96322],[-67.07738,17.96349],[-67.07785,17.96338],[-67.07794,17.96287],[-67.07856,17.96288],[-67.07838,17.96312],[-67.07883,17.96348],[-67.07848,17.96396],[-67.0789,17.96453],[-67.07881,17.96473],[-67.07898,17.96482],[-67.07886,17.96487],[-67.07894,17.96518],[-67.07854,17.96579],[-67.07868,17.96606],[-67.07846,17.96648],[-67.07771,17.96667],[-67.07726,17.96727],[-67.07748,17.96907],[-67.0772,17.96888],[-67.0767,17.96882],[-67.07639,17.96995],[-67.0761,17.97031],[-67.07609,17.97063],[-67.07593,17.97059],[-67.07559,17.97009],[-67.07506,17.97013],[-67.07439,17.97091],[-67.07342,17.97141],[-67.07322,17.97136],[-67.07249,17.97166],[-67.07238,17.97196],[-67.07247,17.97222],[-67.07284,17.97217],[-67.07442,17.97159],[-67.07546,17.9722],[-67.07587,17.97217],[-67.07609,17.97234],[-67.07578,17.97242],[-67.07532,17.97287],[-67.07507,17.97256],[-67.07394,17.97313],[-67.07303,17.97334],[-67.0726,17.97316],[-67.07134,17.97308],[-67.07115,17.9732],[-67.07084,17.97312],[-67.0702,17.97339],[-67.06924,17.97311],[-67.06876,17.97354],[-67.06797,17.97336],[-67.06697,17.97444],[-67.06687,17.97484],[-67.06694,17.97526],[-67.06638,17.9753],[-67.06605,17.97456],[-67.06585,17.9745],[-67.06545,17.97503],[-67.065,17.97522],[-67.06456,17.97492],[-67.06397,17.9749],[-67.06349,17.97557],[-67.06284,17.97548],[-67.06213,17.97559],[-67.06169,17.97541],[-67.06132,17.97555],[-67.06104,17.97535],[-67.06034,17.97529],[-67.06027,17.97539],[-67.06026,17.97528],[-67.06012,17.97535],[-67.06001,17.97523],[-67.05988,17.97533],[-67.05858,17.97495],[-67.05803,17.97447],[-67.05751,17.97432],[-67.05646,17.97339],[-67.0562,17.97347],[-67.05541,17.97333],[-67.05491,17.97345],[-67.05457,17.97394],[-67.05468,17.97431],[-67.05441,17.97451],[-67.05374,17.97407],[-67.05354,17.97348],[-67.05333,17.97362],[-67.05219,17.97366],[-67.05181,17.97379],[-67.05076,17.97362],[-67.05036,17.97345],[-67.05015,17.97316],[-67.04986,17.97322],[-67.04974,17.9734],[-67.04923,17.97339],[-67.04911,17.97325],[-67.04878,17.97341],[-67.04852,17.97338],[-67.0482,17.97327],[-67.04815,17.97311],[-67.04774,17.97312],[-67.0477,17.97292],[-67.04694,17.97242],[-67.04634,17.97163],[-67.04564,17.97144],[-67.04527,17.97149],[-67.04518,17.97167],[-67.04499,17.97141],[-67.04486,17.97147],[-67.04488,17.97165],[-67.04483,17.97148],[-67.0443,17.97143],[-67.044,17.97158],[-67.04362,17.97157],[-67.04347,17.97143],[-67.04328,17.97149],[-67.04326,17.97136],[-67.04317,17.9715],[-67.04283,17.97138],[-67.04261,17.97153],[-67.04218,17.97155],[-67.04183,17.97181],[-67.04179,17.97201],[-67.04167,17.97195],[-67.04145,17.97234],[-67.04129,17.97234],[-67.04134,17.97245],[-67.04107,17.9725],[-67.04117,17.97265],[-67.04109,17.97276],[-67.04086,17.97281],[-67.04082,17.97302],[-67.04064,17.97312],[-67.04069,17.97321],[-67.04055,17.97317],[-67.04057,17.97332],[-67.04034,17.97334],[-67.0401,17.97365],[-67.04004,17.97353],[-67.03962,17.97358],[-67.03943,17.97334],[-67.03924,17.97332],[-67.03924,17.97315],[-67.0386,17.97273],[-67.03844,17.97226],[-67.03824,17.97215],[-67.03765,17.9725],[-67.03764,17.97291],[-67.03722,17.97264],[-67.03677,17.9727],[-67.03658,17.97278],[-67.03649,17.97302],[-67.03636,17.973],[-67.03641,17.97316],[-67.03623,17.97344],[-67.036,17.97352],[-67.03553,17.97351],[-67.03553,17.9734],[-67.03514,17.97336],[-67.03493,17.97319],[-67.03486,17.97328],[-67.03474,17.97308],[-67.03457,17.97308],[-67.03438,17.97248],[-67.03454,17.97224],[-67.03504,17.97226],[-67.03511,17.97203],[-67.035,17.97187],[-67.03486,17.9719],[-67.0347,17.97163],[-67.03429,17.97148],[-67.03407,17.97156],[-67.03404,17.97192],[-67.03381,17.97191],[-67.03343,17.97143],[-67.03241,17.97143],[-67.03201,17.97174],[-67.03211,17.97202],[-67.03176,17.97215],[-67.03095,17.97211],[-67.03099,17.97199],[-67.03076,17.9719],[-67.03051,17.97217],[-67.02954,17.97175],[-67.02895,17.97173],[-67.02851,17.97243],[-67.02835,17.97235],[-67.02833,17.97258],[-67.02796,17.9728],[-67.02735,17.9727],[-67.02674,17.97215],[-67.02598,17.9721],[-67.02534,17.97237],[-67.02497,17.97198],[-67.02488,17.97152],[-67.02504,17.97112],[-67.02486,17.9709],[-67.02333,17.96985],[-67.02321,17.96955],[-67.02287,17.96947],[-67.02276,17.96907],[-67.02315,17.96891],[-67.02324,17.96866],[-67.02315,17.96831],[-67.02167,17.96827],[-67.02092,17.96805],[-67.0209,17.96822],[-67.02131,17.96825],[-67.02148,17.96854],[-67.02074,17.96846],[-67.02018,17.96813],[-67.0201,17.96783],[-67.02019,17.96762],[-67.01984,17.96737],[-67.01949,17.96746],[-67.01964,17.96777],[-67.01941,17.96776],[-67.01919,17.96753],[-67.01899,17.96759],[-67.01938,17.96846],[-67.01932,17.96875],[-67.01895,17.96921],[-67.01846,17.96934],[-67.01816,17.96919],[-67.01751,17.96932],[-67.01679,17.96923],[-67.01629,17.96973],[-67.01606,17.9705],[-67.01645,17.97096],[-67.01657,17.9709],[-67.01655,17.97231],[-67.01671,17.9734],[-67.01664,17.97358],[-67.01603,17.97396],[-67.01589,17.97474],[-67.01551,17.97534],[-67.0157,17.97574],[-67.01655,17.97571],[-67.01627,17.97596],[-67.01584,17.97606],[-67.01525,17.97569],[-67.0153,17.97535],[-67.01506,17.97515],[-67.01521,17.97468],[-67.01553,17.97449],[-67.01573,17.97403],[-67.01558,17.97354],[-67.01449,17.97372],[-67.01425,17.97398],[-67.01427,17.97429],[-67.01407,17.97446],[-67.0139,17.97497],[-67.01371,17.97503],[-67.01329,17.97493],[-67.0133,17.97475],[-67.01399,17.97421],[-67.01402,17.97389],[-67.01273,17.97295],[-67.01198,17.97282],[-67.01116,17.97292],[-67.01099,17.97307],[-67.01104,17.97336],[-67.01084,17.97321],[-67.01038,17.97336],[-67.01005,17.97313],[-67.01042,17.97301],[-67.01113,17.97208],[-67.01108,17.97194],[-67.01158,17.97163],[-67.01221,17.97093],[-67.01393,17.97048],[-67.01423,17.97064],[-67.0149,17.96972],[-67.01517,17.96886],[-67.01445,17.96821],[-67.01393,17.96715],[-67.01379,17.96714],[-67.01345,17.96748],[-67.01295,17.96745],[-67.01241,17.96722],[-67.01227,17.96692],[-67.01195,17.96687],[-67.01085,17.96557],[-67.01009,17.9653],[-67.01001,17.96482],[-67.01039,17.96401],[-67.01001,17.96337],[-67.00942,17.96294],[-67.00958,17.96246],[-67.00947,17.96225],[-67.00931,17.96232],[-67.00911,17.96286],[-67.00921,17.96366],[-67.00949,17.96445],[-67.0094,17.96469],[-67.00911,17.9648],[-67.00777,17.96451],[-67.00703,17.96385],[-67.00648,17.96354],[-67.00578,17.96274],[-67.00582,17.96193],[-67.00611,17.96152],[-67.00551,17.96144],[-67.00535,17.96156],[-67.00258,17.9606],[-67.00202,17.96072],[-67.00156,17.96127],[-67.00093,17.96121],[-67.00099,17.96142],[-67.00053,17.96173],[-67.00077,17.9623],[-67.00071,17.96256],[-67.00117,17.96334],[-67.00131,17.96434],[-67.00166,17.96478],[-67.00174,17.96511],[-67.00255,17.96549],[-67.00312,17.96601],[-67.00388,17.9669],[-67.00394,17.96726],[-67.00424,17.96751],[-67.00422,17.96785],[-67.00319,17.96778],[-67.00301,17.96795],[-67.00353,17.96816],[-67.00388,17.96852],[-67.00382,17.96892],[-67.00433,17.97001],[-67.0051,17.9704],[-67.00495,17.97051],[-67.00493,17.97075],[-67.00567,17.97183],[-67.00561,17.97216],[-67.00578,17.97241],[-67.00536,17.97209],[-67.00511,17.97205],[-67.00484,17.97218],[-67.00469,17.97244],[-67.00462,17.97147],[-67.004,17.97105],[-67.00367,17.97106],[-67.00357,17.97119],[-67.00277,17.97113],[-67.00266,17.97128],[-67.00258,17.97116],[-67.00229,17.97114],[-67.00205,17.97129],[-67.00113,17.97133],[-67.00076,17.97144],[-67.00032,17.97181],[-66.9998,17.97163],[-66.99938,17.97109],[-66.99862,17.9715],[-66.99899,17.97232],[-66.99811,17.97209],[-66.99777,17.97151],[-66.99733,17.97157],[-66.99716,17.97265],[-66.99672,17.97286],[-66.99624,17.97274],[-66.99549,17.97227],[-66.99534,17.97177],[-66.99573,17.9711],[-66.99567,17.97085],[-66.99551,17.97075],[-66.99483,17.97107],[-66.99466,17.97156],[-66.99444,17.97172],[-66.99445,17.9721],[-66.99421,17.97228],[-66.99346,17.97227],[-66.99341,17.97243],[-66.99326,17.97221],[-66.99271,17.97217],[-66.99237,17.9718],[-66.99297,17.97125],[-66.99282,17.97032],[-66.99326,17.96985],[-66.99306,17.96937],[-66.99226,17.96953],[-66.99215,17.96998],[-66.99257,17.97075],[-66.99238,17.97095],[-66.99205,17.97098],[-66.9917,17.97132],[-66.99148,17.97113],[-66.99118,17.97118],[-66.99103,17.97105],[-66.99076,17.97124],[-66.99049,17.97089],[-66.99009,17.97122],[-66.98967,17.97116],[-66.98958,17.97089],[-66.98936,17.97121],[-66.98902,17.97115],[-66.9882,17.97054],[-66.98803,17.97073],[-66.98734,17.97042],[-66.9873,17.96995],[-66.98719,17.96988],[-66.98693,17.96999],[-66.98673,17.96981],[-66.98644,17.96915],[-66.9858,17.96833],[-66.9856,17.96773],[-66.98525,17.96758],[-66.98479,17.96706],[-66.9847,17.96655],[-66.98492,17.96582],[-66.985,17.96472],[-66.98447,17.96385],[-66.98432,17.96287],[-66.98372,17.96246],[-66.98326,17.96175],[-66.98219,17.96144],[-66.98163,17.96067],[-66.98141,17.96002],[-66.98129,17.95935],[-66.98151,17.95895],[-66.98179,17.95864],[-66.98263,17.95844],[-66.98279,17.95822],[-66.98281,17.95715],[-66.98237,17.95499],[-66.98149,17.95422],[-66.98149,17.95353],[-66.981,17.95286],[-66.96172,17.9917],[-66.9593,18.02293],[-66.95879,18.03249],[-66.95932,18.03219],[-66.95935,18.03505],[-66.96038,18.03658],[-66.96439,18.03706],[-66.96569,18.03681],[-66.96627,18.03713],[-66.96709,18.03832],[-66.98261,18.04129],[-66.98237,18.04177],[-66.98233,18.04346],[-66.98276,18.04538],[-66.9832,18.04609],[-66.98324,18.04645],[-66.98309,18.04696],[-66.98239,18.04775],[-66.98237,18.04796],[-66.98302,18.04942],[-66.98348,18.05009],[-66.98354,18.05034],[-66.98337,18.05091],[-66.98352,18.05167],[-66.98347,18.0526]]],[[[-66.98366,17.94911],[-66.98401,17.94923],[-66.98434,17.94897],[-66.98398,17.94887],[-66.98374,17.94856],[-66.98332,17.94858],[-66.98326,17.94873],[-66.98366,17.94911]]],[[[-66.98497,17.94938],[-66.98495,17.94962],[-66.9854,17.94974],[-66.98523,17.94932],[-66.98508,17.94927],[-66.98497,17.94938]]],[[[-66.98824,17.94976],[-66.98844,17.94973],[-66.9885,17.94958],[-66.98805,17.94966],[-66.98824,17.94976]]],[[[-66.98622,17.94974],[-66.98627,17.94997],[-66.98666,17.95012],[-66.98695,17.9498],[-66.98595,17.94942],[-66.98577,17.94965],[-66.98582,17.94987],[-66.98598,17.94985],[-66.98605,17.94968],[-66.98622,17.94974]]],[[[-66.98134,17.9513],[-66.98123,17.9515],[-66.98159,17.95235],[-66.98188,17.95232],[-66.98186,17.95139],[-66.9816,17.95125],[-66.98134,17.9513]]],[[[-66.9822,17.95281],[-66.9822,17.95325],[-66.98251,17.9533],[-66.98258,17.95304],[-66.98247,17.95281],[-66.9822,17.95281]]],[[[-67.04512,17.95308],[-67.04502,17.95331],[-67.04537,17.95348],[-67.04539,17.9532],[-67.04512,17.95308]]],[[[-67.04605,17.95337],[-67.04645,17.95356],[-67.04681,17.95347],[-67.0471,17.9532],[-67.04682,17.9531],[-67.04657,17.95325],[-67.0464,17.95305],[-67.04614,17.95301],[-67.04605,17.95337]]],[[[-66.98269,17.95404],[-66.98253,17.95455],[-66.98267,17.95458],[-66.98305,17.95428],[-66.983,17.95405],[-66.98269,17.95404]]],[[[-67.07322,17.95741],[-67.07324,17.95768],[-67.07337,17.95774],[-67.07356,17.95761],[-67.0735,17.95736],[-67.07322,17.95741]]],[[[-67.03998,17.95956],[-67.03956,17.95974],[-67.03952,17.95989],[-67.04004,17.95979],[-67.04014,17.95961],[-67.03998,17.95956]]],[[[-67.09244,17.95775],[-67.09227,17.95792],[-67.09233,17.95856],[-67.09201,17.95934],[-67.09217,17.95969],[-67.09261,17.95984],[-67.09281,17.95935],[-67.09271,17.95897],[-67.09291,17.95844],[-67.09276,17.9579],[-67.09244,17.95775]]],[[[-67.03749,17.9601],[-67.03769,17.96019],[-67.03818,17.96004],[-67.03907,17.96011],[-67.03917,17.95998],[-67.03899,17.95985],[-67.03762,17.95974],[-67.03741,17.95986],[-67.03749,17.9601]]],[[[-67.09197,17.95974],[-67.09173,17.96004],[-67.09172,17.96028],[-67.09227,17.96003],[-67.09221,17.95982],[-67.09197,17.95974]]],[[[-67.0864,17.96042],[-67.08626,17.96068],[-67.08682,17.961],[-67.08685,17.96064],[-67.0864,17.96042]]],[[[-67.08467,17.96078],[-67.0849,17.96112],[-67.08537,17.9608],[-67.08597,17.96079],[-67.0861,17.96067],[-67.08555,17.96052],[-67.08539,17.96028],[-67.08468,17.96054],[-67.08467,17.96078]]],[[[-67.08887,17.96101],[-67.0893,17.96114],[-67.08975,17.96098],[-67.09082,17.96102],[-67.09144,17.96086],[-67.09136,17.96049],[-67.09177,17.95975],[-67.09185,17.95923],[-67.09211,17.95874],[-67.09201,17.95777],[-67.09226,17.95732],[-67.09217,17.95709],[-67.0912,17.95667],[-67.0908,17.9568],[-67.09047,17.95596],[-67.09067,17.95581],[-67.09143,17.95578],[-67.09138,17.95542],[-67.09087,17.95505],[-67.09109,17.95459],[-67.09187,17.95432],[-67.09229,17.954],[-67.09203,17.95318],[-67.09238,17.95198],[-67.09183,17.95162],[-67.09127,17.95164],[-67.08995,17.95244],[-67.09051,17.95188],[-67.0905,17.95159],[-67.09167,17.95146],[-67.09184,17.95126],[-67.09162,17.95117],[-67.09005,17.95132],[-67.08962,17.95171],[-67.0891,17.95315],[-67.08912,17.95417],[-67.08896,17.95453],[-67.08895,17.95537],[-67.08866,17.95628],[-67.08861,17.95686],[-67.0875,17.95839],[-67.0875,17.95892],[-67.08797,17.95996],[-67.08789,17.96063],[-67.08887,17.96101]]],[[[-66.98456,17.96082],[-66.98409,17.96135],[-66.98412,17.96153],[-66.98504,17.96121],[-66.98566,17.96068],[-66.98542,17.96054],[-66.98456,17.96082]]],[[[-67.03578,17.96107],[-67.03569,17.96128],[-67.0358,17.96144],[-67.03611,17.96165],[-67.03634,17.96163],[-67.0364,17.96147],[-67.0362,17.96144],[-67.03613,17.9612],[-67.03578,17.96107]]],[[[-67.00863,17.96034],[-67.00851,17.96052],[-67.00898,17.9611],[-67.00906,17.9617],[-67.0095,17.96209],[-67.00965,17.96208],[-67.0098,17.96183],[-67.00962,17.9611],[-67.00899,17.96043],[-67.00863,17.96034]]],[[[-66.98411,17.96231],[-66.98407,17.9624],[-66.98426,17.9625],[-66.98436,17.96243],[-66.9843,17.96221],[-66.98411,17.96231]]],[[[-66.99062,17.96265],[-66.99099,17.96242],[-66.99103,17.96227],[-66.99087,17.96213],[-66.9905,17.96212],[-66.99004,17.96254],[-66.99062,17.96265]]],[[[-67.03493,17.96233],[-67.03486,17.96255],[-67.03501,17.96265],[-67.03549,17.96225],[-67.03522,17.96208],[-67.03521,17.9623],[-67.03493,17.96233]]],[[[-67.0706,17.96217],[-67.0705,17.96244],[-67.07081,17.9627],[-67.07089,17.96237],[-67.07067,17.96211],[-67.0706,17.96217]]],[[[-66.9861,17.96312],[-66.98563,17.96353],[-66.98566,17.9637],[-66.98589,17.96385],[-66.98698,17.96378],[-66.98784,17.96333],[-66.98797,17.96314],[-66.9878,17.96298],[-66.98675,17.96268],[-66.9861,17.96312]]],[[[-67.03269,17.96343],[-67.03323,17.96387],[-67.03348,17.96382],[-67.03346,17.96363],[-67.0331,17.96344],[-67.03269,17.96343]]],[[[-66.98611,17.96402],[-66.98612,17.96428],[-66.98639,17.96417],[-66.98629,17.96397],[-66.98611,17.96402]]],[[[-66.98545,17.96442],[-66.98541,17.96463],[-66.98563,17.96479],[-66.98593,17.96447],[-66.9857,17.96433],[-66.98545,17.96442]]],[[[-67.07088,17.9637],[-67.07046,17.96428],[-67.07071,17.96457],[-67.07114,17.96447],[-67.07127,17.96422],[-67.07128,17.96386],[-67.07088,17.9637]]],[[[-67.06425,17.96513],[-67.0642,17.96555],[-67.06446,17.96554],[-67.06462,17.9654],[-67.06464,17.96512],[-67.06433,17.96502],[-67.06425,17.96513]]],[[[-67.06524,17.96564],[-67.06504,17.9658],[-67.06509,17.96591],[-67.06542,17.96586],[-67.06537,17.96563],[-67.06524,17.96564]]],[[[-67.04868,17.9654],[-67.04858,17.96555],[-67.04876,17.9661],[-67.04893,17.96627],[-67.04913,17.96626],[-67.04927,17.96613],[-67.04929,17.96567],[-67.04903,17.96545],[-67.04868,17.9654]]],[[[-67.06647,17.96633],[-67.06659,17.96656],[-67.06683,17.96651],[-67.06691,17.96635],[-67.06663,17.96622],[-67.06647,17.96633]]],[[[-66.99055,17.96646],[-66.99019,17.96687],[-66.99043,17.96716],[-66.99062,17.96713],[-66.99094,17.96668],[-66.99095,17.96646],[-66.99055,17.96646]]],[[[-66.98935,17.96849],[-66.98936,17.96878],[-66.98956,17.96878],[-66.98964,17.96849],[-66.98954,17.9684],[-66.98935,17.96849]]],[[[-67.0024,17.96927],[-67.00256,17.96932],[-67.00266,17.96911],[-67.00221,17.96865],[-67.00242,17.96785],[-67.00212,17.96785],[-67.00212,17.96776],[-67.0027,17.96711],[-67.00228,17.96686],[-67.00188,17.96684],[-67.00093,17.96756],[-67.00076,17.96793],[-67.00114,17.96854],[-67.00172,17.96827],[-67.00191,17.96906],[-67.0024,17.96927]]],[[[-66.99885,17.9703],[-66.99932,17.9702],[-66.99981,17.97026],[-67.00004,17.96991],[-67.0001,17.96933],[-66.99962,17.96913],[-66.99928,17.96928],[-66.99881,17.96981],[-66.99885,17.9703]]],[[[-67.04223,17.96904],[-67.04288,17.96985],[-67.04414,17.97028],[-67.04523,17.97042],[-67.04582,17.9703],[-67.04605,17.97004],[-67.04554,17.96923],[-67.04567,17.96846],[-67.04518,17.96821],[-67.04474,17.96772],[-67.04402,17.9674],[-67.04299,17.96745],[-67.04179,17.96825],[-67.04143,17.9687],[-67.04147,17.96932],[-67.04168,17.96944],[-67.04208,17.96899],[-67.04223,17.96904]]],[[[-66.99552,17.96988],[-66.99535,17.97005],[-66.99534,17.97032],[-66.99569,17.97061],[-66.99598,17.97009],[-66.9958,17.96983],[-66.99552,17.96988]]],[[[-67.07383,17.96913],[-67.0732,17.97017],[-67.0732,17.97033],[-67.07338,17.97044],[-67.07415,17.97031],[-67.07518,17.9691],[-67.07623,17.96863],[-67.07656,17.96815],[-67.07653,17.96776],[-67.07617,17.96758],[-67.07604,17.96774],[-67.0761,17.9681],[-67.07485,17.96834],[-67.07433,17.96869],[-67.07439,17.96908],[-67.07408,17.96902],[-67.07383,17.96913]]],[[[-66.9942,17.96969],[-66.99415,17.97013],[-66.99449,17.97033],[-66.9948,17.97083],[-66.99492,17.97078],[-66.99481,17.96987],[-66.99459,17.9696],[-66.9942,17.96969]]],[[[-67.04776,17.97015],[-67.04758,17.97034],[-67.04784,17.97067],[-67.04825,17.97086],[-67.04858,17.9708],[-67.04841,17.97034],[-67.04776,17.97015]]],[[[-67.03601,17.97047],[-67.03573,17.9708],[-67.0359,17.97107],[-67.03608,17.9711],[-67.03657,17.97082],[-67.03651,17.97055],[-67.03601,17.97047]]],[[[-67.03959,17.97053],[-67.03927,17.97076],[-67.03921,17.97102],[-67.03936,17.97121],[-67.03971,17.97125],[-67.04007,17.97085],[-67.0399,17.97055],[-67.03959,17.97053]]],[[[-67.06092,17.97095],[-67.06068,17.97136],[-67.06091,17.97191],[-67.06119,17.97209],[-67.06163,17.97213],[-67.06183,17.97176],[-67.06171,17.97124],[-67.06138,17.97095],[-67.06092,17.97095]]],[[[-67.06764,17.97165],[-67.06756,17.9719],[-67.06768,17.97212],[-67.0682,17.97224],[-67.06923,17.97189],[-67.06947,17.97162],[-67.07018,17.9716],[-67.07034,17.9713],[-67.07017,17.97099],[-67.0698,17.9709],[-67.0688,17.97113],[-67.06764,17.97165]]],[[[-67.05039,17.97259],[-67.05266,17.97243],[-67.05279,17.97225],[-67.05227,17.97192],[-67.0514,17.97196],[-67.05059,17.97224],[-67.05038,17.9724],[-67.05039,17.97259]]],[[[-67.05413,17.9724],[-67.05386,17.97281],[-67.05415,17.97304],[-67.05613,17.97231],[-67.05659,17.97252],[-67.05675,17.97277],[-67.05692,17.97275],[-67.05668,17.9719],[-67.05598,17.97141],[-67.05559,17.9716],[-67.05538,17.972],[-67.05467,17.97206],[-67.05413,17.9724]]],[[[-67.06924,17.9721],[-67.06874,17.97244],[-67.06847,17.97315],[-67.06884,17.97325],[-67.06916,17.9731],[-67.06929,17.97269],[-67.06971,17.97223],[-67.06924,17.9721]]],[[[-67.05831,17.97402],[-67.05861,17.97412],[-67.05998,17.97401],[-67.06029,17.97368],[-67.06029,17.97335],[-67.06009,17.97323],[-67.05841,17.97356],[-67.05821,17.97372],[-67.05831,17.97402]]],[[[-67.06392,17.9729],[-67.06366,17.97318],[-67.06362,17.97344],[-67.06409,17.97405],[-67.06441,17.97408],[-67.06465,17.97389],[-67.06472,17.97337],[-67.06442,17.97294],[-67.06392,17.9729]]],[[[-67.06666,17.9742],[-67.06667,17.97441],[-67.06683,17.97444],[-67.06716,17.97371],[-67.06686,17.9735],[-67.06662,17.97356],[-67.06645,17.97378],[-67.06652,17.97406],[-67.0661,17.97412],[-67.0663,17.97321],[-67.06649,17.97297],[-67.06726,17.97255],[-67.06741,17.9722],[-67.06721,17.97195],[-67.06659,17.97179],[-67.06631,17.97191],[-67.06601,17.9724],[-67.06558,17.97258],[-67.06549,17.97276],[-67.0658,17.97422],[-67.06638,17.97434],[-67.06666,17.9742]]],[[[-67.0157,17.97454],[-67.01546,17.97467],[-67.01558,17.97492],[-67.01583,17.97476],[-67.0157,17.97454]]],[[[-67.06287,17.97344],[-67.06257,17.97366],[-67.06237,17.97418],[-67.06181,17.97448],[-67.06174,17.97484],[-67.06207,17.97493],[-67.06243,17.97482],[-67.0631,17.97427],[-67.0633,17.97359],[-67.06313,17.97343],[-67.06287,17.97344]]]]},"properties":{"municipio":"Lajas","geoid":"72079","countyfp":"079","abrev_mun":"LAJ"}},
{"type":"Feature","geometry":{"type":"Polygon","coordinates":[[[-66.82408,18.34328],[-66.8289,18.34456],[-66.83788,18.34884],[-66.84243,18.35025],[-66.84645,18.35116],[-66.84737,18.35261],[-66.84866,18.35373],[-66.84998,18.35398],[-66.85063,18.35368],[-66.85088,18.35373],[-66.8515,18.35392],[-66.85171,18.35412],[-66.85185,18.35456],[-66.85317,18.35498],[-66.85423,18.35507],[-66.85479,18.35538],[-66.86259,18.35601],[-66.87136,18.35605],[-66.87192,18.3562],[-66.8727,18.35669],[-66.87363,18.35687],[-66.87487,18.35673],[-66.87627,18.35696],[-66.87681,18.35678],[-66.87699,18.3569],[-66.87707,18.35776],[-66.87724,18.35801],[-66.87794,18.35854],[-66.87902,18.35878],[-66.87967,18.35984],[-66.88063,18.3605],[-66.88094,18.36126],[-66.88094,18.36165],[-66.8807,18.36231],[-66.8808,18.36289],[-66.88097,18.36309],[-66.88131,18.36313],[-66.88185,18.36351],[-66.8822,18.36459],[-66.88297,18.36485],[-66.88423,18.36585],[-66.88482,18.36582],[-66.88507,18.36595],[-66.88551,18.36709],[-66.88576,18.36715],[-66.88614,18.36698],[-66.88655,18.36721],[-66.88692,18.36695],[-66.88738,18.3671],[-66.88752,18.36749],[-66.88849,18.36741],[-66.88927,18.36764],[-66.88994,18.36808],[-66.89,18.36785],[-66.89022,18.36784],[-66.89038,18.36802],[-66.89099,18.36815],[-66.89138,18.36807],[-66.89137,18.36782],[-66.89171,18.36754],[-66.89234,18.36765],[-66.8931,18.36756],[-66.89331,18.36713],[-66.89249,18.36638],[-66.89187,18.36535],[-66.89825,18.34159],[-66.90445,18.32282],[-66.90549,18.31595],[-66.90986,18.30285],[-66.91016,18.29682],[-66.90954,18.29311],[-66.91013,18.28794],[-66.91028,18.28281],[-66.91061,18.27824],[-66.91016,18.27803],[-66.91004,18.27779],[-66.91002,18.2768],[-66.90935,18.27567],[-66.90922,18.27486],[-66.90878,18.27441],[-66.90846,18.27374],[-66.90791,18.27327],[-66.90837,18.27225],[-66.90848,18.27079],[-66.90804,18.27004],[-66.90806,18.26977],[-66.90831,18.26912],[-66.90881,18.26675],[-66.90902,18.26635],[-66.90718,18.26419],[-66.90721,18.26369],[-66.907,18.26284],[-66.9073,18.262],[-66.908,18.26106],[-66.90834,18.26024],[-66.9083,18.25723],[-66.90864,18.25623],[-66.90882,18.25483],[-66.90856,18.25334],[-66.90838,18.25315],[-66.9073,18.25314],[-66.90632,18.2527],[-66.90564,18.25202],[-66.90609,18.25109],[-66.90672,18.25058],[-66.9072,18.24828],[-66.90763,18.24752],[-66.90744,18.24662],[-66.90717,18.24607],[-66.90785,18.24536],[-66.90862,18.24413],[-66.90863,18.24374],[-66.90835,18.24321],[-66.90872,18.24284],[-66.90904,18.2418],[-66.91005,18.24081],[-66.91285,18.23328],[-66.91286,18.23274],[-66.90739,18.21635],[-66.90205,18.1997],[-66.89801,18.18791],[-66.89771,18.18771],[-66.89663,18.18739],[-66.89577,18.18725],[-66.88771,18.18691],[-66.87882,18.18706],[-66.87611,18.1875],[-66.87563,18.18746],[-66.87474,18.18713],[-66.87295,18.1872],[-66.87032,18.18704],[-66.86942,18.18728],[-66.86767,18.18731],[-66.86718,18.1872],[-66.86682,18.18678],[-66.86613,18.18661],[-66.86592,18.18583],[-66.86562,18.18566],[-66.86483,18.18657],[-66.86408,18.18676],[-66.86385,18.18661],[-66.86368,18.18573],[-66.86362,18.1852],[-66.86382,18.18445],[-66.8634,18.18418],[-66.86284,18.18431],[-66.86276,18.18395],[-66.86337,18.1831],[-66.86444,18.18219],[-66.86458,18.18189],[-66.86435,18.18168],[-66.86299,18.18178],[-66.86276,18.18163],[-66.86258,18.18123],[-66.86237,18.17994],[-66.86258,18.17831],[-66.86237,18.178],[-66.86174,18.17766],[-66.861,18.17696],[-66.86028,18.17561],[-66.86043,18.17522],[-66.86083,18.17485],[-66.86104,18.17488],[-66.86187,18.17564],[-66.86213,18.17562],[-66.86251,18.17535],[-66.86288,18.17462],[-66.86287,18.17381],[-66.86268,18.17336],[-66.86163,18.17373],[-66.86024,18.17379],[-66.85881,18.17359],[-66.85855,18.17345],[-66.85837,18.17291],[-66.85799,18.17256],[-66.85782,18.17191],[-66.85758,18.17181],[-66.85722,18.1719],[-66.85694,18.17222],[-66.85642,18.17237],[-66.85613,18.17219],[-66.85564,18.17143],[-66.85412,18.1718],[-66.85354,18.17117],[-66.85197,18.17123],[-66.8506,18.1706],[-66.84853,18.17081],[-66.84773,18.1712],[-66.84669,18.17148],[-66.84406,18.17163],[-66.83935,18.17088],[-66.83675,18.17073],[-66.83617,18.17081],[-66.83534,18.17056],[-66.83372,18.17075],[-66.83248,18.17051],[-66.83097,18.17104],[-66.82949,18.17044],[-66.82856,18.17034],[-66.82828,18.17043],[-66.82722,18.17129],[-66.82719,18.17158],[-66.82678,18.17217],[-66.82577,18.17219],[-66.82532,18.17249],[-66.82495,18.17292],[-66.8248,18.17351],[-66.82481,18.17375],[-66.82529,18.17421],[-66.82717,18.17443],[-66.82763,18.17471],[-66.8276,18.17549],[-66.8269,18.17641],[-66.82685,18.17668],[-66.82738,18.17817],[-66.82878,18.17927],[-66.83001,18.17961],[-66.83126,18.17966],[-66.83179,18.1798],[-66.832,18.18008],[-66.83268,18.18189],[-66.8333,18.18227],[-66.83436,18.18236],[-66.83494,18.18269],[-66.83491,18.18377],[-66.83422,18.18397],[-66.83411,18.18425],[-66.83532,18.18514],[-66.83621,18.18544],[-66.83635,18.18567],[-66.83563,18.18737],[-66.8356,18.18922],[-66.83612,18.19126],[-66.83707,18.19246],[-66.83718,18.1928],[-66.83684,18.1932],[-66.8363,18.19345],[-66.83462,18.19383],[-66.8335,18.19433],[-66.83284,18.19514],[-66.83272,18.19563],[-66.83283,18.19615],[-66.83311,18.19658],[-66.83434,18.19771],[-66.83487,18.19893],[-66.835,18.20043],[-66.83446,18.20155],[-66.83455,18.20172],[-66.83415,18.20262],[-66.8341,18.20316],[-66.8347,18.20532],[-66.83473,18.20709],[-66.83521,18.208],[-66.83619,18.20899],[-66.83635,18.20952],[-66.83608,18.21041],[-66.83577,18.21037],[-66.83516,18.20994],[-66.83495,18.21019],[-66.83472,18.21109],[-66.83286,18.21486],[-66.83282,18.21517],[-66.83307,18.21531],[-66.83367,18.21484],[-66.83399,18.21478],[-66.83413,18.2154],[-66.83371,18.21621],[-66.8337,18.21672],[-66.83466,18.21763],[-66.83498,18.21829],[-66.83499,18.2186],[-66.8343,18.22004],[-66.83329,18.22068],[-66.83298,18.22117],[-66.83247,18.22148],[-66.83192,18.22107],[-66.8306,18.22092],[-66.83031,18.22075],[-66.82997,18.21972],[-66.82914,18.22107],[-66.82934,18.22302],[-66.83023,18.22397],[-66.8305,18.22497],[-66.83071,18.22521],[-66.83184,18.22578],[-66.83208,18.22605],[-66.83228,18.2267],[-66.83226,18.2277],[-66.83274,18.22799],[-66.83329,18.22803],[-66.83294,18.22889],[-66.83133,18.22951],[-66.83083,18.23072],[-66.83059,18.23099],[-66.82763,18.23217],[-66.82653,18.23244],[-66.82468,18.23262],[-66.8217,18.23187],[-66.82031,18.23099],[-66.81922,18.2308],[-66.81861,18.23044],[-66.81763,18.23034],[-66.8169,18.23008],[-66.81714,18.23446],[-66.81766,18.2355],[-66.81842,18.23604],[-66.82031,18.23684],[-66.82069,18.23731],[-66.82155,18.23787],[-66.82219,18.23861],[-66.82286,18.23895],[-66.82352,18.23971],[-66.82357,18.23997],[-66.82331,18.24069],[-66.82419,18.24202],[-66.82425,18.24242],[-66.82408,18.24316],[-66.82428,18.24341],[-66.82504,18.24399],[-66.82571,18.24429],[-66.8261,18.24431],[-66.82669,18.24379],[-66.82691,18.24377],[-66.82725,18.24426],[-66.82725,18.24487],[-66.82685,18.24591],[-66.82693,18.24762],[-66.82665,18.24884],[-66.82635,18.24926],[-66.82674,18.25032],[-66.82675,18.25071],[-66.82647,18.25149],[-66.82657,18.25213],[-66.82649,18.2526],[-66.82672,18.2529],[-66.82669,18.25312],[-66.82603,18.25326],[-66.82557,18.25364],[-66.82561,18.25393],[-66.82611,18.25438],[-66.82616,18.25462],[-66.82614,18.25703],[-66.8271,18.25855],[-66.82709,18.25885],[-66.82694,18.25905],[-66.82706,18.25932],[-66.82739,18.25946],[-66.82756,18.26016],[-66.82704,18.26035],[-66.82687,18.26056],[-66.82635,18.26188],[-66.82607,18.26228],[-66.82489,18.26297],[-66.82476,18.26323],[-66.82518,18.26386],[-66.82616,18.26444],[-66.82579,18.26509],[-66.82578,18.26596],[-66.82516,18.26643],[-66.82517,18.26665],[-66.82551,18.2669],[-66.82679,18.26711],[-66.827,18.2673],[-66.82708,18.26785],[-66.82759,18.26821],[-66.82796,18.2687],[-66.82876,18.26908],[-66.82882,18.2693],[-66.82884,18.27018],[-66.82868,18.27072],[-66.82851,18.27101],[-66.82777,18.27153],[-66.82734,18.27265],[-66.82684,18.27318],[-66.82701,18.27386],[-66.82709,18.27523],[-66.82753,18.27556],[-66.8277,18.27586],[-66.82761,18.27602],[-66.82697,18.27594],[-66.82685,18.27662],[-66.82696,18.27713],[-66.82727,18.27789],[-66.82917,18.27734],[-66.82994,18.27742],[-66.83049,18.27775],[-66.83019,18.27885],[-66.83026,18.27915],[-66.83058,18.27953],[-66.83053,18.27999],[-66.83087,18.28038],[-66.82979,18.28108],[-66.82951,18.28186],[-66.82863,18.28272],[-66.8287,18.28299],[-66.829,18.28305],[-66.82948,18.28286],[-66.8297,18.28284],[-66.82986,18.28299],[-66.82961,18.28347],[-66.82906,18.28377],[-66.82877,18.28413],[-66.82862,18.28461],[-66.82874,18.28483],[-66.82903,18.28486],[-66.82976,18.28467],[-66.83062,18.28476],[-66.83112,18.28488],[-66.83125,18.28507],[-66.83088,18.28544],[-66.82987,18.28541],[-66.82971,18.28598],[-66.82976,18.28723],[-66.82962,18.28768],[-66.8287,18.28811],[-66.8287,18.28888],[-66.8282,18.2894],[-66.82765,18.2893],[-66.8274,18.2895],[-66.82635,18.29082],[-66.82627,18.29138],[-66.82653,18.29187],[-66.82612,18.29353],[-66.82498,18.29496],[-66.82473,18.29555],[-66.82486,18.29576],[-66.82605,18.2952],[-66.82651,18.2954],[-66.8266,18.29578],[-66.826,18.29766],[-66.82554,18.29766],[-66.82533,18.29783],[-66.82489,18.29865],[-66.82492,18.29895],[-66.82517,18.29891],[-66.82565,18.29828],[-66.82589,18.29835],[-66.82674,18.30078],[-66.82642,18.30199],[-66.82633,18.30228],[-66.82602,18.30256],[-66.8251,18.30267],[-66.82349,18.30346],[-66.8235,18.30365],[-66.82423,18.30401],[-66.8247,18.30472],[-66.82484,18.30525],[-66.82477,18.30608],[-66.82507,18.30691],[-66.82519,18.30776],[-66.82515,18.30825],[-66.82448,18.30878],[-66.82444,18.30903],[-66.82462,18.30914],[-66.82521,18.30909],[-66.82522,18.30938],[-66.82499,18.30995],[-66.82449,18.30999],[-66.82429,18.3104],[-66.82489,18.311],[-66.826,18.31157],[-66.82701,18.31233],[-66.82707,18.31255],[-66.82678,18.3135],[-66.82697,18.31376],[-66.82735,18.31394],[-66.82741,18.31432],[-66.82743,18.31464],[-66.82694,18.31528],[-66.82605,18.31562],[-66.82561,18.31617],[-66.82461,18.31684],[-66.8242,18.31774],[-66.82343,18.31825],[-66.82359,18.31858],[-66.82424,18.31922],[-66.82433,18.31963],[-66.82485,18.31994],[-66.82512,18.32073],[-66.82553,18.32142],[-66.8255,18.32168],[-66.82506,18.32238],[-66.82532,18.32245],[-66.82604,18.32336],[-66.82481,18.33316],[-66.82477,18.33734],[-66.82408,18.34328]]]},"properties":{"municipio":"Lares","geoid":"72081","countyfp":"081","abrev_mun":"LAR"}},
{"type":"Feature","geometry":{"type":"Polygon","coordinates":[[[-66.9073,18.25314],[-66.9079,18.25239],[-66.90846,18.2521],[-66.90883,18.25212],[-66.91065,18.25311],[-66.91164,18.25341],[-66.91252,18.25407],[-66.9137,18.25426],[-66.91445,18.25477],[-66.91523,18.25507],[-66.91825,18.25576],[-66.91899,18.25627],[-66.91905,18.25654],[-66.91884,18.25828],[-66.91906,18.25875],[-66.91943,18.2591],[-66.91967,18.25907],[-66.92182,18.25757],[-66.92236,18.25736],[-66.92255,18.25743],[-66.92332,18.25872],[-66.92388,18.26021],[-66.92428,18.26045],[-66.92678,18.25962],[-66.92759,18.25916],[-66.93006,18.2586],[-66.93036,18.25834],[-66.93033,18.25782],[-66.93004,18.25727],[-66.9294,18.25675],[-66.92908,18.25666],[-66.92837,18.25699],[-66.92781,18.25693],[-66.9275,18.25614],[-66.92752,18.25547],[-66.9289,18.25403],[-66.92996,18.25397],[-66.93157,18.25325],[-66.93215,18.25327],[-66.93239,18.25343],[-66.93314,18.25566],[-66.93327,18.25717],[-66.9337,18.25847],[-66.9341,18.25884],[-66.93522,18.25898],[-66.93615,18.25888],[-66.93706,18.25848],[-66.93825,18.25858],[-66.93849,18.25876],[-66.93855,18.25908],[-66.93852,18.25976],[-66.93871,18.26042],[-66.9388,18.2619],[-66.9391,18.26228],[-66.93963,18.26239],[-66.94005,18.26231],[-66.94058,18.26153],[-66.94193,18.26017],[-66.94258,18.26027],[-66.94312,18.26061],[-66.94329,18.26091],[-66.94338,18.26176],[-66.94306,18.26272],[-66.94263,18.26351],[-66.94122,18.26507],[-66.94102,18.26582],[-66.94132,18.26636],[-66.94221,18.26673],[-66.94404,18.26815],[-66.94484,18.26993],[-66.94502,18.27129],[-66.9454,18.27254],[-66.94557,18.27292],[-66.94603,18.27324],[-66.94654,18.27309],[-66.94721,18.27254],[-66.94769,18.27197],[-66.94784,18.2714],[-66.94736,18.27015],[-66.94654,18.26987],[-66.94642,18.26972],[-66.94624,18.2691],[-66.94638,18.26844],[-66.94696,18.26757],[-66.94781,18.26682],[-66.94887,18.2666],[-66.94973,18.26668],[-66.94995,18.2669],[-66.95026,18.26751],[-66.95064,18.26923],[-66.95086,18.26964],[-66.95276,18.27095],[-66.95395,18.27148],[-66.95606,18.27191],[-66.9575,18.27184],[-66.96,18.2713],[-66.96059,18.27101],[-66.96156,18.27006],[-66.9619,18.27013],[-66.96296,18.2708],[-66.96436,18.27127],[-66.96497,18.27127],[-66.96526,18.27083],[-66.96521,18.26982],[-66.96537,18.26878],[-66.96534,18.26804],[-66.965,18.26668],[-66.96515,18.26582],[-66.96698,18.26372],[-66.96775,18.26343],[-66.96872,18.26341],[-66.96924,18.26351],[-66.96962,18.26389],[-66.97032,18.26632],[-66.97017,18.26789],[-66.97031,18.26864],[-66.97139,18.27014],[-66.97194,18.27193],[-66.97298,18.2739],[-66.9736,18.27435],[-66.97478,18.27455],[-66.97512,18.27474],[-66.9753,18.27465],[-66.97741,18.27494],[-66.97849,18.27578],[-66.97894,18.27597],[-66.97972,18.27598],[-66.98058,18.27577],[-66.98161,18.27508],[-66.98268,18.27462],[-66.98418,18.27452],[-66.98719,18.27508],[-66.98845,18.27571],[-66.98898,18.27663],[-66.98945,18.27684],[-66.99066,18.27677],[-66.99146,18.27657],[-66.99224,18.27569],[-66.99258,18.27555],[-66.99412,18.27562],[-66.99586,18.27633],[-66.99767,18.27741],[-66.99802,18.27747],[-66.99869,18.27732],[-67.00147,18.27614],[-67.0033,18.27719],[-67.00564,18.27912],[-67.00895,18.27899],[-67.01127,18.27867],[-67.01189,18.2789],[-67.01266,18.27943],[-67.01317,18.27918],[-67.01386,18.27846],[-67.01421,18.27831],[-67.01531,18.27736],[-67.01779,18.2768],[-67.01833,18.27707],[-67.01875,18.27754],[-67.01963,18.2793],[-67.01985,18.28034],[-67.0201,18.28063],[-67.02139,18.28145],[-67.02247,18.28161],[-67.02404,18.28126],[-67.02435,18.28089],[-67.02489,18.27965],[-67.02523,18.27922],[-67.02621,18.27861],[-67.02693,18.27852],[-67.02791,18.27854],[-67.02886,18.27885],[-67.02933,18.27941],[-67.02961,18.28031],[-67.03019,18.28098],[-67.03266,18.28202],[-67.03413,18.28177],[-67.03479,18.28154],[-67.03581,18.28085],[-67.03627,18.28079],[-67.03733,18.2803],[-67.03781,18.28032],[-67.03824,18.28075],[-67.03847,18.28142],[-67.03906,18.2824],[-67.03923,18.2828],[-67.03908,18.28305],[-67.03843,18.28334],[-67.03823,18.28393],[-67.03789,18.28413],[-67.03539,18.2848],[-67.0341,18.28474],[-67.03348,18.28498],[-67.03205,18.2864],[-67.03108,18.28859],[-67.03104,18.28899],[-67.0312,18.28949],[-67.03149,18.28975],[-67.03191,18.2899],[-67.03265,18.28992],[-67.0332,18.28968],[-67.0338,18.28905],[-67.03469,18.28847],[-67.03594,18.28802],[-67.03625,18.28802],[-67.03648,18.28825],[-67.03661,18.28884],[-67.03784,18.28976],[-67.03839,18.28803],[-67.03912,18.28787],[-67.03922,18.28765],[-67.03914,18.28572],[-67.03946,18.28442],[-67.04082,18.28323],[-67.04117,18.28195],[-67.04022,18.28168],[-67.04001,18.28146],[-67.04002,18.28064],[-67.03965,18.27988],[-67.03955,18.27927],[-67.0396,18.27858],[-67.03993,18.27758],[-67.04048,18.27696],[-67.04073,18.27627],[-67.04054,18.27457],[-67.04074,18.27326],[-67.04035,18.27182],[-67.04132,18.27124],[-67.04183,18.27112],[-67.04209,18.27074],[-67.04252,18.27093],[-67.04437,18.27097],[-67.04645,18.2703],[-67.04747,18.26971],[-67.04854,18.26939],[-67.04899,18.26892],[-67.04936,18.26874],[-67.05029,18.26852],[-67.05111,18.26859],[-67.05168,18.26798],[-67.05154,18.26681],[-67.05189,18.26617],[-67.05213,18.26614],[-67.05276,18.26621],[-67.05326,18.26609],[-67.05573,18.26712],[-67.05659,18.26724],[-67.05715,18.26784],[-67.05863,18.26892],[-67.06009,18.26904],[-67.06186,18.27008],[-67.06476,18.26127],[-67.07208,18.25477],[-67.07334,18.25442],[-67.07418,18.25461],[-67.07577,18.25706],[-67.07606,18.25773],[-67.07743,18.25838],[-67.07825,18.25892],[-67.07864,18.25885],[-67.07904,18.25858],[-67.08195,18.25496],[-67.08156,18.25485],[-67.08132,18.25493],[-67.08085,18.25466],[-67.08029,18.25404],[-67.08007,18.25326],[-67.07862,18.25249],[-67.07805,18.25181],[-67.07778,18.25117],[-67.07604,18.24935],[-67.07545,18.24854],[-67.0745,18.24838],[-67.0739,18.24764],[-67.07345,18.2477],[-67.07322,18.24801],[-67.07178,18.24882],[-67.07112,18.2489],[-67.06986,18.24801],[-67.06896,18.24776],[-67.06835,18.24743],[-67.06798,18.24699],[-67.06799,18.24653],[-67.06739,18.24635],[-67.0667,18.2473],[-67.06619,18.24737],[-67.06504,18.24635],[-67.06414,18.24619],[-67.06325,18.24571],[-67.06299,18.24526],[-67.0621,18.24488],[-67.06125,18.24504],[-67.06002,18.24496],[-67.05945,18.24518],[-67.05903,18.24516],[-67.05744,18.24614],[-67.05676,18.24558],[-67.05603,18.24539],[-67.05695,18.24277],[-67.05694,18.24252],[-67.05641,18.24161],[-67.05649,18.2411],[-67.05678,18.24056],[-67.05673,18.2401],[-67.056,18.23959],[-67.05519,18.23969],[-67.05478,18.23956],[-67.0545,18.23917],[-67.05426,18.23829],[-67.05289,18.23712],[-67.05262,18.23564],[-67.05249,18.23534],[-67.05169,18.23478],[-67.05143,18.23368],[-67.05149,18.23284],[-67.05205,18.23067],[-67.05116,18.22955],[-67.05077,18.22849],[-67.05016,18.22738],[-67.04961,18.22715],[-67.0489,18.22713],[-67.0468,18.22661],[-67.04637,18.22567],[-67.04576,18.22508],[-67.04573,18.22488],[-67.04601,18.22452],[-67.04584,18.22441],[-67.04487,18.22431],[-67.04418,18.22396],[-67.04366,18.22403],[-67.04302,18.22431],[-67.04225,18.22432],[-67.04195,18.22381],[-67.0416,18.22351],[-67.04138,18.22348],[-67.04071,18.22379],[-67.0405,18.22371],[-67.04035,18.22296],[-67.04001,18.22232],[-67.03802,18.2216],[-67.03717,18.22176],[-67.03761,18.22108],[-67.03715,18.22052],[-67.03711,18.21986],[-67.03696,18.21973],[-67.03596,18.21943],[-67.03564,18.21898],[-67.03458,18.2185],[-67.0339,18.2185],[-67.03317,18.21813],[-67.03275,18.2181],[-67.03334,18.20819],[-67.03245,18.20873],[-67.03126,18.20897],[-67.03074,18.2089],[-67.02968,18.20846],[-67.02935,18.20848],[-67.0289,18.20887],[-67.02868,18.2089],[-67.02759,18.20832],[-67.02711,18.20729],[-67.02623,18.20702],[-67.02545,18.20631],[-67.02518,18.20598],[-67.02506,18.20558],[-67.02485,18.20548],[-67.02453,18.2054],[-67.02381,18.20568],[-67.02345,18.20546],[-67.02318,18.20497],[-67.02269,18.20511],[-67.02201,18.20477],[-67.02129,18.2048],[-67.02041,18.20446],[-67.02008,18.20442],[-67.01941,18.20463],[-67.0191,18.20462],[-67.01895,18.20445],[-67.01899,18.20338],[-67.01972,18.20164],[-67.01979,18.2003],[-67.02046,18.19904],[-67.0207,18.19801],[-67.02059,18.19701],[-67.01999,18.19559],[-67.00375,18.19362],[-67.00262,18.19589],[-67.00139,18.19682],[-67.00068,18.19758],[-67.00033,18.19769],[-66.99806,18.19733],[-66.99725,18.19753],[-66.99576,18.1974],[-66.99535,18.19784],[-66.9946,18.19832],[-66.99432,18.19872],[-66.99376,18.19862],[-66.99292,18.19879],[-66.99249,18.19908],[-66.99198,18.19978],[-66.99126,18.20006],[-66.99088,18.2006],[-66.99064,18.20172],[-66.98949,18.20384],[-66.98951,18.20517],[-66.98933,18.20533],[-66.98888,18.20539],[-66.98818,18.20505],[-66.98725,18.20491],[-66.98624,18.20493],[-66.98482,18.2054],[-66.98312,18.20574],[-66.98139,18.20642],[-66.98047,18.20639],[-66.98,18.20657],[-66.97957,18.20695],[-66.97935,18.20751],[-66.97895,18.20804],[-66.97792,18.20812],[-66.97686,18.20765],[-66.97592,18.20605],[-66.97574,18.20595],[-66.97465,18.2058],[-66.97433,18.20619],[-66.97413,18.20612],[-66.97379,18.20512],[-66.97348,18.20508],[-66.97272,18.20535],[-66.97231,18.20536],[-66.97152,18.20445],[-66.9712,18.20442],[-66.97047,18.20467],[-66.96895,18.20685],[-66.9684,18.20695],[-66.96779,18.2068],[-66.96707,18.20637],[-66.9661,18.20603],[-66.96409,18.20607],[-66.9625,18.20589],[-66.96227,18.20573],[-66.96118,18.20549],[-66.96006,18.2049],[-66.9587,18.20469],[-66.95826,18.20443],[-66.95808,18.20411],[-66.95808,18.20373],[-66.95884,18.20197],[-66.95879,18.20158],[-66.95845,18.20102],[-66.9585,18.20042],[-66.95833,18.19994],[-66.95787,18.19992],[-66.95632,18.20038],[-66.95375,18.20011],[-66.95275,18.20016],[-66.95215,18.20044],[-66.95148,18.20126],[-66.95084,18.20168],[-66.94827,18.20164],[-66.94741,18.2015],[-66.94619,18.20167],[-66.94574,18.20144],[-66.94556,18.201],[-66.94603,18.19984],[-66.94599,18.19963],[-66.94581,18.19937],[-66.94534,18.19917],[-66.91766,18.19256],[-66.91557,18.19211],[-66.91491,18.1921],[-66.91459,18.19184],[-66.89923,18.1881],[-66.89801,18.18791],[-66.90205,18.1997],[-66.90739,18.21635],[-66.91286,18.23274],[-66.91285,18.23328],[-66.91005,18.24081],[-66.90904,18.2418],[-66.90872,18.24284],[-66.90835,18.24321],[-66.90863,18.24374],[-66.90862,18.24413],[-66.90785,18.24536],[-66.90717,18.24607],[-66.90744,18.24662],[-66.90763,18.24752],[-66.9072,18.24828],[-66.90672,18.25058],[-66.90609,18.25109],[-66.90564,18.25202],[-66.90632,18.2527],[-66.9073,18.25314]]]},"properties":{"municipio":"Las Marías","geoid":"72083","countyfp":"083","abrev_mun":"LMA"}},
{"type":"Feature","geometry":{"type":"Polygon","coordinates":[[[-65.82433,18.27305],[-65.82507,18.27349],[-65.82613,18.27316],[-65.82693,18.27335],[-65.82771,18.27308],[-65.829,18.27222],[-65.82991,18.2722],[-65.83169,18.27174],[-65.83405,18.27303],[-65.83477,18.27374],[-65.83584,18.27441],[-65.83642,18.27512],[-65.83742,18.27432],[-65.83855,18.2737],[-65.83892,18.27318],[-65.83912,18.27194],[-65.83948,18.27084],[-65.83935,18.26902],[-65.8395,18.26735],[-65.83978,18.26612],[-65.84014,18.2652],[-65.84053,18.26489],[-65.8421,18.26445],[-65.84257,18.26341],[-65.84365,18.26192],[-65.84485,18.26055],[-65.84564,18.25989],[-65.84596,18.25927],[-65.84603,18.25861],[-65.84653,18.25801],[-65.84713,18.25781],[-65.84983,18.25605],[-65.85064,18.25601],[-65.85142,18.25558],[-65.85201,18.25541],[-65.85259,18.25508],[-65.85262,18.25483],[-65.85268,18.25423],[-65.85336,18.25307],[-65.85322,18.25088],[-65.85316,18.25064],[-65.85186,18.2494],[-65.85196,18.24814],[-65.85222,18.24767],[-65.85765,18.24239],[-65.85814,18.24171],[-65.86623,18.22698],[-65.86754,18.22379],[-65.86758,18.22254],[-65.86891,18.22122],[-65.86896,18.22018],[-65.86866,18.21959],[-65.86879,18.21945],[-65.86992,18.2197],[-65.87081,18.21949],[-65.87439,18.21592],[-65.87461,18.21592],[-65.87632,18.2143],[-65.88278,18.20795],[-65.88766,18.19837],[-65.88955,18.19983],[-65.89312,18.2002],[-65.89406,18.20017],[-65.89458,18.20031],[-65.89535,18.20153],[-65.89621,18.20231],[-65.89634,18.20136],[-65.89676,18.20015],[-65.89872,18.19609],[-65.89992,18.19418],[-65.90097,18.19307],[-65.90199,18.19157],[-65.90278,18.18837],[-65.90306,18.18495],[-65.90915,18.17664],[-65.91034,18.1751],[-65.91063,18.17493],[-65.91153,18.17309],[-65.91168,18.17229],[-65.91289,18.16996],[-65.914,18.16883],[-65.91443,18.16785],[-65.91444,18.16696],[-65.91623,18.16441],[-65.91664,18.16288],[-65.91652,18.16093],[-65.91729,18.16037],[-65.91752,18.15942],[-65.91854,18.15711],[-65.92083,18.15398],[-65.92158,18.15228],[-65.92298,18.15013],[-65.92491,18.14637],[-65.92561,18.14543],[-65.92627,18.14414],[-65.92831,18.14299],[-65.92694,18.14098],[-65.92713,18.14033],[-65.92636,18.13897],[-65.92532,18.13978],[-65.92381,18.13963],[-65.92294,18.13918],[-65.9221,18.13896],[-65.92161,18.13832],[-65.92078,18.13766],[-65.92068,18.13734],[-65.92116,18.13607],[-65.92442,18.1356],[-65.92509,18.13502],[-65.9254,18.13448],[-65.92534,18.13393],[-65.92504,18.13346],[-65.9258,18.13112],[-65.92564,18.12977],[-65.92532,18.12884],[-65.92585,18.128],[-65.92635,18.1275],[-65.9257,18.1267],[-65.92577,18.12609],[-65.92634,18.12503],[-65.92663,18.12506],[-65.92694,18.12342],[-65.92733,18.12269],[-65.92747,18.122],[-65.92621,18.12019],[-65.92515,18.1206],[-65.92398,18.12036],[-65.92134,18.12057],[-65.92077,18.12128],[-65.91928,18.12095],[-65.91813,18.12195],[-65.91727,18.12239],[-65.9169,18.12248],[-65.91628,18.12226],[-65.916,18.12237],[-65.91551,18.12216],[-65.91452,18.1223],[-65.91428,18.12254],[-65.914,18.12322],[-65.91296,18.1237],[-65.91184,18.12353],[-65.9099,18.12375],[-65.90956,18.12396],[-65.90892,18.12472],[-65.90814,18.12523],[-65.90794,18.12586],[-65.90753,18.12612],[-65.90703,18.12609],[-65.90644,18.1257],[-65.90585,18.1258],[-65.90494,18.12557],[-65.90416,18.12573],[-65.90282,18.12554],[-65.90168,18.12595],[-65.90092,18.12566],[-65.89972,18.12411],[-65.89923,18.12371],[-65.89851,18.12355],[-65.89772,18.12409],[-65.89725,18.12416],[-65.89658,18.12353],[-65.89613,18.12344],[-65.89488,18.12413],[-65.89463,18.12413],[-65.89432,18.12395],[-65.89321,18.12249],[-65.89145,18.12209],[-65.88947,18.12127],[-65.88858,18.12125],[-65.88701,18.12163],[-65.88669,18.12177],[-65.88633,18.12225],[-65.88602,18.12242],[-65.88513,18.12245],[-65.88436,18.12279],[-65.88409,18.12271],[-65.88347,18.12217],[-65.8834,18.12191],[-65.88352,18.12146],[-65.883,18.12026],[-65.88266,18.11999],[-65.88112,18.11918],[-65.88062,18.11875],[-65.87945,18.11852],[-65.87896,18.11789],[-65.87857,18.11783],[-65.8777,18.11809],[-65.87721,18.11956],[-65.87719,18.121],[-65.87651,18.12227],[-65.87666,18.12274],[-65.87595,18.12314],[-65.87567,18.1237],[-65.87557,18.12419],[-65.87565,18.125],[-65.8755,18.12566],[-65.87449,18.12671],[-65.87419,18.12753],[-65.8742,18.1283],[-65.87274,18.12944],[-65.87165,18.12985],[-65.87135,18.13012],[-65.87116,18.13167],[-65.86954,18.13356],[-65.86889,18.13475],[-65.86857,18.13617],[-65.86789,18.137],[-65.86755,18.13772],[-65.86688,18.13811],[-65.86556,18.13818],[-65.86515,18.13835],[-65.86484,18.13902],[-65.86307,18.14001],[-65.86275,18.14021],[-65.86266,18.14044],[-65.86277,18.14129],[-65.86264,18.14191],[-65.86193,18.14434],[-65.86136,18.14563],[-65.86181,18.14702],[-65.86161,18.14831],[-65.8618,18.15067],[-65.86171,18.15112],[-65.86217,18.15302],[-65.86171,18.15399],[-65.8619,18.15579],[-65.85541,18.16766],[-65.85544,18.16879],[-65.85491,18.16956],[-65.85564,18.17068],[-65.85591,18.17191],[-65.85673,18.17341],[-65.8566,18.17377],[-65.85619,18.17419],[-65.85569,18.17549],[-65.85504,18.17633],[-65.85488,18.17678],[-65.85434,18.17726],[-65.85398,18.17726],[-65.85135,18.17631],[-65.8507,18.17579],[-65.84889,18.17623],[-65.84755,18.17627],[-65.84708,18.17652],[-65.84667,18.17775],[-65.84642,18.17803],[-65.84584,18.17828],[-65.83779,18.1756],[-65.83697,18.17537],[-65.83643,18.17536],[-65.83596,18.17683],[-65.83585,18.17827],[-65.83431,18.18175],[-65.83274,18.18403],[-65.83224,18.18453],[-65.83188,18.18473],[-65.83013,18.18522],[-65.82824,18.18679],[-65.82742,18.18892],[-65.82584,18.19186],[-65.82576,18.19335],[-65.82592,18.20044],[-65.83124,18.21416],[-65.82918,18.22798],[-65.82848,18.23052],[-65.82679,18.234],[-65.82125,18.24641],[-65.82033,18.24801],[-65.82047,18.24815],[-65.81928,18.25015],[-65.81852,18.2509],[-65.81822,18.25155],[-65.81752,18.25208],[-65.81726,18.25252],[-65.81712,18.25414],[-65.8172,18.25494],[-65.8167,18.25675],[-65.8173,18.25848],[-65.81668,18.26029],[-65.81583,18.2616],[-65.8156,18.26223],[-65.81575,18.2625],[-65.81699,18.26342],[-65.81739,18.26463],[-65.8192,18.26652],[-65.81981,18.26768],[-65.82003,18.26782],[-65.82224,18.26822],[-65.82297,18.26863],[-65.82398,18.26887],[-65.82406,18.26991],[-65.82457,18.27167],[-65.82433,18.27305]]]},"properties":{"municipio":"Las Piedras","geoid":"72085","countyfp":"085","abrev_mun":"LPI"}},
{"type":"Feature","geometry":{"type":"MultiPolygon","coordinates":[[[[-65.82899,18.42317],[-65.83012,18.42421],[-65.83206,18.42725],[-65.83248,18.42802],[-65.83312,18.43004],[-65.83358,18.43041],[-65.83652,18.43201],[-65.83762,18.43217],[-65.83879,18.43183],[-65.83902,18.43157],[-65.84033,18.43131],[-65.84363,18.43151],[-65.84533,18.4321],[-65.84814,18.43368],[-65.84887,18.43377],[-65.84965,18.43367],[-65.85117,18.43396],[-65.85226,18.43451],[-65.85305,18.43516],[-65.85349,18.43531],[-65.85675,18.43476],[-65.86062,18.43506],[-65.86652,18.43608],[-65.87168,18.43653],[-65.87587,18.43769],[-65.8771,18.4379],[-65.87845,18.43791],[-65.87859,18.43812],[-65.87816,18.4388],[-65.87813,18.43912],[-65.87925,18.43933],[-65.88329,18.44081],[-65.88457,18.44151],[-65.88846,18.44411],[-65.89247,18.44554],[-65.89367,18.44617],[-65.89522,18.44724],[-65.89591,18.44805],[-65.89602,18.4488],[-65.89524,18.4489],[-65.89514,18.44907],[-65.89519,18.44925],[-65.89539,18.4493],[-65.89533,18.44967],[-65.89596,18.44955],[-65.89679,18.45008],[-65.89698,18.45065],[-65.89736,18.45078],[-65.89723,18.45115],[-65.8975,18.45138],[-65.89863,18.45176],[-65.8995,18.45162],[-65.90004,18.45195],[-65.90051,18.45186],[-65.90085,18.45199],[-65.901,18.45225],[-65.90084,18.45258],[-65.90117,18.45241],[-65.90177,18.45252],[-65.90215,18.45231],[-65.90301,18.45238],[-65.90376,18.45313],[-65.90428,18.45291],[-65.90487,18.45295],[-65.90557,18.45277],[-65.90621,18.45238],[-65.90649,18.45265],[-65.90663,18.45249],[-65.90665,18.45215],[-65.90738,18.45164],[-65.90601,18.45115],[-65.90558,18.45119],[-65.90521,18.45107],[-65.90493,18.45116],[-65.90476,18.45081],[-65.90493,18.44967],[-65.90517,18.44903],[-65.90625,18.4478],[-65.90714,18.44728],[-65.90833,18.44694],[-65.90911,18.44691],[-65.91075,18.44713],[-65.9127,18.44594],[-65.91388,18.44541],[-65.91658,18.4447],[-65.91751,18.44461],[-65.92023,18.44542],[-65.92264,18.4454],[-65.92416,18.44506],[-65.92623,18.44517],[-65.92833,18.44579],[-65.92942,18.44643],[-65.93021,18.44659],[-65.93129,18.44657],[-65.93277,18.44634],[-65.93414,18.44633],[-65.9352,18.44656],[-65.93706,18.44721],[-65.93868,18.44713],[-65.94045,18.44729],[-65.94177,18.44776],[-65.94264,18.44775],[-65.94394,18.4481],[-65.94653,18.4493],[-65.94792,18.44955],[-65.94889,18.44957],[-65.95046,18.45004],[-65.95534,18.45083],[-65.9566,18.45131],[-65.95812,18.45137],[-65.96021,18.45194],[-65.96103,18.452],[-65.9626,18.45261],[-65.96365,18.45275],[-65.96518,18.45322],[-65.96589,18.45328],[-65.96669,18.45316],[-65.96789,18.45328],[-65.97211,18.45501],[-65.97348,18.45604],[-65.97432,18.45617],[-65.97523,18.45665],[-65.97575,18.45715],[-65.97592,18.45749],[-65.97583,18.4577],[-65.9768,18.45793],[-65.97709,18.45837],[-65.9771,18.45898],[-65.97797,18.45956],[-65.97948,18.45995],[-65.97991,18.45963],[-65.98106,18.4597],[-65.98111,18.45953],[-65.98081,18.45928],[-65.98089,18.45902],[-65.98054,18.45903],[-65.97999,18.45879],[-65.97995,18.45819],[-65.98021,18.45778],[-65.98074,18.45734],[-65.98177,18.45693],[-65.98281,18.4569],[-65.98338,18.45703],[-65.98538,18.45803],[-65.98725,18.45939],[-65.98759,18.45945],[-65.98814,18.45922],[-65.98879,18.45922],[-65.98991,18.45981],[-65.99039,18.46027],[-65.99188,18.46069],[-65.99254,18.45988],[-65.99289,18.45979],[-65.99269,18.45896],[-65.99279,18.45816],[-65.99294,18.45797],[-65.99262,18.45764],[-65.9916,18.45767],[-65.99025,18.45742],[-65.9898,18.45649],[-65.98923,18.4559],[-65.98688,18.45493],[-65.98629,18.45444],[-65.98604,18.45377],[-65.98598,18.45252],[-65.98524,18.45102],[-65.98491,18.45],[-65.98492,18.44941],[-65.9857,18.44669],[-65.98576,18.44607],[-65.9857,18.4446],[-65.98532,18.44361],[-65.98486,18.44319],[-65.98409,18.44281],[-65.98281,18.44249],[-65.9808,18.44223],[-65.97811,18.44237],[-65.97693,18.44231],[-65.97617,18.44205],[-65.97493,18.44099],[-65.97437,18.44068],[-65.97382,18.44055],[-65.97164,18.44063],[-65.97112,18.44052],[-65.97052,18.43947],[-65.97008,18.43787],[-65.96736,18.43341],[-65.96725,18.43266],[-65.96711,18.43248],[-65.96618,18.43231],[-65.96563,18.43248],[-65.96497,18.43299],[-65.96459,18.43397],[-65.96369,18.43444],[-65.96173,18.43385],[-65.96096,18.43324],[-65.95843,18.43331],[-65.95695,18.43358],[-65.95626,18.43398],[-65.95536,18.43487],[-65.95392,18.43703],[-65.95342,18.43732],[-65.95104,18.43594],[-65.95011,18.43518],[-65.94902,18.43488],[-65.945,18.43322],[-65.94232,18.43229],[-65.94085,18.43142],[-65.93666,18.43007],[-65.93235,18.4283],[-65.93158,18.42816],[-65.93039,18.42839],[-65.93089,18.42277],[-65.92795,18.41845],[-65.92621,18.41555],[-65.92696,18.41465],[-65.9275,18.41427],[-65.92768,18.41352],[-65.92828,18.413],[-65.92822,18.41278],[-65.92452,18.41166],[-65.92408,18.4116],[-65.92279,18.41177],[-65.92029,18.41112],[-65.92012,18.41098],[-65.91976,18.40985],[-65.92001,18.40579],[-65.91941,18.40294],[-65.9145,18.40561],[-65.90968,18.40107],[-65.9001,18.41345],[-65.89343,18.41152],[-65.88807,18.41147],[-65.88717,18.41087],[-65.88642,18.41084],[-65.88582,18.41066],[-65.88538,18.41102],[-65.88404,18.41077],[-65.8836,18.41089],[-65.88178,18.41071],[-65.88125,18.41079],[-65.87934,18.41043],[-65.87665,18.40944],[-65.87518,18.40904],[-65.87431,18.40931],[-65.87384,18.40898],[-65.86994,18.40898],[-65.87017,18.40677],[-65.86992,18.4062],[-65.86989,18.40576],[-65.87167,18.40501],[-65.8715,18.40059],[-65.87256,18.40062],[-65.87272,18.39601],[-65.8731,18.39446],[-65.87395,18.39314],[-65.87373,18.39225],[-65.87389,18.39144],[-65.87383,18.39048],[-65.87437,18.39022],[-65.8749,18.38965],[-65.8755,18.38941],[-65.87625,18.38783],[-65.87615,18.38533],[-65.87685,18.38229],[-65.87667,18.37861],[-65.86743,18.37823],[-65.86718,18.3786],[-65.86636,18.3791],[-65.86646,18.37931],[-65.86638,18.37956],[-65.86613,18.37973],[-65.86587,18.3802],[-65.86454,18.38098],[-65.86303,18.38138],[-65.86063,18.38139],[-65.85992,18.3816],[-65.85964,18.38186],[-65.85994,18.38246],[-65.86002,18.38304],[-65.8598,18.38381],[-65.85893,18.38573],[-65.8583,18.3866],[-65.85658,18.38994],[-65.8563,18.39155],[-65.85646,18.39259],[-65.85591,18.39519],[-65.85431,18.39921],[-65.85264,18.40063],[-65.85262,18.40183],[-65.85238,18.40184],[-65.85006,18.40343],[-65.84624,18.40443],[-65.84401,18.40557],[-65.8432,18.40681],[-65.84273,18.4086],[-65.84253,18.40886],[-65.83955,18.41127],[-65.83693,18.41419],[-65.8367,18.41431],[-65.8362,18.4143],[-65.83592,18.41459],[-65.83539,18.4147],[-65.83509,18.41493],[-65.83513,18.41563],[-65.8348,18.41685],[-65.83452,18.41715],[-65.83381,18.41749],[-65.834,18.4182],[-65.83361,18.41858],[-65.83351,18.41941],[-65.833,18.42051],[-65.82941,18.4226],[-65.82899,18.42317]]],[[[-65.96257,18.45298],[-65.9656,18.45382],[-65.96478,18.45348],[-65.96257,18.45298]]],[[[-65.96504,18.45343],[-65.96978,18.45489],[-65.97276,18.45614],[-65.97355,18.45633],[-65.97115,18.45526],[-65.96504,18.45343]]]]},"properties":{"municipio":"Loíza","geoid":"72087","countyfp":"087","abrev_mun":"LOI"}},
{"type":"Feature","geometry":{"type":"Polygon","coordinates":[[[-65.66962,18.36211],[-65.67121,18.36208],[-65.67266,18.36228],[-65.67394,18.3626],[-65.67499,18.36313],[-65.67625,18.3641],[-65.67712,18.36546],[-65.67725,18.36531],[-65.67743,18.36535],[-65.67808,18.36586],[-65.67855,18.3666],[-65.67883,18.36796],[-65.67959,18.36846],[-65.68068,18.36829],[-65.68187,18.36753],[-65.6822,18.36744],[-65.68365,18.36773],[-65.68475,18.36777],[-65.6861,18.36709],[-65.68716,18.36639],[-65.68774,18.36625],[-65.69007,18.36647],[-65.6921,18.36645],[-65.69398,18.36676],[-65.69954,18.36812],[-65.70017,18.36839],[-65.70094,18.36849],[-65.70449,18.3703],[-65.70501,18.37043],[-65.70582,18.37095],[-65.70795,18.37187],[-65.71107,18.37377],[-65.7127,18.37492],[-65.7131,18.37529],[-65.71321,18.37576],[-65.71338,18.37553],[-65.71357,18.37561],[-65.71582,18.37795],[-65.7162,18.37887],[-65.71602,18.38037],[-65.71647,18.381],[-65.71647,18.38187],[-65.71684,18.38196],[-65.71877,18.38164],[-65.71973,18.38199],[-65.72009,18.38233],[-65.72108,18.38473],[-65.721,18.38514],[-65.72019,18.38661],[-65.72028,18.38782],[-65.72019,18.38826],[-65.7204,18.389],[-65.72117,18.38959],[-65.7233,18.38963],[-65.72499,18.38905],[-65.72519,18.38891],[-65.72527,18.3885],[-65.72494,18.38827],[-65.72542,18.38853],[-65.72692,18.38874],[-65.72774,18.38864],[-65.72835,18.38915],[-65.72858,18.38889],[-65.72883,18.38746],[-65.72971,18.38521],[-65.73012,18.38458],[-65.731,18.38378],[-65.73346,18.3822],[-65.73613,18.38155],[-65.7366,18.38176],[-65.73631,18.38156],[-65.73616,18.38104],[-65.73651,18.38151],[-65.73662,18.3813],[-65.73749,18.38085],[-65.73923,18.38029],[-65.74092,18.38028],[-65.74221,18.38057],[-65.7438,18.38108],[-65.74563,18.38193],[-65.74682,18.38263],[-65.74786,18.38349],[-65.75031,18.38606],[-65.75025,18.38594],[-65.75092,18.38532],[-65.75198,18.38392],[-65.75226,18.38284],[-65.7528,18.38209],[-65.7535,18.38049],[-65.75434,18.38042],[-65.75604,18.37991],[-65.75859,18.37874],[-65.76019,18.37848],[-65.76079,18.37818],[-65.76092,18.37799],[-65.76117,18.37523],[-65.76139,18.37474],[-65.76215,18.37395],[-65.76322,18.37331],[-65.76349,18.373],[-65.76371,18.373],[-65.76357,18.37212],[-65.76395,18.37131],[-65.76488,18.37054],[-65.76582,18.37015],[-65.76636,18.3697],[-65.76663,18.36925],[-65.76671,18.36854],[-65.76745,18.36721],[-65.76843,18.36722],[-65.76881,18.36709],[-65.77034,18.36624],[-65.77055,18.36582],[-65.77055,18.36556],[-65.76927,18.363],[-65.76886,18.36114],[-65.7688,18.36021],[-65.76903,18.35842],[-65.76869,18.35736],[-65.7685,18.35608],[-65.76791,18.35579],[-65.76656,18.35558],[-65.76613,18.35518],[-65.76467,18.3544],[-65.76424,18.35386],[-65.76396,18.35251],[-65.76239,18.35071],[-65.76071,18.34948],[-65.75797,18.34691],[-65.75693,18.34638],[-65.75679,18.34608],[-65.75686,18.345],[-65.75635,18.3432],[-65.75532,18.34268],[-65.75442,18.34254],[-65.75398,18.34227],[-65.7536,18.34178],[-65.75352,18.34153],[-65.75367,18.34093],[-65.75428,18.34006],[-65.75456,18.33919],[-65.7544,18.33637],[-65.75408,18.33543],[-65.75409,18.33494],[-65.75427,18.33478],[-65.75547,18.33448],[-65.7561,18.33411],[-65.75633,18.33378],[-65.75586,18.33213],[-65.75649,18.33009],[-65.7564,18.32938],[-65.75603,18.32875],[-65.75552,18.32844],[-65.75145,18.32792],[-65.75,18.32678],[-65.74961,18.32666],[-65.74888,18.32668],[-65.74862,18.32612],[-65.74878,18.32451],[-65.74917,18.32362],[-65.74961,18.32329],[-65.75135,18.32292],[-65.75165,18.32266],[-65.75154,18.32135],[-65.75184,18.32068],[-65.75229,18.32045],[-65.75372,18.32053],[-65.75427,18.32018],[-65.75501,18.31926],[-65.75696,18.31914],[-65.75746,18.31892],[-65.75803,18.31837],[-65.75809,18.31808],[-65.75783,18.31722],[-65.75795,18.31695],[-65.75924,18.31588],[-65.75943,18.31539],[-65.75991,18.31314],[-65.75989,18.31159],[-65.76003,18.31088],[-65.76123,18.30979],[-65.76173,18.30831],[-65.76163,18.30721],[-65.7625,18.30609],[-65.76229,18.30492],[-65.7613,18.3025],[-65.7606,18.30161],[-65.75952,18.30073],[-65.75938,18.30046],[-65.75932,18.29948],[-65.75819,18.29766],[-65.75832,18.29697],[-65.75826,18.2962],[-65.75896,18.29401],[-65.75901,18.29077],[-65.7587,18.29082],[-65.75777,18.29163],[-65.7575,18.29296],[-65.75667,18.29375],[-65.75617,18.29457],[-65.75469,18.29544],[-65.75372,18.29687],[-65.75177,18.29852],[-65.75121,18.30002],[-65.75025,18.30128],[-65.74983,18.30131],[-65.74871,18.30086],[-65.74797,18.30085],[-65.74722,18.30025],[-65.74635,18.29989],[-65.74471,18.29973],[-65.74363,18.2994],[-65.74303,18.29891],[-65.74157,18.29713],[-65.7405,18.29654],[-65.73916,18.29547],[-65.73867,18.29557],[-65.73858,18.29619],[-65.7381,18.29631],[-65.73763,18.2961],[-65.73645,18.29295],[-65.73579,18.29228],[-65.73535,18.29152],[-65.73426,18.29053],[-65.734,18.28963],[-65.73361,18.28943],[-65.73347,18.28797],[-65.73232,18.28817],[-65.73205,18.28833],[-65.73191,18.2886],[-65.73198,18.28964],[-65.73193,18.28988],[-65.73158,18.29026],[-65.72914,18.29045],[-65.7284,18.29087],[-65.72807,18.29159],[-65.72782,18.29175],[-65.72688,18.29195],[-65.72582,18.29185],[-65.72556,18.29202],[-65.72526,18.29264],[-65.72507,18.29359],[-65.72522,18.2945],[-65.72514,18.29486],[-65.72484,18.29519],[-65.72431,18.29547],[-65.72277,18.29587],[-65.72109,18.2958],[-65.7206,18.29597],[-65.72086,18.29702],[-65.72059,18.29802],[-65.7211,18.29952],[-65.72037,18.30134],[-65.72085,18.30347],[-65.72079,18.3039],[-65.72056,18.30429],[-65.71965,18.3052],[-65.71952,18.3056],[-65.71956,18.3064],[-65.71914,18.3066],[-65.71828,18.30672],[-65.71738,18.30642],[-65.71523,18.30645],[-65.71426,18.30629],[-65.71379,18.30663],[-65.71289,18.30651],[-65.71239,18.30677],[-65.71102,18.30634],[-65.70979,18.30637],[-65.70901,18.3067],[-65.70836,18.30767],[-65.7067,18.30795],[-65.70581,18.30899],[-65.70498,18.30891],[-65.70472,18.30905],[-65.70454,18.30931],[-65.70466,18.31027],[-65.70477,18.31058],[-65.70518,18.31101],[-65.70497,18.31144],[-65.70485,18.3127],[-65.70453,18.31333],[-65.70445,18.31388],[-65.70483,18.31512],[-65.70478,18.31645],[-65.70497,18.3187],[-65.70429,18.31943],[-65.70381,18.32083],[-65.70273,18.3207],[-65.70204,18.3208],[-65.70061,18.32195],[-65.70026,18.32296],[-65.6989,18.32391],[-65.69776,18.32399],[-65.69675,18.32461],[-65.6955,18.32496],[-65.69461,18.32494],[-65.69322,18.32453],[-65.69231,18.3244],[-65.69137,18.32444],[-65.68921,18.32339],[-65.68662,18.32244],[-65.68583,18.32278],[-65.68551,18.32363],[-65.68532,18.32373],[-65.68424,18.32366],[-65.68484,18.32766],[-65.68505,18.32812],[-65.6859,18.32911],[-65.68594,18.32986],[-65.68575,18.33016],[-65.68476,18.33072],[-65.68379,18.33164],[-65.68318,18.33192],[-65.68293,18.33221],[-65.68204,18.33374],[-65.68206,18.33462],[-65.68193,18.33486],[-65.68103,18.33559],[-65.68076,18.33602],[-65.68087,18.33735],[-65.6805,18.33862],[-65.68027,18.33878],[-65.67939,18.3389],[-65.67902,18.33924],[-65.67904,18.34016],[-65.67836,18.34163],[-65.67805,18.34194],[-65.67818,18.34222],[-65.67806,18.34274],[-65.6789,18.34337],[-65.67956,18.34471],[-65.67953,18.34626],[-65.67935,18.34699],[-65.6778,18.3489],[-65.67723,18.34937],[-65.67645,18.35122],[-65.67568,18.35226],[-65.67539,18.35373],[-65.67432,18.35452],[-65.67378,18.35533],[-65.67319,18.35655],[-65.67293,18.35782],[-65.67268,18.35841],[-65.67175,18.35917],[-65.67104,18.35952],[-65.67049,18.36054],[-65.67043,18.36136],[-65.66979,18.36176],[-65.66962,18.36211]]]},"properties":{"municipio":"Luquillo","geoid":"72089","countyfp":"089","abrev_mun":"LUQ"}},
{"type":"Feature","geometry":{"type":"MultiPolygon","coordinates":[[[[-66.43873,18.48617],[-66.43915,18.48607],[-66.43956,18.48565],[-66.44035,18.48532],[-66.44066,18.4847],[-66.441,18.4845],[-66.4409,18.48428],[-66.44117,18.48388],[-66.44102,18.4838],[-66.44107,18.48361],[-66.44086,18.48354],[-66.4411,18.48286],[-66.44147,18.48234],[-66.44166,18.48143],[-66.44158,18.48104],[-66.44192,18.48048],[-66.4419,18.47999],[-66.44218,18.47947],[-66.44221,18.4788],[-66.4421,18.47866],[-66.44233,18.47743],[-66.44317,18.47697],[-66.44422,18.47707],[-66.44452,18.47695],[-66.4451,18.47614],[-66.44527,18.47563],[-66.44612,18.47493],[-66.44612,18.4748],[-66.44645,18.47463],[-66.44671,18.47387],[-66.4477,18.47287],[-66.44876,18.47129],[-66.44966,18.47074],[-66.45268,18.46986],[-66.45612,18.4692],[-66.45796,18.46898],[-66.46014,18.46919],[-66.46272,18.46922],[-66.46406,18.46946],[-66.46586,18.46934],[-66.46636,18.4692],[-66.46635,18.46906],[-66.46664,18.4689],[-66.46719,18.46882],[-66.46834,18.46906],[-66.4688,18.46896],[-66.46954,18.46904],[-66.47347,18.46981],[-66.47572,18.46992],[-66.47799,18.47051],[-66.47911,18.47116],[-66.47933,18.47112],[-66.47952,18.47125],[-66.4807,18.471],[-66.48152,18.47111],[-66.48257,18.47151],[-66.48329,18.4722],[-66.48373,18.4732],[-66.48349,18.47336],[-66.48242,18.4733],[-66.48235,18.4734],[-66.48254,18.47358],[-66.48324,18.47355],[-66.48343,18.47341],[-66.48333,18.47358],[-66.48365,18.47375],[-66.48393,18.47377],[-66.48435,18.47353],[-66.48451,18.47373],[-66.48472,18.47372],[-66.48471,18.47382],[-66.48496,18.47378],[-66.48516,18.47349],[-66.48471,18.47338],[-66.48467,18.47309],[-66.48493,18.47283],[-66.48548,18.47269],[-66.48581,18.47289],[-66.48604,18.47327],[-66.486,18.47345],[-66.48538,18.47358],[-66.48541,18.47386],[-66.48568,18.47404],[-66.48699,18.47423],[-66.48709,18.4745],[-66.48774,18.4744],[-66.48862,18.47467],[-66.48889,18.47443],[-66.4892,18.47443],[-66.48957,18.47465],[-66.48948,18.4749],[-66.49022,18.47505],[-66.49018,18.47516],[-66.49117,18.47538],[-66.49125,18.47551],[-66.49139,18.47541],[-66.4914,18.47554],[-66.49176,18.47566],[-66.49249,18.47571],[-66.49274,18.4754],[-66.49286,18.4756],[-66.49277,18.47587],[-66.49304,18.47586],[-66.49304,18.47596],[-66.49339,18.47601],[-66.49398,18.47639],[-66.49434,18.47629],[-66.49463,18.47652],[-66.4948,18.47638],[-66.49466,18.47659],[-66.49623,18.47672],[-66.49723,18.47691],[-66.49737,18.47706],[-66.49794,18.47701],[-66.49843,18.47713],[-66.49887,18.47704],[-66.49927,18.47676],[-66.49943,18.47687],[-66.49929,18.47702],[-66.49955,18.47705],[-66.49949,18.4772],[-66.49964,18.47712],[-66.49993,18.47725],[-66.49998,18.477],[-66.50027,18.47675],[-66.50009,18.47647],[-66.49959,18.47624],[-66.50016,18.47559],[-66.50075,18.47515],[-66.50112,18.47507],[-66.50228,18.47521],[-66.50288,18.47552],[-66.50362,18.47561],[-66.5042,18.47608],[-66.50456,18.47592],[-66.50587,18.47639],[-66.50615,18.47674],[-66.50607,18.47699],[-66.50585,18.47704],[-66.5058,18.47731],[-66.5063,18.47774],[-66.50648,18.47768],[-66.50657,18.47736],[-66.50682,18.47748],[-66.50663,18.4772],[-66.50683,18.47683],[-66.50719,18.47715],[-66.50749,18.4772],[-66.5076,18.47746],[-66.50761,18.4773],[-66.5078,18.47727],[-66.50834,18.47791],[-66.50795,18.47812],[-66.50809,18.47827],[-66.50799,18.47849],[-66.50835,18.47848],[-66.50819,18.4786],[-66.5084,18.4787],[-66.50886,18.47846],[-66.50874,18.47865],[-66.50896,18.47895],[-66.50914,18.47889],[-66.50912,18.47871],[-66.50949,18.47827],[-66.50929,18.4782],[-66.50908,18.4784],[-66.50919,18.47775],[-66.5101,18.47778],[-66.50984,18.47734],[-66.50918,18.47713],[-66.5093,18.47677],[-66.50905,18.47674],[-66.50896,18.4766],[-66.50922,18.47651],[-66.50937,18.47627],[-66.50963,18.47705],[-66.51027,18.47707],[-66.51048,18.47723],[-66.51135,18.47706],[-66.51211,18.4773],[-66.51347,18.4782],[-66.51442,18.47924],[-66.51631,18.47921],[-66.51718,18.47955],[-66.51792,18.48015],[-66.51828,18.48162],[-66.51823,18.48178],[-66.51764,18.48191],[-66.51754,18.48165],[-66.51694,18.48174],[-66.51688,18.48181],[-66.51712,18.48202],[-66.51747,18.48198],[-66.51789,18.48228],[-66.51821,18.48224],[-66.51871,18.48261],[-66.51924,18.48269],[-66.51942,18.48251],[-66.51925,18.48248],[-66.51939,18.4823],[-66.51908,18.48231],[-66.51867,18.48181],[-66.51884,18.48131],[-66.51911,18.48104],[-66.51955,18.48086],[-66.52058,18.48089],[-66.52212,18.48156],[-66.52259,18.48223],[-66.52327,18.48233],[-66.52377,18.48266],[-66.52401,18.48331],[-66.52396,18.48367],[-66.52356,18.4836],[-66.52347,18.48381],[-66.52322,18.48379],[-66.52333,18.48392],[-66.52361,18.48411],[-66.5242,18.48421],[-66.52428,18.48439],[-66.52439,18.48431],[-66.5245,18.48442],[-66.52463,18.48421],[-66.52479,18.4842],[-66.52486,18.48449],[-66.52558,18.48471],[-66.52573,18.48449],[-66.52597,18.4845],[-66.52587,18.48413],[-66.5261,18.48397],[-66.52721,18.48392],[-66.52837,18.48364],[-66.52888,18.48322],[-66.53058,18.48242],[-66.5324,18.48214],[-66.53339,18.48184],[-66.53305,18.48173],[-66.53305,18.48152],[-66.53287,18.48095],[-66.53294,18.48065],[-66.53322,18.48026],[-66.53406,18.47975],[-66.53437,18.47922],[-66.53375,18.47771],[-66.53241,18.47583],[-66.53131,18.47459],[-66.53032,18.47225],[-66.53006,18.47042],[-66.53026,18.46635],[-66.53049,18.4651],[-66.53131,18.4623],[-66.53197,18.46105],[-66.53436,18.45883],[-66.5361,18.45758],[-66.53699,18.45712],[-66.53718,18.45686],[-66.53742,18.45584],[-66.53729,18.45443],[-66.53752,18.45362],[-66.53745,18.45339],[-66.53723,18.45324],[-66.53673,18.45339],[-66.5361,18.45382],[-66.53559,18.45473],[-66.53468,18.45556],[-66.53385,18.45611],[-66.5323,18.45677],[-66.53128,18.45694],[-66.52901,18.45684],[-66.52729,18.45612],[-66.52644,18.45525],[-66.5262,18.45466],[-66.52616,18.45414],[-66.52651,18.45355],[-66.52895,18.45149],[-66.52987,18.45033],[-66.53069,18.44975],[-66.53347,18.44853],[-66.53593,18.4479],[-66.53752,18.44712],[-66.53927,18.44532],[-66.53985,18.44432],[-66.53996,18.44369],[-66.53954,18.44356],[-66.53896,18.44365],[-66.53657,18.44459],[-66.53579,18.44378],[-66.53511,18.44338],[-66.53418,18.44313],[-66.53295,18.44302],[-66.53235,18.44271],[-66.53239,18.44242],[-66.53257,18.44231],[-66.53375,18.442],[-66.53503,18.44142],[-66.53551,18.44103],[-66.53582,18.44054],[-66.537,18.43778],[-66.5373,18.43633],[-66.53732,18.43565],[-66.53718,18.43534],[-66.53667,18.43488],[-66.53597,18.43454],[-66.53501,18.43432],[-66.53345,18.43429],[-66.53194,18.43459],[-66.53102,18.43444],[-66.53083,18.4346],[-66.53086,18.43543],[-66.53028,18.43597],[-66.53015,18.43676],[-66.53108,18.43745],[-66.5314,18.43787],[-66.53186,18.43952],[-66.5316,18.43989],[-66.53044,18.44023],[-66.53027,18.4404],[-66.53012,18.44156],[-66.52903,18.44181],[-66.52843,18.44145],[-66.5278,18.44069],[-66.52734,18.43915],[-66.52718,18.43701],[-66.52765,18.43597],[-66.52799,18.4348],[-66.52786,18.43443],[-66.52717,18.43358],[-66.52714,18.4325],[-66.5269,18.43242],[-66.52583,18.43292],[-66.52559,18.43288],[-66.52514,18.43253],[-66.52446,18.43163],[-66.52427,18.43151],[-66.52391,18.43152],[-66.52356,18.43166],[-66.52334,18.43192],[-66.52298,18.43312],[-66.52247,18.4333],[-66.52206,18.43307],[-66.52184,18.43225],[-66.52169,18.43195],[-66.52108,18.43143],[-66.52111,18.43115],[-66.52261,18.42955],[-66.52316,18.42969],[-66.52329,18.42995],[-66.52314,18.43068],[-66.52322,18.43091],[-66.52451,18.43106],[-66.5255,18.43064],[-66.52656,18.43068],[-66.52673,18.43052],[-66.52673,18.4301],[-66.5264,18.42957],[-66.52628,18.42894],[-66.52682,18.42822],[-66.52697,18.42776],[-66.5269,18.42747],[-66.5267,18.42743],[-66.52657,18.4266],[-66.527,18.42645],[-66.52877,18.42518],[-66.52992,18.42452],[-66.53225,18.42401],[-66.53313,18.42402],[-66.53423,18.42254],[-66.5362,18.42137],[-66.53876,18.42033],[-66.54349,18.41879],[-66.5437,18.41813],[-66.5436,18.41792],[-66.5427,18.41731],[-66.5422,18.41667],[-66.54208,18.41628],[-66.54261,18.4152],[-66.5427,18.41466],[-66.54313,18.41389],[-66.54284,18.41134],[-66.54355,18.40775],[-66.54355,18.40674],[-66.54327,18.40562],[-66.54141,18.4027],[-66.54086,18.40227],[-66.53985,18.39909],[-66.5394,18.39869],[-66.53832,18.39833],[-66.53819,18.39812],[-66.53784,18.39713],[-66.53789,18.39559],[-66.53774,18.39507],[-66.53721,18.39448],[-66.53609,18.3941],[-66.53573,18.39379],[-66.53564,18.39266],[-66.5354,18.39163],[-66.53508,18.39104],[-66.53444,18.3906],[-66.53432,18.39036],[-66.53436,18.38878],[-66.53396,18.38829],[-66.53372,18.38724],[-66.53224,18.38701],[-66.53177,18.38666],[-66.53093,18.38565],[-66.53067,18.38512],[-66.53079,18.38419],[-66.5315,18.38306],[-66.53114,18.38146],[-66.53146,18.37797],[-66.53137,18.37447],[-66.53103,18.37306],[-66.53132,18.37064],[-66.53137,18.36541],[-66.53163,18.36457],[-66.53207,18.36402],[-66.53227,18.3634],[-66.53346,18.36224],[-66.53396,18.36087],[-66.53386,18.35991],[-66.53405,18.35854],[-66.53321,18.35668],[-66.53315,18.35615],[-66.53338,18.35552],[-66.53386,18.35238],[-66.53386,18.35186],[-66.53365,18.35144],[-66.5332,18.35101],[-66.53194,18.3509],[-66.5309,18.3503],[-66.52868,18.35033],[-66.52824,18.35055],[-66.52808,18.35084],[-66.52775,18.35155],[-66.52751,18.3527],[-66.52711,18.35316],[-66.52573,18.35355],[-66.52389,18.35439],[-66.52368,18.35454],[-66.52347,18.35498],[-66.52114,18.35468],[-66.5202,18.3549],[-66.51988,18.35486],[-66.51917,18.35447],[-66.51887,18.35452],[-66.51872,18.35492],[-66.51879,18.3556],[-66.51859,18.35623],[-66.51869,18.35708],[-66.51784,18.35734],[-66.51611,18.35904],[-66.51512,18.35928],[-66.51466,18.35919],[-66.5145,18.36023],[-66.51423,18.36051],[-66.51272,18.36123],[-66.51158,18.36214],[-66.50966,18.36208],[-66.50921,18.36238],[-66.50822,18.3625],[-66.50746,18.36318],[-66.50697,18.36339],[-66.50623,18.36345],[-66.50075,18.36477],[-66.49998,18.3648],[-66.49962,18.36463],[-66.49933,18.36412],[-66.49815,18.36465],[-66.49624,18.36623],[-66.49475,18.36656],[-66.49376,18.36652],[-66.49039,18.36554],[-66.48441,18.36597],[-66.47913,18.36699],[-66.47762,18.36686],[-66.47617,18.36748],[-66.47333,18.3676],[-66.47134,18.36896],[-66.47064,18.36932],[-66.46961,18.36957],[-66.46875,18.37007],[-66.4678,18.37089],[-66.4669,18.37194],[-66.46319,18.37166],[-66.45948,18.37128],[-66.45838,18.37128],[-66.45118,18.37218],[-66.44522,18.37109],[-66.44389,18.37107],[-66.44506,18.37381],[-66.44557,18.37577],[-66.4451,18.37734],[-66.44553,18.3795],[-66.44531,18.38001],[-66.44539,18.38075],[-66.44575,18.38178],[-66.44626,18.38225],[-66.44659,18.38338],[-66.44889,18.3872],[-66.449,18.3892],[-66.44813,18.39146],[-66.44195,18.40204],[-66.44107,18.40469],[-66.44023,18.40617],[-66.43995,18.40692],[-66.43964,18.40865],[-66.4396,18.41113],[-66.44037,18.43016],[-66.44013,18.43959],[-66.43982,18.43977],[-66.43935,18.4405],[-66.43904,18.44164],[-66.43892,18.44305],[-66.43908,18.4476],[-66.43987,18.44762],[-66.43873,18.48617]]],[[[-66.47858,18.47284],[-66.47897,18.47283],[-66.47929,18.47259],[-66.47888,18.47247],[-66.47832,18.4726],[-66.47858,18.47284]]],[[[-66.50276,18.47637],[-66.50277,18.47626],[-66.50255,18.4763],[-66.50276,18.47637]]],[[[-66.50423,18.47655],[-66.50409,18.47678],[-66.50417,18.47685],[-66.50434,18.47667],[-66.50423,18.47655]]],[[[-66.51069,18.47746],[-66.51036,18.47767],[-66.5105,18.47806],[-66.51094,18.47755],[-66.51069,18.47746]]],[[[-66.50984,18.47849],[-66.51002,18.47844],[-66.50997,18.47829],[-66.50978,18.4783],[-66.50984,18.47849]]],[[[-66.51284,18.48044],[-66.51274,18.48056],[-66.51294,18.48064],[-66.51284,18.48044]]],[[[-66.514,18.48044],[-66.51381,18.48071],[-66.51397,18.48084],[-66.51419,18.48072],[-66.51423,18.48051],[-66.514,18.48044]]],[[[-66.51464,18.48121],[-66.51479,18.48118],[-66.51459,18.48111],[-66.51464,18.48121]]],[[[-66.51478,18.48134],[-66.51508,18.48136],[-66.51503,18.48106],[-66.5148,18.48108],[-66.51499,18.4812],[-66.51478,18.48134]]],[[[-66.5153,18.48133],[-66.51536,18.4815],[-66.51556,18.48153],[-66.5153,18.48133]]],[[[-66.51648,18.48166],[-66.51644,18.48181],[-66.51654,18.48178],[-66.51648,18.48166]]],[[[-66.5203,18.48249],[-66.52019,18.48258],[-66.52057,18.48272],[-66.52062,18.48253],[-66.5203,18.48249]]],[[[-66.52125,18.48302],[-66.52147,18.48317],[-66.5216,18.48308],[-66.52125,18.48302]]],[[[-66.52348,18.48343],[-66.52345,18.48352],[-66.52358,18.48348],[-66.52348,18.48343]]],[[[-66.52253,18.48342],[-66.5226,18.48357],[-66.5227,18.48353],[-66.52264,18.48322],[-66.52234,18.48295],[-66.52178,18.48299],[-66.5217,18.48314],[-66.52194,18.48311],[-66.52194,18.48324],[-66.52225,18.48343],[-66.52253,18.48342]]],[[[-66.52797,18.48519],[-66.52789,18.48522],[-66.52807,18.48523],[-66.52797,18.48519]]],[[[-66.52704,18.48512],[-66.52736,18.48526],[-66.52755,18.48512],[-66.52731,18.48477],[-66.52647,18.48457],[-66.52643,18.48445],[-66.52589,18.48463],[-66.52597,18.48479],[-66.52647,18.48469],[-66.52671,18.48477],[-66.52643,18.48496],[-66.52704,18.48512]]],[[[-66.52822,18.48549],[-66.52878,18.48575],[-66.52887,18.48546],[-66.52929,18.48561],[-66.52901,18.48535],[-66.52863,18.48535],[-66.52852,18.48519],[-66.52822,18.48549]]]]},"properties":{"municipio":"Manatí","geoid":"72091","countyfp":"091","abrev_mun":"MAN"}},
{"type":"Feature","geometry":{"type":"Polygon","coordinates":[[[-66.89801,18.18791],[-66.89923,18.1881],[-66.91459,18.19184],[-66.91491,18.1921],[-66.91557,18.19211],[-66.91766,18.19256],[-66.94534,18.19917],[-66.94581,18.19937],[-66.94599,18.19963],[-66.94603,18.19984],[-66.94556,18.201],[-66.94574,18.20144],[-66.94619,18.20167],[-66.94741,18.2015],[-66.94827,18.20164],[-66.95084,18.20168],[-66.95148,18.20126],[-66.95215,18.20044],[-66.95275,18.20016],[-66.95375,18.20011],[-66.95632,18.20038],[-66.95787,18.19992],[-66.95833,18.19994],[-66.9585,18.20042],[-66.95845,18.20102],[-66.95879,18.20158],[-66.95884,18.20197],[-66.95808,18.20373],[-66.95808,18.20411],[-66.95826,18.20443],[-66.9587,18.20469],[-66.96006,18.2049],[-66.96118,18.20549],[-66.96227,18.20573],[-66.9625,18.20589],[-66.96409,18.20607],[-66.9661,18.20603],[-66.96707,18.20637],[-66.96779,18.2068],[-66.9684,18.20695],[-66.96895,18.20685],[-66.97047,18.20467],[-66.9712,18.20442],[-66.97152,18.20445],[-66.97231,18.20536],[-66.97272,18.20535],[-66.97348,18.20508],[-66.97379,18.20512],[-66.97413,18.20612],[-66.97433,18.20619],[-66.97465,18.2058],[-66.97574,18.20595],[-66.97592,18.20605],[-66.97686,18.20765],[-66.97792,18.20812],[-66.97895,18.20804],[-66.97935,18.20751],[-66.97957,18.20695],[-66.98,18.20657],[-66.98047,18.20639],[-66.98139,18.20642],[-66.98312,18.20574],[-66.98482,18.2054],[-66.98624,18.20493],[-66.98725,18.20491],[-66.98818,18.20505],[-66.98888,18.20539],[-66.98933,18.20533],[-66.98951,18.20517],[-66.98949,18.20384],[-66.99064,18.20172],[-66.99088,18.2006],[-66.99126,18.20006],[-66.99198,18.19978],[-66.99249,18.19908],[-66.99292,18.19879],[-66.99376,18.19862],[-66.99432,18.19872],[-66.9946,18.19832],[-66.99535,18.19784],[-66.99576,18.1974],[-66.99725,18.19753],[-66.99806,18.19733],[-67.00033,18.19769],[-67.00068,18.19758],[-67.00139,18.19682],[-67.00262,18.19589],[-67.00375,18.19362],[-67.01999,18.19559],[-67.01737,18.1899],[-67.01778,18.18972],[-67.01808,18.18933],[-67.01792,18.18846],[-67.01815,18.18799],[-67.01962,18.18678],[-67.02073,18.18641],[-67.02312,18.18605],[-67.0235,18.18561],[-67.02355,18.18492],[-67.02394,18.18463],[-67.02423,18.18461],[-67.02485,18.1851],[-67.02565,18.18507],[-67.02742,18.18568],[-67.02895,18.18571],[-67.03036,18.18512],[-67.03147,18.18488],[-67.03216,18.18492],[-67.03336,18.18537],[-67.03452,18.18552],[-67.03487,18.18521],[-67.0352,18.18417],[-67.03662,18.18307],[-67.03664,18.18288],[-67.0365,18.18273],[-67.03625,18.18276],[-67.03567,18.18318],[-67.03508,18.18328],[-67.03401,18.18282],[-67.03367,18.18245],[-67.03355,18.18201],[-67.03372,18.18115],[-67.034,18.18083],[-67.03461,18.18061],[-67.03514,18.18059],[-67.03673,18.18108],[-67.03826,18.1806],[-67.03874,18.18082],[-67.03898,18.18129],[-67.04036,18.18065],[-67.04182,18.18057],[-67.04193,18.18042],[-67.04187,18.18004],[-67.04078,18.17895],[-67.04065,18.1785],[-67.04082,18.17802],[-67.04129,18.1777],[-67.04333,18.17734],[-67.04538,18.1763],[-67.04669,18.17637],[-67.0488,18.17747],[-67.04912,18.17745],[-67.04933,18.17727],[-67.04969,18.17662],[-67.04996,18.17642],[-67.05022,18.17649],[-67.0508,18.17726],[-67.0512,18.17749],[-67.05144,18.17449],[-67.05128,18.17411],[-67.05064,18.17408],[-67.04921,18.17358],[-67.049,18.17328],[-67.04871,18.17227],[-67.04829,18.17194],[-67.04801,18.17192],[-67.0476,18.17213],[-67.04725,18.17256],[-67.04702,18.17249],[-67.04708,18.17196],[-67.04747,18.17127],[-67.04741,18.17106],[-67.04668,18.17077],[-67.04516,18.17046],[-67.0449,18.17028],[-67.04419,18.16928],[-67.04391,18.16916],[-67.04346,18.16922],[-67.04257,18.16965],[-67.04126,18.16939],[-67.04117,18.16875],[-67.04073,18.16851],[-67.03909,18.16853],[-67.03819,18.16833],[-67.03706,18.16852],[-67.03546,18.16837],[-67.03488,18.16793],[-67.0336,18.16797],[-67.03157,18.16752],[-67.02994,18.16746],[-67.02936,18.16693],[-67.02826,18.16671],[-67.0265,18.16666],[-67.02604,18.16654],[-67.02451,18.16569],[-67.02165,18.16631],[-67.01788,18.16545],[-67.01556,18.16621],[-67.01505,18.16625],[-67.01413,18.16601],[-67.01374,18.16584],[-67.01336,18.16534],[-67.01308,18.1645],[-67.01288,18.16318],[-67.01262,18.16264],[-67.01126,18.16173],[-67.01046,18.16147],[-67.01004,18.16116],[-67.00986,18.16069],[-67.00961,18.15884],[-67.00921,18.15878],[-67.00704,18.15909],[-67.00661,18.15886],[-67.00516,18.15754],[-67.00361,18.15733],[-67.00253,18.15694],[-66.99962,18.15717],[-66.99906,18.15681],[-66.99797,18.15676],[-66.99712,18.15634],[-66.99639,18.15629],[-66.99506,18.15529],[-66.99437,18.1543],[-66.99377,18.15302],[-66.9937,18.15214],[-66.99343,18.15127],[-66.99263,18.15056],[-66.99202,18.15056],[-66.99143,18.15078],[-66.99098,18.15066],[-66.99076,18.15049],[-66.99051,18.14956],[-66.98983,18.14865],[-66.98937,18.14827],[-66.98902,18.14826],[-66.98858,18.14847],[-66.98824,18.1492],[-66.98774,18.14959],[-66.98713,18.14962],[-66.98638,18.14943],[-66.98486,18.14838],[-66.98355,18.1478],[-66.98258,18.14716],[-66.98088,18.14552],[-66.98049,18.14476],[-66.98009,18.14433],[-66.97924,18.14396],[-66.97816,18.14395],[-66.97716,18.14374],[-66.97565,18.14347],[-66.97299,18.1421],[-66.97196,18.14184],[-66.97135,18.14186],[-66.97001,18.14242],[-66.9692,18.14376],[-66.96806,18.14478],[-66.96729,18.14523],[-66.96552,18.14595],[-66.9646,18.14687],[-66.96424,18.14801],[-66.96399,18.14814],[-66.96087,18.14607],[-66.96012,18.14583],[-66.95875,18.14572],[-66.95696,18.14599],[-66.95618,18.14627],[-66.95439,18.1463],[-66.9535,18.14672],[-66.95301,18.14665],[-66.95223,18.14632],[-66.95173,18.14629],[-66.94823,18.14723],[-66.94668,18.14817],[-66.94567,18.14779],[-66.94544,18.1479],[-66.94505,18.14851],[-66.94365,18.14895],[-66.94297,18.14888],[-66.94177,18.14841],[-66.93992,18.1483],[-66.93888,18.14791],[-66.93807,18.14804],[-66.93743,18.14881],[-66.93707,18.14888],[-66.93619,18.14882],[-66.93508,18.14849],[-66.93451,18.14939],[-66.93435,18.15003],[-66.93392,18.15033],[-66.93154,18.14981],[-66.93045,18.14915],[-66.92995,18.14905],[-66.92921,18.14947],[-66.9286,18.15035],[-66.92806,18.15045],[-66.92788,18.1512],[-66.92771,18.15132],[-66.92651,18.15116],[-66.92476,18.15167],[-66.9243,18.15193],[-66.9236,18.15175],[-66.92321,18.15205],[-66.92256,18.15216],[-66.92123,18.15278],[-66.9208,18.15358],[-66.92009,18.15369],[-66.91914,18.15406],[-66.91813,18.15363],[-66.917,18.154],[-66.9154,18.15414],[-66.91486,18.15368],[-66.91422,18.15256],[-66.9138,18.15235],[-66.91301,18.15223],[-66.91253,18.15148],[-66.91145,18.15158],[-66.91034,18.15102],[-66.90981,18.14945],[-66.90909,18.14927],[-66.90751,18.14937],[-66.90632,18.14843],[-66.90496,18.14797],[-66.90447,18.14738],[-66.90418,18.14668],[-66.90394,18.14643],[-66.90329,18.14624],[-66.9026,18.14653],[-66.9016,18.14641],[-66.90115,18.14649],[-66.90029,18.14694],[-66.89966,18.14695],[-66.89927,18.14716],[-66.89872,18.14719],[-66.89804,18.14779],[-66.89736,18.14773],[-66.89708,18.14784],[-66.89697,18.14805],[-66.89636,18.14787],[-66.89592,18.14813],[-66.89531,18.1488],[-66.89497,18.14874],[-66.89483,18.14855],[-66.89381,18.14801],[-66.89299,18.14804],[-66.89246,18.14776],[-66.89201,18.14775],[-66.89111,18.14801],[-66.89011,18.14912],[-66.8905,18.15047],[-66.89048,18.15104],[-66.8903,18.15152],[-66.88963,18.15251],[-66.88881,18.15312],[-66.88791,18.15338],[-66.88601,18.15244],[-66.88407,18.15092],[-66.88275,18.14896],[-66.88149,18.14873],[-66.88113,18.14814],[-66.88087,18.14797],[-66.87996,18.14778],[-66.87851,18.14696],[-66.878,18.14598],[-66.87725,18.14563],[-66.8771,18.14524],[-66.87634,18.1447],[-66.87637,18.14348],[-66.87613,18.14315],[-66.87555,18.14288],[-66.87519,18.14243],[-66.87404,18.1422],[-66.8735,18.14185],[-66.87265,18.14163],[-66.87216,18.14119],[-66.87184,18.14054],[-66.87051,18.13975],[-66.86999,18.14],[-66.86974,18.13995],[-66.87011,18.13936],[-66.87009,18.13883],[-66.86959,18.13876],[-66.86896,18.13894],[-66.86818,18.13884],[-66.86589,18.13889],[-66.86522,18.13843],[-66.8641,18.1383],[-66.86383,18.13839],[-66.86361,18.13872],[-66.86328,18.1388],[-66.86285,18.13841],[-66.86246,18.13827],[-66.86035,18.13831],[-66.8582,18.13806],[-66.85787,18.13832],[-66.8569,18.13846],[-66.85654,18.1387],[-66.85604,18.1395],[-66.85613,18.14106],[-66.85584,18.14297],[-66.85558,18.14359],[-66.85446,18.14523],[-66.85421,18.14589],[-66.85238,18.15343],[-66.8514,18.15685],[-66.85007,18.16291],[-66.84904,18.16252],[-66.84764,18.16221],[-66.8457,18.16231],[-66.84516,18.16215],[-66.8439,18.16092],[-66.84349,18.16262],[-66.843,18.16348],[-66.84282,18.16439],[-66.84262,18.16457],[-66.84177,18.16449],[-66.84106,18.16461],[-66.8408,18.16495],[-66.84061,18.16564],[-66.83953,18.16649],[-66.83866,18.16691],[-66.83827,18.16724],[-66.83754,18.16817],[-66.83687,18.16987],[-66.83675,18.17073],[-66.83935,18.17088],[-66.84406,18.17163],[-66.84669,18.17148],[-66.84773,18.1712],[-66.84853,18.17081],[-66.8506,18.1706],[-66.85197,18.17123],[-66.85354,18.17117],[-66.85412,18.1718],[-66.85564,18.17143],[-66.85613,18.17219],[-66.85642,18.17237],[-66.85694,18.17222],[-66.85722,18.1719],[-66.85758,18.17181],[-66.85782,18.17191],[-66.85799,18.17256],[-66.85837,18.17291],[-66.85855,18.17345],[-66.85881,18.17359],[-66.86024,18.17379],[-66.86163,18.17373],[-66.86268,18.17336],[-66.86287,18.17381],[-66.86288,18.17462],[-66.86251,18.17535],[-66.86213,18.17562],[-66.86187,18.17564],[-66.86104,18.17488],[-66.86083,18.17485],[-66.86043,18.17522],[-66.86028,18.17561],[-66.861,18.17696],[-66.86174,18.17766],[-66.86237,18.178],[-66.86258,18.17831],[-66.86237,18.17994],[-66.86258,18.18123],[-66.86276,18.18163],[-66.86299,18.18178],[-66.86435,18.18168],[-66.86458,18.18189],[-66.86444,18.18219],[-66.86337,18.1831],[-66.86276,18.18395],[-66.86284,18.18431],[-66.8634,18.18418],[-66.86382,18.18445],[-66.86362,18.1852],[-66.86368,18.18573],[-66.86385,18.18661],[-66.86408,18.18676],[-66.86483,18.18657],[-66.86562,18.18566],[-66.86592,18.18583],[-66.86613,18.18661],[-66.86682,18.18678],[-66.86718,18.1872],[-66.86767,18.18731],[-66.86942,18.18728],[-66.87032,18.18704],[-66.87295,18.1872],[-66.87474,18.18713],[-66.87563,18.18746],[-66.87611,18.1875],[-66.87882,18.18706],[-66.88771,18.18691],[-66.89577,18.18725],[-66.89663,18.18739],[-66.89771,18.18771],[-66.89801,18.18791]]]},"properties":{"municipio":"Maricao","geoid":"72093","countyfp":"093","abrev_mun":"MAR"}},
{"type":"Feature","geometry":{"type":"Polygon","coordinates":[[[-65.85042,18.01141],[-65.85076,18.01148],[-65.85136,18.01263],[-65.85291,18.0138],[-65.85366,18.01463],[-65.85492,18.0152],[-65.85592,18.01601],[-65.8572,18.01673],[-65.85735,18.01697],[-65.8576,18.01933],[-65.85857,18.02084],[-65.8588,18.02106],[-65.85962,18.02109],[-65.86061,18.02148],[-65.86201,18.0218],[-65.86227,18.02201],[-65.8631,18.0238],[-65.86465,18.02569],[-65.86553,18.02554],[-65.86609,18.02574],[-65.86668,18.02571],[-65.86754,18.026],[-65.86784,18.02594],[-65.86897,18.02535],[-65.86999,18.02519],[-65.87181,18.0245],[-65.87302,18.02353],[-65.8735,18.02329],[-65.87494,18.02313],[-65.8757,18.02194],[-65.8759,18.02183],[-65.87642,18.02187],[-65.87719,18.02113],[-65.87791,18.02108],[-65.87943,18.02044],[-65.88078,18.02074],[-65.88152,18.02123],[-65.88217,18.02236],[-65.88226,18.02338],[-65.88216,18.024],[-65.88272,18.0246],[-65.88358,18.02485],[-65.88383,18.02504],[-65.88437,18.02603],[-65.88636,18.02742],[-65.8872,18.02837],[-65.88765,18.02934],[-65.88785,18.02945],[-65.88821,18.0301],[-65.88895,18.03045],[-65.88956,18.03034],[-65.89088,18.03112],[-65.89209,18.03098],[-65.89299,18.03193],[-65.89504,18.0321],[-65.89548,18.03273],[-65.89621,18.03283],[-65.89692,18.03377],[-65.89731,18.034],[-65.89774,18.03405],[-65.89841,18.0338],[-65.8989,18.03336],[-65.89959,18.03223],[-65.89978,18.03213],[-65.90036,18.03291],[-65.90252,18.03409],[-65.90277,18.03399],[-65.90447,18.0341],[-65.90672,18.03554],[-65.9074,18.03567],[-65.90836,18.03528],[-65.90961,18.03507],[-65.9111,18.03459],[-65.91188,18.03327],[-65.91208,18.03307],[-65.91234,18.03306],[-65.91274,18.03339],[-65.91374,18.03355],[-65.91438,18.03415],[-65.91466,18.03426],[-65.91562,18.03431],[-65.91644,18.03418],[-65.91709,18.03429],[-65.91826,18.03416],[-65.91956,18.0345],[-65.92119,18.03444],[-65.92195,18.03459],[-65.92279,18.03498],[-65.92352,18.03585],[-65.92488,18.03654],[-65.9251,18.03683],[-65.92535,18.03687],[-65.9278,18.03637],[-65.92874,18.03658],[-65.92934,18.03698],[-65.9301,18.03668],[-65.93069,18.0368],[-65.93093,18.03722],[-65.93118,18.03735],[-65.93149,18.03733],[-65.9321,18.03696],[-65.93284,18.03673],[-65.93368,18.03669],[-65.93395,18.03685],[-65.93405,18.0371],[-65.93428,18.0385],[-65.93466,18.03961],[-65.93522,18.04067],[-65.93552,18.04081],[-65.9371,18.04109],[-65.9385,18.04061],[-65.94014,18.04098],[-65.94059,18.04092],[-65.94097,18.04047],[-65.94121,18.04051],[-65.94163,18.04102],[-65.942,18.04237],[-65.94305,18.04376],[-65.94332,18.04391],[-65.94414,18.04378],[-65.94538,18.04446],[-65.94642,18.04457],[-65.94678,18.04471],[-65.94727,18.04528],[-65.9494,18.04608],[-65.95046,18.04599],[-65.95166,18.04487],[-65.95194,18.04475],[-65.95226,18.04483],[-65.95311,18.04683],[-65.95398,18.04694],[-65.95516,18.04779],[-65.95533,18.04845],[-65.95615,18.04936],[-65.95695,18.05001],[-65.95752,18.05133],[-65.95818,18.05211],[-65.95844,18.05227],[-65.95935,18.05217],[-65.95966,18.05228],[-65.96133,18.05375],[-65.9618,18.05398],[-65.96229,18.05384],[-65.9625,18.0539],[-65.9637,18.05493],[-65.96413,18.05468],[-65.96448,18.05423],[-65.96565,18.05418],[-65.96662,18.05364],[-65.96726,18.05386],[-65.96753,18.05383],[-65.96803,18.05353],[-65.96927,18.05313],[-65.97065,18.05314],[-65.97204,18.05272],[-65.97254,18.05273],[-65.97293,18.05367],[-65.97362,18.05437],[-65.97364,18.0547],[-65.97312,18.05562],[-65.97309,18.05589],[-65.97399,18.05709],[-65.97502,18.05743],[-65.97542,18.05782],[-65.97573,18.0585],[-65.97681,18.05821],[-65.9773,18.0584],[-65.97758,18.05899],[-65.97749,18.06044],[-65.97768,18.06102],[-65.97794,18.06112],[-65.97906,18.06064],[-65.97976,18.06081],[-65.98016,18.06129],[-65.98049,18.06126],[-65.98371,18.05891],[-65.98441,18.05894],[-65.98494,18.05964],[-65.9852,18.05966],[-65.98728,18.05944],[-65.98839,18.05905],[-65.98874,18.05705],[-65.98784,18.05528],[-65.98764,18.05434],[-65.98693,18.0535],[-65.98668,18.05296],[-65.98587,18.05231],[-65.98569,18.05119],[-65.98505,18.05051],[-65.9852,18.0493],[-65.98565,18.04817],[-65.98555,18.04767],[-65.9857,18.04611],[-65.98563,18.04544],[-65.9851,18.04476],[-65.9843,18.04414],[-65.9835,18.04266],[-65.98238,18.04162],[-65.98219,18.04104],[-65.98234,18.04045],[-65.98208,18.04029],[-65.98031,18.04057],[-65.98007,18.0405],[-65.98023,18.03946],[-65.98004,18.03862],[-65.98094,18.0371],[-65.98097,18.03592],[-65.98184,18.03492],[-65.98172,18.03469],[-65.97982,18.03326],[-65.9782,18.03233],[-65.97728,18.03244],[-65.97658,18.03274],[-65.97581,18.03275],[-65.97562,18.03242],[-65.97554,18.0316],[-65.97502,18.0309],[-65.97451,18.02812],[-65.97303,18.0257],[-65.97264,18.02539],[-65.97198,18.02521],[-65.97178,18.02477],[-65.97187,18.02454],[-65.97159,18.02435],[-65.96993,18.02455],[-65.96897,18.02522],[-65.96759,18.02545],[-65.96645,18.02688],[-65.96637,18.02739],[-65.96582,18.02805],[-65.96545,18.02818],[-65.96449,18.02813],[-65.96373,18.02881],[-65.96308,18.02901],[-65.96232,18.02883],[-65.96118,18.02836],[-65.95988,18.02833],[-65.95963,18.02816],[-65.95916,18.02662],[-65.95886,18.02633],[-65.957,18.02574],[-65.95591,18.0249],[-65.95423,18.0244],[-65.95282,18.02336],[-65.95274,18.02289],[-65.95332,18.0223],[-65.95348,18.02185],[-65.95327,18.01981],[-65.95289,18.01936],[-65.95318,18.01925],[-65.95369,18.01853],[-65.95475,18.01807],[-65.95506,18.01698],[-65.95496,18.01601],[-65.95448,18.01497],[-65.95488,18.01328],[-65.95414,18.01222],[-65.95354,18.01054],[-65.95314,18.00851],[-65.95325,18.00688],[-65.95299,18.00648],[-65.95264,18.00628],[-65.95208,18.00622],[-65.95152,18.00633],[-65.94965,18.00552],[-65.94885,18.00489],[-65.9486,18.00485],[-65.94827,18.00178],[-65.94798,18.00102],[-65.94757,18.00025],[-65.94607,17.99821],[-65.94581,17.99754],[-65.94534,17.99713],[-65.94449,17.99668],[-65.94458,17.99602],[-65.9441,17.99462],[-65.94335,17.99417],[-65.94268,17.99319],[-65.94269,17.99291],[-65.94315,17.99259],[-65.94244,17.99225],[-65.94189,17.99214],[-65.93805,17.99204],[-65.93556,17.99077],[-65.93469,17.99013],[-65.93387,17.98994],[-65.9327,17.98988],[-65.93226,17.98969],[-65.93169,17.98918],[-65.93125,17.98906],[-65.92973,17.98931],[-65.92887,17.98872],[-65.92764,17.98712],[-65.92709,17.98697],[-65.92631,17.98612],[-65.92599,17.98593],[-65.92215,17.98599],[-65.92041,17.98497],[-65.91832,17.98527],[-65.91759,17.98562],[-65.91666,17.98522],[-65.91575,17.98466],[-65.9152,17.98314],[-65.91461,17.98234],[-65.91406,17.98111],[-65.91364,17.97973],[-65.91309,17.97895],[-65.91256,17.97848],[-65.91157,17.97927],[-65.9102,17.97991],[-65.90928,17.98055],[-65.90752,17.9825],[-65.90582,17.98387],[-65.90438,17.98527],[-65.90074,17.988],[-65.89798,17.98959],[-65.89133,17.99234],[-65.89082,17.99241],[-65.89036,17.99197],[-65.88995,17.99187],[-65.88946,17.99193],[-65.88903,17.99178],[-65.88883,17.99156],[-65.88888,17.99122],[-65.88863,17.99089],[-65.88838,17.99002],[-65.88752,17.98967],[-65.8874,17.98926],[-65.88718,17.98944],[-65.88721,17.9893],[-65.88701,17.98941],[-65.88657,17.98923],[-65.88626,17.98875],[-65.88585,17.98866],[-65.88572,17.9883],[-65.88566,17.98842],[-65.88559,17.98829],[-65.88561,17.9881],[-65.88528,17.9878],[-65.88509,17.98786],[-65.8847,17.9877],[-65.88488,17.9884],[-65.8851,17.98865],[-65.88503,17.98877],[-65.88322,17.99092],[-65.88151,17.99269],[-65.88079,17.99365],[-65.87744,17.99934],[-65.87619,18.00112],[-65.87449,18.00311],[-65.87414,18.00337],[-65.87394,18.00334],[-65.87357,18.00368],[-65.87321,18.00367],[-65.8732,18.00382],[-65.87229,18.00465],[-65.87097,18.00617],[-65.87032,18.00661],[-65.86833,18.00724],[-65.86745,18.0069],[-65.86677,18.00639],[-65.86586,18.00725],[-65.86471,18.00735],[-65.86166,18.00618],[-65.86131,18.00626],[-65.86027,18.00559],[-65.85816,18.00503],[-65.85774,18.00515],[-65.85756,18.00509],[-65.85748,18.00526],[-65.85736,18.00518],[-65.8574,18.00545],[-65.85694,18.00573],[-65.85686,18.00554],[-65.85696,18.00585],[-65.85683,18.00609],[-65.85589,18.00661],[-65.85561,18.00708],[-65.85516,18.00719],[-65.85503,18.00703],[-65.85457,18.00696],[-65.85469,18.00718],[-65.85417,18.00715],[-65.85403,18.00741],[-65.85388,18.00742],[-65.85377,18.00773],[-65.85364,18.0075],[-65.85357,18.00789],[-65.85345,18.00796],[-65.85355,18.00816],[-65.85338,18.00821],[-65.85321,18.00854],[-65.85307,18.00846],[-65.85291,18.00865],[-65.85255,18.00976],[-65.85042,18.01141]]]},"properties":{"municipio":"Maunabo","geoid":"72095","countyfp":"095","abrev_mun":"MAU"}},
{"type":"Feature","geometry":{"type":"MultiPolygon","coordinates":[[[[-67.08195,18.25496],[-67.08648,18.24935],[-67.08679,18.24918],[-67.08881,18.24927],[-67.0895,18.24949],[-67.0901,18.24949],[-67.0909,18.24988],[-67.09125,18.24985],[-67.09191,18.24926],[-67.09374,18.24954],[-67.09427,18.24984],[-67.09486,18.25054],[-67.09535,18.25091],[-67.0955,18.25166],[-67.09574,18.25213],[-67.09673,18.25266],[-67.0985,18.25283],[-67.1,18.25265],[-67.10094,18.25237],[-67.10232,18.2514],[-67.10325,18.25169],[-67.10458,18.25268],[-67.10519,18.25283],[-67.10637,18.25279],[-67.1079,18.25175],[-67.10784,18.251],[-67.10848,18.25047],[-67.10845,18.25003],[-67.10925,18.24923],[-67.10966,18.24899],[-67.11066,18.24905],[-67.1113,18.24886],[-67.11167,18.24865],[-67.11207,18.24813],[-67.113,18.24775],[-67.11336,18.24789],[-67.11365,18.24783],[-67.11466,18.24735],[-67.1151,18.24754],[-67.11559,18.24746],[-67.11639,18.2477],[-67.11667,18.24771],[-67.11693,18.24756],[-67.11759,18.24801],[-67.11789,18.24803],[-67.11805,18.24827],[-67.11888,18.24842],[-67.12308,18.24282],[-67.12479,18.24453],[-67.12589,18.24512],[-67.12696,18.24524],[-67.12784,18.24564],[-67.12932,18.24574],[-67.13019,18.2456],[-67.13046,18.24544],[-67.13096,18.2448],[-67.13127,18.24466],[-67.13142,18.24483],[-67.13144,18.24544],[-67.13162,18.24564],[-67.13188,18.24554],[-67.13366,18.24584],[-67.13381,18.24601],[-67.13384,18.24643],[-67.13468,18.24663],[-67.13492,18.24651],[-67.13516,18.24577],[-67.13547,18.24569],[-67.13578,18.24585],[-67.13589,18.24677],[-67.13607,18.24695],[-67.1365,18.24704],[-67.13629,18.24816],[-67.13614,18.24835],[-67.13548,18.24851],[-67.13518,18.24884],[-67.13467,18.24891],[-67.13414,18.24922],[-67.13494,18.25065],[-67.13527,18.25086],[-67.13536,18.25137],[-67.13605,18.25165],[-67.13621,18.25191],[-67.13621,18.25278],[-67.13702,18.2532],[-67.13689,18.25366],[-67.13701,18.25403],[-67.1372,18.25406],[-67.13769,18.25375],[-67.13797,18.25372],[-67.13783,18.25478],[-67.13827,18.25488],[-67.13836,18.25532],[-67.13789,18.25601],[-67.13826,18.25632],[-67.13834,18.25657],[-67.13778,18.25749],[-67.13789,18.25767],[-67.13814,18.2575],[-67.13819,18.25779],[-67.13786,18.25832],[-67.13834,18.25847],[-67.13844,18.25863],[-67.13808,18.25895],[-67.13806,18.2592],[-67.1389,18.25911],[-67.13906,18.25926],[-67.13826,18.25989],[-67.13782,18.26077],[-67.13744,18.26078],[-67.13675,18.26025],[-67.13651,18.26032],[-67.13622,18.26067],[-67.13522,18.26115],[-67.13513,18.26132],[-67.1352,18.26177],[-67.13485,18.26262],[-67.13496,18.26301],[-67.13519,18.26306],[-67.13543,18.26294],[-67.136,18.26227],[-67.13622,18.2623],[-67.13626,18.26254],[-67.13463,18.26454],[-67.13545,18.26494],[-67.13693,18.26511],[-67.13827,18.26475],[-67.1388,18.26486],[-67.13881,18.26532],[-67.13867,18.26555],[-67.13791,18.26602],[-67.13791,18.26629],[-67.13801,18.26647],[-67.13848,18.26671],[-67.13957,18.26662],[-67.14037,18.26673],[-67.14103,18.26699],[-67.14124,18.26736],[-67.14158,18.26877],[-67.14141,18.27014],[-67.14159,18.27051],[-67.14206,18.27055],[-67.14245,18.27026],[-67.14269,18.26984],[-67.14319,18.26801],[-67.14338,18.26787],[-67.14367,18.2679],[-67.14414,18.26837],[-67.14471,18.27019],[-67.14507,18.27077],[-67.14574,18.27123],[-67.14806,18.27184],[-67.14855,18.27189],[-67.14953,18.27171],[-67.14989,18.2713],[-67.14991,18.27066],[-67.14972,18.27042],[-67.14867,18.2698],[-67.14868,18.26921],[-67.14905,18.26869],[-67.14956,18.26855],[-67.15056,18.26895],[-67.15329,18.2691],[-67.15374,18.26922],[-67.154,18.26949],[-67.15404,18.2698],[-67.15385,18.27021],[-67.15318,18.27097],[-67.15314,18.27145],[-67.15324,18.27161],[-67.15371,18.27172],[-67.15466,18.27143],[-67.15528,18.27144],[-67.15547,18.272],[-67.15526,18.27323],[-67.15581,18.27333],[-67.15709,18.27327],[-67.15878,18.27377],[-67.15928,18.27377],[-67.16019,18.27356],[-67.16094,18.27322],[-67.16333,18.27125],[-67.1659,18.26994],[-67.16789,18.26954],[-67.17223,18.26821],[-67.17388,18.26782],[-67.17575,18.26757],[-67.17754,18.26755],[-67.18173,18.26712],[-67.1861,18.26719],[-67.1874,18.26677],[-67.18807,18.26592],[-67.18695,18.26471],[-67.18396,18.26038],[-67.18086,18.25654],[-67.17933,18.25417],[-67.17791,18.25145],[-67.17621,18.24889],[-67.17549,18.24745],[-67.17431,18.24375],[-67.17354,18.23894],[-67.17328,18.23245],[-67.17327,18.22807],[-67.17364,18.22686],[-67.16789,18.22091],[-67.16796,18.22073],[-67.16845,18.22089],[-67.1685,18.22077],[-67.16474,18.21957],[-67.16469,18.21971],[-67.16513,18.21984],[-67.16509,18.21996],[-67.16324,18.2191],[-67.16264,18.21913],[-67.16227,18.21875],[-67.15899,18.21773],[-67.15846,18.21696],[-67.15805,18.21687],[-67.15772,18.21631],[-67.15763,18.21581],[-67.15772,18.21504],[-67.15796,18.21448],[-67.15871,18.21348],[-67.15925,18.21344],[-67.15954,18.21328],[-67.15959,18.21297],[-67.15925,18.21224],[-67.15939,18.2115],[-67.15912,18.21145],[-67.15909,18.21156],[-67.15876,18.21167],[-67.15861,18.21195],[-67.15835,18.21202],[-67.15729,18.21145],[-67.15585,18.21131],[-67.15523,18.21098],[-67.155,18.2095],[-67.15536,18.20845],[-67.15506,18.20833],[-67.15515,18.20798],[-67.15464,18.20815],[-67.15434,18.20815],[-67.15425,18.20798],[-67.15536,18.20791],[-67.15479,18.20789],[-67.15386,18.20719],[-67.15349,18.20648],[-67.15327,18.20511],[-67.15329,18.20184],[-67.15381,18.19878],[-67.15424,18.19744],[-67.155,18.19581],[-67.15658,18.19337],[-67.15821,18.19141],[-67.15874,18.19104],[-67.16031,18.18937],[-67.16054,18.18919],[-67.16124,18.18904],[-67.16238,18.1884],[-67.16494,18.18654],[-67.16858,18.18296],[-67.17153,18.17975],[-67.17345,18.17649],[-67.176,18.17302],[-67.1786,18.17006],[-67.17987,18.16876],[-67.18054,18.16827],[-67.18019,18.1682],[-67.17986,18.16791],[-67.17734,18.16507],[-67.1749,18.16387],[-67.17366,18.16299],[-67.17282,18.162],[-67.1716,18.1596],[-67.17119,18.15921],[-67.17085,18.15906],[-67.17002,18.15899],[-67.16779,18.15901],[-67.16691,18.15877],[-67.16617,18.15838],[-67.1659,18.15793],[-67.16589,18.15742],[-67.16697,18.15585],[-67.16691,18.1556],[-67.16425,18.15504],[-67.16382,18.15485],[-67.16338,18.15441],[-67.16207,18.15241],[-67.16154,18.1524],[-67.16034,18.15328],[-67.15974,18.15322],[-67.1595,18.15334],[-67.15902,18.15431],[-67.1588,18.15529],[-67.15766,18.1562],[-67.15638,18.15576],[-67.15404,18.15452],[-67.15178,18.15371],[-67.15098,18.15412],[-67.1495,18.15434],[-67.1474,18.15522],[-67.14659,18.1547],[-67.14562,18.15481],[-67.14469,18.15415],[-67.14445,18.15416],[-67.14417,18.15432],[-67.14371,18.15538],[-67.14322,18.1557],[-67.14222,18.15524],[-67.14184,18.15473],[-67.14139,18.15453],[-67.14107,18.15394],[-67.141,18.15322],[-67.14083,18.15311],[-67.14001,18.1535],[-67.13939,18.15348],[-67.13903,18.15368],[-67.13865,18.15364],[-67.13814,18.1534],[-67.13729,18.1521],[-67.13704,18.15197],[-67.13673,18.1521],[-67.13639,18.15274],[-67.1361,18.15298],[-67.1349,18.15359],[-67.13437,18.15427],[-67.13351,18.15429],[-67.13329,18.15486],[-67.13273,18.15547],[-67.13253,18.15554],[-67.13211,18.15521],[-67.13159,18.15599],[-67.1314,18.15655],[-67.13045,18.15701],[-67.12989,18.15776],[-67.12939,18.15806],[-67.1291,18.15815],[-67.12879,18.15799],[-67.12815,18.15721],[-67.12786,18.15718],[-67.12767,18.15745],[-67.12719,18.15742],[-67.12663,18.15801],[-67.126,18.15841],[-67.12565,18.15833],[-67.12546,18.15793],[-67.12526,18.15783],[-67.12415,18.15803],[-67.1238,18.15799],[-67.12353,18.15751],[-67.12304,18.15755],[-67.12289,18.15743],[-67.12318,18.15661],[-67.12211,18.15615],[-67.12083,18.15596],[-67.12023,18.1565],[-67.11943,18.15692],[-67.11882,18.15775],[-67.11857,18.1579],[-67.11545,18.15819],[-67.11528,18.15834],[-67.11519,18.15894],[-67.11487,18.15948],[-67.11366,18.15972],[-67.11246,18.16028],[-67.11223,18.16028],[-67.11138,18.15971],[-67.11061,18.15983],[-67.10993,18.15955],[-67.10921,18.15979],[-67.10862,18.15983],[-67.10764,18.15948],[-67.10724,18.15916],[-67.10744,18.15849],[-67.1063,18.15809],[-67.10536,18.15723],[-67.10441,18.15787],[-67.10389,18.15799],[-67.10312,18.15771],[-67.10165,18.15751],[-67.10102,18.15701],[-67.10083,18.1567],[-67.0995,18.15723],[-67.09821,18.1587],[-67.09802,18.15866],[-67.09706,18.15737],[-67.09683,18.15639],[-67.09502,18.15581],[-67.09439,18.15531],[-67.09404,18.15477],[-67.09293,18.15216],[-67.09205,18.15179],[-67.0894,18.15138],[-67.08799,18.15009],[-67.08709,18.14946],[-67.08686,18.14946],[-67.08635,18.14983],[-67.0865,18.15108],[-67.08705,18.15322],[-67.08691,18.15374],[-67.08701,18.155],[-67.08731,18.1557],[-67.08609,18.15638],[-67.08516,18.15815],[-67.08422,18.15912],[-67.08406,18.15966],[-67.08417,18.15999],[-67.08516,18.16097],[-67.0856,18.16161],[-67.08592,18.1624],[-67.0859,18.16269],[-67.08571,18.16298],[-67.08528,18.16317],[-67.08454,18.16303],[-67.08443,18.16323],[-67.08469,18.16439],[-67.08457,18.16485],[-67.083,18.16643],[-67.08253,18.16773],[-67.08228,18.16799],[-67.08179,18.16811],[-67.08081,18.16752],[-67.07923,18.16744],[-67.07849,18.16755],[-67.07661,18.16962],[-67.07543,18.17064],[-67.07384,18.17134],[-67.07295,18.17272],[-67.07218,18.17305],[-67.06971,18.17285],[-67.06722,18.17306],[-67.06655,18.17191],[-67.06635,18.17189],[-67.06499,18.17289],[-67.06467,18.17297],[-67.06422,18.17278],[-67.06396,18.17208],[-67.06375,18.17203],[-67.06272,18.1728],[-67.06122,18.17364],[-67.06054,18.17378],[-67.06004,18.17348],[-67.0598,18.17307],[-67.05989,18.17277],[-67.06045,18.17215],[-67.06044,18.17191],[-67.06027,18.17182],[-67.05946,18.17209],[-67.05841,18.17302],[-67.05798,18.17325],[-67.05706,18.17325],[-67.05515,18.17253],[-67.05468,18.17272],[-67.05406,18.17348],[-67.05383,18.17352],[-67.0536,18.17335],[-67.05356,18.17313],[-67.05406,18.17233],[-67.05402,18.17203],[-67.05371,18.17194],[-67.05262,18.17226],[-67.05216,18.17261],[-67.05128,18.17411],[-67.05144,18.17449],[-67.0512,18.17749],[-67.0508,18.17726],[-67.05022,18.17649],[-67.04996,18.17642],[-67.04969,18.17662],[-67.04933,18.17727],[-67.04912,18.17745],[-67.0488,18.17747],[-67.04669,18.17637],[-67.04538,18.1763],[-67.04333,18.17734],[-67.04129,18.1777],[-67.04082,18.17802],[-67.04065,18.1785],[-67.04078,18.17895],[-67.04187,18.18004],[-67.04193,18.18042],[-67.04182,18.18057],[-67.04036,18.18065],[-67.03898,18.18129],[-67.03874,18.18082],[-67.03826,18.1806],[-67.03673,18.18108],[-67.03514,18.18059],[-67.03461,18.18061],[-67.034,18.18083],[-67.03372,18.18115],[-67.03355,18.18201],[-67.03367,18.18245],[-67.03401,18.18282],[-67.03508,18.18328],[-67.03567,18.18318],[-67.03625,18.18276],[-67.0365,18.18273],[-67.03664,18.18288],[-67.03662,18.18307],[-67.0352,18.18417],[-67.03487,18.18521],[-67.03452,18.18552],[-67.03336,18.18537],[-67.03216,18.18492],[-67.03147,18.18488],[-67.03036,18.18512],[-67.02895,18.18571],[-67.02742,18.18568],[-67.02565,18.18507],[-67.02485,18.1851],[-67.02423,18.18461],[-67.02394,18.18463],[-67.02355,18.18492],[-67.0235,18.18561],[-67.02312,18.18605],[-67.02073,18.18641],[-67.01962,18.18678],[-67.01815,18.18799],[-67.01792,18.18846],[-67.01808,18.18933],[-67.01778,18.18972],[-67.01737,18.1899],[-67.01999,18.19559],[-67.02059,18.19701],[-67.0207,18.19801],[-67.02046,18.19904],[-67.01979,18.2003],[-67.01972,18.20164],[-67.01899,18.20338],[-67.01895,18.20445],[-67.0191,18.20462],[-67.01941,18.20463],[-67.02008,18.20442],[-67.02041,18.20446],[-67.02129,18.2048],[-67.02201,18.20477],[-67.02269,18.20511],[-67.02318,18.20497],[-67.02345,18.20546],[-67.02381,18.20568],[-67.02453,18.2054],[-67.02485,18.20548],[-67.02506,18.20558],[-67.02518,18.20598],[-67.02545,18.20631],[-67.02623,18.20702],[-67.02711,18.20729],[-67.02759,18.20832],[-67.02868,18.2089],[-67.0289,18.20887],[-67.02935,18.20848],[-67.02968,18.20846],[-67.03074,18.2089],[-67.03126,18.20897],[-67.03245,18.20873],[-67.03334,18.20819],[-67.03275,18.2181],[-67.03317,18.21813],[-67.0339,18.2185],[-67.03458,18.2185],[-67.03564,18.21898],[-67.03596,18.21943],[-67.03696,18.21973],[-67.03711,18.21986],[-67.03715,18.22052],[-67.03761,18.22108],[-67.03717,18.22176],[-67.03802,18.2216],[-67.04001,18.22232],[-67.04035,18.22296],[-67.0405,18.22371],[-67.04071,18.22379],[-67.04138,18.22348],[-67.0416,18.22351],[-67.04195,18.22381],[-67.04225,18.22432],[-67.04302,18.22431],[-67.04366,18.22403],[-67.04418,18.22396],[-67.04487,18.22431],[-67.04584,18.22441],[-67.04601,18.22452],[-67.04573,18.22488],[-67.04576,18.22508],[-67.04637,18.22567],[-67.0468,18.22661],[-67.0489,18.22713],[-67.04961,18.22715],[-67.05016,18.22738],[-67.05077,18.22849],[-67.05116,18.22955],[-67.05205,18.23067],[-67.05149,18.23284],[-67.05143,18.23368],[-67.05169,18.23478],[-67.05249,18.23534],[-67.05262,18.23564],[-67.05289,18.23712],[-67.05426,18.23829],[-67.0545,18.23917],[-67.05478,18.23956],[-67.05519,18.23969],[-67.056,18.23959],[-67.05673,18.2401],[-67.05678,18.24056],[-67.05649,18.2411],[-67.05641,18.24161],[-67.05694,18.24252],[-67.05695,18.24277],[-67.05603,18.24539],[-67.05676,18.24558],[-67.05744,18.24614],[-67.05903,18.24516],[-67.05945,18.24518],[-67.06002,18.24496],[-67.06125,18.24504],[-67.0621,18.24488],[-67.06299,18.24526],[-67.06325,18.24571],[-67.06414,18.24619],[-67.06504,18.24635],[-67.06619,18.24737],[-67.0667,18.2473],[-67.06739,18.24635],[-67.06799,18.24653],[-67.06798,18.24699],[-67.06835,18.24743],[-67.06896,18.24776],[-67.06986,18.24801],[-67.07112,18.2489],[-67.07178,18.24882],[-67.07322,18.24801],[-67.07345,18.2477],[-67.0739,18.24764],[-67.0745,18.24838],[-67.07545,18.24854],[-67.07604,18.24935],[-67.07778,18.25117],[-67.07805,18.25181],[-67.07862,18.25249],[-67.08007,18.25326],[-67.08029,18.25404],[-67.08085,18.25466],[-67.08132,18.25493],[-67.08156,18.25485],[-67.08195,18.25496]]],[[[-67.84453,18.08311],[-67.84481,18.08305],[-67.8447,18.08281],[-67.84446,18.08291],[-67.84453,18.08311]]],[[[-67.842,18.09331],[-67.84195,18.0936],[-67.84213,18.09367],[-67.84219,18.09344],[-67.842,18.09331]]],[[[-67.89962,18.11529],[-67.89957,18.11549],[-67.89989,18.1155],[-67.89993,18.11533],[-67.89962,18.11529]]],[[[-67.89907,18.11535],[-67.89908,18.11559],[-67.89928,18.11568],[-67.89939,18.11543],[-67.89907,18.11535]]],[[[-67.9231,18.11545],[-67.92301,18.11557],[-67.92325,18.11556],[-67.9231,18.11545]]],[[[-67.92247,18.11555],[-67.92213,18.11567],[-67.92209,18.11587],[-67.9223,18.11594],[-67.92267,18.11579],[-67.9227,18.1155],[-67.92247,18.11555]]],[[[-67.90815,18.11936],[-67.90819,18.1195],[-67.90843,18.11957],[-67.90844,18.11943],[-67.90815,18.11936]]],[[[-67.86138,18.12218],[-67.862,18.12212],[-67.86353,18.12113],[-67.86405,18.12116],[-67.86452,18.12083],[-67.86538,18.12069],[-67.8676,18.1195],[-67.86989,18.1188],[-67.87018,18.11859],[-67.87064,18.11752],[-67.87211,18.11634],[-67.87285,18.11606],[-67.87326,18.11539],[-67.87376,18.11516],[-67.87485,18.11499],[-67.87593,18.11431],[-67.87676,18.11407],[-67.88036,18.11391],[-67.88418,18.11309],[-67.88485,18.11314],[-67.88685,18.1126],[-67.88736,18.11256],[-67.88824,18.11285],[-67.88861,18.11281],[-67.8894,18.11297],[-67.89141,18.11389],[-67.89329,18.11421],[-67.895,18.11495],[-67.89592,18.11492],[-67.89801,18.11515],[-67.89922,18.115],[-67.9008,18.11537],[-67.90134,18.11554],[-67.90333,18.11696],[-67.9051,18.11789],[-67.9066,18.11908],[-67.90753,18.11929],[-67.90798,18.11926],[-67.90944,18.11964],[-67.91117,18.11958],[-67.91334,18.11906],[-67.91423,18.11873],[-67.91486,18.11874],[-67.91571,18.11829],[-67.91671,18.11809],[-67.91793,18.11762],[-67.92006,18.11646],[-67.92077,18.11644],[-67.92156,18.11581],[-67.92218,18.11553],[-67.92416,18.1151],[-67.92454,18.11484],[-67.92539,18.11485],[-67.92625,18.11444],[-67.92858,18.11403],[-67.93,18.11358],[-67.93091,18.11314],[-67.93191,18.11323],[-67.93251,18.11308],[-67.93448,18.1113],[-67.93466,18.11056],[-67.93537,18.10921],[-67.93577,18.10873],[-67.936,18.10743],[-67.93521,18.10529],[-67.93507,18.10388],[-67.93561,18.10289],[-67.93657,18.10214],[-67.93735,18.1006],[-67.9373,18.09953],[-67.93806,18.09583],[-67.93821,18.09444],[-67.93853,18.09379],[-67.93851,18.09328],[-67.93871,18.09267],[-67.93974,18.09062],[-67.94007,18.09029],[-67.9403,18.0894],[-67.9406,18.08888],[-67.94122,18.08844],[-67.94159,18.08796],[-67.9419,18.08782],[-67.94464,18.08429],[-67.94487,18.08405],[-67.94532,18.0839],[-67.94589,18.08318],[-67.94613,18.08248],[-67.94595,18.08152],[-67.94555,18.08111],[-67.94504,18.08104],[-67.94482,18.08084],[-67.94424,18.07968],[-67.94336,18.07889],[-67.94195,18.07972],[-67.94077,18.07975],[-67.93818,18.07919],[-67.93614,18.0781],[-67.93521,18.07729],[-67.93472,18.07647],[-67.93258,18.07438],[-67.93131,18.07167],[-67.93058,18.07071],[-67.92861,18.06935],[-67.92782,18.06858],[-67.92716,18.06813],[-67.92595,18.06771],[-67.9254,18.06738],[-67.92449,18.06609],[-67.92286,18.06501],[-67.92234,18.06452],[-67.92204,18.06445],[-67.92182,18.06424],[-67.92071,18.06396],[-67.92045,18.06367],[-67.91912,18.06335],[-67.91784,18.0627],[-67.91515,18.06214],[-67.91438,18.06165],[-67.91189,18.0615],[-67.91065,18.06112],[-67.90804,18.05963],[-67.90612,18.05964],[-67.90495,18.05938],[-67.90365,18.05867],[-67.90342,18.05841],[-67.90322,18.05784],[-67.90284,18.05745],[-67.90244,18.05734],[-67.90137,18.05663],[-67.90027,18.05613],[-67.89971,18.0554],[-67.89953,18.05475],[-67.89863,18.05372],[-67.89786,18.05321],[-67.89697,18.05301],[-67.89592,18.05234],[-67.89511,18.05291],[-67.89452,18.05311],[-67.89318,18.05328],[-67.89222,18.05304],[-67.89047,18.05354],[-67.88914,18.0537],[-67.88683,18.05364],[-67.885,18.05429],[-67.88309,18.05439],[-67.88201,18.05406],[-67.88153,18.05407],[-67.87848,18.05608],[-67.87788,18.05632],[-67.87698,18.05663],[-67.87628,18.05657],[-67.87582,18.05672],[-67.87445,18.05725],[-67.87341,18.05782],[-67.87165,18.05777],[-67.86997,18.05905],[-67.86906,18.05993],[-67.86863,18.06053],[-67.86737,18.06312],[-67.86626,18.06444],[-67.86571,18.0654],[-67.86375,18.06766],[-67.86261,18.06848],[-67.86185,18.06965],[-67.86062,18.07114],[-67.85947,18.07198],[-67.85884,18.0727],[-67.85738,18.07277],[-67.8561,18.07335],[-67.85553,18.07393],[-67.85484,18.07538],[-67.854,18.07645],[-67.85316,18.07836],[-67.85319,18.07894],[-67.85305,18.0793],[-67.85134,18.08035],[-67.85025,18.08076],[-67.8487,18.0816],[-67.8461,18.08171],[-67.84571,18.08198],[-67.84529,18.08206],[-67.84508,18.08279],[-67.84464,18.08343],[-67.84424,18.08372],[-67.84415,18.08452],[-67.84386,18.08491],[-67.8436,18.08563],[-67.8436,18.08684],[-67.84318,18.0889],[-67.84333,18.08977],[-67.84302,18.09099],[-67.84317,18.09189],[-67.84305,18.09231],[-67.84322,18.09261],[-67.84325,18.09488],[-67.84362,18.09572],[-67.84364,18.0963],[-67.84376,18.09649],[-67.84406,18.09657],[-67.84405,18.09691],[-67.84429,18.09724],[-67.84467,18.09921],[-67.84499,18.09975],[-67.8451,18.10026],[-67.84503,18.10091],[-67.84539,18.10246],[-67.84588,18.10288],[-67.84595,18.10331],[-67.8463,18.10358],[-67.84684,18.10461],[-67.84685,18.10496],[-67.84746,18.106],[-67.84755,18.10655],[-67.84794,18.1071],[-67.84865,18.11027],[-67.84912,18.11092],[-67.85022,18.11182],[-67.85275,18.11281],[-67.85422,18.11377],[-67.85437,18.11416],[-67.85522,18.11433],[-67.85573,18.11474],[-67.85607,18.11519],[-67.85616,18.11576],[-67.85671,18.11594],[-67.85761,18.11759],[-67.85852,18.11854],[-67.85945,18.12031],[-67.86075,18.12157],[-67.86114,18.12211],[-67.86138,18.12218]]],[[[-67.9496,18.16245],[-67.94978,18.16256],[-67.94982,18.16245],[-67.95015,18.16245],[-67.95038,18.16184],[-67.95016,18.16147],[-67.95023,18.16137],[-67.95099,18.16121],[-67.95137,18.15984],[-67.95133,18.15932],[-67.95084,18.1592],[-67.9501,18.15931],[-67.94885,18.15913],[-67.94817,18.15928],[-67.94732,18.159],[-67.94671,18.15925],[-67.94664,18.15967],[-67.94653,18.15972],[-67.94687,18.1607],[-67.94679,18.16107],[-67.94697,18.16174],[-67.94854,18.1623],[-67.94942,18.1622],[-67.9496,18.16245]]],[[[-67.47667,18.38882],[-67.47792,18.39054],[-67.48011,18.39173],[-67.4822,18.39147],[-67.48385,18.39069],[-67.48452,18.38989],[-67.48561,18.38932],[-67.48593,18.38812],[-67.48642,18.3876],[-67.48935,18.38744],[-67.49061,18.38763],[-67.49067,18.38689],[-67.48939,18.38595],[-67.4855,18.38222],[-67.48213,18.38026],[-67.47798,18.37894],[-67.47596,18.3802],[-67.47473,18.38157],[-67.47237,18.3828],[-67.47298,18.38511],[-67.47553,18.38746],[-67.47667,18.38882]]]]},"properties":{"municipio":"Mayagüez","geoid":"72097","countyfp":"097","abrev_mun":"MAY"}},
{"type":"Feature","geometry":{"type":"Polygon","coordinates":[[[-67.0272,18.39337],[-67.02804,18.39542],[-67.05218,18.44678],[-67.05635,18.46038],[-67.05637,18.46096],[-67.05682,18.46073],[-67.06051,18.45998],[-67.06655,18.45831],[-67.07084,18.45751],[-67.07407,18.45664],[-67.07431,18.45178],[-67.07574,18.45185],[-67.07628,18.44743],[-67.07698,18.44609],[-67.08011,18.44524],[-67.08026,18.44565],[-67.08338,18.44488],[-67.08339,18.44386],[-67.08393,18.4438],[-67.08394,18.44294],[-67.08563,18.44251],[-67.08741,18.44148],[-67.08713,18.43959],[-67.08671,18.43864],[-67.08782,18.43912],[-67.08876,18.43925],[-67.08927,18.43918],[-67.08987,18.43874],[-67.09051,18.43801],[-67.09117,18.43793],[-67.09287,18.43657],[-67.09375,18.43637],[-67.09535,18.43648],[-67.09839,18.43734],[-67.1256,18.40927],[-67.125,18.4087],[-67.12446,18.40787],[-67.12388,18.40504],[-67.12383,18.40375],[-67.12478,18.40222],[-67.12686,18.39742],[-67.13227,18.38935],[-67.13152,18.38387],[-67.13166,18.38248],[-67.131,18.38138],[-67.13019,18.38109],[-67.13025,18.3805],[-67.1301,18.3799],[-67.12948,18.37864],[-67.1294,18.37779],[-67.12988,18.37713],[-67.13001,18.37664],[-67.13062,18.37608],[-67.13086,18.37551],[-67.13068,18.37462],[-67.13063,18.37301],[-67.1302,18.37275],[-67.12933,18.37264],[-67.12824,18.37186],[-67.12683,18.37161],[-67.12661,18.37143],[-67.1266,18.37115],[-67.12732,18.36718],[-67.12791,18.36636],[-67.12796,18.36609],[-67.12861,18.36568],[-67.12863,18.36541],[-67.12818,18.3649],[-67.12837,18.36367],[-67.12813,18.36256],[-67.12716,18.36008],[-67.12747,18.35931],[-67.12754,18.35825],[-67.12819,18.35686],[-67.12806,18.35494],[-67.12836,18.35367],[-67.12913,18.35258],[-67.12979,18.35221],[-67.13076,18.35192],[-67.13102,18.35168],[-67.13158,18.35082],[-67.13134,18.34965],[-67.1316,18.34892],[-67.13282,18.34769],[-67.13334,18.34774],[-67.13391,18.34748],[-67.13426,18.34712],[-67.13445,18.34666],[-67.13439,18.34593],[-67.13344,18.34294],[-67.13342,18.34152],[-67.13311,18.34077],[-67.13242,18.34057],[-67.13178,18.34021],[-67.13197,18.33898],[-67.13191,18.33863],[-67.13098,18.33604],[-67.13101,18.33527],[-67.1312,18.33469],[-67.13239,18.33293],[-67.13312,18.33213],[-67.1335,18.33125],[-67.13426,18.33061],[-67.1343,18.33033],[-67.13324,18.32895],[-67.13297,18.32803],[-67.13221,18.32749],[-67.132,18.32657],[-67.1304,18.32494],[-67.13058,18.32327],[-67.13033,18.32274],[-67.12993,18.32241],[-67.12989,18.32218],[-67.13009,18.32135],[-67.1303,18.31897],[-67.13002,18.31804],[-67.12943,18.3184],[-67.12871,18.31829],[-67.12792,18.31864],[-67.12708,18.3188],[-67.12665,18.31909],[-67.1265,18.31947],[-67.127,18.32045],[-67.12703,18.32078],[-67.12667,18.32166],[-67.1258,18.32205],[-67.12532,18.32207],[-67.12463,18.32201],[-67.12406,18.32152],[-67.1232,18.3224],[-67.12249,18.32282],[-67.12134,18.32397],[-67.12013,18.32377],[-67.11897,18.32281],[-67.11826,18.32256],[-67.11765,18.3226],[-67.1174,18.32284],[-67.11737,18.32325],[-67.1162,18.32347],[-67.1141,18.3226],[-67.11335,18.32206],[-67.11316,18.32145],[-67.11233,18.32004],[-67.11214,18.32003],[-67.11105,18.32072],[-67.11038,18.32039],[-67.10921,18.32072],[-67.10822,18.32013],[-67.10736,18.32018],[-67.10691,18.31971],[-67.10513,18.31871],[-67.10456,18.3187],[-67.1039,18.31895],[-67.1028,18.3186],[-67.10194,18.31853],[-67.10125,18.31859],[-67.10086,18.31895],[-67.10025,18.31923],[-67.1,18.31956],[-67.07791,18.31302],[-67.07179,18.3126],[-67.06354,18.31163],[-67.06246,18.31096],[-67.06189,18.31081],[-67.06121,18.3103],[-67.06037,18.31021],[-67.0598,18.30998],[-67.05941,18.30967],[-67.05923,18.30908],[-67.05899,18.30881],[-67.05695,18.30827],[-67.05671,18.30753],[-67.05501,18.30712],[-67.05378,18.30721],[-67.05316,18.30685],[-67.05253,18.30675],[-67.04422,18.31667],[-67.04323,18.31859],[-67.04267,18.32031],[-67.04186,18.321],[-67.04142,18.32104],[-67.04128,18.32243],[-67.04155,18.32284],[-67.04131,18.32381],[-67.0411,18.32406],[-67.03843,18.32551],[-67.03739,18.32625],[-67.03695,18.32692],[-67.03693,18.32717],[-67.0371,18.32731],[-67.03774,18.32728],[-67.03788,18.32742],[-67.03771,18.3276],[-67.03703,18.3278],[-67.0368,18.32805],[-67.03662,18.32863],[-67.03603,18.3287],[-67.03617,18.32908],[-67.03583,18.32937],[-67.03594,18.32956],[-67.03681,18.3297],[-67.03685,18.3299],[-67.03634,18.33006],[-67.03624,18.33024],[-67.03633,18.33088],[-67.03619,18.33138],[-67.03631,18.33163],[-67.03658,18.3316],[-67.03683,18.33114],[-67.03704,18.33108],[-67.0382,18.33154],[-67.0382,18.33173],[-67.03803,18.33189],[-67.03759,18.33171],[-67.03709,18.33177],[-67.03667,18.3326],[-67.03656,18.33322],[-67.03668,18.33338],[-67.0373,18.33358],[-67.03827,18.33413],[-67.03899,18.33425],[-67.03928,18.33449],[-67.03959,18.33525],[-67.04041,18.33491],[-67.04043,18.33539],[-67.04003,18.33609],[-67.03966,18.3372],[-67.03995,18.33798],[-67.03993,18.3385],[-67.0401,18.33869],[-67.04122,18.33866],[-67.04171,18.33942],[-67.04142,18.34021],[-67.04241,18.34004],[-67.04236,18.34026],[-67.04186,18.34077],[-67.04196,18.34099],[-67.04295,18.34125],[-67.04325,18.34182],[-67.04334,18.34222],[-67.04317,18.34271],[-67.04319,18.34356],[-67.04377,18.34408],[-67.04357,18.34485],[-67.04365,18.34511],[-67.04471,18.34603],[-67.04478,18.3476],[-67.04494,18.34786],[-67.04546,18.34817],[-67.04548,18.3484],[-67.04539,18.34887],[-67.04515,18.34907],[-67.04384,18.34928],[-67.04361,18.34942],[-67.04357,18.34962],[-67.04494,18.35059],[-67.04516,18.3507],[-67.04554,18.35066],[-67.0461,18.35037],[-67.0464,18.34993],[-67.04638,18.34953],[-67.0461,18.34921],[-67.04671,18.34837],[-67.04768,18.34769],[-67.04856,18.34776],[-67.04921,18.34736],[-67.04965,18.34748],[-67.0499,18.34774],[-67.05029,18.34877],[-67.05017,18.34901],[-67.04996,18.34899],[-67.04893,18.34848],[-67.04856,18.34853],[-67.04833,18.34862],[-67.04826,18.34902],[-67.0485,18.34965],[-67.0472,18.34987],[-67.04718,18.35024],[-67.04751,18.35108],[-67.04733,18.35141],[-67.04741,18.35228],[-67.04722,18.35276],[-67.04692,18.35292],[-67.04788,18.35303],[-67.04797,18.35386],[-67.04743,18.35344],[-67.04707,18.3539],[-67.04554,18.35402],[-67.04498,18.35363],[-67.04468,18.35366],[-67.0445,18.35378],[-67.04438,18.35497],[-67.04419,18.35491],[-67.04395,18.35447],[-67.04357,18.35427],[-67.04345,18.35506],[-67.04301,18.35493],[-67.04277,18.3552],[-67.04265,18.35554],[-67.04272,18.35601],[-67.04253,18.35615],[-67.04218,18.35571],[-67.04193,18.35618],[-67.04185,18.35665],[-67.04224,18.35695],[-67.04229,18.35717],[-67.04146,18.35787],[-67.04187,18.35833],[-67.04184,18.35854],[-67.04055,18.3594],[-67.04126,18.35984],[-67.04153,18.36032],[-67.0415,18.36055],[-67.04128,18.3607],[-67.0416,18.36145],[-67.04142,18.36222],[-67.0412,18.36237],[-67.04059,18.36244],[-67.04077,18.36298],[-67.04039,18.36331],[-67.0399,18.36464],[-67.04028,18.3647],[-67.04041,18.36495],[-67.04038,18.36534],[-67.03992,18.36516],[-67.03929,18.36561],[-67.0395,18.3665],[-67.0391,18.36678],[-67.03894,18.36711],[-67.03891,18.3676],[-67.03903,18.36775],[-67.03954,18.36779],[-67.04018,18.36862],[-67.04014,18.36884],[-67.03927,18.36913],[-67.03913,18.36934],[-67.0399,18.36949],[-67.0398,18.36978],[-67.03916,18.3701],[-67.03928,18.3703],[-67.03898,18.37029],[-67.03886,18.37047],[-67.03919,18.37104],[-67.03902,18.37122],[-67.03875,18.37123],[-67.03866,18.3714],[-67.03934,18.37198],[-67.03924,18.37222],[-67.03892,18.37248],[-67.0384,18.37238],[-67.03828,18.3726],[-67.03822,18.373],[-67.03868,18.37328],[-67.03866,18.37351],[-67.03833,18.37374],[-67.0382,18.37443],[-67.03863,18.37517],[-67.03831,18.37548],[-67.0378,18.37548],[-67.03765,18.37565],[-67.03741,18.3763],[-67.03773,18.37756],[-67.03763,18.37776],[-67.03727,18.3776],[-67.03703,18.37884],[-67.03654,18.37909],[-67.03659,18.37995],[-67.03712,18.38067],[-67.03718,18.3811],[-67.03699,18.3812],[-67.03681,18.38113],[-67.03646,18.3806],[-67.03622,18.38054],[-67.03587,18.38077],[-67.03534,18.38081],[-67.03536,18.38146],[-67.03517,18.3816],[-67.03476,18.38138],[-67.03423,18.38137],[-67.03383,18.38215],[-67.03343,18.38194],[-67.03358,18.38264],[-67.03301,18.38418],[-67.03309,18.38495],[-67.03278,18.38586],[-67.03253,18.38623],[-67.03191,18.38649],[-67.03109,18.38714],[-67.03012,18.38732],[-67.02978,18.38824],[-67.0291,18.38877],[-67.02918,18.38956],[-67.02883,18.38986],[-67.02859,18.39113],[-67.02789,18.39151],[-67.02753,18.39202],[-67.0272,18.39337]]]},"properties":{"municipio":"Moca","geoid":"72099","countyfp":"099","abrev_mun":"MOC"}},
{"type":"Feature","geometry":{"type":"Polygon","coordinates":[[[-66.37712,18.34424],[-66.37882,18.34301],[-66.37903,18.34297],[-66.37993,18.34333],[-66.3806,18.34342],[-66.38066,18.34323],[-66.3815,18.34251],[-66.38172,18.34259],[-66.38182,18.34285],[-66.38225,18.34326],[-66.38284,18.34348],[-66.38409,18.34449],[-66.38437,18.34457],[-66.38483,18.34444],[-66.38593,18.34473],[-66.38624,18.34545],[-66.38629,18.34606],[-66.3869,18.34738],[-66.38677,18.34837],[-66.38623,18.34924],[-66.38665,18.34978],[-66.38718,18.34978],[-66.38754,18.35076],[-66.38826,18.35161],[-66.3889,18.35321],[-66.38932,18.35655],[-66.3898,18.35749],[-66.38947,18.35775],[-66.38945,18.35796],[-66.38961,18.3583],[-66.39036,18.35914],[-66.39037,18.35954],[-66.39013,18.36004],[-66.39039,18.36093],[-66.38955,18.36158],[-66.38878,18.36192],[-66.38868,18.36241],[-66.38885,18.36266],[-66.38962,18.3628],[-66.38997,18.36301],[-66.39033,18.36347],[-66.39068,18.36449],[-66.39119,18.36476],[-66.39134,18.36524],[-66.39097,18.36597],[-66.3912,18.36643],[-66.39151,18.36658],[-66.39171,18.36649],[-66.39235,18.36583],[-66.39271,18.36609],[-66.39294,18.36694],[-66.39344,18.36782],[-66.39525,18.37016],[-66.39559,18.37188],[-66.39679,18.37154],[-66.39662,18.37025],[-66.3968,18.36997],[-66.39894,18.36882],[-66.40075,18.36808],[-66.40117,18.36697],[-66.40128,18.36612],[-66.40163,18.36532],[-66.40153,18.36491],[-66.40086,18.36438],[-66.401,18.36371],[-66.40224,18.36419],[-66.40537,18.36601],[-66.41488,18.37215],[-66.41659,18.3738],[-66.41697,18.37438],[-66.41711,18.3749],[-66.41695,18.37676],[-66.4171,18.3774],[-66.41759,18.3778],[-66.4183,18.37806],[-66.42097,18.37805],[-66.4215,18.37788],[-66.42198,18.37754],[-66.42474,18.37543],[-66.4257,18.37411],[-66.42624,18.373],[-66.42777,18.37112],[-66.4288,18.3705],[-66.43614,18.37098],[-66.43866,18.37206],[-66.44002,18.37229],[-66.44044,18.37226],[-66.44146,18.37158],[-66.44389,18.37107],[-66.44522,18.37109],[-66.45118,18.37218],[-66.45838,18.37128],[-66.45948,18.37128],[-66.46319,18.37166],[-66.46354,18.36777],[-66.46445,18.36094],[-66.46405,18.35989],[-66.46406,18.35964],[-66.46496,18.35237],[-66.46355,18.34796],[-66.46152,18.34458],[-66.46131,18.34432],[-66.46018,18.34363],[-66.45938,18.34268],[-66.45456,18.33308],[-66.45436,18.33212],[-66.45423,18.32821],[-66.45455,18.31324],[-66.45393,18.31112],[-66.45324,18.30941],[-66.4534,18.30905],[-66.45473,18.30751],[-66.45599,18.30438],[-66.45544,18.30324],[-66.45505,18.30187],[-66.45484,18.30067],[-66.45485,18.30037],[-66.45505,18.30009],[-66.45614,18.29982],[-66.45703,18.30008],[-66.45743,18.30131],[-66.45752,18.3022],[-66.45826,18.30345],[-66.45895,18.30314],[-66.4594,18.30253],[-66.46092,18.30149],[-66.4614,18.30085],[-66.46157,18.29973],[-66.46124,18.29914],[-66.45947,18.29746],[-66.45862,18.29729],[-66.45864,18.29673],[-66.45978,18.29525],[-66.45977,18.29481],[-66.45954,18.29425],[-66.45829,18.29284],[-66.45816,18.29236],[-66.45823,18.29176],[-66.45849,18.291],[-66.45889,18.29045],[-66.45967,18.28975],[-66.46097,18.28898],[-66.46129,18.28862],[-66.46206,18.28725],[-66.46237,18.28533],[-66.46279,18.28424],[-66.46354,18.28398],[-66.46456,18.28431],[-66.46482,18.28408],[-66.46489,18.28324],[-66.46459,18.28275],[-66.4628,18.28258],[-66.46225,18.28239],[-66.46172,18.28191],[-66.46104,18.28044],[-66.46046,18.27855],[-66.46054,18.27758],[-66.46104,18.27659],[-66.46176,18.2758],[-66.46228,18.27559],[-66.46251,18.27532],[-66.46261,18.27489],[-66.46256,18.27451],[-66.46231,18.27422],[-66.46089,18.2737],[-66.46064,18.27314],[-66.46088,18.27278],[-66.46214,18.27257],[-66.46217,18.27219],[-66.46171,18.27122],[-66.46115,18.27054],[-66.46058,18.27006],[-66.45958,18.26954],[-66.45916,18.26895],[-66.45913,18.26857],[-66.45964,18.26754],[-66.45986,18.26645],[-66.45995,18.26479],[-66.45978,18.26434],[-66.45914,18.26387],[-66.45799,18.26355],[-66.45589,18.2634],[-66.4552,18.26325],[-66.45499,18.26306],[-66.45509,18.26249],[-66.4554,18.26222],[-66.45735,18.26146],[-66.45809,18.26096],[-66.45848,18.26039],[-66.45863,18.25989],[-66.4585,18.25893],[-66.45797,18.25824],[-66.45752,18.25797],[-66.45571,18.25773],[-66.45518,18.25783],[-66.45492,18.25773],[-66.45375,18.25699],[-66.45266,18.25668],[-66.45215,18.25615],[-66.4516,18.25625],[-66.45021,18.2569],[-66.44903,18.25683],[-66.44806,18.25728],[-66.44662,18.25719],[-66.44618,18.25796],[-66.44592,18.25814],[-66.44524,18.25804],[-66.44499,18.25767],[-66.44477,18.25758],[-66.44428,18.25757],[-66.44359,18.25799],[-66.44294,18.25808],[-66.44253,18.25882],[-66.44205,18.25912],[-66.44162,18.25898],[-66.44081,18.2579],[-66.4404,18.25799],[-66.44009,18.2585],[-66.43968,18.25857],[-66.43951,18.25841],[-66.43931,18.25723],[-66.43896,18.25635],[-66.43865,18.25602],[-66.43818,18.25585],[-66.43788,18.25589],[-66.43756,18.25664],[-66.43634,18.25659],[-66.43497,18.25699],[-66.43385,18.25763],[-66.43317,18.25825],[-66.43154,18.25875],[-66.42997,18.26025],[-66.42877,18.26078],[-66.42583,18.26091],[-66.4214,18.26167],[-66.40958,18.26334],[-66.40835,18.26378],[-66.40506,18.2657],[-66.39857,18.26869],[-66.39254,18.27349],[-66.3914,18.27343],[-66.39092,18.27352],[-66.38985,18.2743],[-66.38944,18.27479],[-66.38863,18.27681],[-66.3863,18.28395],[-66.38545,18.28583],[-66.38453,18.28697],[-66.38442,18.28916],[-66.38425,18.29023],[-66.38407,18.29053],[-66.3825,18.29199],[-66.3818,18.29242],[-66.37806,18.29368],[-66.37782,18.294],[-66.37715,18.29495],[-66.37636,18.29674],[-66.37561,18.29762],[-66.37552,18.29829],[-66.37604,18.29963],[-66.37461,18.30085],[-66.37352,18.30146],[-66.37328,18.30167],[-66.373,18.30228],[-66.37264,18.30933],[-66.36872,18.32089],[-66.36617,18.32985],[-66.36508,18.3331],[-66.36586,18.33358],[-66.36755,18.33559],[-66.36837,18.33586],[-66.36923,18.33664],[-66.36997,18.33667],[-66.37055,18.33714],[-66.37103,18.33781],[-66.37128,18.33984],[-66.37146,18.34032],[-66.3723,18.34085],[-66.37271,18.34147],[-66.37355,18.34199],[-66.37407,18.34252],[-66.37461,18.34405],[-66.37499,18.34414],[-66.37594,18.34398],[-66.37677,18.34426],[-66.37712,18.34424]]]},"properties":{"municipio":"Morovis","geoid":"72101","countyfp":"101","abrev_mun":"MOR"}},
{"type":"Feature","geometry":{"type":"Polygon","coordinates":[[[-65.76697,18.28012],[-65.7674,18.28029],[-65.76852,18.28026],[-65.76927,18.2805],[-65.76974,18.28048],[-65.7702,18.28067],[-65.77107,18.28073],[-65.77179,18.2811],[-65.77277,18.28119],[-65.77361,18.28173],[-65.77442,18.28191],[-65.77638,18.2839],[-65.7781,18.28535],[-65.77952,18.28619],[-65.78052,18.2875],[-65.78168,18.28866],[-65.78192,18.28907],[-65.78201,18.28972],[-65.78245,18.29077],[-65.78269,18.29112],[-65.78341,18.29163],[-65.78378,18.29237],[-65.78444,18.29307],[-65.78448,18.29355],[-65.78474,18.29396],[-65.78745,18.29475],[-65.78852,18.29444],[-65.78977,18.29493],[-65.79037,18.29536],[-65.79197,18.29564],[-65.79271,18.29652],[-65.79344,18.29668],[-65.79362,18.2961],[-65.79425,18.29512],[-65.79438,18.29461],[-65.79412,18.2928],[-65.79425,18.29201],[-65.79477,18.29149],[-65.79495,18.29075],[-65.79567,18.28956],[-65.79588,18.28939],[-65.79631,18.28933],[-65.7968,18.28897],[-65.79773,18.28952],[-65.79863,18.28979],[-65.7993,18.28903],[-65.79975,18.28898],[-65.80016,18.28933],[-65.80015,18.28963],[-65.80115,18.29048],[-65.80137,18.29045],[-65.80187,18.29008],[-65.8026,18.29033],[-65.80299,18.29021],[-65.80357,18.28979],[-65.80405,18.28875],[-65.8047,18.28826],[-65.80525,18.28809],[-65.80567,18.28817],[-65.80747,18.28927],[-65.80842,18.28912],[-65.81,18.28942],[-65.81119,18.29013],[-65.81182,18.29001],[-65.81389,18.28674],[-65.81371,18.28564],[-65.81388,18.28516],[-65.81494,18.28391],[-65.8154,18.28356],[-65.81601,18.2834],[-65.81674,18.2821],[-65.81805,18.28064],[-65.81853,18.27983],[-65.81951,18.2792],[-65.82011,18.27742],[-65.82117,18.27636],[-65.82185,18.27503],[-65.82195,18.27412],[-65.82211,18.27393],[-65.82433,18.27305],[-65.82457,18.27167],[-65.82406,18.26991],[-65.82398,18.26887],[-65.82297,18.26863],[-65.82224,18.26822],[-65.82003,18.26782],[-65.81981,18.26768],[-65.8192,18.26652],[-65.81739,18.26463],[-65.81699,18.26342],[-65.81575,18.2625],[-65.8156,18.26223],[-65.81583,18.2616],[-65.81668,18.26029],[-65.8173,18.25848],[-65.8167,18.25675],[-65.8172,18.25494],[-65.81712,18.25414],[-65.81726,18.25252],[-65.81752,18.25208],[-65.81822,18.25155],[-65.81852,18.2509],[-65.81928,18.25015],[-65.82047,18.24815],[-65.82033,18.24801],[-65.82125,18.24641],[-65.82679,18.234],[-65.82848,18.23052],[-65.82918,18.22798],[-65.83124,18.21416],[-65.82592,18.20044],[-65.82571,18.20026],[-65.82499,18.20015],[-65.82442,18.20038],[-65.82416,18.20063],[-65.82388,18.20181],[-65.82356,18.20238],[-65.82314,18.20281],[-65.82152,18.20332],[-65.82033,18.204],[-65.81988,18.20435],[-65.81958,18.20529],[-65.81939,18.20544],[-65.81759,18.20579],[-65.8167,18.2049],[-65.81577,18.20492],[-65.8144,18.20462],[-65.81349,18.2048],[-65.81247,18.20444],[-65.81169,18.20446],[-65.80811,18.20531],[-65.80697,18.20534],[-65.80461,18.20408],[-65.80406,18.20393],[-65.80333,18.2041],[-65.80084,18.20305],[-65.80046,18.20276],[-65.79987,18.2026],[-65.79963,18.20275],[-65.7988,18.20408],[-65.79754,18.20366],[-65.79566,18.20549],[-65.79251,18.20676],[-65.79227,18.20666],[-65.79173,18.20547],[-65.79149,18.20455],[-65.79118,18.20425],[-65.79039,18.20409],[-65.78839,18.20409],[-65.78696,18.20361],[-65.78592,18.20398],[-65.78567,18.20395],[-65.78386,18.20285],[-65.78332,18.20268],[-65.78213,18.20148],[-65.78131,18.20121],[-65.78003,18.20122],[-65.77671,18.19955],[-65.77411,18.19949],[-65.77209,18.19852],[-65.76918,18.19806],[-65.76806,18.1981],[-65.76594,18.19859],[-65.76456,18.1979],[-65.76263,18.19646],[-65.76068,18.19596],[-65.76045,18.19571],[-65.76048,18.19533],[-65.76178,18.19167],[-65.76618,18.18206],[-65.75202,18.17637],[-65.75156,18.1763],[-65.75087,18.17647],[-65.74978,18.1773],[-65.74935,18.17826],[-65.74859,18.17883],[-65.74809,18.17984],[-65.74691,18.1809],[-65.74584,18.18118],[-65.74411,18.18119],[-65.74212,18.1823],[-65.74142,18.18242],[-65.74102,18.18232],[-65.74053,18.18208],[-65.74039,18.18187],[-65.7402,18.18097],[-65.74084,18.17882],[-65.74098,18.17736],[-65.74034,18.17654],[-65.73919,18.17403],[-65.73813,18.17599],[-65.73545,18.17945],[-65.73405,18.18093],[-65.7314,18.18328],[-65.72598,18.18728],[-65.72331,18.18887],[-65.72197,18.18945],[-65.72111,18.18893],[-65.7204,18.18945],[-65.71806,18.19024],[-65.71773,18.19023],[-65.71709,18.18948],[-65.7167,18.18924],[-65.71611,18.18924],[-65.71563,18.18874],[-65.71529,18.18879],[-65.71476,18.18911],[-65.71347,18.18921],[-65.71243,18.18913],[-65.71152,18.18835],[-65.71144,18.18816],[-65.71155,18.18797],[-65.71091,18.18727],[-65.71123,18.18616],[-65.71096,18.18574],[-65.71091,18.18507],[-65.71076,18.1849],[-65.71037,18.18494],[-65.71013,18.18471],[-65.70984,18.18475],[-65.70929,18.18452],[-65.70902,18.18398],[-65.70885,18.18316],[-65.70821,18.18257],[-65.70798,18.18263],[-65.70819,18.18322],[-65.7081,18.18383],[-65.70792,18.18409],[-65.70745,18.18445],[-65.70715,18.18452],[-65.70709,18.18435],[-65.70666,18.18463],[-65.7065,18.1843],[-65.70682,18.18383],[-65.7061,18.18455],[-65.70538,18.18444],[-65.7041,18.18351],[-65.7042,18.18379],[-65.70388,18.18396],[-65.70348,18.18396],[-65.70329,18.18376],[-65.70309,18.18396],[-65.70273,18.18395],[-65.70168,18.1833],[-65.70121,18.1821],[-65.70071,18.18181],[-65.7005,18.18187],[-65.69959,18.18285],[-65.69947,18.18415],[-65.69841,18.18445],[-65.69765,18.18415],[-65.6968,18.18346],[-65.69653,18.18307],[-65.69699,18.18153],[-65.69705,18.1809],[-65.69704,18.18062],[-65.69665,18.17992],[-65.69605,18.17938],[-65.69413,18.17893],[-65.69383,18.17862],[-65.69371,18.17793],[-65.69341,18.17808],[-65.69297,18.1778],[-65.6931,18.17824],[-65.6928,18.17859],[-65.69163,18.17913],[-65.6912,18.17904],[-65.69109,18.17922],[-65.69161,18.18062],[-65.692,18.18119],[-65.69218,18.18178],[-65.69266,18.18243],[-65.6924,18.1833],[-65.69406,18.18397],[-65.69437,18.18423],[-65.6943,18.18529],[-65.69388,18.18608],[-65.69413,18.18658],[-65.69503,18.18746],[-65.69507,18.18765],[-65.6945,18.18855],[-65.69395,18.18868],[-65.6938,18.18886],[-65.69361,18.18965],[-65.69383,18.19026],[-65.69382,18.19076],[-65.69281,18.19177],[-65.69194,18.1924],[-65.69171,18.19303],[-65.69122,18.19366],[-65.69083,18.19373],[-65.69107,18.19415],[-65.69071,18.19515],[-65.6903,18.19528],[-65.68978,18.19593],[-65.68882,18.19657],[-65.68592,18.19801],[-65.68525,18.19857],[-65.68458,18.19804],[-65.68444,18.1983],[-65.68408,18.19849],[-65.68269,18.19854],[-65.6823,18.19884],[-65.68147,18.19908],[-65.6806,18.19909],[-65.67947,18.19888],[-65.67917,18.19855],[-65.6792,18.19806],[-65.67937,18.19778],[-65.67912,18.19711],[-65.67891,18.19698],[-65.67862,18.19719],[-65.67867,18.19748],[-65.67851,18.19806],[-65.67748,18.19972],[-65.67705,18.19975],[-65.67631,18.20003],[-65.67573,18.19945],[-65.67536,18.19984],[-65.67534,18.20062],[-65.67479,18.20102],[-65.67377,18.20113],[-65.673,18.2002],[-65.67235,18.19989],[-65.6719,18.19988],[-65.67129,18.20055],[-65.66958,18.20145],[-65.66902,18.20212],[-65.66889,18.20288],[-65.66858,18.20361],[-65.66824,18.20387],[-65.66771,18.20384],[-65.66725,18.20402],[-65.66628,18.20492],[-65.66593,18.20581],[-65.66554,18.20641],[-65.66402,18.20716],[-65.66335,18.20713],[-65.66312,18.20753],[-65.66277,18.20744],[-65.66239,18.2076],[-65.66157,18.20847],[-65.66112,18.20924],[-65.66123,18.20999],[-65.6618,18.21113],[-65.66232,18.21162],[-65.66382,18.21253],[-65.66433,18.21359],[-65.66448,18.21422],[-65.66415,18.21484],[-65.66386,18.21499],[-65.66264,18.21514],[-65.66233,18.21537],[-65.66086,18.21691],[-65.66025,18.21777],[-65.6595,18.22037],[-65.65914,18.22086],[-65.65799,18.22178],[-65.65782,18.22229],[-65.65792,18.22277],[-65.65825,18.22324],[-65.6584,18.22464],[-65.66036,18.2248],[-65.66206,18.22515],[-65.66333,18.22477],[-65.66557,18.22346],[-65.66651,18.22318],[-65.66763,18.22312],[-65.66827,18.22337],[-65.66931,18.22295],[-65.67101,18.22305],[-65.67149,18.2234],[-65.67164,18.2237],[-65.67187,18.22371],[-65.67247,18.22405],[-65.67275,18.22478],[-65.67289,18.22567],[-65.67356,18.2261],[-65.67452,18.22604],[-65.67535,18.22536],[-65.67573,18.22519],[-65.67624,18.22519],[-65.67791,18.22696],[-65.67864,18.22704],[-65.67984,18.22675],[-65.68039,18.22689],[-65.68063,18.2271],[-65.6809,18.22821],[-65.68106,18.22835],[-65.68163,18.22815],[-65.68181,18.22825],[-65.68221,18.22878],[-65.6825,18.22894],[-65.68334,18.23011],[-65.68383,18.23048],[-65.68577,18.23018],[-65.68765,18.23143],[-65.68832,18.23161],[-65.68854,18.23178],[-65.68834,18.2327],[-65.68794,18.23288],[-65.68738,18.23278],[-65.68728,18.23299],[-65.68764,18.23323],[-65.68833,18.23333],[-65.68893,18.23374],[-65.68946,18.23388],[-65.68976,18.23552],[-65.68952,18.23567],[-65.68886,18.2357],[-65.68873,18.23584],[-65.68877,18.23608],[-65.68913,18.2364],[-65.69146,18.23701],[-65.69301,18.23843],[-65.69309,18.23891],[-65.69217,18.23952],[-65.69191,18.23985],[-65.69172,18.23987],[-65.69118,18.2394],[-65.69067,18.23958],[-65.6901,18.24047],[-65.68991,18.24107],[-65.69004,18.24247],[-65.68855,18.2437],[-65.68811,18.24384],[-65.68765,18.24466],[-65.6871,18.24476],[-65.6869,18.24494],[-65.68685,18.24568],[-65.68662,18.24616],[-65.6864,18.24637],[-65.68373,18.24741],[-65.68353,18.24825],[-65.68297,18.24894],[-65.68278,18.24944],[-65.68263,18.2503],[-65.68234,18.25075],[-65.68218,18.25174],[-65.68304,18.2527],[-65.68359,18.25296],[-65.68468,18.25381],[-65.68518,18.25392],[-65.68569,18.25323],[-65.68867,18.25165],[-65.69231,18.25113],[-65.69344,18.25081],[-65.69393,18.25116],[-65.69454,18.25203],[-65.69456,18.25276],[-65.69495,18.25382],[-65.69492,18.2546],[-65.6952,18.25506],[-65.69743,18.25683],[-65.69837,18.25696],[-65.7005,18.25697],[-65.70125,18.25811],[-65.70214,18.25885],[-65.70247,18.2595],[-65.70271,18.25955],[-65.70307,18.25938],[-65.70354,18.25862],[-65.70477,18.25786],[-65.70536,18.25672],[-65.70663,18.25636],[-65.70727,18.25603],[-65.70784,18.25594],[-65.70865,18.25606],[-65.70968,18.25657],[-65.71013,18.2566],[-65.71088,18.25594],[-65.7114,18.25585],[-65.71193,18.2554],[-65.71213,18.2554],[-65.7129,18.25585],[-65.71337,18.25652],[-65.71375,18.25679],[-65.71527,18.25694],[-65.71646,18.25775],[-65.71681,18.25781],[-65.71837,18.25746],[-65.71963,18.25777],[-65.72076,18.25732],[-65.72147,18.2573],[-65.72165,18.25712],[-65.72158,18.2566],[-65.72173,18.25617],[-65.72106,18.25524],[-65.72165,18.25436],[-65.72173,18.25401],[-65.7212,18.25289],[-65.72132,18.2525],[-65.7217,18.25232],[-65.72232,18.25229],[-65.72449,18.25284],[-65.72631,18.25268],[-65.72753,18.25285],[-65.72984,18.25285],[-65.73117,18.25334],[-65.73218,18.25392],[-65.73237,18.25431],[-65.73224,18.25554],[-65.73239,18.25577],[-65.73296,18.25587],[-65.73352,18.25556],[-65.73442,18.25595],[-65.73512,18.256],[-65.73559,18.25624],[-65.7362,18.25761],[-65.73624,18.25804],[-65.73709,18.25859],[-65.73796,18.25891],[-65.73833,18.25976],[-65.73881,18.26019],[-65.73916,18.26084],[-65.74039,18.261],[-65.74169,18.26136],[-65.74274,18.26111],[-65.74349,18.26122],[-65.74533,18.26168],[-65.74626,18.26234],[-65.7475,18.26282],[-65.74961,18.26287],[-65.75121,18.26328],[-65.75241,18.26387],[-65.75298,18.26465],[-65.75401,18.265],[-65.75461,18.26558],[-65.75532,18.26661],[-65.75648,18.26773],[-65.75671,18.26783],[-65.75774,18.26777],[-65.75815,18.26793],[-65.75965,18.26934],[-65.76076,18.27018],[-65.76177,18.2707],[-65.76249,18.27143],[-65.76257,18.2716],[-65.7623,18.27225],[-65.76234,18.27244],[-65.76267,18.27288],[-65.76329,18.27438],[-65.76345,18.27554],[-65.76448,18.27611],[-65.76505,18.27628],[-65.76507,18.27675],[-65.76455,18.27775],[-65.76502,18.27873],[-65.76527,18.27906],[-65.76697,18.28012]]]},"properties":{"municipio":"Naguabo","geoid":"72103","countyfp":"103","abrev_mun":"NAG"}},
{"type":"Feature","geometry":{"type":"Polygon","coordinates":[[[-66.20537,18.31646],[-66.20536,18.31778],[-66.20584,18.31917],[-66.20651,18.32047],[-66.20695,18.32249],[-66.20747,18.32374],[-66.20815,18.32406],[-66.20887,18.32415],[-66.21188,18.32351],[-66.21234,18.32355],[-66.21311,18.32384],[-66.21367,18.3245],[-66.21413,18.3257],[-66.21466,18.3285],[-66.21543,18.32967],[-66.21593,18.33283],[-66.21646,18.33372],[-66.217,18.33399],[-66.2197,18.33344],[-66.22125,18.33298],[-66.22255,18.33137],[-66.22309,18.33107],[-66.22471,18.33054],[-66.22537,18.33014],[-66.22831,18.3275],[-66.23054,18.32486],[-66.23194,18.32385],[-66.23263,18.32364],[-66.23319,18.32362],[-66.23379,18.32387],[-66.23389,18.32405],[-66.2339,18.32453],[-66.23361,18.32502],[-66.23331,18.32636],[-66.23335,18.32664],[-66.23417,18.32788],[-66.23554,18.32901],[-66.23615,18.33005],[-66.23814,18.33214],[-66.23819,18.33256],[-66.23955,18.33277],[-66.24061,18.3334],[-66.24087,18.33343],[-66.24126,18.33305],[-66.2419,18.33129],[-66.24206,18.33106],[-66.24254,18.33079],[-66.24358,18.33065],[-66.24416,18.33076],[-66.24469,18.33139],[-66.24518,18.33165],[-66.2459,18.33134],[-66.24618,18.33099],[-66.24627,18.33017],[-66.24667,18.32961],[-66.24661,18.32887],[-66.24695,18.32796],[-66.24794,18.32696],[-66.24854,18.32593],[-66.24884,18.32583],[-66.2498,18.32578],[-66.24967,18.32615],[-66.24975,18.32647],[-66.25179,18.32764],[-66.25235,18.32818],[-66.25272,18.32873],[-66.25293,18.32949],[-66.2533,18.32997],[-66.25449,18.33059],[-66.25849,18.332],[-66.25894,18.33184],[-66.25976,18.33085],[-66.26002,18.33081],[-66.26117,18.33131],[-66.26182,18.33117],[-66.26229,18.33063],[-66.26259,18.33001],[-66.26304,18.32971],[-66.26357,18.32976],[-66.26437,18.33022],[-66.26581,18.33014],[-66.2665,18.33028],[-66.26711,18.3301],[-66.26813,18.32932],[-66.26972,18.3293],[-66.27143,18.32873],[-66.27219,18.32884],[-66.27307,18.32928],[-66.27372,18.32987],[-66.27426,18.33072],[-66.27502,18.33119],[-66.27576,18.33112],[-66.27725,18.32994],[-66.27753,18.32987],[-66.27798,18.32998],[-66.28284,18.31555],[-66.28306,18.31464],[-66.28282,18.31226],[-66.28319,18.31153],[-66.28331,18.3092],[-66.28368,18.307],[-66.28405,18.3058],[-66.28522,18.30394],[-66.2853,18.3036],[-66.28595,18.29919],[-66.28636,18.29468],[-66.28666,18.29331],[-66.28664,18.29112],[-66.28742,18.28757],[-66.28722,18.28392],[-66.28817,18.28161],[-66.2883,18.27984],[-66.28899,18.27655],[-66.28897,18.2758],[-66.28882,18.27539],[-66.28748,18.27337],[-66.28715,18.27266],[-66.28709,18.27198],[-66.28733,18.27123],[-66.28836,18.26928],[-66.28897,18.26874],[-66.28987,18.26825],[-66.29014,18.26768],[-66.29083,18.26684],[-66.29107,18.26643],[-66.29117,18.26492],[-66.29134,18.26435],[-66.29238,18.26347],[-66.29308,18.26263],[-66.29394,18.26078],[-66.29515,18.25936],[-66.29539,18.25865],[-66.29628,18.25753],[-66.29775,18.25682],[-66.30241,18.25531],[-66.303,18.25461],[-66.30453,18.25504],[-66.30507,18.25483],[-66.30574,18.25493],[-66.306,18.25483],[-66.3062,18.25424],[-66.30585,18.25296],[-66.30594,18.25266],[-66.3062,18.25246],[-66.30741,18.25255],[-66.30866,18.25117],[-66.31009,18.25133],[-66.31087,18.25078],[-66.31187,18.25044],[-66.31307,18.24942],[-66.31347,18.24925],[-66.314,18.24898],[-66.31407,18.2487],[-66.31377,18.24832],[-66.31303,18.24807],[-66.31187,18.24816],[-66.31143,18.24804],[-66.3111,18.24779],[-66.31095,18.2474],[-66.31111,18.24682],[-66.31107,18.2463],[-66.31047,18.24516],[-66.30928,18.24512],[-66.30847,18.24469],[-66.30804,18.24425],[-66.30782,18.24359],[-66.30788,18.24221],[-66.30648,18.24106],[-66.30608,18.24117],[-66.3052,18.24177],[-66.30411,18.24324],[-66.30388,18.24345],[-66.30311,18.24363],[-66.30297,18.24404],[-66.30209,18.24462],[-66.29967,18.24504],[-66.29813,18.24586],[-66.29783,18.2455],[-66.2974,18.2454],[-66.29716,18.2455],[-66.29666,18.24545],[-66.29604,18.2459],[-66.29503,18.24567],[-66.29415,18.24632],[-66.29364,18.24648],[-66.29302,18.2458],[-66.29224,18.24554],[-66.29109,18.2454],[-66.29045,18.24515],[-66.28862,18.24512],[-66.28792,18.24468],[-66.28734,18.24459],[-66.28537,18.24469],[-66.28431,18.24454],[-66.28095,18.24371],[-66.27995,18.24364],[-66.26693,18.24541],[-66.26629,18.24559],[-66.26594,18.24692],[-66.26276,18.24635],[-66.26233,18.24642],[-66.25985,18.24753],[-66.25841,18.24762],[-66.25679,18.24738],[-66.25529,18.24742],[-66.25498,18.24755],[-66.25472,18.24801],[-66.2543,18.24835],[-66.25378,18.24849],[-66.25183,18.24984],[-66.2509,18.25021],[-66.25015,18.25002],[-66.24965,18.24925],[-66.24892,18.24853],[-66.24808,18.24827],[-66.24513,18.24925],[-66.24368,18.25067],[-66.24193,18.25476],[-66.24021,18.25423],[-66.23839,18.25406],[-66.23598,18.25447],[-66.23498,18.25485],[-66.23323,18.25486],[-66.23262,18.25511],[-66.23042,18.25453],[-66.22983,18.25426],[-66.22952,18.25394],[-66.22908,18.2538],[-66.2287,18.25378],[-66.22816,18.25398],[-66.22762,18.25467],[-66.22761,18.25523],[-66.22781,18.25599],[-66.22831,18.25679],[-66.22789,18.25741],[-66.22793,18.25766],[-66.22829,18.25831],[-66.22882,18.25869],[-66.2288,18.25929],[-66.22901,18.26023],[-66.22898,18.26128],[-66.22928,18.26174],[-66.22916,18.26253],[-66.22902,18.26274],[-66.22855,18.26283],[-66.22818,18.26275],[-66.22789,18.26243],[-66.22711,18.26237],[-66.22691,18.26252],[-66.22659,18.26329],[-66.22584,18.26368],[-66.22508,18.26449],[-66.22443,18.2647],[-66.22342,18.2647],[-66.22294,18.26498],[-66.22219,18.26611],[-66.22236,18.26708],[-66.2223,18.26811],[-66.2214,18.26958],[-66.22069,18.26992],[-66.22002,18.27057],[-66.21971,18.27153],[-66.21972,18.2729],[-66.21911,18.27424],[-66.218,18.27474],[-66.21736,18.2743],[-66.21678,18.27429],[-66.21476,18.27516],[-66.21366,18.27491],[-66.21328,18.27541],[-66.21135,18.27499],[-66.21073,18.27509],[-66.21037,18.27545],[-66.21018,18.2765],[-66.20996,18.27702],[-66.20974,18.27709],[-66.20851,18.27699],[-66.2068,18.27661],[-66.20627,18.27675],[-66.20668,18.27945],[-66.20696,18.28024],[-66.20812,18.282],[-66.20904,18.28473],[-66.20875,18.28757],[-66.20969,18.28901],[-66.2109,18.29041],[-66.21146,18.29163],[-66.21147,18.29242],[-66.2111,18.29305],[-66.21075,18.29338],[-66.20926,18.29418],[-66.20887,18.29462],[-66.20857,18.29558],[-66.20883,18.29712],[-66.20959,18.29752],[-66.20996,18.29802],[-66.21031,18.30031],[-66.21025,18.30185],[-66.21062,18.30303],[-66.21339,18.3052],[-66.21361,18.30607],[-66.21334,18.30682],[-66.21296,18.30708],[-66.21199,18.30702],[-66.21147,18.30736],[-66.21063,18.30746],[-66.2097,18.30726],[-66.20912,18.30679],[-66.20881,18.30672],[-66.20644,18.30662],[-66.20601,18.30686],[-66.20588,18.30775],[-66.20597,18.30875],[-66.20576,18.31212],[-66.20619,18.3134],[-66.20605,18.31399],[-66.20541,18.31522],[-66.20537,18.31646]]]},"properties":{"municipio":"Naranjito","geoid":"72105","countyfp":"105","abrev_mun":"NAR"}},
{"type":"Feature","geometry":{"type":"Polygon","coordinates":[[[-66.35086,18.24128],[-66.35176,18.24219],[-66.35236,18.24397],[-66.35357,18.24396],[-66.35393,18.24407],[-66.35472,18.24453],[-66.35587,18.24549],[-66.35708,18.24566],[-66.35796,18.24608],[-66.35808,18.24661],[-66.35778,18.24801],[-66.35749,18.2486],[-66.35751,18.24921],[-66.35981,18.25312],[-66.36262,18.25759],[-66.37209,18.26918],[-66.37317,18.27007],[-66.37462,18.27086],[-66.37542,18.27169],[-66.37624,18.27301],[-66.37845,18.27445],[-66.37885,18.27458],[-66.38092,18.27427],[-66.38156,18.27445],[-66.38263,18.27432],[-66.38322,18.27497],[-66.38255,18.27657],[-66.38246,18.27924],[-66.38132,18.28051],[-66.38103,18.28126],[-66.38102,18.28224],[-66.38056,18.28327],[-66.38023,18.2838],[-66.37846,18.28497],[-66.37761,18.2859],[-66.37746,18.28643],[-66.37765,18.2867],[-66.37842,18.28709],[-66.37874,18.2876],[-66.37892,18.28825],[-66.3789,18.28926],[-66.37845,18.28998],[-66.37841,18.29036],[-66.37851,18.29086],[-66.37916,18.29214],[-66.37897,18.29258],[-66.37784,18.29346],[-66.37782,18.294],[-66.37806,18.29368],[-66.3818,18.29242],[-66.3825,18.29199],[-66.38407,18.29053],[-66.38425,18.29023],[-66.38442,18.28916],[-66.38453,18.28697],[-66.38545,18.28583],[-66.3863,18.28395],[-66.38863,18.27681],[-66.38944,18.27479],[-66.38985,18.2743],[-66.39092,18.27352],[-66.3914,18.27343],[-66.39254,18.27349],[-66.39857,18.26869],[-66.40506,18.2657],[-66.40835,18.26378],[-66.40958,18.26334],[-66.4214,18.26167],[-66.42583,18.26091],[-66.42877,18.26078],[-66.42997,18.26025],[-66.43154,18.25875],[-66.43317,18.25825],[-66.43385,18.25763],[-66.43497,18.25699],[-66.43634,18.25659],[-66.43756,18.25664],[-66.43788,18.25589],[-66.43818,18.25585],[-66.43865,18.25602],[-66.43896,18.25635],[-66.43931,18.25723],[-66.43951,18.25841],[-66.43968,18.25857],[-66.44009,18.2585],[-66.4404,18.25799],[-66.44081,18.2579],[-66.44162,18.25898],[-66.44205,18.25912],[-66.44253,18.25882],[-66.44294,18.25808],[-66.44359,18.25799],[-66.44428,18.25757],[-66.44477,18.25758],[-66.44499,18.25767],[-66.44524,18.25804],[-66.44592,18.25814],[-66.44618,18.25796],[-66.44662,18.25719],[-66.44806,18.25728],[-66.44903,18.25683],[-66.45021,18.2569],[-66.4516,18.25625],[-66.45215,18.25615],[-66.45266,18.25668],[-66.45375,18.25699],[-66.45492,18.25773],[-66.45518,18.25783],[-66.45571,18.25773],[-66.45422,18.25651],[-66.45382,18.25597],[-66.45452,18.25376],[-66.45522,18.25239],[-66.45495,18.25185],[-66.45426,18.25167],[-66.45421,18.25094],[-66.45479,18.25085],[-66.45489,18.25064],[-66.45522,18.25056],[-66.45609,18.2505],[-66.45702,18.24951],[-66.45731,18.24946],[-66.45849,18.24967],[-66.45983,18.24947],[-66.46078,18.24911],[-66.46199,18.24827],[-66.46297,18.24788],[-66.46378,18.24775],[-66.46419,18.24702],[-66.46479,18.24678],[-66.46493,18.24657],[-66.46552,18.24628],[-66.46659,18.24593],[-66.46914,18.24611],[-66.47256,18.24722],[-66.47324,18.24734],[-66.47372,18.24784],[-66.4741,18.24801],[-66.47511,18.24949],[-66.47586,18.25011],[-66.4809,18.2517],[-66.48203,18.25214],[-66.48278,18.25258],[-66.48379,18.25256],[-66.48545,18.25294],[-66.48657,18.25305],[-66.48766,18.25263],[-66.48863,18.25259],[-66.48937,18.2524],[-66.48989,18.25253],[-66.49103,18.25316],[-66.49162,18.25328],[-66.49193,18.25316],[-66.49224,18.25267],[-66.49288,18.25266],[-66.49374,18.25208],[-66.49435,18.25213],[-66.4948,18.25274],[-66.49511,18.25282],[-66.4968,18.2523],[-66.49713,18.2524],[-66.4975,18.25278],[-66.49827,18.2546],[-66.5001,18.2555],[-66.50062,18.25591],[-66.50112,18.25663],[-66.50164,18.25539],[-66.50176,18.25261],[-66.50219,18.25184],[-66.50265,18.25058],[-66.50308,18.25033],[-66.50564,18.25066],[-66.50618,18.25056],[-66.50676,18.25026],[-66.50717,18.24975],[-66.50825,18.24916],[-66.50967,18.24645],[-66.51081,18.24484],[-66.51134,18.24429],[-66.51223,18.24266],[-66.51215,18.24229],[-66.51057,18.24124],[-66.5099,18.2406],[-66.51013,18.24006],[-66.50983,18.23896],[-66.50965,18.23878],[-66.50826,18.2387],[-66.50769,18.2384],[-66.50723,18.23773],[-66.50694,18.23688],[-66.50727,18.2351],[-66.50799,18.23343],[-66.50806,18.23184],[-66.50874,18.23029],[-66.50924,18.22977],[-66.50972,18.22966],[-66.51032,18.22976],[-66.51131,18.23038],[-66.51224,18.23048],[-66.51341,18.22994],[-66.51544,18.2297],[-66.5161,18.22976],[-66.51729,18.23024],[-66.51764,18.23018],[-66.51791,18.2299],[-66.51762,18.22938],[-66.5171,18.22905],[-66.51678,18.22863],[-66.51684,18.22812],[-66.51758,18.22707],[-66.51771,18.22593],[-66.51688,18.22396],[-66.51679,18.22315],[-66.51649,18.2222],[-66.51641,18.2197],[-66.51605,18.21901],[-66.51526,18.21646],[-66.51539,18.21503],[-66.51513,18.21451],[-66.51447,18.21401],[-66.51334,18.21181],[-66.51264,18.21131],[-66.51241,18.21083],[-66.51242,18.21005],[-66.51304,18.2092],[-66.51339,18.20828],[-66.514,18.2078],[-66.51414,18.20754],[-66.51405,18.20725],[-66.51295,18.20708],[-66.51229,18.20634],[-66.51233,18.20562],[-66.51283,18.20434],[-66.51278,18.20331],[-66.51191,18.20015],[-66.51117,18.19896],[-66.51127,18.19819],[-66.51237,18.19743],[-66.51262,18.19708],[-66.51291,18.19492],[-66.51328,18.1935],[-66.51442,18.19251],[-66.51465,18.19212],[-66.51468,18.19175],[-66.51434,18.19057],[-66.51429,18.18927],[-66.51371,18.18825],[-66.51361,18.18785],[-66.51388,18.18741],[-66.51481,18.18671],[-66.51525,18.18513],[-66.51503,18.18463],[-66.51465,18.18432],[-66.51288,18.18366],[-66.51276,18.18316],[-66.51314,18.18093],[-66.51306,18.18062],[-66.51201,18.17913],[-66.51105,18.1781],[-66.51083,18.17733],[-66.5112,18.17654],[-66.5112,18.17477],[-66.51135,18.17365],[-66.51143,18.17337],[-66.51206,18.17259],[-66.51254,18.17152],[-66.51261,18.17114],[-66.51234,18.17067],[-66.5124,18.17027],[-66.51275,18.16979],[-66.51269,18.16929],[-66.51218,18.16861],[-66.51182,18.16781],[-66.51189,18.1668],[-66.51221,18.16632],[-66.51298,18.16593],[-66.51365,18.16635],[-66.51435,18.16657],[-66.51491,18.16738],[-66.51532,18.16767],[-66.51575,18.16764],[-66.51685,18.16704],[-66.51796,18.16691],[-66.51835,18.16658],[-66.51869,18.1659],[-66.51971,18.16517],[-66.51988,18.16464],[-66.51981,18.16398],[-66.51992,18.16383],[-66.5208,18.16328],[-66.5217,18.16236],[-66.52264,18.16171],[-66.52458,18.16122],[-66.52527,18.16085],[-66.52573,18.16094],[-66.52666,18.16061],[-66.52717,18.15895],[-66.52842,18.15798],[-66.52904,18.15694],[-66.53023,18.15656],[-66.53118,18.15567],[-66.53156,18.15568],[-66.53197,18.15601],[-66.53331,18.15754],[-66.53355,18.15814],[-66.53354,18.15877],[-66.53378,18.15907],[-66.5358,18.15934],[-66.53727,18.16046],[-66.53824,18.16021],[-66.53862,18.16023],[-66.5426,18.16247],[-66.54317,18.16325],[-66.54335,18.16306],[-66.54349,18.16149],[-66.54382,18.16104],[-66.54446,18.16078],[-66.54476,18.16047],[-66.54477,18.15995],[-66.54425,18.15874],[-66.5444,18.15806],[-66.54481,18.15732],[-66.54582,18.15663],[-66.54625,18.15582],[-66.54678,18.15519],[-66.54682,18.15407],[-66.54721,18.15326],[-66.54668,18.15305],[-66.54637,18.1525],[-66.54625,18.15182],[-66.54567,18.15124],[-66.54546,18.15076],[-66.54547,18.14995],[-66.54444,18.14781],[-66.544,18.1477],[-66.54247,18.14772],[-66.54147,18.14737],[-66.54103,18.1475],[-66.5407,18.14812],[-66.53794,18.14876],[-66.53753,18.14896],[-66.53697,18.14959],[-66.53665,18.15039],[-66.5352,18.15194],[-66.53442,18.15248],[-66.53404,18.15244],[-66.53377,18.15215],[-66.53347,18.1521],[-66.53101,18.15281],[-66.53038,18.15245],[-66.52946,18.1524],[-66.52903,18.15258],[-66.5288,18.15304],[-66.52852,18.15321],[-66.52778,18.15332],[-66.52592,18.15268],[-66.52425,18.15279],[-66.52277,18.15226],[-66.52203,18.15223],[-66.52211,18.1525],[-66.52191,18.15275],[-66.52116,18.1529],[-66.51927,18.15445],[-66.51806,18.1545],[-66.51736,18.15469],[-66.51656,18.15445],[-66.51626,18.15447],[-66.51453,18.15539],[-66.51357,18.15571],[-66.512,18.15712],[-66.51179,18.15745],[-66.51174,18.15843],[-66.51099,18.15914],[-66.51079,18.15972],[-66.50839,18.16109],[-66.50784,18.16182],[-66.507,18.16251],[-66.50633,18.16285],[-66.50577,18.16366],[-66.50481,18.16423],[-66.50393,18.1644],[-66.5031,18.1649],[-66.5026,18.16504],[-66.50201,18.16497],[-66.50097,18.16452],[-66.49921,18.16481],[-66.49714,18.16551],[-66.49656,18.16693],[-66.49628,18.16701],[-66.49575,18.16689],[-66.49508,18.16651],[-66.49472,18.16647],[-66.4932,18.16654],[-66.49135,18.16708],[-66.49068,18.16708],[-66.48944,18.16628],[-66.48885,18.16614],[-66.48813,18.16624],[-66.48705,18.16705],[-66.48674,18.16704],[-66.48611,18.16667],[-66.48589,18.16679],[-66.48485,18.16816],[-66.48373,18.16869],[-66.48266,18.16944],[-66.48113,18.16988],[-66.47719,18.17004],[-66.4765,18.17149],[-66.47583,18.17216],[-66.47305,18.17232],[-66.47286,18.17289],[-66.47255,18.17548],[-66.47147,18.17672],[-66.47095,18.17704],[-66.47054,18.1779],[-66.47024,18.17805],[-66.46973,18.17797],[-66.46928,18.17812],[-66.46744,18.17753],[-66.46535,18.17796],[-66.46483,18.17848],[-66.464,18.17885],[-66.46247,18.1776],[-66.46151,18.17719],[-66.46096,18.17713],[-66.45922,18.17745],[-66.45871,18.17722],[-66.45831,18.1768],[-66.45783,18.17671],[-66.45746,18.17684],[-66.4569,18.17736],[-66.45496,18.17725],[-66.45437,18.17763],[-66.45395,18.1784],[-66.45361,18.17844],[-66.45317,18.17825],[-66.45271,18.17844],[-66.45025,18.17761],[-66.45013,18.17714],[-66.44988,18.17696],[-66.44847,18.17637],[-66.44779,18.17587],[-66.44733,18.17573],[-66.44623,18.17571],[-66.4456,18.17528],[-66.44549,18.17586],[-66.44433,18.17673],[-66.44361,18.17624],[-66.44238,18.17598],[-66.44015,18.176],[-66.43866,18.17563],[-66.43837,18.17567],[-66.43752,18.17536],[-66.43636,18.17547],[-66.4357,18.17537],[-66.43389,18.17441],[-66.43151,18.17377],[-66.43087,18.17324],[-66.43037,18.17245],[-66.42961,18.17164],[-66.42811,18.17091],[-66.42522,18.17071],[-66.42485,18.17077],[-66.42425,18.17126],[-66.42371,18.1721],[-66.42299,18.17169],[-66.42244,18.17103],[-66.42201,18.16999],[-66.42224,18.16888],[-66.42216,18.16823],[-66.42195,18.16784],[-66.4212,18.16715],[-66.42089,18.16631],[-66.42059,18.1661],[-66.41884,18.16544],[-66.41806,18.16486],[-66.41714,18.1649],[-66.41361,18.16336],[-66.41321,18.16337],[-66.4124,18.16414],[-66.41133,18.16401],[-66.41074,18.16335],[-66.41018,18.16312],[-66.40983,18.16317],[-66.40871,18.16392],[-66.40783,18.16411],[-66.4072,18.16385],[-66.40692,18.16389],[-66.40668,18.1641],[-66.40637,18.16493],[-66.40587,18.16558],[-66.40524,18.16578],[-66.40506,18.16599],[-66.40457,18.16721],[-66.40433,18.16735],[-66.4035,18.16709],[-66.40278,18.16651],[-66.40229,18.16649],[-66.40184,18.16672],[-66.40163,18.16662],[-66.40176,18.16579],[-66.40136,18.1648],[-66.40112,18.16476],[-66.40037,18.16519],[-66.39962,18.1651],[-66.39822,18.16576],[-66.39741,18.16592],[-66.39635,18.16606],[-66.39579,18.16596],[-66.39539,18.16558],[-66.39428,18.16608],[-66.39251,18.16652],[-66.39212,18.16643],[-66.39184,18.1667],[-66.39162,18.16785],[-66.39034,18.16822],[-66.3898,18.16932],[-66.38925,18.17002],[-66.38902,18.17102],[-66.38928,18.1719],[-66.38897,18.17251],[-66.38833,18.17274],[-66.38694,18.17281],[-66.38526,18.17243],[-66.38493,18.1725],[-66.38432,18.17305],[-66.38386,18.17316],[-66.38346,18.17301],[-66.38274,18.17236],[-66.38174,18.17208],[-66.38085,18.17243],[-66.38024,18.1725],[-66.37952,18.17334],[-66.37846,18.17257],[-66.37783,18.17258],[-66.37601,18.17318],[-66.37575,18.17344],[-66.37544,18.17472],[-66.37461,18.17511],[-66.37443,18.17492],[-66.37407,18.17497],[-66.37334,18.17529],[-66.37297,18.17562],[-66.37219,18.17645],[-66.37205,18.17698],[-66.3721,18.17769],[-66.37236,18.17853],[-66.37307,18.17938],[-66.3728,18.18091],[-66.37288,18.18129],[-66.37328,18.18159],[-66.37362,18.18166],[-66.37386,18.18217],[-66.37362,18.18403],[-66.37131,18.18564],[-66.37051,18.18571],[-66.36998,18.18596],[-66.36958,18.186],[-66.36854,18.18575],[-66.36689,18.18561],[-66.36579,18.18532],[-66.36557,18.18544],[-66.36552,18.18623],[-66.36479,18.18701],[-66.3647,18.18726],[-66.36509,18.18815],[-66.3653,18.18917],[-66.3659,18.18999],[-66.3671,18.19217],[-66.36709,18.19323],[-66.36719,18.19357],[-66.36767,18.19404],[-66.36766,18.19469],[-66.36735,18.19566],[-66.36735,18.19702],[-66.36689,18.19748],[-66.36581,18.19794],[-66.36472,18.19942],[-66.36451,18.19942],[-66.36373,18.20066],[-66.36273,18.20019],[-66.36207,18.20024],[-66.36114,18.20007],[-66.36056,18.19964],[-66.35893,18.19733],[-66.35789,18.19509],[-66.35709,18.19474],[-66.35681,18.19428],[-66.35598,18.19379],[-66.35582,18.19305],[-66.35604,18.19267],[-66.35601,18.19223],[-66.35481,18.19199],[-66.35438,18.19179],[-66.35407,18.192],[-66.35391,18.19247],[-66.35434,18.19313],[-66.35418,18.19331],[-66.35342,18.19343],[-66.35216,18.19327],[-66.35206,18.1939],[-66.3517,18.19417],[-66.35182,18.19516],[-66.35172,18.19581],[-66.35198,18.1962],[-66.35205,18.19729],[-66.35229,18.19773],[-66.3529,18.19803],[-66.353,18.19827],[-66.35246,18.20002],[-66.35241,18.20075],[-66.35175,18.20191],[-66.35159,18.20352],[-66.35091,18.20478],[-66.35065,18.20563],[-66.35073,18.20705],[-66.35147,18.20816],[-66.35166,18.20927],[-66.35234,18.20997],[-66.35254,18.21046],[-66.35245,18.21084],[-66.3522,18.21112],[-66.35215,18.21218],[-66.35183,18.21323],[-66.35174,18.21453],[-66.35218,18.21535],[-66.35226,18.21601],[-66.35168,18.21715],[-66.35151,18.21794],[-66.35162,18.21855],[-66.35325,18.2184],[-66.3537,18.21856],[-66.35376,18.21874],[-66.35358,18.21938],[-66.35319,18.22004],[-66.35275,18.22048],[-66.35279,18.22072],[-66.35288,18.22094],[-66.35376,18.22147],[-66.35416,18.2219],[-66.35449,18.22282],[-66.35391,18.22489],[-66.35328,18.2262],[-66.35301,18.22616],[-66.3529,18.226],[-66.35248,18.22503],[-66.35219,18.22495],[-66.35122,18.22514],[-66.35094,18.22549],[-66.35028,18.22733],[-66.35045,18.22823],[-66.35124,18.22906],[-66.3511,18.23077],[-66.35162,18.23191],[-66.35141,18.23277],[-66.35113,18.2359],[-66.35086,18.24128]]]},"properties":{"municipio":"Orocovis","geoid":"72107","countyfp":"107","abrev_mun":"ORO"}},
{"type":"Feature","geometry":{"type":"Polygon","coordinates":[[[-66.01035,18.07566],[-66.01103,18.07596],[-66.01208,18.07595],[-66.01283,18.0761],[-66.01384,18.07673],[-66.01393,18.07851],[-66.01622,18.07998],[-66.01756,18.08136],[-66.01826,18.08172],[-66.01868,18.08272],[-66.01931,18.08343],[-66.01934,18.08367],[-66.01879,18.08442],[-66.01881,18.08517],[-66.01835,18.086],[-66.01812,18.08676],[-66.01787,18.08716],[-66.0172,18.08733],[-66.01682,18.08774],[-66.01671,18.08855],[-66.01623,18.08954],[-66.01632,18.0916],[-66.01616,18.09181],[-66.01504,18.09213],[-66.01336,18.09305],[-66.01272,18.09377],[-66.01261,18.09469],[-66.01276,18.09649],[-66.01405,18.09638],[-66.01486,18.09656],[-66.01548,18.09685],[-66.01681,18.09831],[-66.01781,18.09914],[-66.01831,18.10025],[-66.01916,18.10118],[-66.01932,18.10151],[-66.01943,18.10272],[-66.01968,18.10308],[-66.02204,18.10291],[-66.02321,18.10302],[-66.02408,18.10282],[-66.02466,18.10283],[-66.02573,18.10215],[-66.0274,18.102],[-66.02797,18.10165],[-66.02964,18.10169],[-66.03082,18.10213],[-66.03183,18.10165],[-66.03233,18.10163],[-66.03291,18.10189],[-66.03346,18.10254],[-66.0348,18.10278],[-66.03611,18.1032],[-66.03757,18.10325],[-66.03859,18.10406],[-66.0412,18.10382],[-66.04156,18.10403],[-66.04238,18.10397],[-66.04395,18.10507],[-66.04448,18.10516],[-66.04513,18.10607],[-66.04667,18.1065],[-66.04772,18.10716],[-66.04871,18.10752],[-66.04939,18.1083],[-66.05161,18.11007],[-66.05339,18.10936],[-66.05345,18.1092],[-66.05323,18.10862],[-66.05307,18.10756],[-66.05313,18.10712],[-66.05331,18.10693],[-66.05428,18.1064],[-66.05536,18.10523],[-66.05751,18.10466],[-66.05932,18.10236],[-66.06,18.10073],[-66.0602,18.10052],[-66.06102,18.10019],[-66.06132,18.09986],[-66.06131,18.0995],[-66.06068,18.09892],[-66.06044,18.09845],[-66.06036,18.09771],[-66.06048,18.09697],[-66.06025,18.0963],[-66.06024,18.09574],[-66.06076,18.09482],[-66.06063,18.09423],[-66.06,18.09299],[-66.06014,18.09167],[-66.0599,18.09058],[-66.06076,18.08928],[-66.06181,18.08882],[-66.06249,18.08802],[-66.06259,18.08786],[-66.06252,18.08721],[-66.06326,18.08625],[-66.06395,18.08493],[-66.06508,18.08377],[-66.06562,18.08229],[-66.06666,18.08167],[-66.06782,18.07908],[-66.06805,18.07883],[-66.06868,18.07881],[-66.06997,18.07971],[-66.07046,18.07972],[-66.07253,18.07823],[-66.07458,18.07637],[-66.07492,18.0757],[-66.07524,18.07554],[-66.07663,18.07543],[-66.07869,18.07491],[-66.08006,18.07497],[-66.08104,18.07422],[-66.0812,18.07378],[-66.08105,18.07309],[-66.08071,18.0727],[-66.08006,18.07248],[-66.07995,18.07185],[-66.0794,18.07107],[-66.07939,18.0703],[-66.07985,18.06973],[-66.08001,18.06916],[-66.07996,18.06892],[-66.07945,18.0685],[-66.07914,18.0677],[-66.07918,18.06731],[-66.07973,18.06594],[-66.08048,18.06522],[-66.08076,18.06414],[-66.0819,18.06322],[-66.08345,18.06273],[-66.08444,18.06282],[-66.08526,18.06338],[-66.08661,18.06218],[-66.08786,18.0614],[-66.08817,18.05874],[-66.0892,18.05612],[-66.08873,18.05422],[-66.08781,18.05214],[-66.0874,18.05023],[-66.08648,18.04926],[-66.08599,18.04904],[-66.08553,18.04843],[-66.08607,18.04782],[-66.08618,18.04751],[-66.08587,18.04645],[-66.08649,18.04437],[-66.08737,18.04339],[-66.08728,18.04271],[-66.08723,18.04253],[-66.08615,18.04182],[-66.08597,18.04157],[-66.08503,18.0394],[-66.08502,18.0392],[-66.0856,18.03862],[-66.08594,18.03795],[-66.08607,18.03756],[-66.08587,18.03673],[-66.08537,18.03608],[-66.08381,18.03479],[-66.08324,18.03463],[-66.08306,18.03446],[-66.08232,18.03348],[-66.08218,18.0328],[-66.08178,18.03281],[-66.08085,18.03346],[-66.08,18.03363],[-66.07959,18.03392],[-66.07941,18.03515],[-66.07849,18.03543],[-66.07772,18.03692],[-66.07582,18.03725],[-66.07378,18.03648],[-66.07346,18.0366],[-66.07282,18.03725],[-66.07245,18.03733],[-66.07211,18.03736],[-66.07114,18.03707],[-66.07073,18.03728],[-66.06874,18.03754],[-66.06819,18.03775],[-66.06752,18.0377],[-66.0666,18.03833],[-66.06465,18.03911],[-66.06241,18.03942],[-66.06161,18.03966],[-66.06053,18.03912],[-66.06031,18.03917],[-66.05972,18.03939],[-66.05773,18.04062],[-66.05696,18.04022],[-66.05654,18.03938],[-66.05606,18.03891],[-66.0551,18.03832],[-66.05385,18.03795],[-66.05257,18.0379],[-66.05072,18.03631],[-66.04931,18.03615],[-66.04841,18.03591],[-66.04812,18.03568],[-66.04783,18.0338],[-66.04697,18.03286],[-66.04628,18.03176],[-66.04526,18.03108],[-66.04376,18.02952],[-66.04362,18.02915],[-66.04321,18.02671],[-66.04319,18.02609],[-66.04332,18.02566],[-66.04324,18.02495],[-66.04353,18.02385],[-66.04405,18.02315],[-66.044,18.02275],[-66.04276,18.02212],[-66.0426,18.02172],[-66.04249,18.02011],[-66.04206,18.01882],[-66.04181,18.01744],[-66.04696,18.00906],[-66.04553,18.00764],[-66.04455,18.00646],[-66.04236,18.00536],[-66.04039,18.00463],[-66.03929,18.0036],[-66.03904,18.00257],[-66.03839,18.00105],[-66.03773,17.99836],[-66.03751,17.99828],[-66.03555,17.99838],[-66.03521,17.99831],[-66.0347,17.99756],[-66.03306,17.99755],[-66.03246,17.99716],[-66.0318,17.99646],[-66.03064,17.99591],[-66.0299,17.99513],[-66.02808,17.99458],[-66.0276,17.99431],[-66.02418,17.99062],[-66.02388,17.99006],[-66.02355,17.98824],[-66.02347,17.98716],[-66.02367,17.98532],[-66.02342,17.98527],[-66.02212,17.98239],[-66.01982,17.97864],[-66.01802,17.97949],[-66.01762,17.9795],[-66.01678,17.97926],[-66.01493,17.97959],[-66.01443,17.97915],[-66.01372,17.97931],[-66.01269,17.97984],[-66.0115,17.97977],[-66.01085,17.98031],[-66.01076,17.98007],[-66.01022,17.98013],[-66.00823,17.98081],[-66.00718,17.98051],[-66.00676,17.97979],[-66.00577,17.97923],[-66.00541,17.97861],[-66.00494,17.97875],[-66.00486,17.9785],[-66.00451,17.97828],[-66.00384,17.97846],[-66.0033,17.97844],[-66.00298,17.97866],[-66.0021,17.97888],[-66.00176,17.97882],[-66.00144,17.97899],[-66.00042,17.97912],[-65.99944,17.97916],[-65.99852,17.97902],[-65.99784,17.97913],[-65.99591,17.97872],[-65.99545,17.97902],[-65.99517,17.97902],[-65.99351,17.9783],[-65.9931,17.97788],[-65.9927,17.97798],[-65.9924,17.97785],[-65.99162,17.97723],[-65.99003,17.97548],[-65.98887,17.97369],[-65.98761,17.97346],[-65.98687,17.97276],[-65.98569,17.97201],[-65.98529,17.97213],[-65.98473,17.96984],[-65.98321,17.96868],[-65.98033,17.96776],[-65.97822,17.96771],[-65.97738,17.96773],[-65.97666,17.96797],[-65.97634,17.96847],[-65.97608,17.96858],[-65.97528,17.96955],[-65.97461,17.97122],[-65.97338,17.97261],[-65.97285,17.97292],[-65.97231,17.97295],[-65.97192,17.97329],[-65.96971,17.97424],[-65.96861,17.97453],[-65.96766,17.97429],[-65.96593,17.97355],[-65.96465,17.97362],[-65.9642,17.97348],[-65.96295,17.97345],[-65.96219,17.9731],[-65.96146,17.97219],[-65.95947,17.97131],[-65.95847,17.97103],[-65.9551,17.97062],[-65.95474,17.97039],[-65.95313,17.97106],[-65.95257,17.97142],[-65.95148,17.97136],[-65.95024,17.97148],[-65.94935,17.97186],[-65.94879,17.97191],[-65.94447,17.97314],[-65.94389,17.97307],[-65.9421,17.97232],[-65.94115,17.97221],[-65.94025,17.97237],[-65.93869,17.97211],[-65.93758,17.97289],[-65.93646,17.97409],[-65.93482,17.97489],[-65.93469,17.97557],[-65.93442,17.97584],[-65.93252,17.97608],[-65.93124,17.97698],[-65.93015,17.97674],[-65.92793,17.97685],[-65.92602,17.97654],[-65.92537,17.97658],[-65.92056,17.97547],[-65.91922,17.97542],[-65.91821,17.9756],[-65.91617,17.97651],[-65.91574,17.97649],[-65.91433,17.97701],[-65.91256,17.97848],[-65.91309,17.97895],[-65.91364,17.97973],[-65.91406,17.98111],[-65.91461,17.98234],[-65.9152,17.98314],[-65.91575,17.98466],[-65.91666,17.98522],[-65.91759,17.98562],[-65.91832,17.98527],[-65.92041,17.98497],[-65.92215,17.98599],[-65.92599,17.98593],[-65.92631,17.98612],[-65.92709,17.98697],[-65.92764,17.98712],[-65.92887,17.98872],[-65.92973,17.98931],[-65.93125,17.98906],[-65.93169,17.98918],[-65.93226,17.98969],[-65.9327,17.98988],[-65.93387,17.98994],[-65.93469,17.99013],[-65.93556,17.99077],[-65.93805,17.99204],[-65.94189,17.99214],[-65.94244,17.99225],[-65.94315,17.99259],[-65.94269,17.99291],[-65.94268,17.99319],[-65.94335,17.99417],[-65.9441,17.99462],[-65.94458,17.99602],[-65.94449,17.99668],[-65.94534,17.99713],[-65.94581,17.99754],[-65.94607,17.99821],[-65.94757,18.00025],[-65.94798,18.00102],[-65.94827,18.00178],[-65.9486,18.00485],[-65.94885,18.00489],[-65.94965,18.00552],[-65.95152,18.00633],[-65.95208,18.00622],[-65.95264,18.00628],[-65.95299,18.00648],[-65.95325,18.00688],[-65.95314,18.00851],[-65.95354,18.01054],[-65.95414,18.01222],[-65.95488,18.01328],[-65.95448,18.01497],[-65.95496,18.01601],[-65.95506,18.01698],[-65.95475,18.01807],[-65.95369,18.01853],[-65.95318,18.01925],[-65.95289,18.01936],[-65.95327,18.01981],[-65.95348,18.02185],[-65.95332,18.0223],[-65.95274,18.02289],[-65.95282,18.02336],[-65.95423,18.0244],[-65.95591,18.0249],[-65.957,18.02574],[-65.95886,18.02633],[-65.95916,18.02662],[-65.95963,18.02816],[-65.95988,18.02833],[-65.96118,18.02836],[-65.96232,18.02883],[-65.96308,18.02901],[-65.96373,18.02881],[-65.96449,18.02813],[-65.96545,18.02818],[-65.96582,18.02805],[-65.96637,18.02739],[-65.96645,18.02688],[-65.96759,18.02545],[-65.96897,18.02522],[-65.96993,18.02455],[-65.97159,18.02435],[-65.97187,18.02454],[-65.97178,18.02477],[-65.97198,18.02521],[-65.97264,18.02539],[-65.97303,18.0257],[-65.97451,18.02812],[-65.97502,18.0309],[-65.97554,18.0316],[-65.97562,18.03242],[-65.97581,18.03275],[-65.97658,18.03274],[-65.97728,18.03244],[-65.9782,18.03233],[-65.97982,18.03326],[-65.98172,18.03469],[-65.98184,18.03492],[-65.98097,18.03592],[-65.98094,18.0371],[-65.98004,18.03862],[-65.98023,18.03946],[-65.98007,18.0405],[-65.98031,18.04057],[-65.98208,18.04029],[-65.98234,18.04045],[-65.98219,18.04104],[-65.98238,18.04162],[-65.9835,18.04266],[-65.9843,18.04414],[-65.9851,18.04476],[-65.98563,18.04544],[-65.9857,18.04611],[-65.98555,18.04767],[-65.98565,18.04817],[-65.9852,18.0493],[-65.98505,18.05051],[-65.98569,18.05119],[-65.98587,18.05231],[-65.98668,18.05296],[-65.98693,18.0535],[-65.98764,18.05434],[-65.98784,18.05528],[-65.98874,18.05705],[-65.98839,18.05905],[-65.98878,18.05912],[-65.98934,18.05952],[-65.99072,18.0596],[-65.99135,18.06014],[-65.99182,18.06072],[-65.99209,18.06135],[-65.99229,18.06147],[-65.99305,18.06038],[-65.9935,18.06003],[-65.99402,18.05997],[-65.99434,18.06019],[-65.99626,18.05975],[-65.99698,18.05975],[-65.9984,18.06022],[-65.99919,18.05997],[-65.99961,18.06006],[-66.00201,18.06169],[-66.0032,18.06214],[-66.00381,18.06313],[-66.00571,18.06466],[-66.00617,18.06524],[-66.00681,18.06559],[-66.00741,18.06632],[-66.00835,18.06655],[-66.00931,18.06719],[-66.0102,18.06744],[-66.01052,18.06778],[-66.01078,18.06864],[-66.01039,18.07037],[-66.01037,18.07192],[-66.00872,18.07351],[-66.00865,18.07375],[-66.00932,18.07381],[-66.01035,18.07566]]]},"properties":{"municipio":"Patillas","geoid":"72109","countyfp":"109","abrev_mun":"PAT"}},
{"type":"Feature","geometry":{"type":"MultiPolygon","coordinates":[[[[-66.69403,18.13054],[-66.69464,18.13084],[-66.69513,18.13091],[-66.69625,18.13068],[-66.69739,18.13086],[-66.69805,18.13062],[-66.69863,18.13084],[-66.70044,18.13082],[-66.70088,18.13033],[-66.70229,18.1294],[-66.70269,18.12884],[-66.70332,18.12937],[-66.70393,18.12964],[-66.70563,18.12969],[-66.7064,18.12945],[-66.70762,18.12958],[-66.70858,18.12908],[-66.70922,18.1294],[-66.70951,18.12926],[-66.71008,18.12825],[-66.71041,18.12815],[-66.71102,18.12866],[-66.7112,18.12931],[-66.71229,18.12965],[-66.71301,18.13042],[-66.71326,18.13085],[-66.7135,18.13181],[-66.71464,18.13198],[-66.71704,18.13176],[-66.71718,18.13156],[-66.71696,18.13026],[-66.71701,18.12977],[-66.71748,18.12899],[-66.71769,18.12799],[-66.71864,18.12788],[-66.7192,18.12741],[-66.71988,18.12635],[-66.72108,18.12585],[-66.72152,18.12531],[-66.72239,18.12376],[-66.72353,18.12301],[-66.72407,18.12215],[-66.72512,18.12134],[-66.72527,18.12073],[-66.72581,18.1197],[-66.72563,18.11884],[-66.72509,18.11765],[-66.72503,18.11695],[-66.72532,18.11634],[-66.72628,18.11559],[-66.72664,18.1151],[-66.72734,18.11332],[-66.72846,18.1131],[-66.72863,18.11269],[-66.72887,18.11252],[-66.72987,18.11241],[-66.73063,18.11252],[-66.73138,18.1119],[-66.73167,18.11191],[-66.73334,18.11345],[-66.73438,18.11385],[-66.73612,18.11492],[-66.73668,18.11578],[-66.73787,18.11589],[-66.73879,18.11615],[-66.73959,18.11717],[-66.74037,18.11745],[-66.74127,18.11739],[-66.74282,18.11701],[-66.74335,18.11671],[-66.74414,18.11589],[-66.74618,18.11598],[-66.74681,18.11555],[-66.74729,18.1154],[-66.74753,18.11453],[-66.74932,18.1138],[-66.74962,18.11376],[-66.75025,18.11413],[-66.75052,18.11441],[-66.75064,18.11487],[-66.75106,18.11513],[-66.75169,18.11595],[-66.7522,18.11692],[-66.75316,18.11721],[-66.75335,18.11752],[-66.75328,18.11805],[-66.7539,18.11902],[-66.7547,18.11955],[-66.75527,18.12085],[-66.75624,18.12228],[-66.75628,18.12249],[-66.75608,18.12301],[-66.75707,18.12372],[-66.75664,18.12477],[-66.75677,18.12534],[-66.75844,18.12714],[-66.75919,18.1291],[-66.75978,18.12952],[-66.76086,18.12977],[-66.76106,18.12997],[-66.76124,18.13061],[-66.76154,18.13107],[-66.7631,18.13228],[-66.76364,18.13252],[-66.76463,18.1327],[-66.76522,18.13305],[-66.76574,18.13355],[-66.76628,18.13477],[-66.76744,18.13505],[-66.76912,18.13502],[-66.76932,18.1337],[-66.76901,18.13228],[-66.76917,18.13166],[-66.76905,18.13123],[-66.76816,18.12979],[-66.76795,18.12872],[-66.76849,18.12797],[-66.76866,18.12743],[-66.76844,18.12699],[-66.76729,18.12584],[-66.76624,18.12407],[-66.76533,18.12302],[-66.76499,18.12242],[-66.76488,18.12138],[-66.76428,18.11939],[-66.76456,18.11863],[-66.7645,18.11772],[-66.76409,18.11699],[-66.76255,18.11522],[-66.76186,18.11381],[-66.76165,18.11256],[-66.761,18.11177],[-66.76127,18.11141],[-66.76281,18.1106],[-66.76425,18.10877],[-66.76473,18.10756],[-66.76584,18.10644],[-66.76561,18.10499],[-66.7652,18.10405],[-66.76483,18.10144],[-66.76486,18.10053],[-66.76565,18.09876],[-66.76615,18.09824],[-66.76668,18.09725],[-66.76725,18.09662],[-66.76722,18.09593],[-66.76765,18.09488],[-66.76771,18.09367],[-66.76798,18.09279],[-66.76798,18.0921],[-66.76819,18.09155],[-66.76875,18.09099],[-66.76911,18.09006],[-66.7696,18.08833],[-66.76976,18.08706],[-66.76916,18.08521],[-66.76748,18.08386],[-66.7668,18.08355],[-66.76597,18.08253],[-66.76589,18.0822],[-66.76622,18.08056],[-66.7659,18.0795],[-66.7659,18.07817],[-66.76606,18.07782],[-66.767,18.07743],[-66.76706,18.07708],[-66.76633,18.07642],[-66.76629,18.07569],[-66.76648,18.07491],[-66.76672,18.07448],[-66.76793,18.07361],[-66.76828,18.07309],[-66.76859,18.07243],[-66.76891,18.07109],[-66.76871,18.06971],[-66.76812,18.06856],[-66.76837,18.06743],[-66.76753,18.06646],[-66.76728,18.06595],[-66.76725,18.06478],[-66.7674,18.06395],[-66.76668,18.06277],[-66.76682,18.06259],[-66.76742,18.06252],[-66.76768,18.06234],[-66.76832,18.0611],[-66.76874,18.06101],[-66.76892,18.06084],[-66.76951,18.05921],[-66.76938,18.05851],[-66.76843,18.05724],[-66.76837,18.05698],[-66.76873,18.05628],[-66.76886,18.05535],[-66.76684,18.0528],[-66.76638,18.05173],[-66.7663,18.05101],[-66.76643,18.05035],[-66.76717,18.04964],[-66.76845,18.04909],[-66.76847,18.04885],[-66.76838,18.04854],[-66.7677,18.04787],[-66.7676,18.04717],[-66.76794,18.04634],[-66.76796,18.04585],[-66.76705,18.04481],[-66.76701,18.04351],[-66.76637,18.04215],[-66.76643,18.04009],[-66.76629,18.03974],[-66.7653,18.03889],[-66.76482,18.04007],[-66.76449,18.04141],[-66.7634,18.04364],[-66.76323,18.04606],[-66.76303,18.04695],[-66.76249,18.04737],[-66.76185,18.04762],[-66.76157,18.04793],[-66.75942,18.05209],[-66.7589,18.05273],[-66.75777,18.05331],[-66.75733,18.05369],[-66.75653,18.05568],[-66.75571,18.0562],[-66.75538,18.05625],[-66.75515,18.05585],[-66.75497,18.05379],[-66.75435,18.05315],[-66.75421,18.05278],[-66.75413,18.05205],[-66.75427,18.05094],[-66.75407,18.05001],[-66.75385,18.04969],[-66.75343,18.0495],[-66.75276,18.04956],[-66.75235,18.04942],[-66.75162,18.04828],[-66.75084,18.04747],[-66.75038,18.0472],[-66.74962,18.04698],[-66.74882,18.04613],[-66.74781,18.04546],[-66.74687,18.04497],[-66.74644,18.04498],[-66.74609,18.0447],[-66.74574,18.04464],[-66.74487,18.04484],[-66.74443,18.04558],[-66.74402,18.04586],[-66.74266,18.04573],[-66.74211,18.04554],[-66.74133,18.04481],[-66.74061,18.04478],[-66.74025,18.04499],[-66.73981,18.04569],[-66.73973,18.04718],[-66.73946,18.04744],[-66.73891,18.04748],[-66.73853,18.04704],[-66.73824,18.0462],[-66.73825,18.04459],[-66.73812,18.04443],[-66.73723,18.04435],[-66.73671,18.04411],[-66.73641,18.04375],[-66.73624,18.0431],[-66.73628,18.04254],[-66.73643,18.04233],[-66.73765,18.04163],[-66.73845,18.04091],[-66.73908,18.03939],[-66.73823,18.03737],[-66.7382,18.03696],[-66.74013,18.03465],[-66.741,18.03292],[-66.74111,18.03188],[-66.74173,18.03092],[-66.74174,18.03063],[-66.7414,18.03025],[-66.74026,18.02956],[-66.73998,18.02923],[-66.7373,18.02476],[-66.73613,18.02355],[-66.73599,18.02223],[-66.73474,18.021],[-66.73391,18.01969],[-66.73292,18.01737],[-66.73302,18.01704],[-66.73401,18.01575],[-66.73428,18.01445],[-66.73464,18.01413],[-66.73765,18.01332],[-66.73799,18.01335],[-66.73957,18.01414],[-66.74133,18.01388],[-66.74341,18.01269],[-66.74538,18.01216],[-66.74849,18.01078],[-66.74893,18.01033],[-66.74962,18.009],[-66.75147,18.00661],[-66.75157,18.00599],[-66.75121,18.00498],[-66.75182,18.00313],[-66.75217,18.00192],[-66.75255,18.00125],[-66.75426,17.99914],[-66.75415,17.99892],[-66.75473,17.99867],[-66.75526,17.99873],[-66.75542,17.99823],[-66.75465,17.99771],[-66.75403,17.99798],[-66.75385,17.99796],[-66.75373,17.99776],[-66.75404,17.99793],[-66.75437,17.99768],[-66.75419,17.99733],[-66.75525,17.99639],[-66.75559,17.99683],[-66.75617,17.99637],[-66.75694,17.99617],[-66.75714,17.99567],[-66.75837,17.99554],[-66.75939,17.99518],[-66.76072,17.99426],[-66.76101,17.9943],[-66.76206,17.99511],[-66.76307,17.99483],[-66.7632,17.99466],[-66.76306,17.99448],[-66.76203,17.99444],[-66.76166,17.99401],[-66.76083,17.99386],[-66.76012,17.99396],[-66.75931,17.99465],[-66.75821,17.99493],[-66.7578,17.99418],[-66.75757,17.9929],[-66.75707,17.99246],[-66.75741,17.99193],[-66.75747,17.99159],[-66.7573,17.99148],[-66.7564,17.99148],[-66.7555,17.99235],[-66.75532,17.99341],[-66.75486,17.99393],[-66.75509,17.9944],[-66.7549,17.99478],[-66.75453,17.99507],[-66.75422,17.99581],[-66.7543,17.99607],[-66.75465,17.99636],[-66.75366,17.99719],[-66.75343,17.99725],[-66.7535,17.99732],[-66.75316,17.99787],[-66.75219,17.99771],[-66.7522,17.99748],[-66.75243,17.99753],[-66.75253,17.99741],[-66.75245,17.99681],[-66.75147,17.99629],[-66.75071,17.99557],[-66.75045,17.99553],[-66.75145,17.99336],[-66.752,17.99262],[-66.75233,17.9925],[-66.75291,17.99196],[-66.75278,17.99168],[-66.75241,17.99173],[-66.75266,17.99134],[-66.75302,17.99184],[-66.75339,17.99185],[-66.75425,17.99145],[-66.75499,17.99074],[-66.75527,17.9908],[-66.75537,17.99119],[-66.7556,17.99134],[-66.75591,17.99132],[-66.7564,17.9909],[-66.75651,17.9906],[-66.75643,17.99038],[-66.75581,17.99064],[-66.75599,17.99049],[-66.75595,17.99032],[-66.75626,17.99027],[-66.75644,17.98991],[-66.75653,17.98957],[-66.7563,17.98931],[-66.75581,17.98997],[-66.75449,17.98994],[-66.75382,17.99047],[-66.75384,17.99012],[-66.75396,17.98986],[-66.75451,17.98973],[-66.75451,17.98925],[-66.75503,17.98941],[-66.75535,17.98913],[-66.75604,17.98887],[-66.7561,17.98839],[-66.75559,17.98824],[-66.75504,17.98792],[-66.75498,17.98776],[-66.75528,17.98748],[-66.75548,17.98651],[-66.75576,17.98598],[-66.75655,17.98493],[-66.75708,17.98452],[-66.757,17.98431],[-66.75715,17.98422],[-66.75723,17.98368],[-66.75753,17.98325],[-66.75761,17.98265],[-66.75806,17.98204],[-66.75864,17.98202],[-66.75877,17.98154],[-66.7593,17.98145],[-66.76068,17.98212],[-66.76175,17.98323],[-66.76161,17.98412],[-66.76186,17.98465],[-66.76177,17.98473],[-66.76202,17.98482],[-66.76248,17.98415],[-66.76257,17.98346],[-66.76288,17.98317],[-66.76261,17.98237],[-66.76246,17.98065],[-66.76196,17.98029],[-66.76118,17.98005],[-66.75963,17.97905],[-66.75934,17.97867],[-66.75904,17.97778],[-66.75925,17.97725],[-66.75918,17.9769],[-66.75825,17.97631],[-66.75642,17.97602],[-66.75524,17.97664],[-66.7551,17.97707],[-66.75487,17.9794],[-66.75448,17.9811],[-66.75376,17.98321],[-66.75307,17.98472],[-66.75222,17.98607],[-66.75107,17.98728],[-66.74943,17.98869],[-66.74819,17.9895],[-66.74636,17.9902],[-66.74532,17.9902],[-66.74523,17.9901],[-66.74482,17.99027],[-66.74302,17.99022],[-66.74285,17.99017],[-66.74272,17.98985],[-66.74245,17.98982],[-66.74193,17.99007],[-66.74158,17.99],[-66.74066,17.99055],[-66.73968,17.9908],[-66.7387,17.99041],[-66.73851,17.98996],[-66.73821,17.99004],[-66.73728,17.98966],[-66.73705,17.98928],[-66.7372,17.98943],[-66.73725,17.98934],[-66.73674,17.98903],[-66.73588,17.98994],[-66.73525,17.98993],[-66.73387,17.99101],[-66.73367,17.99146],[-66.73224,17.99166],[-66.73214,17.9909],[-66.73202,17.99143],[-66.73111,17.9917],[-66.73117,17.99186],[-66.73089,17.99203],[-66.72937,17.99226],[-66.72853,17.99211],[-66.72809,17.99195],[-66.72772,17.99164],[-66.72723,17.99152],[-66.7261,17.99182],[-66.72589,17.99178],[-66.7259,17.99163],[-66.72525,17.99211],[-66.72475,17.99204],[-66.72441,17.99173],[-66.72383,17.9918],[-66.72333,17.9911],[-66.72286,17.99093],[-66.72274,17.99103],[-66.72103,17.98987],[-66.72033,17.98986],[-66.72142,17.99027],[-66.72162,17.99056],[-66.72031,17.99018],[-66.71944,17.99017],[-66.71916,17.99036],[-66.7186,17.9902],[-66.7169,17.99031],[-66.71642,17.98964],[-66.7162,17.98957],[-66.71609,17.98965],[-66.71587,17.98932],[-66.71545,17.98922],[-66.71544,17.9891],[-66.71515,17.98921],[-66.71523,17.98899],[-66.71496,17.98897],[-66.715,17.98887],[-66.71487,17.98875],[-66.71477,17.98883],[-66.71467,17.98858],[-66.71458,17.98872],[-66.71444,17.98866],[-66.71447,17.98849],[-66.71436,17.9886],[-66.71407,17.98849],[-66.71413,17.98814],[-66.71357,17.98759],[-66.71351,17.98701],[-66.71325,17.98632],[-66.71353,17.9858],[-66.7135,17.98524],[-66.71292,17.98505],[-66.71254,17.98561],[-66.71248,17.98602],[-66.71218,17.9862],[-66.71228,17.98602],[-66.71204,17.98568],[-66.71158,17.98535],[-66.7118,17.98523],[-66.71177,17.98504],[-66.71209,17.9849],[-66.71203,17.9846],[-66.71166,17.98434],[-66.71186,17.984],[-66.7116,17.98368],[-66.71143,17.98379],[-66.71145,17.98358],[-66.71096,17.98307],[-66.71101,17.98292],[-66.71012,17.98243],[-66.70999,17.98216],[-66.70911,17.98212],[-66.70833,17.98293],[-66.70803,17.98302],[-66.7078,17.98282],[-66.70788,17.98244],[-66.70813,17.98211],[-66.70803,17.98125],[-66.70817,17.98103],[-66.70798,17.98085],[-66.70735,17.98072],[-66.70706,17.98082],[-66.70661,17.98074],[-66.70559,17.98123],[-66.70505,17.98124],[-66.70439,17.9808],[-66.70192,17.97855],[-66.70077,17.97792],[-66.69912,17.97767],[-66.69849,17.97955],[-66.69846,17.98023],[-66.69801,17.98157],[-66.69526,17.98224],[-66.69385,17.98286],[-66.693,17.98352],[-66.69193,17.98483],[-66.69195,17.98522],[-66.69232,17.98602],[-66.69226,17.98653],[-66.6918,17.98689],[-66.6891,17.9881],[-66.6886,17.98857],[-66.68809,17.98975],[-66.68686,17.99114],[-66.68682,17.99133],[-66.68711,17.99204],[-66.68722,17.99277],[-66.68847,17.99334],[-66.68939,17.99402],[-66.68946,17.99428],[-66.68846,17.99537],[-66.68839,17.99583],[-66.68876,17.99692],[-66.68846,17.99748],[-66.68782,17.99817],[-66.68789,17.9986],[-66.68812,17.99895],[-66.68917,17.99983],[-66.68952,18.00032],[-66.68952,18.00075],[-66.6892,18.00184],[-66.68983,18.00317],[-66.68998,18.00435],[-66.68945,18.0065],[-66.68793,18.00946],[-66.68819,18.01194],[-66.68802,18.01384],[-66.68667,18.01556],[-66.68651,18.0159],[-66.68647,18.01679],[-66.68694,18.02064],[-66.68952,18.02936],[-66.68947,18.0299],[-66.68885,18.03049],[-66.68893,18.03077],[-66.68944,18.03123],[-66.68954,18.03307],[-66.68933,18.03465],[-66.6898,18.03557],[-66.68989,18.03605],[-66.68936,18.03691],[-66.68949,18.03789],[-66.6893,18.03898],[-66.68942,18.04003],[-66.6888,18.042],[-66.68836,18.04254],[-66.68761,18.04293],[-66.68746,18.04312],[-66.68595,18.04543],[-66.68572,18.04619],[-66.68566,18.04721],[-66.68673,18.05105],[-66.68741,18.05194],[-66.68759,18.05238],[-66.68738,18.05378],[-66.68724,18.05411],[-66.68643,18.05485],[-66.68628,18.05517],[-66.68502,18.05893],[-66.68518,18.06049],[-66.68483,18.06105],[-66.68479,18.06202],[-66.68418,18.06344],[-66.68456,18.0643],[-66.68456,18.06467],[-66.68418,18.06508],[-66.68225,18.06644],[-66.68165,18.06805],[-66.67943,18.07153],[-66.67944,18.07264],[-66.67963,18.07363],[-66.68059,18.07473],[-66.6807,18.07535],[-66.6807,18.07641],[-66.67979,18.07813],[-66.67942,18.08009],[-66.67945,18.08143],[-66.68027,18.08235],[-66.68026,18.08255],[-66.67827,18.08483],[-66.67844,18.08639],[-66.67802,18.08711],[-66.67843,18.08813],[-66.67839,18.08839],[-66.67669,18.09069],[-66.67691,18.09118],[-66.67841,18.09313],[-66.67936,18.09483],[-66.67916,18.09561],[-66.67921,18.09739],[-66.67794,18.10041],[-66.67801,18.1008],[-66.67877,18.10161],[-66.67891,18.10229],[-66.67887,18.10311],[-66.67939,18.10516],[-66.67977,18.1057],[-66.68052,18.1062],[-66.68114,18.10681],[-66.68213,18.10831],[-66.68299,18.11008],[-66.68463,18.11224],[-66.68449,18.11326],[-66.6847,18.11486],[-66.68416,18.11596],[-66.68447,18.11717],[-66.68434,18.11771],[-66.68445,18.11828],[-66.68457,18.11855],[-66.68534,18.11901],[-66.68563,18.12014],[-66.68641,18.12116],[-66.68792,18.12214],[-66.68842,18.12262],[-66.68855,18.1238],[-66.68874,18.12425],[-66.69045,18.12494],[-66.69117,18.12506],[-66.69227,18.12594],[-66.69248,18.12715],[-66.69297,18.12787],[-66.69322,18.12797],[-66.69378,18.12946],[-66.69403,18.13054]]],[[[-66.75374,17.96582],[-66.75357,17.96625],[-66.75454,17.96678],[-66.75457,17.96645],[-66.75422,17.96598],[-66.75401,17.96581],[-66.75374,17.96582]]],[[[-66.75135,17.96619],[-66.75226,17.96663],[-66.7532,17.96674],[-66.75305,17.96579],[-66.75224,17.96501],[-66.75081,17.96484],[-66.75,17.96491],[-66.74915,17.96542],[-66.74866,17.96579],[-66.74821,17.96656],[-66.74838,17.9667],[-66.74905,17.96623],[-66.74962,17.96603],[-66.74962,17.96582],[-66.74975,17.96613],[-66.75135,17.96619]]],[[[-66.73291,17.96921],[-66.73335,17.96947],[-66.73378,17.96922],[-66.7339,17.96763],[-66.73371,17.96731],[-66.73338,17.96714],[-66.73268,17.96716],[-66.73204,17.96765],[-66.73225,17.96891],[-66.73254,17.96922],[-66.73291,17.96921]]],[[[-66.73135,17.97089],[-66.73121,17.97121],[-66.73138,17.97157],[-66.73273,17.97195],[-66.73359,17.97141],[-66.73372,17.9712],[-66.73358,17.9708],[-66.73315,17.97073],[-66.73297,17.97052],[-66.73321,17.96969],[-66.73286,17.96937],[-66.73218,17.96968],[-66.73135,17.97089]]],[[[-66.74556,17.97442],[-66.74701,17.97452],[-66.74786,17.97483],[-66.74906,17.97502],[-66.74937,17.97519],[-66.74939,17.97557],[-66.74962,17.97584],[-66.7503,17.97541],[-66.75021,17.97511],[-66.74976,17.9748],[-66.74962,17.97401],[-66.74875,17.97437],[-66.74865,17.97435],[-66.74859,17.97395],[-66.7484,17.97383],[-66.74802,17.97414],[-66.74776,17.97417],[-66.74736,17.97391],[-66.74752,17.97329],[-66.74737,17.9731],[-66.74675,17.97321],[-66.74646,17.97301],[-66.74461,17.97265],[-66.74446,17.97279],[-66.74453,17.97308],[-66.74507,17.97402],[-66.74556,17.97442]]],[[[-66.71622,17.97873],[-66.71715,17.97954],[-66.71715,17.97928],[-66.71742,17.97902],[-66.71696,17.97864],[-66.71672,17.97869],[-66.71635,17.97851],[-66.71622,17.97873]]],[[[-66.71132,17.98206],[-66.71143,17.98232],[-66.71184,17.98242],[-66.712,17.98229],[-66.7116,17.98184],[-66.70956,17.9806],[-66.70919,17.98048],[-66.70887,17.98071],[-66.70901,17.98107],[-66.71076,17.98202],[-66.71132,17.98206]]],[[[-66.73943,17.98243],[-66.73978,17.98249],[-66.74055,17.98166],[-66.74059,17.9812],[-66.74019,17.98084],[-66.73918,17.98114],[-66.73922,17.98164],[-66.73893,17.98241],[-66.73943,17.98243]]],[[[-66.7365,17.98267],[-66.73572,17.9833],[-66.73555,17.98358],[-66.73556,17.98376],[-66.73619,17.98452],[-66.73665,17.9847],[-66.73766,17.98428],[-66.73842,17.98345],[-66.73946,17.98301],[-66.73967,17.98278],[-66.73945,17.98252],[-66.73899,17.98264],[-66.73876,17.98245],[-66.73904,17.98161],[-66.73877,17.98131],[-66.73796,17.98162],[-66.73735,17.98156],[-66.73704,17.98207],[-66.73658,17.98237],[-66.7365,17.98267]]]]},"properties":{"municipio":"Peñuelas","geoid":"72111","countyfp":"111","abrev_mun":"PEN"}},
{"type":"Feature","geometry":{"type":"MultiPolygon","coordinates":[[[[-66.55278,18.15228],[-66.55333,18.15241],[-66.55439,18.15304],[-66.55573,18.15299],[-66.55655,18.15354],[-66.55812,18.15342],[-66.55907,18.15356],[-66.55975,18.15385],[-66.56104,18.15475],[-66.56135,18.15506],[-66.56144,18.15618],[-66.56129,18.1575],[-66.56141,18.15768],[-66.56347,18.15847],[-66.56599,18.15874],[-66.56681,18.15902],[-66.56726,18.15977],[-66.56731,18.16079],[-66.56782,18.16176],[-66.56848,18.16221],[-66.57002,18.16288],[-66.57057,18.16355],[-66.57174,18.16377],[-66.57206,18.16402],[-66.5724,18.16459],[-66.57228,18.16577],[-66.57371,18.16688],[-66.57406,18.16793],[-66.5743,18.16807],[-66.57473,18.16813],[-66.57601,18.16752],[-66.57645,18.16746],[-66.57726,18.16797],[-66.5778,18.16803],[-66.57905,18.16745],[-66.58002,18.16728],[-66.58025,18.16747],[-66.58046,18.16801],[-66.58072,18.16819],[-66.58334,18.16818],[-66.58463,18.16831],[-66.58521,18.16854],[-66.58616,18.16934],[-66.58857,18.16954],[-66.58891,18.1699],[-66.58905,18.17029],[-66.5893,18.17161],[-66.59031,18.17218],[-66.59098,18.17232],[-66.59215,18.17218],[-66.59309,18.17114],[-66.59358,18.17084],[-66.59478,18.1708],[-66.59573,18.17133],[-66.59633,18.17148],[-66.5978,18.17098],[-66.59848,18.17043],[-66.59881,18.16989],[-66.599,18.16935],[-66.5989,18.16844],[-66.59926,18.16753],[-66.59952,18.16722],[-66.60051,18.16666],[-66.60085,18.16627],[-66.60088,18.16576],[-66.60108,18.16543],[-66.602,18.16539],[-66.60263,18.16586],[-66.60371,18.16582],[-66.60422,18.1663],[-66.60457,18.16632],[-66.60563,18.16542],[-66.60774,18.16444],[-66.60865,18.16282],[-66.60896,18.16194],[-66.61054,18.16137],[-66.61145,18.16129],[-66.61166,18.16113],[-66.61204,18.15959],[-66.61277,18.15894],[-66.61362,18.15881],[-66.6154,18.15886],[-66.61589,18.15858],[-66.61647,18.15795],[-66.61746,18.15769],[-66.61813,18.15764],[-66.61932,18.15782],[-66.62077,18.15782],[-66.62276,18.15704],[-66.62309,18.15657],[-66.62346,18.15645],[-66.62381,18.15654],[-66.62462,18.15724],[-66.62561,18.15715],[-66.62613,18.15739],[-66.62676,18.15784],[-66.62672,18.15847],[-66.62704,18.15878],[-66.62775,18.15871],[-66.62858,18.15884],[-66.6295,18.15804],[-66.62954,18.15717],[-66.63006,18.15633],[-66.63045,18.15604],[-66.63035,18.1553],[-66.63048,18.15489],[-66.63151,18.15453],[-66.63224,18.15351],[-66.63196,18.15289],[-66.63118,18.15242],[-66.63107,18.15202],[-66.63115,18.15044],[-66.63134,18.1502],[-66.63185,18.14993],[-66.63247,18.14994],[-66.63265,18.15038],[-66.63289,18.1506],[-66.63355,18.15078],[-66.63418,18.15124],[-66.63622,18.15166],[-66.6366,18.1518],[-66.63728,18.15237],[-66.63807,18.15264],[-66.63836,18.15283],[-66.63888,18.15348],[-66.63895,18.15408],[-66.63914,18.1544],[-66.63991,18.15496],[-66.6405,18.15512],[-66.64115,18.15507],[-66.64176,18.1547],[-66.64203,18.15426],[-66.64254,18.15483],[-66.64244,18.15558],[-66.64265,18.15629],[-66.64319,18.15688],[-66.64406,18.15714],[-66.64464,18.15706],[-66.64623,18.15739],[-66.64707,18.15791],[-66.64906,18.15855],[-66.64945,18.15903],[-66.64965,18.1589],[-66.64995,18.15898],[-66.65024,18.15891],[-66.65062,18.15854],[-66.65206,18.15905],[-66.65345,18.15918],[-66.65418,18.15856],[-66.65472,18.15862],[-66.65497,18.15811],[-66.65581,18.15728],[-66.65642,18.15734],[-66.65694,18.15653],[-66.65842,18.15674],[-66.65902,18.15697],[-66.6601,18.15703],[-66.66131,18.15652],[-66.66172,18.15612],[-66.66285,18.1556],[-66.66379,18.15423],[-66.66421,18.15382],[-66.6658,18.15367],[-66.6664,18.15308],[-66.66847,18.15277],[-66.66921,18.15247],[-66.66976,18.15251],[-66.67041,18.15294],[-66.67057,18.15217],[-66.67039,18.15155],[-66.67047,18.15091],[-66.67104,18.15026],[-66.67143,18.14913],[-66.6724,18.14766],[-66.67286,18.14663],[-66.67252,18.14591],[-66.67188,18.14544],[-66.67171,18.14493],[-66.67193,18.14485],[-66.67201,18.14456],[-66.67212,18.14337],[-66.67265,18.14203],[-66.67297,18.14065],[-66.67415,18.13896],[-66.67465,18.13574],[-66.67566,18.13406],[-66.67653,18.13312],[-66.67669,18.13114],[-66.67662,18.13024],[-66.67762,18.12978],[-66.67801,18.12976],[-66.67939,18.13007],[-66.68038,18.12956],[-66.68088,18.12957],[-66.68152,18.13019],[-66.68348,18.13078],[-66.6847,18.13172],[-66.68506,18.13177],[-66.68546,18.13157],[-66.68659,18.13176],[-66.68793,18.13146],[-66.68839,18.13105],[-66.68978,18.13075],[-66.69025,18.12999],[-66.69088,18.1297],[-66.6915,18.12978],[-66.69239,18.1302],[-66.69403,18.13054],[-66.69378,18.12946],[-66.69322,18.12797],[-66.69297,18.12787],[-66.69248,18.12715],[-66.69227,18.12594],[-66.69117,18.12506],[-66.69045,18.12494],[-66.68874,18.12425],[-66.68855,18.1238],[-66.68842,18.12262],[-66.68792,18.12214],[-66.68641,18.12116],[-66.68563,18.12014],[-66.68534,18.11901],[-66.68457,18.11855],[-66.68445,18.11828],[-66.68434,18.11771],[-66.68447,18.11717],[-66.68416,18.11596],[-66.6847,18.11486],[-66.68449,18.11326],[-66.68463,18.11224],[-66.68299,18.11008],[-66.68213,18.10831],[-66.68114,18.10681],[-66.68052,18.1062],[-66.67977,18.1057],[-66.67939,18.10516],[-66.67887,18.10311],[-66.67891,18.10229],[-66.67877,18.10161],[-66.67801,18.1008],[-66.67794,18.10041],[-66.67921,18.09739],[-66.67916,18.09561],[-66.67936,18.09483],[-66.67841,18.09313],[-66.67691,18.09118],[-66.67669,18.09069],[-66.67839,18.08839],[-66.67843,18.08813],[-66.67802,18.08711],[-66.67844,18.08639],[-66.67827,18.08483],[-66.68026,18.08255],[-66.68027,18.08235],[-66.67945,18.08143],[-66.67942,18.08009],[-66.67979,18.07813],[-66.6807,18.07641],[-66.6807,18.07535],[-66.68059,18.07473],[-66.67963,18.07363],[-66.67944,18.07264],[-66.67943,18.07153],[-66.68165,18.06805],[-66.68225,18.06644],[-66.68418,18.06508],[-66.68456,18.06467],[-66.68456,18.0643],[-66.68418,18.06344],[-66.68479,18.06202],[-66.68483,18.06105],[-66.68518,18.06049],[-66.68502,18.05893],[-66.68628,18.05517],[-66.68643,18.05485],[-66.68724,18.05411],[-66.68738,18.05378],[-66.68759,18.05238],[-66.68741,18.05194],[-66.68673,18.05105],[-66.68566,18.04721],[-66.68572,18.04619],[-66.68595,18.04543],[-66.68746,18.04312],[-66.68761,18.04293],[-66.68836,18.04254],[-66.6888,18.042],[-66.68942,18.04003],[-66.6893,18.03898],[-66.68949,18.03789],[-66.68936,18.03691],[-66.68989,18.03605],[-66.6898,18.03557],[-66.68933,18.03465],[-66.68954,18.03307],[-66.68944,18.03123],[-66.68893,18.03077],[-66.68885,18.03049],[-66.68947,18.0299],[-66.68952,18.02936],[-66.68694,18.02064],[-66.68647,18.01679],[-66.68651,18.0159],[-66.68667,18.01556],[-66.68802,18.01384],[-66.68819,18.01194],[-66.68793,18.00946],[-66.68945,18.0065],[-66.68998,18.00435],[-66.68983,18.00317],[-66.6892,18.00184],[-66.68952,18.00075],[-66.68952,18.00032],[-66.68917,17.99983],[-66.68812,17.99895],[-66.68789,17.9986],[-66.68782,17.99817],[-66.68846,17.99748],[-66.68876,17.99692],[-66.68839,17.99583],[-66.68846,17.99537],[-66.68946,17.99428],[-66.68939,17.99402],[-66.68847,17.99334],[-66.68722,17.99277],[-66.68711,17.99204],[-66.68682,17.99133],[-66.68686,17.99114],[-66.68809,17.98975],[-66.6886,17.98857],[-66.6891,17.9881],[-66.6918,17.98689],[-66.69226,17.98653],[-66.69232,17.98602],[-66.69195,17.98522],[-66.69193,17.98483],[-66.693,17.98352],[-66.69385,17.98286],[-66.69526,17.98224],[-66.69801,17.98157],[-66.69846,17.98023],[-66.69849,17.97955],[-66.69912,17.97767],[-66.6981,17.97756],[-66.69695,17.97708],[-66.69605,17.9763],[-66.69588,17.976],[-66.69495,17.97544],[-66.69479,17.97514],[-66.69446,17.97517],[-66.69436,17.97537],[-66.69408,17.97532],[-66.69307,17.97554],[-66.6925,17.97542],[-66.69224,17.97549],[-66.692,17.97531],[-66.69186,17.97545],[-66.6915,17.97547],[-66.69076,17.97514],[-66.68969,17.97503],[-66.68915,17.97465],[-66.68914,17.97419],[-66.68901,17.97406],[-66.6886,17.97414],[-66.68845,17.97403],[-66.6883,17.97411],[-66.6877,17.97403],[-66.68763,17.97419],[-66.68728,17.97424],[-66.68706,17.97419],[-66.68702,17.97403],[-66.68679,17.97415],[-66.68557,17.97402],[-66.68508,17.97373],[-66.68495,17.97341],[-66.68435,17.97322],[-66.6837,17.97342],[-66.68333,17.97335],[-66.6831,17.97363],[-66.68228,17.97383],[-66.68153,17.97391],[-66.68042,17.97374],[-66.67832,17.97246],[-66.67735,17.97144],[-66.67678,17.9705],[-66.67488,17.96902],[-66.67438,17.96824],[-66.67423,17.96759],[-66.67433,17.96741],[-66.67495,17.96715],[-66.67389,17.96741],[-66.67328,17.96658],[-66.67224,17.96651],[-66.67133,17.96703],[-66.67117,17.96724],[-66.67125,17.96741],[-66.67094,17.96767],[-66.67062,17.96739],[-66.67008,17.96739],[-66.66845,17.96771],[-66.66776,17.96752],[-66.66764,17.96764],[-66.66739,17.96757],[-66.66701,17.96771],[-66.66683,17.96809],[-66.66689,17.96842],[-66.66667,17.96851],[-66.6668,17.9687],[-66.66647,17.96915],[-66.66615,17.96917],[-66.66622,17.96947],[-66.6658,17.9694],[-66.66596,17.9696],[-66.66583,17.96971],[-66.66575,17.9696],[-66.66568,17.96973],[-66.66533,17.96961],[-66.66541,17.96944],[-66.66514,17.96922],[-66.66515,17.96876],[-66.66439,17.96831],[-66.66309,17.96855],[-66.66265,17.96941],[-66.66266,17.97038],[-66.66213,17.97153],[-66.66151,17.97228],[-66.65967,17.97352],[-66.65856,17.97456],[-66.65726,17.97547],[-66.65422,17.97707],[-66.65293,17.97797],[-66.64946,17.97962],[-66.64663,17.9805],[-66.6389,17.98139],[-66.63726,17.98186],[-66.6362,17.98199],[-66.63433,17.98248],[-66.63356,17.98254],[-66.63341,17.98241],[-66.63175,17.98267],[-66.63024,17.9827],[-66.62797,17.98249],[-66.62657,17.98217],[-66.62455,17.98103],[-66.62385,17.98103],[-66.62251,17.98071],[-66.62214,17.98028],[-66.62171,17.98004],[-66.62143,17.97944],[-66.62099,17.97927],[-66.62076,17.97937],[-66.62055,17.97929],[-66.62043,17.9792],[-66.62044,17.97897],[-66.62009,17.97879],[-66.61974,17.97908],[-66.61959,17.97898],[-66.61973,17.97861],[-66.61871,17.97841],[-66.61819,17.97796],[-66.61781,17.97795],[-66.61752,17.97764],[-66.61716,17.97658],[-66.61727,17.97637],[-66.6178,17.97622],[-66.61781,17.97555],[-66.61795,17.97534],[-66.61842,17.97522],[-66.6187,17.97529],[-66.61904,17.97502],[-66.61889,17.97391],[-66.61698,17.97403],[-66.61683,17.9739],[-66.61654,17.97291],[-66.61552,17.97302],[-66.61569,17.97289],[-66.61519,17.97128],[-66.6185,17.97034],[-66.62122,17.96885],[-66.62059,17.96828],[-66.62063,17.96812],[-66.62049,17.96802],[-66.62123,17.96707],[-66.62111,17.96699],[-66.62037,17.96793],[-66.6202,17.96782],[-66.61922,17.96796],[-66.61778,17.96755],[-66.61745,17.9672],[-66.61724,17.96727],[-66.61638,17.96708],[-66.61603,17.9668],[-66.61387,17.96391],[-66.61377,17.96394],[-66.61382,17.96403],[-66.6137,17.96393],[-66.61381,17.96371],[-66.61401,17.96378],[-66.61386,17.96362],[-66.6141,17.96324],[-66.61537,17.9632],[-66.61601,17.96367],[-66.61657,17.96329],[-66.61687,17.96343],[-66.61705,17.96326],[-66.61744,17.9634],[-66.61737,17.96379],[-66.61793,17.96417],[-66.61799,17.96409],[-66.61833,17.96419],[-66.61818,17.96479],[-66.61829,17.96482],[-66.61837,17.96467],[-66.61852,17.96469],[-66.6195,17.96341],[-66.61941,17.96291],[-66.61921,17.96264],[-66.61821,17.96252],[-66.6142,17.96271],[-66.6138,17.96287],[-66.61342,17.96348],[-66.61277,17.9635],[-66.61171,17.96399],[-66.61148,17.96393],[-66.61108,17.9641],[-66.61043,17.96412],[-66.61025,17.96442],[-66.60943,17.96488],[-66.60897,17.96682],[-66.60853,17.96757],[-66.60749,17.96829],[-66.60675,17.96859],[-66.6058,17.9689],[-66.60324,17.96935],[-66.60113,17.96941],[-66.60051,17.96917],[-66.60055,17.96845],[-66.60043,17.96852],[-66.60027,17.96918],[-66.59923,17.96842],[-66.59946,17.96759],[-66.59938,17.96746],[-66.59909,17.96829],[-66.59765,17.96886],[-66.59731,17.96967],[-66.59662,17.97031],[-66.59556,17.97077],[-66.59425,17.97094],[-66.59273,17.97062],[-66.59073,17.96985],[-66.58942,17.96907],[-66.58926,17.96915],[-66.58885,17.96902],[-66.58667,17.96739],[-66.5859,17.96655],[-66.5854,17.96559],[-66.58491,17.96407],[-66.58485,17.96312],[-66.58461,17.96269],[-66.58466,17.96255],[-66.58413,17.96223],[-66.58438,17.96168],[-66.58367,17.9613],[-66.58308,17.96127],[-66.58212,17.96152],[-66.58166,17.96203],[-66.58139,17.96185],[-66.58103,17.96186],[-66.58088,17.9617],[-66.58058,17.96178],[-66.58005,17.96168],[-66.57608,17.96258],[-66.57361,17.96448],[-66.56936,17.96649],[-66.56675,17.96691],[-66.56525,17.96673],[-66.56374,17.96733],[-66.5617,17.96767],[-66.5602,17.96769],[-66.55914,17.96794],[-66.55799,17.96868],[-66.55615,17.97048],[-66.55368,17.9723],[-66.55142,17.97354],[-66.54917,17.97434],[-66.54826,17.9745],[-66.5476,17.97442],[-66.54641,17.97459],[-66.54451,17.97458],[-66.54372,17.97432],[-66.54317,17.97387],[-66.54259,17.9737],[-66.54095,17.97379],[-66.53917,17.97422],[-66.54043,17.97495],[-66.54059,17.97514],[-66.54057,17.97552],[-66.53986,17.97619],[-66.53911,17.97661],[-66.53859,17.97669],[-66.53778,17.97637],[-66.5373,17.97656],[-66.53716,17.97699],[-66.53758,17.97741],[-66.53962,17.97844],[-66.53974,17.97861],[-66.53982,17.97981],[-66.5402,17.98013],[-66.54062,17.98023],[-66.54073,17.98048],[-66.54058,17.98067],[-66.5401,17.98076],[-66.53983,17.9812],[-66.53874,17.9811],[-66.53848,17.98168],[-66.53902,17.98261],[-66.53953,17.98391],[-66.53899,17.98553],[-66.53903,17.98609],[-66.53964,17.98646],[-66.54032,17.98666],[-66.5405,17.98689],[-66.53992,17.98823],[-66.53989,17.98865],[-66.54053,17.98974],[-66.54166,17.99027],[-66.5416,17.99161],[-66.54052,17.99266],[-66.5401,17.99402],[-66.53973,17.9941],[-66.53901,17.99391],[-66.53877,17.99353],[-66.53847,17.99333],[-66.53735,17.99323],[-66.5364,17.99249],[-66.53585,17.9926],[-66.53571,17.994],[-66.53644,17.99538],[-66.53652,17.99588],[-66.53636,17.99623],[-66.53589,17.99658],[-66.53578,17.99683],[-66.53638,17.99756],[-66.53637,17.99787],[-66.53596,17.99802],[-66.535,17.99802],[-66.53431,17.99775],[-66.53382,17.99782],[-66.53345,17.99789],[-66.53331,17.99812],[-66.53229,17.9985],[-66.53267,17.99946],[-66.53264,17.99987],[-66.5313,18.00058],[-66.53069,18.0011],[-66.53045,18.00188],[-66.5305,18.00346],[-66.53084,18.00388],[-66.53238,18.00406],[-66.53299,18.00446],[-66.53353,18.00698],[-66.53488,18.0076],[-66.53525,18.00904],[-66.53504,18.00992],[-66.53534,18.01102],[-66.53607,18.01192],[-66.53713,18.0129],[-66.53711,18.01376],[-66.53634,18.0155],[-66.53589,18.01616],[-66.53579,18.01675],[-66.53671,18.01848],[-66.5377,18.02167],[-66.53842,18.02272],[-66.54073,18.02291],[-66.54031,18.02342],[-66.53931,18.02422],[-66.53895,18.02494],[-66.53892,18.02561],[-66.53927,18.02643],[-66.54036,18.02762],[-66.54114,18.02943],[-66.54236,18.03127],[-66.54246,18.03246],[-66.54211,18.03322],[-66.53966,18.03558],[-66.53832,18.03735],[-66.53772,18.03938],[-66.53762,18.04047],[-66.53732,18.0412],[-66.53769,18.04183],[-66.53918,18.04237],[-66.54112,18.04424],[-66.54207,18.04549],[-66.54233,18.04753],[-66.54297,18.05043],[-66.54325,18.05087],[-66.54408,18.05139],[-66.54466,18.05195],[-66.54554,18.05237],[-66.54607,18.05347],[-66.54592,18.05432],[-66.54425,18.05658],[-66.54387,18.05768],[-66.54402,18.05902],[-66.54437,18.06012],[-66.54548,18.06197],[-66.54605,18.06253],[-66.54631,18.063],[-66.54614,18.06438],[-66.5463,18.06604],[-66.54569,18.06765],[-66.54576,18.06815],[-66.54528,18.06866],[-66.5453,18.06892],[-66.54598,18.06995],[-66.54629,18.07077],[-66.54873,18.07297],[-66.54946,18.07469],[-66.55023,18.07573],[-66.55046,18.07644],[-66.55052,18.07747],[-66.55001,18.07859],[-66.54993,18.07917],[-66.55047,18.08039],[-66.55131,18.08159],[-66.55179,18.08206],[-66.55265,18.08248],[-66.55459,18.08405],[-66.55551,18.08455],[-66.55538,18.08533],[-66.55541,18.08626],[-66.55524,18.08648],[-66.55374,18.0874],[-66.55343,18.08783],[-66.55336,18.08809],[-66.5537,18.08957],[-66.55355,18.09037],[-66.55228,18.09265],[-66.55049,18.09358],[-66.54955,18.09435],[-66.54916,18.09544],[-66.54914,18.09709],[-66.54995,18.09893],[-66.55077,18.10023],[-66.55082,18.10164],[-66.55114,18.1023],[-66.55178,18.10298],[-66.55256,18.10328],[-66.55409,18.10519],[-66.5546,18.10624],[-66.55451,18.10753],[-66.55536,18.1091],[-66.55533,18.10941],[-66.55472,18.11032],[-66.5553,18.11179],[-66.55514,18.11333],[-66.55562,18.11549],[-66.55594,18.11581],[-66.55784,18.11502],[-66.55848,18.11512],[-66.55931,18.11554],[-66.56142,18.11523],[-66.56171,18.11545],[-66.5623,18.11721],[-66.56238,18.11782],[-66.56231,18.11824],[-66.56173,18.11912],[-66.56205,18.12168],[-66.56196,18.12264],[-66.56251,18.12348],[-66.56445,18.12551],[-66.56493,18.12692],[-66.56517,18.12905],[-66.56541,18.12982],[-66.56535,18.13019],[-66.56514,18.13038],[-66.56408,18.13067],[-66.56352,18.13103],[-66.56309,18.13171],[-66.56267,18.13299],[-66.56263,18.13411],[-66.56294,18.13532],[-66.56283,18.13617],[-66.56295,18.13736],[-66.56341,18.13798],[-66.56421,18.1382],[-66.56445,18.13838],[-66.5645,18.13863],[-66.56443,18.13981],[-66.56322,18.14359],[-66.56224,18.14452],[-66.55943,18.14596],[-66.55841,18.14611],[-66.55733,18.14683],[-66.55645,18.14708],[-66.55339,18.14911],[-66.55291,18.14971],[-66.55246,18.15075],[-66.55244,18.15154],[-66.55278,18.15228]]],[[[-66.53115,17.88324],[-66.53083,17.88358],[-66.53085,17.88371],[-66.53184,17.8834],[-66.53315,17.88268],[-66.53388,17.88172],[-66.53381,17.88136],[-66.53349,17.88124],[-66.53294,17.88132],[-66.53219,17.8819],[-66.53192,17.88189],[-66.53194,17.8821],[-66.53149,17.8821],[-66.53126,17.8825],[-66.53075,17.8828],[-66.53052,17.88319],[-66.53109,17.88292],[-66.53115,17.88324]]],[[[-66.51345,17.90286],[-66.51407,17.90253],[-66.51553,17.90133],[-66.51619,17.90099],[-66.51675,17.90045],[-66.5182,17.89981],[-66.51873,17.8992],[-66.51965,17.89896],[-66.52014,17.89863],[-66.52064,17.89853],[-66.522,17.89782],[-66.5228,17.89674],[-66.52446,17.89542],[-66.52535,17.89431],[-66.52604,17.8931],[-66.52627,17.89127],[-66.52683,17.88986],[-66.52701,17.88867],[-66.52736,17.88804],[-66.52753,17.88714],[-66.52781,17.88677],[-66.52776,17.88595],[-66.52803,17.88485],[-66.52844,17.8849],[-66.52893,17.88463],[-66.52928,17.88459],[-66.52944,17.88417],[-66.5296,17.88408],[-66.52941,17.88367],[-66.52899,17.88346],[-66.52879,17.88319],[-66.52828,17.88314],[-66.52791,17.88339],[-66.52755,17.88376],[-66.52745,17.88436],[-66.52709,17.8847],[-66.527,17.88521],[-66.52639,17.88585],[-66.5252,17.88647],[-66.52222,17.88931],[-66.52216,17.88949],[-66.52082,17.89052],[-66.51911,17.89159],[-66.51782,17.89134],[-66.51714,17.89159],[-66.51726,17.89174],[-66.51713,17.89183],[-66.51654,17.89172],[-66.51661,17.89198],[-66.51541,17.89265],[-66.5153,17.89288],[-66.51486,17.89316],[-66.51466,17.89386],[-66.51424,17.89394],[-66.51378,17.89441],[-66.51293,17.89586],[-66.51221,17.89647],[-66.51177,17.89709],[-66.51088,17.89783],[-66.50952,17.89855],[-66.50943,17.89905],[-66.50977,17.90002],[-66.50978,17.90047],[-66.5102,17.90109],[-66.51231,17.90261],[-66.51345,17.90286]]],[[[-66.68222,17.95218],[-66.68191,17.95236],[-66.68188,17.95259],[-66.6823,17.95291],[-66.68233,17.95313],[-66.68195,17.95347],[-66.68224,17.95367],[-66.68273,17.9537],[-66.68313,17.95303],[-66.68312,17.95274],[-66.68273,17.95233],[-66.68222,17.95218]]],[[[-66.68027,17.95203],[-66.67989,17.9525],[-66.67994,17.95274],[-66.68065,17.95323],[-66.68093,17.95362],[-66.68129,17.95372],[-66.68069,17.95227],[-66.68027,17.95203]]],[[[-66.63458,17.95614],[-66.63404,17.95658],[-66.63403,17.95716],[-66.63513,17.95738],[-66.63568,17.95765],[-66.63616,17.95764],[-66.63629,17.95706],[-66.63559,17.95648],[-66.63557,17.95596],[-66.63458,17.95614]]],[[[-66.58914,17.95961],[-66.58936,17.95973],[-66.58976,17.95961],[-66.58993,17.95973],[-66.59023,17.95923],[-66.59024,17.95894],[-66.58981,17.95882],[-66.58928,17.959],[-66.58902,17.95923],[-66.58916,17.95935],[-66.58914,17.95961]]],[[[-66.5523,17.96264],[-66.55226,17.96302],[-66.55256,17.96319],[-66.55269,17.96311],[-66.55263,17.96271],[-66.55313,17.96221],[-66.55363,17.96268],[-66.55404,17.96243],[-66.55459,17.96263],[-66.55574,17.96258],[-66.55623,17.96279],[-66.55691,17.96246],[-66.55762,17.96232],[-66.55786,17.96201],[-66.55729,17.96188],[-66.55488,17.96185],[-66.55435,17.96213],[-66.55398,17.96216],[-66.55384,17.9621],[-66.55397,17.96183],[-66.55386,17.96176],[-66.55305,17.96199],[-66.55285,17.96235],[-66.55248,17.9623],[-66.5523,17.96264]]]]},"properties":{"municipio":"Ponce","geoid":"72113","countyfp":"113","abrev_mun":"PON"}},
{"type":"Feature","geometry":{"type":"Polygon","coordinates":[[[-66.90137,18.48342],[-66.9015,18.48363],[-66.90173,18.48372],[-66.90181,18.48362],[-66.90183,18.48375],[-66.90194,18.48366],[-66.90198,18.48379],[-66.90253,18.48377],[-66.90261,18.48389],[-66.90275,18.4838],[-66.90299,18.48391],[-66.90346,18.48385],[-66.90363,18.484],[-66.9038,18.48388],[-66.90388,18.48395],[-66.90377,18.48401],[-66.90399,18.48396],[-66.90419,18.48411],[-66.90457,18.48406],[-66.90473,18.48383],[-66.90795,18.4837],[-66.90798,18.48381],[-66.9082,18.48373],[-66.90915,18.48386],[-66.90922,18.48398],[-66.90981,18.48384],[-66.90997,18.48401],[-66.91018,18.48387],[-66.9106,18.48407],[-66.9115,18.48405],[-66.912,18.48415],[-66.91213,18.48429],[-66.91306,18.48422],[-66.91328,18.48437],[-66.91375,18.48435],[-66.91651,18.48506],[-66.91798,18.48528],[-66.91961,18.48543],[-66.91973,18.48527],[-66.92002,18.48523],[-66.9206,18.48555],[-66.92106,18.48561],[-66.92131,18.48586],[-66.92154,18.4858],[-66.92177,18.48613],[-66.92197,18.48606],[-66.92257,18.48641],[-66.9231,18.48639],[-66.92339,18.48662],[-66.92377,18.48658],[-66.92457,18.48688],[-66.92516,18.48736],[-66.92677,18.48748],[-66.92742,18.48779],[-66.92753,18.48773],[-66.92796,18.48813],[-66.92828,18.48814],[-66.92833,18.48825],[-66.92886,18.48794],[-66.92931,18.48816],[-66.92956,18.48803],[-66.93093,18.48824],[-66.93328,18.48909],[-66.93359,18.48935],[-66.93393,18.4892],[-66.93404,18.48946],[-66.93425,18.48955],[-66.93457,18.48939],[-66.93514,18.48964],[-66.93582,18.4897],[-66.93732,18.49048],[-66.93776,18.49054],[-66.93809,18.49042],[-66.939,18.49057],[-66.9395,18.49092],[-66.93991,18.49099],[-66.9403,18.49123],[-66.94048,18.49116],[-66.94144,18.49137],[-66.94199,18.49114],[-66.94258,18.49115],[-66.94296,18.49125],[-66.94321,18.49149],[-66.94349,18.49148],[-66.94364,18.49162],[-66.94409,18.49156],[-66.94481,18.49176],[-66.94485,18.49187],[-66.94689,18.49149],[-66.94807,18.49163],[-66.94841,18.4912],[-66.94895,18.49095],[-66.94938,18.49104],[-66.94967,18.49096],[-66.94978,18.491],[-66.94965,18.49106],[-66.94989,18.49113],[-66.95038,18.49094],[-66.95105,18.49104],[-66.95137,18.49046],[-66.95192,18.49038],[-66.95207,18.48987],[-66.95236,18.4895],[-66.95251,18.48948],[-66.95257,18.48915],[-66.95294,18.48899],[-66.95338,18.48905],[-66.95362,18.48888],[-66.95522,18.4888],[-66.95656,18.48908],[-66.95715,18.4894],[-66.95751,18.48927],[-66.95749,18.48852],[-66.95726,18.48821],[-66.9573,18.48787],[-66.95769,18.48774],[-66.95778,18.48729],[-66.95769,18.48699],[-66.95672,18.48553],[-66.95581,18.48447],[-66.95471,18.48352],[-66.95412,18.48324],[-66.95348,18.48321],[-66.95276,18.48341],[-66.95129,18.48352],[-66.9506,18.48337],[-66.9506,18.48308],[-66.95251,18.48075],[-66.95299,18.47992],[-66.95303,18.47909],[-66.95276,18.47824],[-66.95264,18.47724],[-66.95289,18.4766],[-66.95474,18.47688],[-66.95547,18.47675],[-66.95631,18.47606],[-66.95738,18.47541],[-66.95949,18.47338],[-66.96092,18.47229],[-66.96136,18.47243],[-66.96249,18.47333],[-66.9629,18.47346],[-66.96335,18.47333],[-66.9635,18.47253],[-66.96322,18.47184],[-66.96067,18.47083],[-66.95999,18.47015],[-66.95989,18.4695],[-66.96001,18.46908],[-66.9609,18.46784],[-66.96111,18.46703],[-66.96099,18.46685],[-66.95932,18.46581],[-66.95912,18.46546],[-66.95918,18.46528],[-66.95968,18.46485],[-66.96014,18.46407],[-66.96177,18.46246],[-66.96202,18.46234],[-66.96309,18.46106],[-66.96344,18.45998],[-66.96358,18.45851],[-66.96341,18.45553],[-66.96376,18.45537],[-66.96513,18.45539],[-66.96692,18.45566],[-66.96773,18.45546],[-66.96839,18.45506],[-66.96857,18.45459],[-66.9685,18.45374],[-66.96773,18.45158],[-66.96678,18.44991],[-66.96613,18.44986],[-66.96458,18.45034],[-66.96404,18.45034],[-66.96357,18.45015],[-66.96311,18.44962],[-66.96312,18.44871],[-66.96293,18.44823],[-66.96225,18.44733],[-66.96153,18.44666],[-66.96102,18.44653],[-66.95985,18.44691],[-66.95936,18.44652],[-66.95882,18.44525],[-66.95924,18.44282],[-66.9592,18.44199],[-66.95877,18.44099],[-66.95827,18.44045],[-66.95764,18.44015],[-66.95596,18.43992],[-66.95516,18.43934],[-66.95446,18.43839],[-66.95393,18.43815],[-66.95286,18.43796],[-66.95203,18.43731],[-66.95108,18.43731],[-66.94929,18.43808],[-66.94874,18.43809],[-66.94773,18.4377],[-66.94716,18.437],[-66.94687,18.43528],[-66.94592,18.43361],[-66.94558,18.43222],[-66.9452,18.43138],[-66.94439,18.43073],[-66.94404,18.43018],[-66.9439,18.42897],[-66.9436,18.42798],[-66.94362,18.42665],[-66.94297,18.42571],[-66.94312,18.42512],[-66.94305,18.42467],[-66.94346,18.42418],[-66.94316,18.42345],[-66.94177,18.42174],[-66.94155,18.42174],[-66.94014,18.42082],[-66.93938,18.41961],[-66.93875,18.41919],[-66.93768,18.41883],[-66.93653,18.41874],[-66.93539,18.41832],[-66.93493,18.41839],[-66.93422,18.41879],[-66.93355,18.41885],[-66.93377,18.41832],[-66.93453,18.41739],[-66.93447,18.41643],[-66.93488,18.41554],[-66.93506,18.41537],[-66.9366,18.41489],[-66.93685,18.41417],[-66.93817,18.41288],[-66.93889,18.41161],[-66.9396,18.41085],[-66.94056,18.41032],[-66.94158,18.40996],[-66.94323,18.40998],[-66.94423,18.40981],[-66.94449,18.40959],[-66.94492,18.40886],[-66.94588,18.40851],[-66.94609,18.40696],[-66.94665,18.40649],[-66.94679,18.40602],[-66.94739,18.40617],[-66.94763,18.40603],[-66.94777,18.40568],[-66.94773,18.40416],[-66.94809,18.40376],[-66.94821,18.40327],[-66.94747,18.40177],[-66.94708,18.40141],[-66.94529,18.40044],[-66.94383,18.4001],[-66.94276,18.39949],[-66.94037,18.3994],[-66.93979,18.3997],[-66.93898,18.3997],[-66.93731,18.39999],[-66.93574,18.40061],[-66.93491,18.40073],[-66.9345,18.4005],[-66.93353,18.39958],[-66.93104,18.39854],[-66.92903,18.39854],[-66.92783,18.39816],[-66.92687,18.39832],[-66.92601,18.39785],[-66.92525,18.398],[-66.92469,18.39851],[-66.92312,18.39841],[-66.92236,18.39745],[-66.92209,18.39669],[-66.92211,18.39331],[-66.92203,18.39262],[-66.92213,18.39198],[-66.92346,18.38882],[-66.92341,18.38729],[-66.9227,18.38548],[-66.92311,18.38451],[-66.92297,18.38431],[-66.92208,18.38387],[-66.92157,18.3832],[-66.92124,18.38218],[-66.92125,18.38145],[-66.92106,18.38056],[-66.91984,18.37879],[-66.91925,18.37832],[-66.91718,18.37748],[-66.91413,18.3755],[-66.9123,18.37584],[-66.91098,18.37482],[-66.90976,18.37408],[-66.90832,18.37279],[-66.90775,18.37198],[-66.90715,18.37084],[-66.90583,18.36765],[-66.90482,18.3665],[-66.90372,18.36612],[-66.90256,18.36609],[-66.90137,18.36571],[-66.90103,18.36575],[-66.90088,18.36591],[-66.90079,18.36659],[-66.90066,18.36684],[-66.90044,18.3669],[-66.89973,18.36663],[-66.89893,18.36613],[-66.90104,18.38522],[-66.89916,18.39648],[-66.90045,18.4052],[-66.90137,18.41768],[-66.9012,18.43279],[-66.90073,18.4438],[-66.90122,18.45922],[-66.90142,18.4745],[-66.90137,18.48342]]]},"properties":{"municipio":"Quebradillas","geoid":"72115","countyfp":"115","abrev_mun":"QUE"}},
{"type":"Feature","geometry":{"type":"Polygon","coordinates":[[[-67.2395,18.37561],[-67.24,18.37558],[-67.24126,18.37487],[-67.24329,18.3745],[-67.24388,18.37452],[-67.24435,18.37435],[-67.24499,18.37434],[-67.24615,18.3736],[-67.2487,18.37288],[-67.24991,18.37281],[-67.25259,18.37183],[-67.25454,18.37153],[-67.25613,18.37088],[-67.25696,18.37074],[-67.25911,18.37072],[-67.2607,18.37045],[-67.26092,18.37002],[-67.26157,18.3698],[-67.26382,18.36855],[-67.2668,18.36808],[-67.26821,18.36706],[-67.26906,18.36671],[-67.26943,18.3664],[-67.26973,18.3664],[-67.27006,18.36621],[-67.26984,18.36625],[-67.26969,18.36592],[-67.26982,18.36482],[-67.27088,18.3634],[-67.27114,18.36318],[-67.27144,18.36314],[-67.27142,18.36295],[-67.27112,18.36266],[-67.2714,18.36165],[-67.27073,18.36097],[-67.27047,18.3596],[-67.27,18.35841],[-67.26931,18.35744],[-67.26906,18.35576],[-67.26835,18.35439],[-67.26773,18.35373],[-67.26742,18.35309],[-67.26697,18.35281],[-67.2666,18.35203],[-67.26587,18.35127],[-67.26533,18.35021],[-67.26419,18.34963],[-67.26391,18.34936],[-67.26277,18.34648],[-67.26197,18.34588],[-67.26149,18.34482],[-67.26099,18.34433],[-67.2601,18.34388],[-67.26003,18.34398],[-67.26034,18.34411],[-67.26046,18.34441],[-67.2603,18.34471],[-67.26003,18.34475],[-67.25996,18.34467],[-67.26016,18.34418],[-67.2596,18.3443],[-67.25889,18.34393],[-67.25633,18.34154],[-67.25543,18.3398],[-67.25545,18.33953],[-67.25507,18.33934],[-67.25464,18.33826],[-67.25435,18.33789],[-67.25381,18.33586],[-67.25331,18.33466],[-67.25308,18.33237],[-67.25289,18.33179],[-67.25058,18.3273],[-67.2472,18.32008],[-67.24553,18.31706],[-67.24315,18.31411],[-67.24239,18.31282],[-67.24185,18.31151],[-67.24081,18.3102],[-67.24022,18.30904],[-67.23986,18.30732],[-67.23872,18.30524],[-67.23841,18.30442],[-67.23795,18.30395],[-67.23759,18.30304],[-67.23611,18.30179],[-67.23589,18.30128],[-67.23584,18.30049],[-67.23558,18.30043],[-67.23402,18.29905],[-67.23358,18.2991],[-67.23236,18.29864],[-67.23073,18.29835],[-67.23006,18.29802],[-67.22884,18.29791],[-67.22809,18.29747],[-67.22714,18.29722],[-67.22634,18.29682],[-67.22545,18.29682],[-67.22548,18.29772],[-67.22506,18.29832],[-67.22417,18.29909],[-67.22269,18.30276],[-67.2227,18.30333],[-67.22117,18.30534],[-67.22052,18.30587],[-67.21992,18.30588],[-67.21834,18.30474],[-67.21732,18.30532],[-67.21657,18.3055],[-67.2153,18.30511],[-67.2151,18.30525],[-67.21471,18.30598],[-67.21414,18.30631],[-67.21215,18.30616],[-67.2085,18.30633],[-67.20723,18.30681],[-67.20529,18.30804],[-67.20357,18.30834],[-67.20336,18.30848],[-67.20228,18.31003],[-67.20162,18.31038],[-67.19915,18.31028],[-67.19807,18.30944],[-67.19728,18.30831],[-67.19672,18.30787],[-67.19613,18.30763],[-67.19585,18.30757],[-67.1952,18.30776],[-67.19389,18.30771],[-67.19266,18.30827],[-67.19165,18.30907],[-67.19075,18.30922],[-67.18996,18.30976],[-67.18978,18.31036],[-67.18992,18.31136],[-67.18981,18.31179],[-67.1896,18.31187],[-67.1878,18.31179],[-67.18757,18.31167],[-67.18697,18.31066],[-67.18665,18.31057],[-67.18572,18.31063],[-67.18382,18.311],[-67.18281,18.31098],[-67.18209,18.31132],[-67.18168,18.31178],[-67.18172,18.31206],[-67.18258,18.31272],[-67.18274,18.31299],[-67.18307,18.31286],[-67.18447,18.3128],[-67.18506,18.31288],[-67.18558,18.31313],[-67.18606,18.31352],[-67.18712,18.31506],[-67.18788,18.3158],[-67.18806,18.31732],[-67.18922,18.31948],[-67.18924,18.32069],[-67.18957,18.32146],[-67.18965,18.32299],[-67.18978,18.32326],[-67.19084,18.32338],[-67.19247,18.32411],[-67.19345,18.32433],[-67.19395,18.32414],[-67.19588,18.3256],[-67.19673,18.32606],[-67.19546,18.32955],[-67.19549,18.33027],[-67.19579,18.33063],[-67.19801,18.33182],[-67.1999,18.33178],[-67.2019,18.33265],[-67.20243,18.33268],[-67.20279,18.33289],[-67.20325,18.33295],[-67.20288,18.33346],[-67.20281,18.33373],[-67.20292,18.33392],[-67.20365,18.33403],[-67.20386,18.33424],[-67.20404,18.33417],[-67.20428,18.33429],[-67.20457,18.33456],[-67.20472,18.33497],[-67.20586,18.33588],[-67.20643,18.33596],[-67.20898,18.33568],[-67.2101,18.33601],[-67.21098,18.33669],[-67.21164,18.33764],[-67.21175,18.33802],[-67.21169,18.33912],[-67.21185,18.33952],[-67.21368,18.34094],[-67.21393,18.34134],[-67.2149,18.34134],[-67.21539,18.34151],[-67.21691,18.3427],[-67.21852,18.34255],[-67.21986,18.34269],[-67.21994,18.34313],[-67.21944,18.34472],[-67.21956,18.34567],[-67.21971,18.34595],[-67.22016,18.34619],[-67.22108,18.34619],[-67.22222,18.3456],[-67.22282,18.34546],[-67.22359,18.34622],[-67.22427,18.34754],[-67.22511,18.34806],[-67.22551,18.34854],[-67.22567,18.34934],[-67.22684,18.34858],[-67.22717,18.34856],[-67.22742,18.34871],[-67.2268,18.34902],[-67.22667,18.34926],[-67.22696,18.3505],[-67.22691,18.35096],[-67.22671,18.35114],[-67.22644,18.35111],[-67.22592,18.35031],[-67.22537,18.35033],[-67.22508,18.35123],[-67.22517,18.3519],[-67.22496,18.35199],[-67.22415,18.35184],[-67.22379,18.35218],[-67.22409,18.35346],[-67.22399,18.35423],[-67.22419,18.35472],[-67.22421,18.3554],[-67.22482,18.35574],[-67.22517,18.35612],[-67.22519,18.35636],[-67.22459,18.35702],[-67.22466,18.35724],[-67.22485,18.35736],[-67.22601,18.35749],[-67.22614,18.35775],[-67.22616,18.35855],[-67.22656,18.35886],[-67.22685,18.3593],[-67.2266,18.36027],[-67.22666,18.36055],[-67.22676,18.36073],[-67.22697,18.36078],[-67.22727,18.36053],[-67.22756,18.36062],[-67.22823,18.36173],[-67.22812,18.36225],[-67.2279,18.36242],[-67.22672,18.36275],[-67.22679,18.36296],[-67.22797,18.36318],[-67.22819,18.36364],[-67.2281,18.36442],[-67.22878,18.36438],[-67.22882,18.36375],[-67.22901,18.3637],[-67.22921,18.36373],[-67.22994,18.36439],[-67.23049,18.36409],[-67.23079,18.36493],[-67.23116,18.36515],[-67.2315,18.36608],[-67.23227,18.36677],[-67.23306,18.36715],[-67.23352,18.36763],[-67.23562,18.36868],[-67.23559,18.36905],[-67.23523,18.36963],[-67.23535,18.37044],[-67.23487,18.37086],[-67.23499,18.37111],[-67.2352,18.37133],[-67.2367,18.37113],[-67.23674,18.3707],[-67.23693,18.37075],[-67.23734,18.37145],[-67.23737,18.37216],[-67.23876,18.37241],[-67.23917,18.37354],[-67.23895,18.37491],[-67.23923,18.37544],[-67.2395,18.37561]]]},"properties":{"municipio":"Rincón","geoid":"72117","countyfp":"117","abrev_mun":"RIN"}},
{"type":"Feature","geometry":{"type":"MultiPolygon","coordinates":[[[[-65.75031,18.38606],[-65.75116,18.38787],[-65.7515,18.38806],[-65.75359,18.38858],[-65.75545,18.38951],[-65.75732,18.39083],[-65.75917,18.39241],[-65.76022,18.39359],[-65.76107,18.39487],[-65.76179,18.39642],[-65.76226,18.39803],[-65.763,18.39816],[-65.76534,18.39791],[-65.76726,18.39833],[-65.76985,18.39953],[-65.77099,18.40025],[-65.77174,18.40097],[-65.77218,18.40178],[-65.77227,18.40242],[-65.77184,18.40399],[-65.77192,18.40528],[-65.77175,18.40628],[-65.77106,18.40674],[-65.77029,18.40798],[-65.7702,18.40851],[-65.76961,18.40993],[-65.76952,18.41056],[-65.77001,18.41222],[-65.77059,18.41302],[-65.77113,18.41344],[-65.77408,18.41412],[-65.77462,18.41406],[-65.77498,18.41387],[-65.77611,18.41279],[-65.7766,18.41254],[-65.77742,18.41168],[-65.77843,18.41124],[-65.77929,18.41069],[-65.77972,18.41062],[-65.78066,18.41003],[-65.78109,18.40989],[-65.78153,18.40992],[-65.78218,18.40949],[-65.78363,18.40893],[-65.78591,18.40703],[-65.78808,18.40643],[-65.78864,18.40615],[-65.78959,18.40606],[-65.79056,18.40574],[-65.79148,18.40561],[-65.79196,18.40571],[-65.79344,18.40561],[-65.79458,18.40526],[-65.79516,18.40475],[-65.79562,18.40454],[-65.79671,18.40535],[-65.79799,18.40722],[-65.79864,18.40752],[-65.79869,18.40816],[-65.79852,18.40839],[-65.79787,18.40847],[-65.79749,18.40823],[-65.79716,18.40832],[-65.79721,18.40879],[-65.79703,18.40886],[-65.79678,18.40933],[-65.79736,18.40895],[-65.79734,18.40867],[-65.79776,18.40866],[-65.79793,18.40881],[-65.79697,18.40953],[-65.79664,18.41046],[-65.79575,18.4113],[-65.79561,18.41174],[-65.7927,18.41448],[-65.79202,18.41484],[-65.791,18.41601],[-65.7897,18.41709],[-65.7893,18.41824],[-65.78912,18.41833],[-65.78891,18.42022],[-65.78921,18.42102],[-65.79013,18.42172],[-65.79051,18.42185],[-65.79138,18.42187],[-65.79202,18.42173],[-65.79348,18.42063],[-65.79445,18.41956],[-65.79571,18.41863],[-65.79565,18.41842],[-65.79587,18.41799],[-65.7968,18.4171],[-65.79786,18.4153],[-65.79945,18.41397],[-65.80062,18.41351],[-65.80173,18.41282],[-65.8021,18.41236],[-65.80255,18.41131],[-65.80354,18.41033],[-65.80387,18.41017],[-65.80427,18.4102],[-65.8043,18.41081],[-65.80469,18.411],[-65.80769,18.40984],[-65.81002,18.40943],[-65.81223,18.40934],[-65.81518,18.40992],[-65.81659,18.4105],[-65.81715,18.41089],[-65.81877,18.41256],[-65.81927,18.41389],[-65.82024,18.41565],[-65.82054,18.4175],[-65.821,18.41876],[-65.8213,18.42039],[-65.82153,18.4204],[-65.82241,18.41994],[-65.82293,18.41984],[-65.8242,18.42009],[-65.82585,18.42095],[-65.8284,18.42298],[-65.82899,18.42317],[-65.82941,18.4226],[-65.833,18.42051],[-65.83351,18.41941],[-65.83361,18.41858],[-65.834,18.4182],[-65.83381,18.41749],[-65.83452,18.41715],[-65.8348,18.41685],[-65.83513,18.41563],[-65.83509,18.41493],[-65.83539,18.4147],[-65.83592,18.41459],[-65.8362,18.4143],[-65.8367,18.41431],[-65.83693,18.41419],[-65.83955,18.41127],[-65.84253,18.40886],[-65.84273,18.4086],[-65.8432,18.40681],[-65.84401,18.40557],[-65.84624,18.40443],[-65.85006,18.40343],[-65.85238,18.40184],[-65.85262,18.40183],[-65.85264,18.40063],[-65.85431,18.39921],[-65.85591,18.39519],[-65.85646,18.39259],[-65.8563,18.39155],[-65.85658,18.38994],[-65.8583,18.3866],[-65.85893,18.38573],[-65.8598,18.38381],[-65.86002,18.38304],[-65.85994,18.38246],[-65.85964,18.38186],[-65.85992,18.3816],[-65.86063,18.38139],[-65.86303,18.38138],[-65.86454,18.38098],[-65.86587,18.3802],[-65.86613,18.37973],[-65.86638,18.37956],[-65.86646,18.37931],[-65.86636,18.3791],[-65.86718,18.3786],[-65.86743,18.37823],[-65.86778,18.37713],[-65.86827,18.3762],[-65.86898,18.37645],[-65.86946,18.37567],[-65.87036,18.37557],[-65.87101,18.37529],[-65.8715,18.37538],[-65.87191,18.37502],[-65.87223,18.37498],[-65.8725,18.3754],[-65.87319,18.37467],[-65.87312,18.3745],[-65.8727,18.37438],[-65.87263,18.37421],[-65.87283,18.37409],[-65.87349,18.37413],[-65.87375,18.37392],[-65.87417,18.37305],[-65.87353,18.3722],[-65.87337,18.37053],[-65.87291,18.36961],[-65.87335,18.36918],[-65.87348,18.36862],[-65.87327,18.36812],[-65.87333,18.36795],[-65.87394,18.36759],[-65.87389,18.36734],[-65.87357,18.36703],[-65.87361,18.36593],[-65.87408,18.36556],[-65.87461,18.36473],[-65.87461,18.36452],[-65.87501,18.3645],[-65.8749,18.36487],[-65.8751,18.36496],[-65.87601,18.36427],[-65.8762,18.36358],[-65.87668,18.36304],[-65.87685,18.36195],[-65.87674,18.36154],[-65.87614,18.36137],[-65.87576,18.36063],[-65.87594,18.36016],[-65.87471,18.35911],[-65.8747,18.35889],[-65.87534,18.35793],[-65.87614,18.35558],[-65.87605,18.35507],[-65.87506,18.35305],[-65.87502,18.35153],[-65.87452,18.35149],[-65.87451,18.34669],[-65.87506,18.34557],[-65.87412,18.34443],[-65.87319,18.34408],[-65.87251,18.34401],[-65.87387,18.34062],[-65.8723,18.34062],[-65.87163,18.33981],[-65.87173,18.33937],[-65.87312,18.33726],[-65.87316,18.33621],[-65.87287,18.33522],[-65.87232,18.33463],[-65.87001,18.3339],[-65.8679,18.33305],[-65.8668,18.33211],[-65.86284,18.32146],[-65.86313,18.32077],[-65.86413,18.31989],[-65.86424,18.3184],[-65.86537,18.31721],[-65.86567,18.31712],[-65.86975,18.31716],[-65.86988,18.31257],[-65.86869,18.30944],[-65.86401,18.30945],[-65.86393,18.30753],[-65.86481,18.3069],[-65.86398,18.30511],[-65.86318,18.30439],[-65.86288,18.30311],[-65.86371,18.30226],[-65.86388,18.30082],[-65.86407,18.30025],[-65.86538,18.29859],[-65.86517,18.2979],[-65.86532,18.29763],[-65.86546,18.29746],[-65.86583,18.29737],[-65.86668,18.29731],[-65.867,18.29707],[-65.8668,18.29634],[-65.86688,18.29582],[-65.86721,18.29514],[-65.86812,18.29398],[-65.86776,18.29378],[-65.86739,18.29378],[-65.86587,18.29396],[-65.86497,18.2937],[-65.86388,18.29399],[-65.86217,18.29339],[-65.86136,18.29234],[-65.86097,18.29216],[-65.8606,18.2917],[-65.85924,18.28892],[-65.85726,18.28815],[-65.85673,18.28717],[-65.85609,18.28685],[-65.85572,18.28616],[-65.8551,18.28593],[-65.85441,18.28544],[-65.85417,18.2855],[-65.85404,18.28518],[-65.85295,18.28457],[-65.85078,18.28293],[-65.84956,18.2824],[-65.84751,18.28214],[-65.84649,18.2818],[-65.84619,18.28129],[-65.84603,18.27898],[-65.84568,18.27885],[-65.8432,18.27891],[-65.84221,18.2791],[-65.84179,18.27735],[-65.84024,18.27701],[-65.83913,18.27699],[-65.83822,18.27595],[-65.83758,18.27563],[-65.83675,18.27542],[-65.83642,18.27512],[-65.83584,18.27441],[-65.83477,18.27374],[-65.83405,18.27303],[-65.83169,18.27174],[-65.82991,18.2722],[-65.829,18.27222],[-65.82771,18.27308],[-65.82693,18.27335],[-65.82613,18.27316],[-65.82507,18.27349],[-65.82433,18.27305],[-65.82211,18.27393],[-65.82195,18.27412],[-65.82185,18.27503],[-65.82117,18.27636],[-65.82011,18.27742],[-65.81951,18.2792],[-65.81853,18.27983],[-65.81805,18.28064],[-65.81674,18.2821],[-65.81601,18.2834],[-65.8154,18.28356],[-65.81494,18.28391],[-65.81388,18.28516],[-65.81371,18.28564],[-65.81389,18.28674],[-65.81182,18.29001],[-65.81119,18.29013],[-65.81,18.28942],[-65.80842,18.28912],[-65.80747,18.28927],[-65.80567,18.28817],[-65.80525,18.28809],[-65.8047,18.28826],[-65.80405,18.28875],[-65.80357,18.28979],[-65.80299,18.29021],[-65.8026,18.29033],[-65.80187,18.29008],[-65.80137,18.29045],[-65.80115,18.29048],[-65.80015,18.28963],[-65.80016,18.28933],[-65.79975,18.28898],[-65.7993,18.28903],[-65.79863,18.28979],[-65.79773,18.28952],[-65.7968,18.28897],[-65.79631,18.28933],[-65.79588,18.28939],[-65.79567,18.28956],[-65.79495,18.29075],[-65.79477,18.29149],[-65.79425,18.29201],[-65.79412,18.2928],[-65.79438,18.29461],[-65.79425,18.29512],[-65.79362,18.2961],[-65.79344,18.29668],[-65.79271,18.29652],[-65.79197,18.29564],[-65.79037,18.29536],[-65.78977,18.29493],[-65.78852,18.29444],[-65.78745,18.29475],[-65.78474,18.29396],[-65.78448,18.29355],[-65.78444,18.29307],[-65.78378,18.29237],[-65.78341,18.29163],[-65.78269,18.29112],[-65.78245,18.29077],[-65.78201,18.28972],[-65.78192,18.28907],[-65.78168,18.28866],[-65.78052,18.2875],[-65.77952,18.28619],[-65.7781,18.28535],[-65.77638,18.2839],[-65.77442,18.28191],[-65.77361,18.28173],[-65.77277,18.28119],[-65.77179,18.2811],[-65.77107,18.28073],[-65.7702,18.28067],[-65.76974,18.28048],[-65.76927,18.2805],[-65.76852,18.28026],[-65.7674,18.28029],[-65.76697,18.28012],[-65.76674,18.28023],[-65.76654,18.2806],[-65.76627,18.28217],[-65.76527,18.28426],[-65.76427,18.28599],[-65.76371,18.28662],[-65.76284,18.28731],[-65.76247,18.28883],[-65.76156,18.28946],[-65.76068,18.28933],[-65.76043,18.28945],[-65.75901,18.29077],[-65.75896,18.29401],[-65.75826,18.2962],[-65.75832,18.29697],[-65.75819,18.29766],[-65.75932,18.29948],[-65.75938,18.30046],[-65.75952,18.30073],[-65.7606,18.30161],[-65.7613,18.3025],[-65.76229,18.30492],[-65.7625,18.30609],[-65.76163,18.30721],[-65.76173,18.30831],[-65.76123,18.30979],[-65.76003,18.31088],[-65.75989,18.31159],[-65.75991,18.31314],[-65.75943,18.31539],[-65.75924,18.31588],[-65.75795,18.31695],[-65.75783,18.31722],[-65.75809,18.31808],[-65.75803,18.31837],[-65.75746,18.31892],[-65.75696,18.31914],[-65.75501,18.31926],[-65.75427,18.32018],[-65.75372,18.32053],[-65.75229,18.32045],[-65.75184,18.32068],[-65.75154,18.32135],[-65.75165,18.32266],[-65.75135,18.32292],[-65.74961,18.32329],[-65.74917,18.32362],[-65.74878,18.32451],[-65.74862,18.32612],[-65.74888,18.32668],[-65.74961,18.32666],[-65.75,18.32678],[-65.75145,18.32792],[-65.75552,18.32844],[-65.75603,18.32875],[-65.7564,18.32938],[-65.75649,18.33009],[-65.75586,18.33213],[-65.75633,18.33378],[-65.7561,18.33411],[-65.75547,18.33448],[-65.75427,18.33478],[-65.75409,18.33494],[-65.75408,18.33543],[-65.7544,18.33637],[-65.75456,18.33919],[-65.75428,18.34006],[-65.75367,18.34093],[-65.75352,18.34153],[-65.7536,18.34178],[-65.75398,18.34227],[-65.75442,18.34254],[-65.75532,18.34268],[-65.75635,18.3432],[-65.75686,18.345],[-65.75679,18.34608],[-65.75693,18.34638],[-65.75797,18.34691],[-65.76071,18.34948],[-65.76239,18.35071],[-65.76396,18.35251],[-65.76424,18.35386],[-65.76467,18.3544],[-65.76613,18.35518],[-65.76656,18.35558],[-65.76791,18.35579],[-65.7685,18.35608],[-65.76869,18.35736],[-65.76903,18.35842],[-65.7688,18.36021],[-65.76886,18.36114],[-65.76927,18.363],[-65.77055,18.36556],[-65.77055,18.36582],[-65.77034,18.36624],[-65.76881,18.36709],[-65.76843,18.36722],[-65.76745,18.36721],[-65.76671,18.36854],[-65.76663,18.36925],[-65.76636,18.3697],[-65.76582,18.37015],[-65.76488,18.37054],[-65.76395,18.37131],[-65.76357,18.37212],[-65.76371,18.373],[-65.76349,18.373],[-65.76322,18.37331],[-65.76215,18.37395],[-65.76139,18.37474],[-65.76117,18.37523],[-65.76092,18.37799],[-65.76079,18.37818],[-65.76019,18.37848],[-65.75859,18.37874],[-65.75604,18.37991],[-65.75434,18.38042],[-65.7535,18.38049],[-65.7528,18.38209],[-65.75226,18.38284],[-65.75198,18.38392],[-65.75092,18.38532],[-65.75025,18.38594],[-65.75031,18.38606]]],[[[-65.74818,18.39267],[-65.74777,18.39296],[-65.74771,18.39319],[-65.74827,18.39285],[-65.7483,18.39267],[-65.74818,18.39267]]],[[[-65.79635,18.40596],[-65.79633,18.40616],[-65.79644,18.40621],[-65.79635,18.40596]]],[[[-65.79671,18.40949],[-65.7966,18.40977],[-65.79678,18.40967],[-65.79671,18.40949]]],[[[-65.79581,18.41009],[-65.79563,18.41021],[-65.7957,18.41041],[-65.7955,18.41063],[-65.79559,18.41069],[-65.79613,18.41022],[-65.79581,18.41009]]]]},"properties":{"municipio":"Río Grande","geoid":"72119","countyfp":"119","abrev_mun":"RGR"}},
{"type":"Feature","geometry":{"type":"Polygon","coordinates":[[[-66.88483,18.0251],[-66.88515,18.0262],[-66.88686,18.02949],[-66.88708,18.03069],[-66.88686,18.03191],[-66.8873,18.03396],[-66.88929,18.03531],[-66.89087,18.03668],[-66.89117,18.03648],[-66.89115,18.03625],[-66.89073,18.03573],[-66.89085,18.03542],[-66.89109,18.03542],[-66.89143,18.03585],[-66.8923,18.03522],[-66.89272,18.03561],[-66.89419,18.03478],[-66.8959,18.03631],[-66.89575,18.03673],[-66.89817,18.03801],[-66.89871,18.03865],[-66.90104,18.03987],[-66.9009,18.04014],[-66.8977,18.04258],[-66.8981,18.04308],[-66.8984,18.04251],[-66.89886,18.04242],[-66.89896,18.0426],[-66.89847,18.0441],[-66.89855,18.04431],[-66.8991,18.04477],[-66.89933,18.0452],[-66.89933,18.04582],[-66.8999,18.04698],[-66.90126,18.05101],[-66.90172,18.05178],[-66.90269,18.05286],[-66.9025,18.05325],[-66.90115,18.05397],[-66.90087,18.05445],[-66.90096,18.05469],[-66.9015,18.05505],[-66.90297,18.05537],[-66.9033,18.05562],[-66.90325,18.05619],[-66.90352,18.05676],[-66.90343,18.05779],[-66.90406,18.05822],[-66.90414,18.0585],[-66.90395,18.05891],[-66.90417,18.05982],[-66.90334,18.06106],[-66.90332,18.06206],[-66.90371,18.06231],[-66.90436,18.06213],[-66.9051,18.06238],[-66.90631,18.06234],[-66.90687,18.06268],[-66.90738,18.06321],[-66.9073,18.06394],[-66.9075,18.06428],[-66.90916,18.06497],[-66.90927,18.0656],[-66.9096,18.0659],[-66.90953,18.06695],[-66.90934,18.06757],[-66.9099,18.0683],[-66.91001,18.06885],[-66.90979,18.06965],[-66.90945,18.07017],[-66.90941,18.07075],[-66.91055,18.07257],[-66.91205,18.07387],[-66.91291,18.07484],[-66.91317,18.07662],[-66.91302,18.07788],[-66.91309,18.07863],[-66.91347,18.08002],[-66.91311,18.08028],[-66.91224,18.08043],[-66.91311,18.08142],[-66.91438,18.0851],[-66.91547,18.08589],[-66.91635,18.08713],[-66.91713,18.08784],[-66.91769,18.08898],[-66.91869,18.08992],[-66.91908,18.09138],[-66.91953,18.09215],[-66.91951,18.09279],[-66.91923,18.0933],[-66.91873,18.09382],[-66.91837,18.09496],[-66.91781,18.09538],[-66.91608,18.09611],[-66.91573,18.09654],[-66.91564,18.09719],[-66.91601,18.09968],[-66.91761,18.10217],[-66.91837,18.10256],[-66.92058,18.10328],[-66.92074,18.10553],[-66.92039,18.10554],[-66.92001,18.10521],[-66.91969,18.10524],[-66.91908,18.10555],[-66.91839,18.10632],[-66.91798,18.10656],[-66.91475,18.10695],[-66.91498,18.10799],[-66.9146,18.10965],[-66.914,18.11059],[-66.91318,18.11066],[-66.91278,18.1109],[-66.91232,18.11163],[-66.91212,18.1125],[-66.91174,18.11305],[-66.91163,18.11355],[-66.91228,18.11419],[-66.91271,18.11431],[-66.9127,18.11457],[-66.91333,18.11506],[-66.91354,18.11546],[-66.91327,18.11707],[-66.91364,18.11723],[-66.91336,18.11764],[-66.91317,18.11866],[-66.91328,18.12063],[-66.91294,18.12088],[-66.91267,18.12191],[-66.91342,18.12309],[-66.91423,18.12358],[-66.91524,18.12392],[-66.91549,18.12446],[-66.91582,18.12448],[-66.91588,18.12468],[-66.91632,18.12478],[-66.91638,18.12545],[-66.91675,18.12583],[-66.91673,18.12633],[-66.91748,18.12745],[-66.91777,18.13029],[-66.91857,18.13157],[-66.91802,18.13223],[-66.91797,18.13303],[-66.91777,18.13343],[-66.91787,18.1336],[-66.91973,18.13473],[-66.9199,18.13505],[-66.91968,18.13646],[-66.92021,18.13749],[-66.92065,18.13902],[-66.92176,18.13937],[-66.92306,18.14099],[-66.92332,18.14161],[-66.924,18.14229],[-66.92469,18.14275],[-66.92456,18.14394],[-66.92547,18.14531],[-66.92566,18.14587],[-66.92527,18.14636],[-66.92524,18.14742],[-66.92575,18.14931],[-66.92645,18.15077],[-66.92651,18.15116],[-66.92771,18.15132],[-66.92788,18.1512],[-66.92806,18.15045],[-66.9286,18.15035],[-66.92921,18.14947],[-66.92995,18.14905],[-66.93045,18.14915],[-66.93154,18.14981],[-66.93392,18.15033],[-66.93435,18.15003],[-66.93451,18.14939],[-66.93508,18.14849],[-66.93619,18.14882],[-66.93707,18.14888],[-66.93743,18.14881],[-66.93807,18.14804],[-66.93888,18.14791],[-66.93992,18.1483],[-66.94177,18.14841],[-66.94297,18.14888],[-66.94365,18.14895],[-66.94505,18.14851],[-66.94544,18.1479],[-66.94567,18.14779],[-66.94668,18.14817],[-66.94823,18.14723],[-66.95173,18.14629],[-66.95223,18.14632],[-66.95301,18.14665],[-66.9535,18.14672],[-66.95439,18.1463],[-66.95618,18.14627],[-66.95696,18.14599],[-66.95875,18.14572],[-66.96012,18.14583],[-66.96087,18.14607],[-66.96399,18.14814],[-66.96424,18.14801],[-66.9646,18.14687],[-66.96552,18.14595],[-66.96729,18.14523],[-66.96806,18.14478],[-66.9692,18.14376],[-66.97001,18.14242],[-66.97135,18.14186],[-66.97196,18.14184],[-66.97299,18.1421],[-66.97565,18.14347],[-66.97716,18.14374],[-66.97697,18.14344],[-66.97628,18.14302],[-66.97499,18.14256],[-66.97451,18.14218],[-66.97308,18.1403],[-66.9726,18.13994],[-66.97199,18.13898],[-66.97102,18.13607],[-66.9709,18.13453],[-66.97035,18.13173],[-66.97085,18.13042],[-66.9708,18.12862],[-66.97066,18.12835],[-66.97079,18.12775],[-66.97146,18.12736],[-66.97305,18.12684],[-66.97487,18.12533],[-66.9773,18.12434],[-66.97833,18.12257],[-66.97918,18.12168],[-66.98,18.11846],[-66.97987,18.11706],[-66.97998,18.11633],[-66.98164,18.11311],[-66.98167,18.11263],[-66.98141,18.11197],[-66.98136,18.11135],[-66.9832,18.10879],[-66.98351,18.10783],[-66.98407,18.10701],[-66.98376,18.10591],[-66.98381,18.10525],[-66.98517,18.10338],[-66.98513,18.10312],[-66.98431,18.10239],[-66.98415,18.102],[-66.98416,18.10079],[-66.98301,18.0943],[-66.98366,18.08843],[-66.98223,18.08615],[-66.98171,18.08437],[-66.98213,18.08197],[-66.98141,18.08076],[-66.98068,18.07892],[-66.981,18.07804],[-66.98181,18.05651],[-66.98347,18.0526],[-66.98352,18.05167],[-66.98337,18.05091],[-66.98354,18.05034],[-66.98348,18.05009],[-66.98302,18.04942],[-66.98237,18.04796],[-66.98239,18.04775],[-66.98309,18.04696],[-66.98324,18.04645],[-66.9832,18.04609],[-66.98276,18.04538],[-66.98233,18.04346],[-66.98237,18.04177],[-66.98261,18.04129],[-66.96709,18.03832],[-66.96627,18.03713],[-66.96569,18.03681],[-66.96439,18.03706],[-66.96038,18.03658],[-66.95935,18.03505],[-66.95932,18.03219],[-66.95879,18.03249],[-66.95835,18.0327],[-66.95642,18.03288],[-66.95508,18.03283],[-66.95313,18.03375],[-66.94721,18.03351],[-66.94677,18.03324],[-66.94522,18.03295],[-66.94151,18.03162],[-66.94002,18.03089],[-66.93892,18.03009],[-66.93636,18.02949],[-66.93615,18.02988],[-66.93385,18.0308],[-66.9311,18.03066],[-66.9298,18.03016],[-66.92794,18.02968],[-66.92558,18.02877],[-66.92435,18.02748],[-66.92011,18.02699],[-66.91993,18.0271],[-66.9197,18.02778],[-66.91565,18.02676],[-66.91324,18.02566],[-66.9126,18.02522],[-66.91208,18.02459],[-66.91093,18.02395],[-66.9106,18.02438],[-66.9095,18.02417],[-66.90673,18.02484],[-66.90649,18.02504],[-66.90582,18.02623],[-66.90511,18.0266],[-66.901,18.0263],[-66.90082,18.0261],[-66.90102,18.02509],[-66.90097,18.02479],[-66.90073,18.02455],[-66.90006,18.02432],[-66.89723,18.02411],[-66.89513,18.02333],[-66.89376,18.02565],[-66.89121,18.02381],[-66.89041,18.02365],[-66.8893,18.02386],[-66.8879,18.0246],[-66.88483,18.0251]]]},"properties":{"municipio":"Sabana Grande","geoid":"72121","countyfp":"121","abrev_mun":"SGR"}},
{"type":"Feature","geometry":{"type":"MultiPolygon","coordinates":[[[[-66.22446,18.09519],[-66.2294,18.09542],[-66.23123,18.09591],[-66.23378,18.09525],[-66.23497,18.09418],[-66.2362,18.09406],[-66.238,18.09337],[-66.23993,18.09318],[-66.24002,18.09295],[-66.23991,18.09202],[-66.23998,18.08916],[-66.23951,18.08747],[-66.23986,18.08663],[-66.23989,18.08552],[-66.23975,18.08464],[-66.24021,18.0832],[-66.24083,18.08227],[-66.24183,18.08126],[-66.24266,18.08005],[-66.24283,18.07933],[-66.24271,18.0781],[-66.24217,18.07716],[-66.24798,18.07662],[-66.25762,18.07597],[-66.25812,18.07487],[-66.25941,18.07374],[-66.26135,18.07281],[-66.26441,18.07174],[-66.26694,18.07002],[-66.26883,18.06911],[-66.26901,18.0692],[-66.27156,18.06907],[-66.27601,18.06954],[-66.27802,18.06951],[-66.27893,18.06926],[-66.2795,18.06883],[-66.28014,18.06779],[-66.28131,18.06483],[-66.28243,18.06372],[-66.28331,18.0626],[-66.28388,18.06166],[-66.28412,18.06094],[-66.28492,18.05974],[-66.292,18.0569],[-66.2942,18.05676],[-66.29632,18.05692],[-66.29727,18.05717],[-66.2978,18.05708],[-66.29862,18.05624],[-66.29893,18.05538],[-66.29915,18.05517],[-66.29992,18.05501],[-66.30032,18.05475],[-66.30138,18.05317],[-66.30307,18.05193],[-66.30325,18.05111],[-66.30358,18.05068],[-66.3042,18.05029],[-66.30504,18.05003],[-66.30629,18.04897],[-66.30817,18.04811],[-66.30969,18.04784],[-66.31049,18.04721],[-66.31099,18.04637],[-66.31276,18.04491],[-66.31305,18.04446],[-66.31309,18.04419],[-66.31286,18.0435],[-66.31299,18.04261],[-66.31248,18.04193],[-66.31194,18.04053],[-66.31182,18.03968],[-66.31307,18.0371],[-66.31439,18.03597],[-66.31449,18.03564],[-66.31434,18.03528],[-66.3141,18.03513],[-66.31302,18.03491],[-66.31257,18.0345],[-66.31242,18.03334],[-66.31284,18.03231],[-66.31389,18.03175],[-66.31484,18.02986],[-66.31541,18.02975],[-66.31609,18.03014],[-66.31656,18.03017],[-66.31867,18.02976],[-66.319,18.02948],[-66.31942,18.02857],[-66.31948,18.02769],[-66.32137,18.02498],[-66.32198,18.02371],[-66.3223,18.02262],[-66.32288,18.02148],[-66.32336,18.02088],[-66.32435,18.02033],[-66.32506,18.01958],[-66.32577,18.01833],[-66.32604,18.01834],[-66.32657,18.01864],[-66.32695,18.01918],[-66.32802,18.01952],[-66.3298,18.01951],[-66.33075,18.0192],[-66.33078,18.01895],[-66.32938,18.01829],[-66.32918,18.01808],[-66.3289,18.01714],[-66.32902,18.0165],[-66.3288,18.01628],[-66.32878,18.01608],[-66.32887,18.01564],[-66.32913,18.01547],[-66.32931,18.01552],[-66.32964,18.01586],[-66.33003,18.01677],[-66.3303,18.01696],[-66.33063,18.01698],[-66.33084,18.01681],[-66.33114,18.01601],[-66.33141,18.01554],[-66.33142,18.01351],[-66.33162,18.0129],[-66.3339,18.01003],[-66.33484,18.00918],[-66.33513,18.00866],[-66.3352,18.00819],[-66.33482,18.00608],[-66.33498,18.00545],[-66.33582,18.00467],[-66.33621,18.00381],[-66.3373,18.00287],[-66.33787,18.00219],[-66.33846,18.00007],[-66.33848,17.99881],[-66.33874,17.99783],[-66.3392,17.99732],[-66.33937,17.99662],[-66.33969,17.99617],[-66.3412,17.9953],[-66.34171,17.99405],[-66.34242,17.99385],[-66.34258,17.99366],[-66.34259,17.99346],[-66.34231,17.99299],[-66.34215,17.99172],[-66.34225,17.98944],[-66.34217,17.98787],[-66.34191,17.98656],[-66.34144,17.98534],[-66.34088,17.98478],[-66.33911,17.98464],[-66.33805,17.98421],[-66.33756,17.98385],[-66.33754,17.98351],[-66.33786,17.98336],[-66.33896,17.98313],[-66.3398,17.98321],[-66.34006,17.98217],[-66.34006,17.98189],[-66.33927,17.98025],[-66.33801,17.97875],[-66.33814,17.97664],[-66.33581,17.97707],[-66.3347,17.97707],[-66.33184,17.9779],[-66.32988,17.97829],[-66.32834,17.9783],[-66.32714,17.97815],[-66.32546,17.97864],[-66.32406,17.97875],[-66.32265,17.97871],[-66.32087,17.97842],[-66.31796,17.97738],[-66.31716,17.97694],[-66.31663,17.97648],[-66.3164,17.97568],[-66.31544,17.9737],[-66.31532,17.97309],[-66.31509,17.9728],[-66.31499,17.97181],[-66.31412,17.97057],[-66.31431,17.96964],[-66.3138,17.96968],[-66.31358,17.96952],[-66.31332,17.96896],[-66.31184,17.96826],[-66.31091,17.96803],[-66.31031,17.96747],[-66.30975,17.96746],[-66.30896,17.96719],[-66.30868,17.96683],[-66.30845,17.96689],[-66.3083,17.96751],[-66.30816,17.96779],[-66.30804,17.96776],[-66.30818,17.96751],[-66.30817,17.96708],[-66.30842,17.96674],[-66.30833,17.9665],[-66.3076,17.96616],[-66.30711,17.96611],[-66.30554,17.96519],[-66.30469,17.96485],[-66.30351,17.96377],[-66.30309,17.96376],[-66.30235,17.96333],[-66.30126,17.96253],[-66.3003,17.96156],[-66.29899,17.96075],[-66.29855,17.96001],[-66.29808,17.9596],[-66.29804,17.95927],[-66.29735,17.95934],[-66.29633,17.95869],[-66.29596,17.95871],[-66.29592,17.95893],[-66.29588,17.95879],[-66.29575,17.95882],[-66.29564,17.95908],[-66.29545,17.95879],[-66.29498,17.95886],[-66.29501,17.95905],[-66.2948,17.95875],[-66.2947,17.95878],[-66.29456,17.95928],[-66.29465,17.95933],[-66.29453,17.9594],[-66.29471,17.95947],[-66.29449,17.95948],[-66.29481,17.96],[-66.29473,17.96031],[-66.29534,17.96111],[-66.29554,17.96115],[-66.29563,17.96146],[-66.29557,17.96195],[-66.29529,17.96215],[-66.29515,17.96255],[-66.29521,17.9629],[-66.29552,17.96318],[-66.29559,17.96373],[-66.29608,17.96376],[-66.29626,17.96383],[-66.2962,17.9639],[-66.29552,17.9638],[-66.29538,17.96328],[-66.29504,17.96277],[-66.2946,17.96293],[-66.29439,17.96279],[-66.29425,17.963],[-66.2937,17.96288],[-66.29358,17.96274],[-66.29333,17.96304],[-66.29327,17.96289],[-66.29209,17.96235],[-66.29219,17.96211],[-66.29207,17.9621],[-66.29201,17.96231],[-66.29149,17.96223],[-66.29107,17.96153],[-66.29075,17.96134],[-66.2908,17.96076],[-66.29045,17.96058],[-66.29031,17.96025],[-66.29044,17.96014],[-66.29032,17.96004],[-66.29038,17.95955],[-66.29016,17.95949],[-66.29028,17.95935],[-66.29017,17.95904],[-66.29004,17.959],[-66.28997,17.95871],[-66.28937,17.95864],[-66.28991,17.95849],[-66.28986,17.95835],[-66.2896,17.95835],[-66.2898,17.95833],[-66.29008,17.95806],[-66.28991,17.95782],[-66.29022,17.95768],[-66.2902,17.95695],[-66.29006,17.95682],[-66.28958,17.95687],[-66.28951,17.95675],[-66.28897,17.95673],[-66.29018,17.9567],[-66.29007,17.95508],[-66.28901,17.95338],[-66.28842,17.95272],[-66.28852,17.95264],[-66.28917,17.95317],[-66.28935,17.95368],[-66.28979,17.95419],[-66.29031,17.95429],[-66.29075,17.95403],[-66.29088,17.95358],[-66.29077,17.95324],[-66.29054,17.9531],[-66.2906,17.95254],[-66.29032,17.9524],[-66.29005,17.9526],[-66.28998,17.9529],[-66.29014,17.95311],[-66.28967,17.95285],[-66.2898,17.95242],[-66.29012,17.95229],[-66.29015,17.95212],[-66.28978,17.95163],[-66.28989,17.95096],[-66.28966,17.94927],[-66.28973,17.94863],[-66.29006,17.94794],[-66.2904,17.94781],[-66.29037,17.94768],[-66.29071,17.94748],[-66.29087,17.94717],[-66.29071,17.94713],[-66.29074,17.94701],[-66.29108,17.94678],[-66.29105,17.94662],[-66.29085,17.94651],[-66.29107,17.94622],[-66.29094,17.94614],[-66.29105,17.946],[-66.29084,17.94561],[-66.29082,17.94519],[-66.29028,17.94444],[-66.29008,17.94444],[-66.28966,17.94388],[-66.28956,17.94334],[-66.28925,17.94296],[-66.28921,17.94237],[-66.28894,17.94214],[-66.28891,17.94195],[-66.28849,17.94202],[-66.28835,17.94217],[-66.28841,17.94232],[-66.28827,17.94234],[-66.28801,17.94273],[-66.28719,17.94331],[-66.28672,17.94339],[-66.28634,17.9441],[-66.28587,17.94406],[-66.2856,17.94429],[-66.28563,17.94447],[-66.2853,17.94461],[-66.28507,17.94506],[-66.28469,17.94516],[-66.28436,17.94543],[-66.28402,17.94541],[-66.284,17.94567],[-66.2833,17.94618],[-66.28218,17.94654],[-66.28158,17.94618],[-66.28173,17.94585],[-66.28192,17.94585],[-66.28197,17.94568],[-66.28215,17.94564],[-66.28204,17.94544],[-66.28226,17.94516],[-66.28199,17.94505],[-66.28175,17.94537],[-66.28144,17.94536],[-66.2813,17.9459],[-66.28109,17.94573],[-66.28094,17.94598],[-66.28061,17.94579],[-66.2803,17.94588],[-66.2805,17.94659],[-66.28086,17.9463],[-66.28113,17.9464],[-66.2809,17.94648],[-66.28074,17.94666],[-66.28074,17.94699],[-66.28043,17.9472],[-66.28028,17.94715],[-66.28056,17.94692],[-66.28052,17.94672],[-66.28027,17.94686],[-66.28007,17.94665],[-66.28006,17.94684],[-66.27984,17.94693],[-66.27967,17.94678],[-66.27959,17.94716],[-66.28016,17.94726],[-66.27991,17.94744],[-66.27993,17.94759],[-66.2794,17.94767],[-66.27914,17.94749],[-66.27924,17.94716],[-66.2791,17.9473],[-66.27899,17.94725],[-66.27888,17.94689],[-66.27905,17.94672],[-66.27956,17.9466],[-66.27936,17.94617],[-66.2794,17.94598],[-66.27866,17.94603],[-66.27851,17.94619],[-66.27836,17.94598],[-66.27786,17.9468],[-66.27791,17.94725],[-66.27769,17.94717],[-66.2777,17.94766],[-66.27746,17.94735],[-66.27722,17.9473],[-66.27739,17.94755],[-66.27732,17.94803],[-66.27651,17.9485],[-66.27573,17.94865],[-66.27537,17.9486],[-66.27513,17.94832],[-66.27521,17.94813],[-66.2749,17.94837],[-66.27461,17.94816],[-66.27464,17.94803],[-66.27483,17.94804],[-66.27448,17.94757],[-66.27467,17.94738],[-66.27456,17.94727],[-66.27465,17.94706],[-66.27449,17.94698],[-66.27454,17.9467],[-66.27438,17.94652],[-66.27378,17.94664],[-66.27362,17.94681],[-66.27361,17.9472],[-66.27326,17.94736],[-66.27283,17.94737],[-66.27256,17.94713],[-66.27216,17.94708],[-66.27191,17.94743],[-66.2713,17.94731],[-66.27084,17.94715],[-66.27067,17.94689],[-66.27023,17.94682],[-66.26994,17.94648],[-66.2692,17.94638],[-66.26857,17.94598],[-66.26783,17.94574],[-66.26747,17.94547],[-66.26744,17.94522],[-66.26698,17.94516],[-66.26671,17.94486],[-66.26641,17.94484],[-66.26526,17.94415],[-66.26424,17.94389],[-66.26394,17.94363],[-66.26414,17.94361],[-66.26401,17.94342],[-66.26379,17.94341],[-66.26369,17.94357],[-66.26351,17.94334],[-66.26318,17.94336],[-66.26279,17.94254],[-66.26299,17.94242],[-66.26273,17.94241],[-66.26284,17.94214],[-66.26267,17.94213],[-66.26259,17.94181],[-66.26201,17.94133],[-66.2619,17.94101],[-66.26167,17.94098],[-66.26174,17.9409],[-66.26153,17.94021],[-66.26097,17.93984],[-66.26068,17.93943],[-66.26043,17.93936],[-66.26047,17.93913],[-66.26023,17.93906],[-66.25948,17.93809],[-66.25957,17.93798],[-66.25941,17.93771],[-66.25965,17.9376],[-66.25966,17.93747],[-66.2595,17.93722],[-66.26002,17.93725],[-66.26042,17.93758],[-66.26118,17.93716],[-66.26125,17.93697],[-66.2609,17.9365],[-66.261,17.93637],[-66.26076,17.93592],[-66.26026,17.93612],[-66.25937,17.9362],[-66.25925,17.93602],[-66.25848,17.93595],[-66.25788,17.9356],[-66.25765,17.93588],[-66.25715,17.93613],[-66.25653,17.93586],[-66.25628,17.93594],[-66.25676,17.9355],[-66.25661,17.93549],[-66.25608,17.93486],[-66.2555,17.93469],[-66.25529,17.93473],[-66.25507,17.93498],[-66.25489,17.93542],[-66.25436,17.93521],[-66.25412,17.93537],[-66.25386,17.93534],[-66.25324,17.93481],[-66.25313,17.93457],[-66.25319,17.93448],[-66.25325,17.93458],[-66.25331,17.93438],[-66.25314,17.93372],[-66.2538,17.93335],[-66.25386,17.93307],[-66.25375,17.93294],[-66.25321,17.93286],[-66.25274,17.93305],[-66.25255,17.93336],[-66.25221,17.93331],[-66.25226,17.93253],[-66.25157,17.93227],[-66.2506,17.93287],[-66.25008,17.93257],[-66.24954,17.93265],[-66.24947,17.93253],[-66.2498,17.93203],[-66.24921,17.93188],[-66.24865,17.93137],[-66.24841,17.93132],[-66.24824,17.93143],[-66.24795,17.93104],[-66.24768,17.93094],[-66.24741,17.93102],[-66.24743,17.93087],[-66.247,17.93072],[-66.24575,17.93092],[-66.24518,17.93119],[-66.24503,17.93151],[-66.24506,17.93213],[-66.24481,17.9323],[-66.24447,17.93216],[-66.24417,17.93175],[-66.2437,17.93153],[-66.24368,17.93119],[-66.24402,17.93072],[-66.24386,17.93062],[-66.24339,17.93071],[-66.24318,17.93119],[-66.24316,17.93198],[-66.24371,17.93235],[-66.24479,17.93275],[-66.24491,17.93292],[-66.24534,17.93284],[-66.24549,17.9331],[-66.24651,17.93367],[-66.24713,17.93371],[-66.24731,17.9336],[-66.24756,17.93391],[-66.24851,17.93434],[-66.24847,17.93451],[-66.24804,17.93443],[-66.24679,17.93464],[-66.24661,17.93482],[-66.24672,17.93519],[-66.2466,17.93534],[-66.24611,17.93522],[-66.24561,17.93543],[-66.24428,17.93495],[-66.24426,17.93519],[-66.24557,17.93604],[-66.24654,17.93693],[-66.24704,17.93714],[-66.24725,17.93707],[-66.24738,17.93686],[-66.24717,17.93647],[-66.24725,17.93637],[-66.24789,17.93667],[-66.24961,17.93689],[-66.25053,17.9366],[-66.25118,17.93683],[-66.25203,17.93675],[-66.25217,17.93638],[-66.25239,17.93679],[-66.25273,17.937],[-66.25282,17.93729],[-66.25292,17.93782],[-66.2528,17.93889],[-66.2544,17.93989],[-66.25474,17.93989],[-66.25489,17.93943],[-66.25561,17.93884],[-66.25606,17.93818],[-66.25667,17.93791],[-66.25736,17.93809],[-66.25788,17.93845],[-66.25823,17.93932],[-66.25775,17.93978],[-66.25755,17.94019],[-66.25712,17.94015],[-66.2554,17.94057],[-66.25495,17.94097],[-66.25492,17.94156],[-66.25549,17.94207],[-66.25591,17.94206],[-66.25655,17.94229],[-66.25693,17.94264],[-66.25717,17.94331],[-66.25781,17.94367],[-66.25839,17.9438],[-66.25866,17.94432],[-66.25891,17.9445],[-66.25936,17.94446],[-66.25971,17.94405],[-66.26005,17.94437],[-66.26041,17.9445],[-66.26149,17.94447],[-66.26189,17.94421],[-66.26228,17.94448],[-66.26264,17.94454],[-66.26284,17.94492],[-66.26277,17.94572],[-66.26248,17.94632],[-66.26201,17.94613],[-66.26159,17.94626],[-66.26149,17.94614],[-66.26085,17.94623],[-66.26039,17.9461],[-66.2602,17.94629],[-66.26005,17.94615],[-66.25858,17.9461],[-66.25818,17.94629],[-66.25785,17.94665],[-66.25791,17.94739],[-66.25726,17.94656],[-66.25609,17.94591],[-66.25632,17.9455],[-66.2568,17.9452],[-66.25745,17.94447],[-66.25759,17.94416],[-66.25752,17.94386],[-66.25685,17.94326],[-66.25686,17.94285],[-66.25664,17.94256],[-66.25536,17.94218],[-66.25418,17.9411],[-66.25395,17.94072],[-66.25331,17.94065],[-66.25254,17.94139],[-66.25267,17.94005],[-66.25252,17.93982],[-66.25215,17.93967],[-66.25192,17.93931],[-66.25213,17.93908],[-66.25218,17.93845],[-66.25247,17.93814],[-66.25251,17.93775],[-66.25244,17.93744],[-66.25189,17.93727],[-66.25117,17.93749],[-66.25091,17.93783],[-66.25077,17.93835],[-66.25038,17.93814],[-66.24968,17.93822],[-66.24921,17.93773],[-66.24844,17.93747],[-66.24818,17.93781],[-66.24846,17.93862],[-66.24838,17.9387],[-66.24859,17.93881],[-66.24853,17.93924],[-66.2483,17.93913],[-66.24804,17.93952],[-66.24788,17.9394],[-66.24723,17.93941],[-66.24694,17.93923],[-66.24552,17.93899],[-66.24502,17.9394],[-66.24502,17.93963],[-66.24559,17.93993],[-66.2458,17.93988],[-66.24578,17.94008],[-66.24533,17.93988],[-66.24457,17.94007],[-66.24413,17.94003],[-66.24323,17.94095],[-66.24351,17.9417],[-66.24385,17.94169],[-66.24376,17.94191],[-66.2442,17.94264],[-66.24393,17.94294],[-66.24391,17.94271],[-66.24337,17.94284],[-66.24281,17.94367],[-66.24293,17.94296],[-66.24266,17.94259],[-66.24256,17.94187],[-66.24275,17.94131],[-66.2424,17.94111],[-66.24271,17.94103],[-66.24282,17.94056],[-66.24337,17.94032],[-66.24339,17.93969],[-66.24324,17.93939],[-66.24274,17.93937],[-66.24288,17.93909],[-66.24278,17.93884],[-66.2419,17.93835],[-66.24159,17.93886],[-66.24121,17.93908],[-66.24122,17.93979],[-66.24147,17.94008],[-66.24114,17.94019],[-66.24102,17.93911],[-66.24117,17.93876],[-66.24149,17.93859],[-66.24118,17.93807],[-66.24084,17.93798],[-66.24057,17.93817],[-66.24023,17.93864],[-66.24016,17.93932],[-66.23985,17.93913],[-66.24,17.93878],[-66.23971,17.93835],[-66.23929,17.93842],[-66.23909,17.9387],[-66.2387,17.93869],[-66.23869,17.93898],[-66.23934,17.9397],[-66.23965,17.93977],[-66.24018,17.93946],[-66.24023,17.93992],[-66.24018,17.94025],[-66.23978,17.94082],[-66.23976,17.94112],[-66.23894,17.94154],[-66.23851,17.94203],[-66.23849,17.94238],[-66.23886,17.94269],[-66.23957,17.94284],[-66.23905,17.94304],[-66.23878,17.94332],[-66.23874,17.94394],[-66.23825,17.94381],[-66.2384,17.94333],[-66.23783,17.94275],[-66.23826,17.94212],[-66.23825,17.94192],[-66.23817,17.94141],[-66.23794,17.9411],[-66.238,17.94079],[-66.2378,17.94061],[-66.23732,17.94067],[-66.23702,17.94114],[-66.23667,17.9413],[-66.23632,17.94138],[-66.23595,17.94126],[-66.23547,17.94154],[-66.2349,17.94162],[-66.23423,17.94104],[-66.23319,17.9406],[-66.23332,17.93994],[-66.23352,17.93964],[-66.23445,17.93956],[-66.23532,17.93967],[-66.23607,17.9394],[-66.23622,17.93948],[-66.23627,17.94022],[-66.23662,17.94042],[-66.23689,17.94042],[-66.23745,17.93997],[-66.23807,17.93988],[-66.23824,17.93945],[-66.23809,17.93911],[-66.23678,17.93802],[-66.23681,17.93747],[-66.2366,17.93727],[-66.23609,17.93711],[-66.23617,17.93674],[-66.23657,17.93638],[-66.23699,17.93635],[-66.23684,17.93597],[-66.23654,17.93579],[-66.23607,17.93581],[-66.23541,17.93561],[-66.23517,17.93522],[-66.23537,17.9348],[-66.23597,17.93483],[-66.2361,17.93457],[-66.23465,17.93317],[-66.23306,17.93243],[-66.23272,17.93185],[-66.23229,17.93177],[-66.232,17.93154],[-66.23191,17.93128],[-66.23159,17.93127],[-66.23108,17.93198],[-66.23067,17.9321],[-66.23056,17.93252],[-66.22974,17.9332],[-66.22899,17.9346],[-66.22897,17.93488],[-66.22911,17.935],[-66.22899,17.93511],[-66.22913,17.93538],[-66.22935,17.93542],[-66.23014,17.93501],[-66.23019,17.9354],[-66.23067,17.93609],[-66.23051,17.93623],[-66.23056,17.93695],[-66.23013,17.93734],[-66.2304,17.9381],[-66.23156,17.93964],[-66.23127,17.9401],[-66.23145,17.94153],[-66.23123,17.94197],[-66.23143,17.94214],[-66.23133,17.94275],[-66.23155,17.94332],[-66.23147,17.9438],[-66.23167,17.94415],[-66.23267,17.94436],[-66.23357,17.94435],[-66.2338,17.94543],[-66.23376,17.946],[-66.23355,17.94636],[-66.23305,17.94683],[-66.23235,17.94719],[-66.22886,17.94877],[-66.22862,17.94875],[-66.22842,17.94845],[-66.22818,17.94852],[-66.22824,17.94876],[-66.2278,17.94887],[-66.2274,17.94858],[-66.22698,17.94851],[-66.22677,17.94826],[-66.22661,17.94828],[-66.22646,17.9487],[-66.22593,17.94907],[-66.22677,17.95052],[-66.2269,17.95106],[-66.22638,17.95158],[-66.22541,17.95217],[-66.22321,17.95278],[-66.22253,17.95271],[-66.22228,17.9525],[-66.22209,17.95185],[-66.22201,17.95246],[-66.22164,17.95294],[-66.22126,17.95311],[-66.22108,17.95339],[-66.21976,17.95411],[-66.21929,17.95478],[-66.21819,17.95544],[-66.21812,17.95564],[-66.21789,17.95564],[-66.21787,17.95639],[-66.21829,17.95717],[-66.21817,17.95761],[-66.21825,17.95778],[-66.21807,17.95767],[-66.21765,17.95792],[-66.21708,17.95769],[-66.21657,17.95701],[-66.21586,17.95671],[-66.21552,17.95613],[-66.21497,17.9558],[-66.21477,17.95583],[-66.21483,17.95563],[-66.21434,17.95546],[-66.21386,17.95554],[-66.21379,17.95574],[-66.21406,17.95583],[-66.21394,17.95591],[-66.21407,17.95607],[-66.21394,17.95629],[-66.21406,17.95639],[-66.214,17.9565],[-66.21427,17.95659],[-66.21424,17.9574],[-66.21483,17.95759],[-66.21467,17.95766],[-66.21473,17.9578],[-66.21515,17.95801],[-66.21597,17.95814],[-66.21589,17.95844],[-66.21602,17.95856],[-66.21586,17.95876],[-66.21621,17.95896],[-66.21589,17.95897],[-66.21575,17.95954],[-66.21501,17.96001],[-66.21491,17.95994],[-66.2146,17.96012],[-66.21437,17.96005],[-66.21411,17.96022],[-66.21385,17.96013],[-66.21378,17.96029],[-66.21346,17.96005],[-66.21283,17.96005],[-66.21258,17.95985],[-66.21216,17.95978],[-66.21205,17.95961],[-66.21166,17.95959],[-66.21164,17.95974],[-66.21134,17.95994],[-66.21134,17.96012],[-66.21114,17.96016],[-66.21096,17.96042],[-66.21092,17.96081],[-66.2107,17.96116],[-66.21025,17.96123],[-66.20986,17.9622],[-66.20971,17.96217],[-66.20934,17.96245],[-66.20906,17.96246],[-66.2085,17.96222],[-66.20833,17.96227],[-66.20835,17.96237],[-66.20749,17.96253],[-66.20736,17.96272],[-66.20796,17.96311],[-66.20792,17.96331],[-66.20762,17.96338],[-66.20665,17.96324],[-66.20613,17.96296],[-66.20548,18.01319],[-66.20382,18.01305],[-66.20335,18.0134],[-66.20303,18.01503],[-66.20313,18.01556],[-66.20173,18.01668],[-66.2016,18.01696],[-66.20162,18.01788],[-66.20046,18.01899],[-66.19886,18.01915],[-66.19853,18.01929],[-66.1981,18.01999],[-66.19688,18.02055],[-66.19663,18.02051],[-66.19546,18.01974],[-66.19443,18.02014],[-66.19301,18.02021],[-66.19235,18.02039],[-66.19196,18.02069],[-66.19121,18.02211],[-66.18999,18.0219],[-66.18988,18.02215],[-66.1901,18.02253],[-66.18899,18.02431],[-66.18698,18.02457],[-66.18613,18.02507],[-66.18439,18.02548],[-66.18378,18.02541],[-66.18265,18.02478],[-66.1822,18.02467],[-66.18099,18.0249],[-66.1803,18.02527],[-66.18009,18.02552],[-66.1801,18.02585],[-66.1806,18.02649],[-66.18071,18.02686],[-66.18063,18.02786],[-66.18102,18.02877],[-66.18097,18.02897],[-66.17928,18.03033],[-66.17799,18.03216],[-66.17631,18.03264],[-66.17514,18.0328],[-66.17489,18.03352],[-66.16618,18.05012],[-66.16718,18.05175],[-66.16757,18.05183],[-66.17011,18.05148],[-66.1705,18.05153],[-66.17102,18.05217],[-66.172,18.05385],[-66.17229,18.0541],[-66.17265,18.05401],[-66.17348,18.05338],[-66.17434,18.05333],[-66.17598,18.05356],[-66.17728,18.05342],[-66.17808,18.05356],[-66.1792,18.05299],[-66.18014,18.05274],[-66.18081,18.05216],[-66.18214,18.05156],[-66.183,18.05099],[-66.1849,18.05079],[-66.1864,18.05027],[-66.18717,18.05023],[-66.18821,18.05045],[-66.18923,18.05016],[-66.19217,18.04976],[-66.19296,18.04942],[-66.19522,18.04931],[-66.19653,18.04903],[-66.19812,18.04826],[-66.19921,18.04721],[-66.20067,18.04685],[-66.20188,18.04617],[-66.20246,18.04724],[-66.20311,18.04913],[-66.20483,18.05107],[-66.20469,18.05217],[-66.20432,18.05346],[-66.20471,18.05468],[-66.20442,18.05503],[-66.20352,18.05544],[-66.20303,18.05601],[-66.20266,18.05608],[-66.20227,18.05638],[-66.20154,18.0573],[-66.20141,18.05782],[-66.2014,18.05838],[-66.20115,18.05928],[-66.20131,18.06012],[-66.20121,18.06135],[-66.20143,18.0621],[-66.20096,18.06399],[-66.20116,18.06527],[-66.20182,18.06772],[-66.20345,18.06806],[-66.2061,18.06769],[-66.21582,18.0794],[-66.2158,18.07999],[-66.21625,18.08099],[-66.21623,18.08144],[-66.21601,18.08193],[-66.21562,18.08224],[-66.21587,18.08422],[-66.21532,18.08594],[-66.216,18.08728],[-66.21663,18.08808],[-66.21663,18.08898],[-66.2168,18.08966],[-66.21736,18.09041],[-66.21851,18.09265],[-66.21924,18.09271],[-66.22021,18.09354],[-66.22071,18.0938],[-66.22217,18.09389],[-66.22283,18.09425],[-66.22381,18.0951],[-66.22446,18.09519]]],[[[-66.23612,17.91414],[-66.23602,17.91431],[-66.23615,17.91442],[-66.23628,17.91431],[-66.23612,17.91414]]],[[[-66.238,17.91455],[-66.23843,17.91456],[-66.23835,17.91393],[-66.23812,17.91406],[-66.238,17.91455]]],[[[-66.23827,17.91468],[-66.23831,17.91493],[-66.23838,17.91476],[-66.23827,17.91468]]],[[[-66.24145,17.91504],[-66.24136,17.91527],[-66.24152,17.91519],[-66.24145,17.91504]]],[[[-66.24129,17.91459],[-66.24105,17.91481],[-66.24118,17.91535],[-66.24141,17.91497],[-66.24142,17.91466],[-66.24129,17.91459]]],[[[-66.22557,17.91544],[-66.22573,17.91553],[-66.22579,17.9153],[-66.22553,17.91486],[-66.22513,17.91528],[-66.22536,17.91545],[-66.22557,17.91544]]],[[[-66.24482,17.91595],[-66.24483,17.91608],[-66.24531,17.91625],[-66.24537,17.91564],[-66.24513,17.9155],[-66.24482,17.91595]]],[[[-66.23243,17.91625],[-66.23237,17.91654],[-66.23253,17.91668],[-66.23391,17.91621],[-66.23424,17.91643],[-66.23504,17.91625],[-66.23582,17.91655],[-66.23614,17.91617],[-66.23602,17.91549],[-66.23545,17.91471],[-66.23487,17.91421],[-66.23347,17.91341],[-66.23236,17.91339],[-66.23223,17.91351],[-66.23148,17.91327],[-66.23059,17.91405],[-66.23051,17.91382],[-66.2302,17.91393],[-66.23006,17.9136],[-66.22977,17.91374],[-66.22954,17.91343],[-66.22917,17.91327],[-66.22822,17.91322],[-66.22766,17.91306],[-66.22721,17.91321],[-66.22708,17.91302],[-66.22658,17.91327],[-66.22638,17.9132],[-66.22567,17.91332],[-66.22506,17.91384],[-66.22523,17.91435],[-66.22585,17.91504],[-66.22602,17.91557],[-66.22625,17.91559],[-66.22715,17.91519],[-66.22771,17.91519],[-66.22784,17.91499],[-66.22777,17.91471],[-66.22786,17.91472],[-66.22814,17.91517],[-66.22835,17.91524],[-66.22836,17.91555],[-66.2286,17.91583],[-66.22905,17.91589],[-66.22954,17.91573],[-66.22977,17.91633],[-66.23004,17.9165],[-66.23052,17.91593],[-66.2305,17.91542],[-66.23025,17.91507],[-66.23059,17.91527],[-66.2305,17.91423],[-66.23085,17.91503],[-66.23092,17.91452],[-66.23102,17.9148],[-66.23112,17.91471],[-66.23141,17.91479],[-66.2312,17.91547],[-66.23166,17.91577],[-66.23221,17.91577],[-66.23243,17.91625]]],[[[-66.23895,17.9161],[-66.239,17.91682],[-66.23916,17.91715],[-66.23954,17.91608],[-66.23938,17.91591],[-66.23924,17.91607],[-66.23913,17.91577],[-66.23903,17.9151],[-66.23918,17.91477],[-66.2394,17.91463],[-66.23924,17.91536],[-66.23934,17.91587],[-66.23964,17.91581],[-66.23972,17.91533],[-66.2402,17.91518],[-66.24091,17.9154],[-66.24111,17.91434],[-66.2409,17.91397],[-66.24023,17.91382],[-66.23972,17.9135],[-66.23903,17.91345],[-66.23879,17.91365],[-66.23861,17.91407],[-66.23853,17.91515],[-66.23886,17.91565],[-66.23895,17.9161]]],[[[-66.23036,17.91762],[-66.23121,17.91751],[-66.23151,17.91717],[-66.23166,17.91672],[-66.23192,17.91691],[-66.23229,17.91675],[-66.23224,17.91614],[-66.23123,17.91576],[-66.23089,17.91582],[-66.23054,17.91711],[-66.23044,17.91655],[-66.23009,17.91672],[-66.23006,17.91718],[-66.23036,17.91762]]],[[[-66.238,17.91752],[-66.23842,17.91775],[-66.23855,17.91734],[-66.23812,17.91543],[-66.23732,17.91385],[-66.23703,17.91411],[-66.23669,17.91493],[-66.23673,17.91539],[-66.23705,17.91613],[-66.23691,17.91723],[-66.23702,17.91743],[-66.23753,17.91735],[-66.238,17.91752]]],[[[-66.23903,17.91794],[-66.23929,17.91786],[-66.23935,17.91749],[-66.23912,17.91755],[-66.23903,17.91794]]],[[[-66.23933,17.91793],[-66.23935,17.91813],[-66.23965,17.91849],[-66.24005,17.91851],[-66.24055,17.9183],[-66.24093,17.9176],[-66.24155,17.91751],[-66.24428,17.91779],[-66.24451,17.91724],[-66.24461,17.91722],[-66.24471,17.91763],[-66.2449,17.91766],[-66.24491,17.91716],[-66.24467,17.91664],[-66.24378,17.91576],[-66.24333,17.91504],[-66.24236,17.91442],[-66.24185,17.91466],[-66.2413,17.91564],[-66.23975,17.91726],[-66.23958,17.91792],[-66.2395,17.91784],[-66.23933,17.91793]]],[[[-66.24861,17.91848],[-66.249,17.91866],[-66.24914,17.91897],[-66.24929,17.91896],[-66.24937,17.91816],[-66.24921,17.91764],[-66.24932,17.91695],[-66.24914,17.91675],[-66.24841,17.91622],[-66.24816,17.91629],[-66.24795,17.91597],[-66.2475,17.91586],[-66.24741,17.91561],[-66.24727,17.91558],[-66.24724,17.91571],[-66.24676,17.91591],[-66.24627,17.91555],[-66.24584,17.9158],[-66.24535,17.91679],[-66.24568,17.91802],[-66.24598,17.91822],[-66.24677,17.91821],[-66.24861,17.91848]]],[[[-66.25294,17.91945],[-66.25245,17.91951],[-66.25242,17.91974],[-66.2521,17.92011],[-66.25254,17.92057],[-66.25329,17.92035],[-66.2535,17.91998],[-66.25355,17.91967],[-66.25294,17.91945]]],[[[-66.25081,17.92039],[-66.25129,17.92065],[-66.25143,17.9209],[-66.25167,17.92084],[-66.25176,17.91978],[-66.2516,17.9197],[-66.25196,17.91945],[-66.2519,17.91891],[-66.25179,17.91867],[-66.25136,17.91845],[-66.2511,17.91797],[-66.25049,17.91749],[-66.24985,17.91712],[-66.24962,17.91718],[-66.24932,17.91769],[-66.24955,17.91811],[-66.24978,17.91802],[-66.24959,17.91838],[-66.25,17.91885],[-66.24978,17.9202],[-66.25033,17.92045],[-66.25081,17.92039]]],[[[-66.26236,17.92543],[-66.26256,17.92564],[-66.26317,17.92567],[-66.26335,17.92539],[-66.26335,17.92476],[-66.26277,17.92387],[-66.26184,17.92325],[-66.26149,17.92331],[-66.26128,17.92268],[-66.26083,17.92254],[-66.26026,17.92213],[-66.25913,17.92184],[-66.25842,17.92186],[-66.25802,17.92208],[-66.25799,17.92244],[-66.25834,17.92288],[-66.25919,17.92288],[-66.25961,17.92308],[-66.2601,17.92302],[-66.26024,17.92312],[-66.26113,17.92449],[-66.26138,17.92385],[-66.26143,17.92458],[-66.2612,17.92488],[-66.26157,17.92517],[-66.26236,17.92543]]],[[[-66.27248,17.92661],[-66.27222,17.92684],[-66.27234,17.92708],[-66.27217,17.92727],[-66.27225,17.92737],[-66.27258,17.92721],[-66.27274,17.92693],[-66.27264,17.92663],[-66.27248,17.92661]]],[[[-66.32183,17.92678],[-66.32096,17.92703],[-66.3206,17.92723],[-66.32056,17.92738],[-66.32235,17.92677],[-66.32338,17.92689],[-66.32379,17.92724],[-66.32404,17.9272],[-66.32377,17.92685],[-66.32302,17.92666],[-66.32222,17.92665],[-66.32183,17.92678]]],[[[-66.23983,17.92983],[-66.2405,17.92998],[-66.24063,17.92988],[-66.24046,17.92906],[-66.23986,17.9288],[-66.2395,17.92907],[-66.23983,17.92983]]],[[[-66.32009,17.92761],[-66.31947,17.9282],[-66.31915,17.92911],[-66.31921,17.92971],[-66.31945,17.93026],[-66.32,17.93069],[-66.32001,17.93056],[-66.31953,17.93013],[-66.31938,17.9296],[-66.31945,17.92866],[-66.31968,17.92821],[-66.32016,17.92778],[-66.32018,17.92759],[-66.32009,17.92761]]],[[[-66.28934,17.933],[-66.28929,17.93325],[-66.28942,17.93353],[-66.28948,17.93313],[-66.28934,17.933]]],[[[-66.23988,17.93443],[-66.24006,17.93432],[-66.23982,17.9341],[-66.23877,17.93367],[-66.23765,17.93287],[-66.23739,17.93209],[-66.23693,17.93171],[-66.23732,17.93142],[-66.238,17.93123],[-66.23828,17.93077],[-66.23812,17.92986],[-66.23916,17.92934],[-66.23884,17.92825],[-66.23883,17.92762],[-66.2389,17.92725],[-66.23933,17.92681],[-66.2387,17.9266],[-66.23776,17.92662],[-66.23701,17.92705],[-66.23674,17.92755],[-66.23625,17.92771],[-66.23618,17.92791],[-66.23601,17.92793],[-66.23607,17.92801],[-66.2353,17.92866],[-66.23514,17.92901],[-66.23485,17.92917],[-66.23443,17.92976],[-66.23437,17.93058],[-66.235,17.93183],[-66.23636,17.93275],[-66.23649,17.93298],[-66.23851,17.93402],[-66.23988,17.93443]]],[[[-66.28884,17.93284],[-66.28853,17.93298],[-66.28831,17.93337],[-66.28874,17.9345],[-66.2892,17.9333],[-66.28914,17.93302],[-66.28884,17.93284]]],[[[-66.28746,17.93501],[-66.28808,17.9352],[-66.28819,17.93513],[-66.28822,17.93412],[-66.28811,17.93359],[-66.28777,17.93299],[-66.28719,17.93255],[-66.28664,17.9325],[-66.2832,17.93321],[-66.28261,17.93377],[-66.28269,17.93407],[-66.28296,17.9343],[-66.28407,17.93432],[-66.2847,17.93407],[-66.28536,17.93406],[-66.28695,17.93499],[-66.28746,17.93501]]],[[[-66.29147,17.93566],[-66.29156,17.93538],[-66.29151,17.93429],[-66.29108,17.93393],[-66.29096,17.93341],[-66.29074,17.93323],[-66.2899,17.93306],[-66.28967,17.9333],[-66.28895,17.93488],[-66.28935,17.93503],[-66.28914,17.93546],[-66.28942,17.93561],[-66.29079,17.93546],[-66.29147,17.93566]]],[[[-66.29188,17.9343],[-66.29167,17.93521],[-66.29181,17.93574],[-66.29232,17.93562],[-66.29279,17.93484],[-66.2926,17.93444],[-66.29188,17.9343]]],[[[-66.29726,17.93524],[-66.29731,17.93547],[-66.2981,17.9365],[-66.29878,17.93679],[-66.29897,17.93675],[-66.29914,17.93643],[-66.29974,17.93601],[-66.30092,17.9356],[-66.30114,17.93522],[-66.3009,17.9346],[-66.30055,17.93441],[-66.29819,17.93425],[-66.29698,17.93437],[-66.2966,17.93453],[-66.29649,17.93493],[-66.29666,17.93543],[-66.29714,17.93586],[-66.29724,17.93582],[-66.29715,17.93522],[-66.29726,17.93524]]],[[[-66.23682,17.93741],[-66.23706,17.93784],[-66.23735,17.93765],[-66.23733,17.93741],[-66.23755,17.93755],[-66.23843,17.93742],[-66.23874,17.93765],[-66.23936,17.93764],[-66.2396,17.93758],[-66.23967,17.93729],[-66.24009,17.93707],[-66.24022,17.93686],[-66.24066,17.93683],[-66.24066,17.9365],[-66.24012,17.93547],[-66.23996,17.93483],[-66.23917,17.93473],[-66.23788,17.93502],[-66.23675,17.93483],[-66.23662,17.93509],[-66.23676,17.93561],[-66.2374,17.93626],[-66.23774,17.93626],[-66.23679,17.93675],[-66.2367,17.93693],[-66.23682,17.93741]]],[[[-66.26084,17.93821],[-66.26098,17.93844],[-66.2615,17.93844],[-66.26203,17.93814],[-66.26212,17.93763],[-66.26231,17.93749],[-66.26202,17.93759],[-66.26202,17.93747],[-66.26163,17.93727],[-66.26125,17.93749],[-66.2609,17.93742],[-66.26084,17.93821]]],[[[-66.26358,17.93978],[-66.26383,17.93982],[-66.26406,17.9395],[-66.26395,17.93929],[-66.26357,17.93911],[-66.26357,17.93892],[-66.26329,17.93882],[-66.26353,17.93833],[-66.26285,17.9379],[-66.26269,17.93792],[-66.26256,17.93817],[-66.26217,17.93809],[-66.26204,17.93825],[-66.26226,17.93848],[-66.26242,17.93846],[-66.26182,17.93878],[-66.26164,17.93949],[-66.26189,17.93963],[-66.26227,17.93955],[-66.26271,17.93911],[-66.26289,17.93925],[-66.2628,17.93943],[-66.26293,17.93968],[-66.26325,17.93981],[-66.26358,17.93978]]],[[[-66.26404,17.93983],[-66.26391,17.94005],[-66.26424,17.93995],[-66.26404,17.93983]]],[[[-66.26461,17.94072],[-66.26475,17.94081],[-66.26512,17.94067],[-66.26491,17.94034],[-66.26433,17.94008],[-66.26407,17.94039],[-66.26422,17.94059],[-66.26457,17.9406],[-66.26461,17.94072]]],[[[-66.26857,17.94394],[-66.26903,17.94396],[-66.26921,17.94379],[-66.26905,17.94362],[-66.26912,17.94345],[-66.26837,17.94278],[-66.26682,17.94236],[-66.26671,17.94225],[-66.2668,17.94166],[-66.26663,17.94144],[-66.26622,17.94166],[-66.26527,17.94275],[-66.2652,17.94301],[-66.26537,17.94321],[-66.26582,17.94337],[-66.2663,17.94318],[-66.26668,17.94329],[-66.26698,17.94374],[-66.26729,17.94395],[-66.26857,17.94394]]],[[[-66.29534,17.95568],[-66.29517,17.95589],[-66.29524,17.95625],[-66.29568,17.95627],[-66.29588,17.95613],[-66.29588,17.95591],[-66.2955,17.95565],[-66.29534,17.95568]]],[[[-66.29421,17.95706],[-66.29443,17.95716],[-66.29471,17.95665],[-66.29491,17.95533],[-66.29569,17.95538],[-66.2964,17.95606],[-66.29685,17.95604],[-66.29708,17.95582],[-66.29634,17.95498],[-66.29649,17.95455],[-66.29606,17.9542],[-66.29638,17.95418],[-66.29621,17.95378],[-66.29581,17.95393],[-66.29531,17.95335],[-66.29553,17.95293],[-66.29571,17.95317],[-66.29583,17.95311],[-66.29574,17.95335],[-66.29606,17.95337],[-66.296,17.95351],[-66.2961,17.95353],[-66.29624,17.95307],[-66.29612,17.95299],[-66.29604,17.9531],[-66.29598,17.95289],[-66.29639,17.95241],[-66.29625,17.95232],[-66.29621,17.95244],[-66.29621,17.95202],[-66.29573,17.95165],[-66.29575,17.95108],[-66.29558,17.95068],[-66.29574,17.95035],[-66.29553,17.95005],[-66.29567,17.9499],[-66.29562,17.94948],[-66.29521,17.94939],[-66.29506,17.94952],[-66.29523,17.94955],[-66.29515,17.94974],[-66.29494,17.94934],[-66.29473,17.94944],[-66.29474,17.94924],[-66.29451,17.94905],[-66.29412,17.94908],[-66.29377,17.94967],[-66.29335,17.94954],[-66.29344,17.94911],[-66.29325,17.94864],[-66.29354,17.94847],[-66.29349,17.94832],[-66.29282,17.94869],[-66.29239,17.94918],[-66.29213,17.9499],[-66.29222,17.95009],[-66.29212,17.95051],[-66.29189,17.95103],[-66.29256,17.95161],[-66.29265,17.95222],[-66.29318,17.95307],[-66.29278,17.95339],[-66.29278,17.95383],[-66.29305,17.9539],[-66.29317,17.95365],[-66.29332,17.95399],[-66.29357,17.95406],[-66.29378,17.95443],[-66.29419,17.95572],[-66.29388,17.95663],[-66.29421,17.95706]]],[[[-66.30052,17.95927],[-66.30067,17.95935],[-66.30072,17.9591],[-66.3005,17.95904],[-66.30053,17.95888],[-66.30032,17.95864],[-66.30014,17.95866],[-66.30015,17.95823],[-66.2998,17.95818],[-66.29967,17.95796],[-66.29924,17.95775],[-66.29921,17.95757],[-66.29855,17.957],[-66.29841,17.95654],[-66.2988,17.95632],[-66.29869,17.95583],[-66.29853,17.95583],[-66.29848,17.95608],[-66.29751,17.95635],[-66.29744,17.9566],[-66.29779,17.95724],[-66.29822,17.95731],[-66.29838,17.95748],[-66.29865,17.95841],[-66.29928,17.95861],[-66.30009,17.95923],[-66.30052,17.95927]]]]},"properties":{"municipio":"Salinas","geoid":"72123","countyfp":"123","abrev_mun":"SAL"}},
{"type":"Feature","geometry":{"type":"Polygon","coordinates":[[[-66.97716,18.14374],[-66.97816,18.14395],[-66.97924,18.14396],[-66.98009,18.14433],[-66.98049,18.14476],[-66.98088,18.14552],[-66.98258,18.14716],[-66.98355,18.1478],[-66.98486,18.14838],[-66.98638,18.14943],[-66.98713,18.14962],[-66.98774,18.14959],[-66.98824,18.1492],[-66.98858,18.14847],[-66.98902,18.14826],[-66.98937,18.14827],[-66.98983,18.14865],[-66.99051,18.14956],[-66.99076,18.15049],[-66.99098,18.15066],[-66.99143,18.15078],[-66.99202,18.15056],[-66.99263,18.15056],[-66.99343,18.15127],[-66.9937,18.15214],[-66.99377,18.15302],[-66.99437,18.1543],[-66.99506,18.15529],[-66.99639,18.15629],[-66.99712,18.15634],[-66.99797,18.15676],[-66.99906,18.15681],[-66.99962,18.15717],[-67.00253,18.15694],[-67.00361,18.15733],[-67.00516,18.15754],[-67.00661,18.15886],[-67.00704,18.15909],[-67.00921,18.15878],[-67.00961,18.15884],[-67.00986,18.16069],[-67.01004,18.16116],[-67.01046,18.16147],[-67.01126,18.16173],[-67.01262,18.16264],[-67.01288,18.16318],[-67.01308,18.1645],[-67.01336,18.16534],[-67.01374,18.16584],[-67.01413,18.16601],[-67.01505,18.16625],[-67.01556,18.16621],[-67.01788,18.16545],[-67.02165,18.16631],[-67.02451,18.16569],[-67.02604,18.16654],[-67.0265,18.16666],[-67.02826,18.16671],[-67.02936,18.16693],[-67.02994,18.16746],[-67.03157,18.16752],[-67.0336,18.16797],[-67.03488,18.16793],[-67.03546,18.16837],[-67.03706,18.16852],[-67.03819,18.16833],[-67.03909,18.16853],[-67.04073,18.16851],[-67.04117,18.16875],[-67.04126,18.16939],[-67.04257,18.16965],[-67.04346,18.16922],[-67.04391,18.16916],[-67.04419,18.16928],[-67.0449,18.17028],[-67.04516,18.17046],[-67.04668,18.17077],[-67.04741,18.17106],[-67.04747,18.17127],[-67.04708,18.17196],[-67.04702,18.17249],[-67.04725,18.17256],[-67.0476,18.17213],[-67.04801,18.17192],[-67.04829,18.17194],[-67.04871,18.17227],[-67.049,18.17328],[-67.04921,18.17358],[-67.05064,18.17408],[-67.05128,18.17411],[-67.05216,18.17261],[-67.05262,18.17226],[-67.05371,18.17194],[-67.05402,18.17203],[-67.05406,18.17233],[-67.05356,18.17313],[-67.0536,18.17335],[-67.05383,18.17352],[-67.05406,18.17348],[-67.05468,18.17272],[-67.05515,18.17253],[-67.05706,18.17325],[-67.05798,18.17325],[-67.05841,18.17302],[-67.05946,18.17209],[-67.06027,18.17182],[-67.06044,18.17191],[-67.06045,18.17215],[-67.05989,18.17277],[-67.0598,18.17307],[-67.06004,18.17348],[-67.06054,18.17378],[-67.06122,18.17364],[-67.06272,18.1728],[-67.06375,18.17203],[-67.06396,18.17208],[-67.06422,18.17278],[-67.06467,18.17297],[-67.06499,18.17289],[-67.06635,18.17189],[-67.06655,18.17191],[-67.06722,18.17306],[-67.06971,18.17285],[-67.07218,18.17305],[-67.07295,18.17272],[-67.07384,18.17134],[-67.07543,18.17064],[-67.07661,18.16962],[-67.07849,18.16755],[-67.07923,18.16744],[-67.08081,18.16752],[-67.08179,18.16811],[-67.08228,18.16799],[-67.08253,18.16773],[-67.083,18.16643],[-67.08457,18.16485],[-67.08469,18.16439],[-67.08443,18.16323],[-67.08454,18.16303],[-67.08528,18.16317],[-67.08571,18.16298],[-67.0859,18.16269],[-67.08592,18.1624],[-67.0856,18.16161],[-67.08516,18.16097],[-67.08417,18.15999],[-67.08406,18.15966],[-67.08422,18.15912],[-67.08516,18.15815],[-67.08609,18.15638],[-67.08731,18.1557],[-67.08701,18.155],[-67.08691,18.15374],[-67.08705,18.15322],[-67.0865,18.15108],[-67.08635,18.14983],[-67.08555,18.14936],[-67.08485,18.14873],[-67.08435,18.14854],[-67.08414,18.14815],[-67.08484,18.14636],[-67.08573,18.14488],[-67.0864,18.14436],[-67.08661,18.14443],[-67.08737,18.14504],[-67.08791,18.14568],[-67.08803,18.14623],[-67.08786,18.14667],[-67.08701,18.14755],[-67.08709,18.14843],[-67.0873,18.14862],[-67.08792,18.14882],[-67.08932,18.14896],[-67.09144,18.14787],[-67.09203,18.14719],[-67.09254,18.14618],[-67.09198,18.1444],[-67.09099,18.14263],[-67.09095,18.14235],[-67.0911,18.14209],[-67.09136,18.142],[-67.09171,18.14207],[-67.09334,18.1428],[-67.09363,18.14271],[-67.09395,18.14215],[-67.09387,18.14166],[-67.09317,18.14088],[-67.09307,18.14061],[-67.09275,18.13878],[-67.09288,18.13796],[-67.09273,18.13736],[-67.09291,18.13643],[-67.09408,18.13502],[-67.09414,18.13476],[-67.09341,18.13416],[-67.09285,18.13344],[-67.09194,18.13291],[-67.09103,18.13204],[-67.09089,18.1315],[-67.09113,18.13093],[-67.09196,18.1299],[-67.09249,18.12887],[-67.0931,18.12831],[-67.0933,18.12779],[-67.09286,18.12742],[-67.09116,18.12666],[-67.09074,18.12633],[-67.09076,18.12608],[-67.09128,18.12545],[-67.0919,18.12536],[-67.09178,18.12505],[-67.0778,18.11597],[-67.07769,18.11573],[-67.07809,18.11533],[-67.07814,18.11498],[-67.07782,18.11427],[-67.07804,18.11328],[-67.07887,18.11289],[-67.08025,18.11258],[-67.08055,18.11234],[-67.08019,18.11099],[-67.07949,18.11063],[-67.0788,18.11083],[-67.0786,18.1107],[-67.07859,18.11049],[-67.07924,18.10963],[-67.0794,18.10895],[-67.08067,18.10736],[-67.08121,18.10701],[-67.0831,18.10702],[-67.08453,18.1066],[-67.0855,18.10692],[-67.08634,18.10737],[-67.08681,18.10722],[-67.08687,18.10675],[-67.08659,18.10525],[-67.08669,18.10489],[-67.08691,18.10469],[-67.08726,18.10463],[-67.08748,18.10484],[-67.08726,18.10586],[-67.08745,18.10607],[-67.08791,18.10619],[-67.08833,18.10604],[-67.08849,18.10535],[-67.08871,18.10522],[-67.09035,18.10478],[-67.09072,18.10479],[-67.09148,18.10521],[-67.09332,18.10674],[-67.0942,18.10676],[-67.09513,18.10655],[-67.09714,18.10732],[-67.0982,18.10678],[-67.09933,18.1071],[-67.09992,18.10653],[-67.10045,18.1063],[-67.09949,18.10586],[-67.10299,18.10463],[-67.10289,18.1042],[-67.10248,18.10406],[-67.10282,18.10041],[-67.10257,18.10036],[-67.10263,18.09967],[-67.10398,18.0989],[-67.10379,18.09544],[-67.10433,18.09327],[-67.10318,18.09304],[-67.10313,18.09204],[-67.10389,18.0905],[-67.10448,18.0903],[-67.10472,18.09009],[-67.10516,18.08866],[-67.10523,18.08775],[-67.10494,18.08727],[-67.10517,18.08683],[-67.10516,18.08651],[-67.10481,18.08599],[-67.10477,18.08539],[-67.105,18.08488],[-67.10542,18.08447],[-67.10543,18.08425],[-67.10586,18.08401],[-67.10485,18.08227],[-67.1047,18.0817],[-67.10487,18.08139],[-67.1056,18.081],[-67.10575,18.08078],[-67.10573,18.08019],[-67.10612,18.07966],[-67.10612,18.07866],[-67.10551,18.07587],[-67.10559,18.07541],[-67.10603,18.07467],[-67.10584,18.07414],[-67.10465,18.07403],[-67.10351,18.07476],[-67.10289,18.07461],[-67.1018,18.07472],[-67.10149,18.07457],[-67.10106,18.07387],[-67.10058,18.0727],[-67.09898,18.07175],[-67.09853,18.07067],[-67.0986,18.06927],[-67.09939,18.06722],[-67.09983,18.06707],[-67.10075,18.06719],[-67.10107,18.06711],[-67.10265,18.06632],[-67.10323,18.06579],[-67.10455,18.06343],[-67.10691,18.06228],[-67.10707,18.06188],[-67.10639,18.06114],[-67.10636,18.06083],[-67.10765,18.06005],[-67.10786,18.05907],[-67.10875,18.05784],[-67.10909,18.05625],[-67.10883,18.05621],[-67.10803,18.0565],[-67.10672,18.05652],[-67.1059,18.05694],[-67.10477,18.05693],[-67.10325,18.05737],[-67.10287,18.0576],[-67.10249,18.05756],[-67.1022,18.05777],[-67.10189,18.05855],[-67.10091,18.05958],[-67.10073,18.05964],[-67.09953,18.05886],[-67.09928,18.05888],[-67.09872,18.05904],[-67.09672,18.06042],[-67.09577,18.06077],[-67.09524,18.06074],[-67.09448,18.06042],[-67.09353,18.06046],[-67.09262,18.06031],[-67.09194,18.06074],[-67.0904,18.06106],[-67.08987,18.06149],[-67.08964,18.06138],[-67.08899,18.06141],[-67.08845,18.06159],[-67.08748,18.06102],[-67.0867,18.06082],[-67.08615,18.06],[-67.08521,18.05972],[-67.08498,18.05936],[-67.08438,18.06008],[-67.0828,18.06074],[-67.08202,18.06162],[-67.08073,18.06166],[-67.07988,18.06145],[-67.07938,18.06186],[-67.07893,18.06279],[-67.07713,18.06355],[-67.0762,18.06337],[-67.0755,18.06355],[-67.07398,18.06273],[-67.07368,18.06233],[-67.07332,18.063],[-67.07183,18.0638],[-67.07131,18.06447],[-67.06819,18.06643],[-67.06781,18.06622],[-67.06776,18.06584],[-67.06727,18.06501],[-67.06693,18.06469],[-67.0662,18.06431],[-67.06552,18.06418],[-67.0651,18.06439],[-67.06449,18.06445],[-67.06387,18.06504],[-67.06329,18.06505],[-67.06085,18.06428],[-67.05954,18.06415],[-67.05529,18.06322],[-67.05439,18.06376],[-67.05293,18.0637],[-67.05229,18.06514],[-67.0515,18.06478],[-67.05111,18.06442],[-67.05,18.06398],[-67.04965,18.06345],[-67.04935,18.06326],[-67.04816,18.06282],[-67.04575,18.06235],[-67.04494,18.06202],[-67.04287,18.06187],[-67.0419,18.06131],[-67.04104,18.06037],[-67.03961,18.06007],[-67.03788,18.05908],[-67.03691,18.05876],[-67.03613,18.05789],[-67.03572,18.05838],[-67.03514,18.05861],[-67.0348,18.05862],[-67.03434,18.05843],[-67.03366,18.05844],[-67.03299,18.0582],[-67.03244,18.05833],[-67.02943,18.05846],[-67.02838,18.05887],[-67.02734,18.05909],[-67.02693,18.05951],[-67.02676,18.05997],[-67.02689,18.06126],[-67.02562,18.06129],[-67.02431,18.06073],[-67.01946,18.05932],[-67.0182,18.05878],[-67.0174,18.05868],[-67.01637,18.05889],[-67.01595,18.05872],[-67.01526,18.05811],[-67.01423,18.05807],[-67.01332,18.05785],[-67.01307,18.05786],[-67.01291,18.05801],[-67.01251,18.05886],[-67.01214,18.05911],[-67.01173,18.0593],[-67.0104,18.05902],[-67.00962,18.05917],[-67.00794,18.06054],[-67.00739,18.05994],[-67.00697,18.05901],[-67.00629,18.05861],[-67.00501,18.05833],[-67.00429,18.05737],[-67.00216,18.0553],[-67.00121,18.05513],[-67.00026,18.05531],[-66.99962,18.05484],[-66.99802,18.05428],[-66.99737,18.05357],[-66.99585,18.05363],[-66.99542,18.05327],[-66.99531,18.05263],[-66.99455,18.05272],[-66.99243,18.05254],[-66.99159,18.05386],[-66.99046,18.05429],[-66.98347,18.0526],[-66.98181,18.05651],[-66.981,18.07804],[-66.98068,18.07892],[-66.98141,18.08076],[-66.98213,18.08197],[-66.98171,18.08437],[-66.98223,18.08615],[-66.98366,18.08843],[-66.98301,18.0943],[-66.98416,18.10079],[-66.98415,18.102],[-66.98431,18.10239],[-66.98513,18.10312],[-66.98517,18.10338],[-66.98381,18.10525],[-66.98376,18.10591],[-66.98407,18.10701],[-66.98351,18.10783],[-66.9832,18.10879],[-66.98136,18.11135],[-66.98141,18.11197],[-66.98167,18.11263],[-66.98164,18.11311],[-66.97998,18.11633],[-66.97987,18.11706],[-66.98,18.11846],[-66.97918,18.12168],[-66.97833,18.12257],[-66.9773,18.12434],[-66.97487,18.12533],[-66.97305,18.12684],[-66.97146,18.12736],[-66.97079,18.12775],[-66.97066,18.12835],[-66.9708,18.12862],[-66.97085,18.13042],[-66.97035,18.13173],[-66.9709,18.13453],[-66.97102,18.13607],[-66.97199,18.13898],[-66.9726,18.13994],[-66.97308,18.1403],[-66.97451,18.14218],[-66.97499,18.14256],[-66.97628,18.14302],[-66.97697,18.14344],[-66.97716,18.14374]]]},"properties":{"municipio":"San Germán","geoid":"72125","countyfp":"125","abrev_mun":"SGE"}},
{"type":"Feature","geometry":{"type":"MultiPolygon","coordinates":[[[[-66.03665,18.45014],[-66.03719,18.45077],[-66.03779,18.45192],[-66.03875,18.45441],[-66.03923,18.45458],[-66.04361,18.4531],[-66.04557,18.45278],[-66.04787,18.45275],[-66.05022,18.45343],[-66.0519,18.45451],[-66.05393,18.45503],[-66.05501,18.45506],[-66.05795,18.45477],[-66.06116,18.45488],[-66.06324,18.45559],[-66.06527,18.457],[-66.06564,18.45752],[-66.06567,18.45738],[-66.06626,18.45749],[-66.06763,18.45706],[-66.0692,18.45691],[-66.07012,18.45714],[-66.07067,18.45743],[-66.07101,18.45733],[-66.07171,18.45744],[-66.07284,18.45776],[-66.07361,18.45812],[-66.07379,18.45834],[-66.07377,18.45868],[-66.07399,18.45881],[-66.07535,18.45896],[-66.07607,18.45942],[-66.07736,18.45972],[-66.07812,18.46006],[-66.07822,18.4603],[-66.07914,18.46066],[-66.07954,18.46115],[-66.0799,18.46119],[-66.08069,18.4616],[-66.08196,18.46173],[-66.08255,18.46121],[-66.08261,18.46079],[-66.08612,18.46011],[-66.0863,18.4603],[-66.08635,18.46081],[-66.08571,18.46166],[-66.08571,18.46201],[-66.08523,18.46193],[-66.08478,18.4622],[-66.08457,18.46246],[-66.08459,18.46291],[-66.08405,18.4626],[-66.08365,18.46272],[-66.08414,18.46309],[-66.08396,18.4629],[-66.08458,18.46299],[-66.08461,18.46333],[-66.08435,18.46406],[-66.08496,18.46491],[-66.0854,18.46499],[-66.08512,18.46477],[-66.0856,18.46456],[-66.08557,18.46444],[-66.08536,18.46448],[-66.08552,18.46424],[-66.08585,18.46419],[-66.08651,18.46453],[-66.08676,18.46477],[-66.08671,18.46503],[-66.08694,18.46501],[-66.08716,18.46529],[-66.08698,18.46569],[-66.08714,18.46607],[-66.08698,18.46667],[-66.08629,18.46671],[-66.086,18.46633],[-66.08576,18.46645],[-66.08572,18.46634],[-66.08573,18.4666],[-66.08589,18.46688],[-66.08605,18.46686],[-66.0862,18.46727],[-66.08658,18.46731],[-66.08684,18.46755],[-66.08851,18.46782],[-66.08891,18.46768],[-66.0893,18.46736],[-66.09055,18.46712],[-66.09085,18.46683],[-66.09135,18.46662],[-66.09265,18.4667],[-66.09286,18.46654],[-66.09393,18.46649],[-66.09455,18.46631],[-66.09476,18.46631],[-66.09477,18.46644],[-66.09482,18.4662],[-66.09496,18.46614],[-66.09748,18.46598],[-66.09982,18.46645],[-66.10188,18.46751],[-66.10191,18.46778],[-66.10213,18.46762],[-66.10303,18.46781],[-66.10376,18.46772],[-66.1046,18.46781],[-66.10528,18.46769],[-66.10628,18.46793],[-66.10624,18.46812],[-66.1064,18.46819],[-66.10654,18.46815],[-66.10641,18.46804],[-66.10647,18.46793],[-66.10671,18.46789],[-66.10686,18.46809],[-66.10669,18.46817],[-66.10693,18.46823],[-66.10686,18.46861],[-66.10757,18.46864],[-66.1077,18.46879],[-66.10806,18.46877],[-66.10827,18.46856],[-66.10898,18.46874],[-66.10903,18.46855],[-66.10998,18.46827],[-66.11031,18.46858],[-66.11065,18.46847],[-66.11084,18.46854],[-66.11076,18.46845],[-66.11109,18.46838],[-66.1117,18.46861],[-66.11243,18.46859],[-66.11282,18.46882],[-66.11384,18.46899],[-66.11503,18.46938],[-66.11542,18.46918],[-66.11645,18.46931],[-66.11746,18.46961],[-66.11834,18.46966],[-66.11906,18.47008],[-66.11993,18.47027],[-66.12029,18.47051],[-66.12055,18.47058],[-66.12077,18.47046],[-66.12185,18.47124],[-66.12214,18.47123],[-66.1228,18.47159],[-66.12311,18.47194],[-66.12331,18.47183],[-66.12486,18.47198],[-66.12509,18.47174],[-66.12478,18.47],[-66.12494,18.46947],[-66.12476,18.46894],[-66.1243,18.4683],[-66.12431,18.46782],[-66.12398,18.46764],[-66.1233,18.4679],[-66.12312,18.46782],[-66.12222,18.46674],[-66.12239,18.46618],[-66.12212,18.46592],[-66.12179,18.46584],[-66.12126,18.466],[-66.12077,18.46593],[-66.11974,18.46539],[-66.11964,18.46478],[-66.11971,18.46411],[-66.11893,18.46355],[-66.11887,18.46308],[-66.11865,18.46312],[-66.11864,18.46203],[-66.11822,18.46037],[-66.11763,18.46003],[-66.11708,18.45923],[-66.11663,18.4592],[-66.1164,18.4589],[-66.1155,18.45958],[-66.11549,18.46035],[-66.11536,18.46036],[-66.11549,18.46042],[-66.11536,18.46042],[-66.11549,18.46048],[-66.1152,18.46048],[-66.11549,18.46055],[-66.11548,18.46069],[-66.11519,18.46073],[-66.1156,18.46082],[-66.11566,18.46188],[-66.11508,18.46298],[-66.11412,18.46323],[-66.11375,18.46174],[-66.11355,18.46176],[-66.11347,18.46151],[-66.11336,18.46154],[-66.11339,18.46184],[-66.11381,18.46322],[-66.1136,18.46327],[-66.11354,18.46309],[-66.11328,18.46307],[-66.11318,18.46275],[-66.1129,18.46283],[-66.113,18.46319],[-66.11282,18.46328],[-66.11287,18.46346],[-66.11227,18.46361],[-66.11217,18.46258],[-66.11196,18.4626],[-66.11193,18.46236],[-66.11179,18.46239],[-66.11192,18.4637],[-66.11025,18.46366],[-66.10999,18.46126],[-66.10974,18.46127],[-66.10956,18.46131],[-66.10982,18.46363],[-66.10693,18.46347],[-66.10612,18.46475],[-66.10585,18.46478],[-66.10548,18.4646],[-66.10632,18.46327],[-66.10521,18.46292],[-66.10433,18.46431],[-66.10371,18.46415],[-66.10462,18.46272],[-66.10379,18.46225],[-66.10306,18.46339],[-66.10263,18.46314],[-66.10324,18.46208],[-66.10289,18.46192],[-66.10246,18.4621],[-66.10248,18.46201],[-66.10211,18.4619],[-66.10204,18.46151],[-66.09482,18.46147],[-66.09469,18.46161],[-66.09468,18.4615],[-66.09411,18.46137],[-66.09414,18.46126],[-66.09074,18.46056],[-66.09057,18.46079],[-66.09063,18.46053],[-66.08872,18.4602],[-66.08849,18.45996],[-66.08785,18.45997],[-66.08772,18.45958],[-66.08759,18.45961],[-66.08756,18.4595],[-66.08739,18.45968],[-66.08716,18.45882],[-66.0873,18.45904],[-66.08768,18.45901],[-66.08749,18.45901],[-66.08742,18.45841],[-66.08787,18.45798],[-66.08797,18.45807],[-66.0879,18.45791],[-66.08801,18.45803],[-66.08795,18.45792],[-66.09988,18.45936],[-66.10028,18.45923],[-66.1008,18.45938],[-66.10108,18.45915],[-66.10514,18.45994],[-66.10565,18.45959],[-66.10591,18.45839],[-66.10681,18.45692],[-66.10662,18.45596],[-66.10552,18.45428],[-66.10523,18.45424],[-66.10495,18.45393],[-66.10414,18.45409],[-66.10412,18.45386],[-66.10454,18.45379],[-66.10454,18.4537],[-66.10373,18.45317],[-66.10246,18.45196],[-66.1023,18.452],[-66.1027,18.45159],[-66.10264,18.45147],[-66.10225,18.45179],[-66.10153,18.45126],[-66.10049,18.45092],[-66.09987,18.4516],[-66.09924,18.45158],[-66.09906,18.45131],[-66.0988,18.45131],[-66.09825,18.45059],[-66.09769,18.45035],[-66.097,18.44963],[-66.09633,18.44926],[-66.09573,18.44851],[-66.09552,18.44855],[-66.09534,18.44843],[-66.09491,18.44766],[-66.09435,18.44723],[-66.09247,18.44737],[-66.09155,18.44776],[-66.09067,18.44774],[-66.09135,18.44667],[-66.09125,18.44661],[-66.08984,18.44883],[-66.0891,18.44845],[-66.09006,18.44704],[-66.08991,18.44695],[-66.08848,18.44906],[-66.08665,18.44792],[-66.08648,18.44801],[-66.08617,18.4477],[-66.08573,18.44758],[-66.08536,18.44719],[-66.08489,18.44711],[-66.0849,18.44646],[-66.08405,18.44577],[-66.08408,18.44559],[-66.08388,18.4457],[-66.08342,18.44536],[-66.08355,18.44514],[-66.08344,18.44482],[-66.08314,18.44462],[-66.08258,18.44369],[-66.08189,18.44385],[-66.08184,18.44371],[-66.08198,18.44357],[-66.08163,18.44223],[-66.08181,18.44229],[-66.08187,18.44266],[-66.082,18.4426],[-66.08211,18.44276],[-66.0821,18.44296],[-66.08187,18.44289],[-66.082,18.44341],[-66.08217,18.44359],[-66.08237,18.4436],[-66.08245,18.44344],[-66.08226,18.44327],[-66.08219,18.44248],[-66.08229,18.44234],[-66.08218,18.44221],[-66.08225,18.44176],[-66.08205,18.4411],[-66.08233,18.44068],[-66.08251,18.44079],[-66.08268,18.44144],[-66.08345,18.44218],[-66.08398,18.44225],[-66.08418,18.44194],[-66.08414,18.44152],[-66.08427,18.44147],[-66.08504,18.44181],[-66.08546,18.44181],[-66.08557,18.44171],[-66.08522,18.44067],[-66.08533,18.44057],[-66.08547,18.44064],[-66.08545,18.44045],[-66.08628,18.43996],[-66.08635,18.43966],[-66.08617,18.43948],[-66.08639,18.43947],[-66.08656,18.43922],[-66.08689,18.43913],[-66.08701,18.43883],[-66.08812,18.43828],[-66.08824,18.43835],[-66.08865,18.43823],[-66.0889,18.43857],[-66.08869,18.43869],[-66.0888,18.43878],[-66.1071,18.42805],[-66.10718,18.42789],[-66.10745,18.42813],[-66.10717,18.42914],[-66.10728,18.42917],[-66.10762,18.42798],[-66.10789,18.42774],[-66.10797,18.42786],[-66.10799,18.42776],[-66.10838,18.42794],[-66.10743,18.42743],[-66.09884,18.41845],[-66.09802,18.41686],[-66.09786,18.41602],[-66.09979,18.41382],[-66.09981,18.41357],[-66.09951,18.41287],[-66.09983,18.41223],[-66.09974,18.41163],[-66.09923,18.41099],[-66.09817,18.41023],[-66.09696,18.40904],[-66.09679,18.40847],[-66.09638,18.40792],[-66.09627,18.40737],[-66.09506,18.40605],[-66.09484,18.40562],[-66.09497,18.40466],[-66.09486,18.40388],[-66.09504,18.40298],[-66.09525,18.40243],[-66.0965,18.40052],[-66.09672,18.40045],[-66.10126,18.40209],[-66.10316,18.40218],[-66.10484,18.40194],[-66.10636,18.40205],[-66.10649,18.4018],[-66.10694,18.40159],[-66.10699,18.40093],[-66.10763,18.39992],[-66.1085,18.39887],[-66.10789,18.39715],[-66.10791,18.39654],[-66.10817,18.39569],[-66.10818,18.39475],[-66.10759,18.39284],[-66.10774,18.39233],[-66.10764,18.39185],[-66.10802,18.39119],[-66.10779,18.38979],[-66.10796,18.38872],[-66.10738,18.38753],[-66.10735,18.38684],[-66.10569,18.38673],[-66.10558,18.38654],[-66.10554,18.38506],[-66.10478,18.38465],[-66.10462,18.3843],[-66.10499,18.38377],[-66.10615,18.38339],[-66.10636,18.38323],[-66.10645,18.38293],[-66.10608,18.38254],[-66.10364,18.38115],[-66.10247,18.37975],[-66.10172,18.37964],[-66.10014,18.37998],[-66.09949,18.37989],[-66.09696,18.37851],[-66.09538,18.37794],[-66.09482,18.3774],[-66.09437,18.37653],[-66.0939,18.37604],[-66.09256,18.37543],[-66.09087,18.37509],[-66.0904,18.37476],[-66.09181,18.37309],[-66.09255,18.37247],[-66.09258,18.37222],[-66.09243,18.36932],[-66.0909,18.36799],[-66.09006,18.36623],[-66.09017,18.36577],[-66.0911,18.36499],[-66.09201,18.36376],[-66.09179,18.36216],[-66.09184,18.36127],[-66.09156,18.36104],[-66.09083,18.3612],[-66.0905,18.36113],[-66.09003,18.36072],[-66.08939,18.35902],[-66.08863,18.35789],[-66.08846,18.35722],[-66.08965,18.35631],[-66.09011,18.35664],[-66.09069,18.35679],[-66.09161,18.35657],[-66.09236,18.35663],[-66.09413,18.35502],[-66.09478,18.35503],[-66.09518,18.35488],[-66.09532,18.35495],[-66.09546,18.35548],[-66.09564,18.35553],[-66.09623,18.35472],[-66.09651,18.35482],[-66.0967,18.35525],[-66.09742,18.35585],[-66.09788,18.35591],[-66.09795,18.35577],[-66.09749,18.35542],[-66.09732,18.35492],[-66.09636,18.35388],[-66.09637,18.35364],[-66.09655,18.35338],[-66.09745,18.35274],[-66.09838,18.35032],[-66.09828,18.3497],[-66.09774,18.3495],[-66.09751,18.34907],[-66.09784,18.34864],[-66.09777,18.34698],[-66.098,18.34545],[-66.09837,18.34458],[-66.09924,18.34368],[-66.09972,18.34239],[-66.09938,18.34182],[-66.09824,18.34076],[-66.09636,18.34028],[-66.09613,18.34008],[-66.09598,18.33911],[-66.09626,18.33847],[-66.09632,18.3379],[-66.09589,18.33786],[-66.09517,18.33922],[-66.09485,18.33853],[-66.09517,18.33788],[-66.09512,18.33769],[-66.09404,18.33761],[-66.09332,18.33789],[-66.09275,18.33771],[-66.09197,18.33669],[-66.09036,18.33602],[-66.09006,18.33541],[-66.08974,18.3351],[-66.08853,18.33505],[-66.08786,18.33475],[-66.08708,18.33321],[-66.08687,18.33303],[-66.08678,18.33201],[-66.08776,18.33145],[-66.08848,18.33041],[-66.08846,18.33014],[-66.08812,18.32968],[-66.08783,18.32888],[-66.08739,18.32827],[-66.08761,18.327],[-66.08801,18.32633],[-66.08826,18.32517],[-66.08805,18.32473],[-66.08916,18.32302],[-66.08874,18.32206],[-66.0877,18.32117],[-66.08763,18.3209],[-66.08775,18.32058],[-66.08852,18.31977],[-66.08812,18.31826],[-66.08787,18.31778],[-66.08764,18.31766],[-66.08659,18.31769],[-66.0862,18.31746],[-66.0851,18.31621],[-66.08507,18.31512],[-66.08465,18.31458],[-66.08453,18.31415],[-66.0845,18.31337],[-66.08469,18.31258],[-66.08402,18.31181],[-66.08394,18.31111],[-66.08305,18.31027],[-66.08245,18.30799],[-66.08262,18.30736],[-66.08234,18.30694],[-66.08269,18.30588],[-66.08314,18.30529],[-66.08336,18.30516],[-66.08349,18.30529],[-66.0842,18.30501],[-66.08543,18.30412],[-66.08543,18.30351],[-66.08473,18.30234],[-66.08511,18.30102],[-66.08511,18.30026],[-66.08502,18.3],[-66.08463,18.29972],[-66.08275,18.3],[-66.08206,18.29985],[-66.08048,18.29727],[-66.07807,18.2971],[-66.07722,18.29658],[-66.07686,18.29653],[-66.07552,18.29682],[-66.07294,18.29787],[-66.07283,18.29865],[-66.07265,18.29896],[-66.07241,18.29915],[-66.0714,18.29919],[-66.07116,18.29936],[-66.07071,18.3003],[-66.06913,18.30164],[-66.06807,18.30215],[-66.06731,18.30274],[-66.06633,18.30316],[-66.06608,18.30335],[-66.06617,18.30405],[-66.06598,18.30426],[-66.0652,18.30392],[-66.06448,18.3038],[-66.06415,18.30315],[-66.06355,18.303],[-66.06296,18.30258],[-66.06248,18.30248],[-66.06228,18.30258],[-66.0625,18.30288],[-66.06238,18.3031],[-66.06121,18.30234],[-66.06083,18.30217],[-66.06012,18.30225],[-66.05985,18.30192],[-66.05932,18.30219],[-66.05933,18.30241],[-66.05968,18.30278],[-66.05964,18.30353],[-66.05739,18.30237],[-66.05737,18.3029],[-66.05705,18.30383],[-66.05651,18.30453],[-66.0563,18.30449],[-66.05609,18.30412],[-66.05572,18.30384],[-66.05467,18.30385],[-66.05377,18.30301],[-66.05353,18.30294],[-66.05309,18.30304],[-66.05296,18.30337],[-66.0533,18.30374],[-66.0532,18.3039],[-66.05273,18.30365],[-66.05193,18.30292],[-66.05167,18.30148],[-66.05089,18.3015],[-66.05057,18.30063],[-66.04962,18.29926],[-66.04919,18.29834],[-66.04881,18.2982],[-66.04849,18.29772],[-66.04833,18.29788],[-66.04775,18.29792],[-66.04742,18.29812],[-66.04695,18.29891],[-66.04672,18.29906],[-66.04579,18.29922],[-66.04534,18.29942],[-66.04556,18.29982],[-66.0465,18.30041],[-66.04623,18.30092],[-66.04644,18.30119],[-66.04689,18.30137],[-66.04724,18.3018],[-66.04729,18.30216],[-66.04787,18.30254],[-66.04793,18.30272],[-66.04739,18.30283],[-66.04725,18.30299],[-66.04731,18.30331],[-66.04704,18.304],[-66.04726,18.30548],[-66.04787,18.30673],[-66.04715,18.30912],[-66.04535,18.31142],[-66.04381,18.31143],[-66.04344,18.31158],[-66.04253,18.31241],[-66.04226,18.3125],[-66.04131,18.31219],[-66.04073,18.31248],[-66.04066,18.31285],[-66.04129,18.31424],[-66.04121,18.31524],[-66.041,18.31555],[-66.0408,18.31581],[-66.04054,18.3159],[-66.03964,18.31598],[-66.03924,18.31652],[-66.0375,18.31748],[-66.03713,18.31825],[-66.03545,18.32004],[-66.0359,18.32115],[-66.03571,18.32156],[-66.03576,18.32195],[-66.03585,18.32218],[-66.03626,18.32246],[-66.03651,18.32331],[-66.03616,18.32397],[-66.03624,18.32502],[-66.03547,18.32609],[-66.03546,18.32643],[-66.036,18.32796],[-66.03578,18.32916],[-66.03525,18.32978],[-66.03515,18.33009],[-66.03516,18.33169],[-66.03486,18.3329],[-66.03523,18.33414],[-66.03503,18.33431],[-66.03405,18.33459],[-66.03391,18.33478],[-66.03386,18.33626],[-66.03431,18.33663],[-66.03468,18.33926],[-66.03507,18.34021],[-66.03511,18.34165],[-66.03565,18.34258],[-66.03564,18.34437],[-66.0358,18.34467],[-66.03689,18.3454],[-66.03706,18.34603],[-66.03665,18.34674],[-66.03634,18.34843],[-66.03567,18.34918],[-66.03524,18.35068],[-66.0347,18.3514],[-66.03453,18.35239],[-66.03486,18.35287],[-66.03453,18.35393],[-66.03413,18.35446],[-66.03349,18.3547],[-66.03293,18.35561],[-66.03248,18.3557],[-66.03325,18.35644],[-66.03433,18.3568],[-66.03471,18.35738],[-66.03499,18.35989],[-66.03476,18.36102],[-66.03424,18.36168],[-66.03417,18.36197],[-66.03423,18.36223],[-66.03486,18.36311],[-66.03511,18.36412],[-66.0349,18.36509],[-66.03501,18.36553],[-66.0349,18.36602],[-66.03515,18.36705],[-66.03507,18.36738],[-66.03553,18.36751],[-66.03546,18.36822],[-66.03566,18.36845],[-66.03544,18.36896],[-66.03552,18.36976],[-66.03501,18.36978],[-66.03461,18.37022],[-66.03404,18.37057],[-66.03354,18.37123],[-66.03281,18.37283],[-66.03222,18.37324],[-66.02535,18.37971],[-66.02511,18.37981],[-66.01796,18.3785],[-66.01659,18.37846],[-66.01627,18.37855],[-66.01569,18.37908],[-66.01456,18.37887],[-66.01368,18.37889],[-66.01409,18.38002],[-66.0134,18.38031],[-66.01305,18.38077],[-66.01281,18.38084],[-66.01238,18.38063],[-66.01188,18.37999],[-66.01031,18.37929],[-66.01,18.37929],[-66.00957,18.37969],[-66.00933,18.37967],[-66.00843,18.37929],[-66.00789,18.3788],[-66.00741,18.37874],[-66.00696,18.3788],[-66.00683,18.37895],[-66.00579,18.37899],[-66.00493,18.37919],[-66.00311,18.37922],[-66.00119,18.37968],[-66.00058,18.37998],[-65.99927,18.38021],[-65.9994,18.38041],[-66.0003,18.38082],[-66.0003,18.38132],[-66.00084,18.38221],[-66.00102,18.38284],[-66.00151,18.38357],[-66.0027,18.38473],[-66.003,18.3853],[-66.00292,18.38651],[-66.00329,18.38699],[-66.00326,18.38747],[-66.00357,18.38864],[-66.00335,18.38962],[-66.00351,18.39221],[-66.00346,18.39299],[-66.0031,18.39353],[-66.00314,18.3947],[-66.00292,18.39513],[-66.00269,18.39514],[-66.00221,18.39497],[-66.00128,18.39431],[-66.00096,18.39436],[-66.00085,18.39465],[-66.00096,18.3953],[-66.00081,18.3955],[-66.00061,18.39539],[-66.0004,18.39496],[-66.00014,18.39488],[-65.99994,18.39493],[-65.99924,18.39576],[-65.99898,18.39583],[-65.9983,18.39544],[-65.99801,18.39542],[-65.99763,18.39569],[-65.99749,18.39665],[-65.99708,18.39692],[-65.99451,18.39738],[-65.99367,18.39774],[-65.99289,18.39773],[-65.99246,18.39813],[-65.99149,18.3983],[-65.99177,18.4036],[-65.99298,18.40722],[-65.99346,18.40763],[-65.99561,18.40836],[-65.99972,18.41027],[-66.00111,18.41078],[-66.00368,18.4114],[-66.00541,18.41229],[-66.00678,18.41319],[-66.00822,18.41366],[-66.00891,18.4141],[-66.01021,18.41563],[-66.01065,18.41597],[-66.0112,18.41674],[-66.01172,18.41711],[-66.01199,18.41809],[-66.01523,18.41805],[-66.01884,18.41941],[-66.02031,18.42021],[-66.02249,18.4219],[-66.02424,18.42353],[-66.02793,18.42586],[-66.02875,18.42654],[-66.02951,18.42739],[-66.03105,18.43094],[-66.0317,18.43288],[-66.0325,18.43636],[-66.03317,18.43736],[-66.03383,18.438],[-66.03608,18.43949],[-66.03762,18.43995],[-66.039,18.44068],[-66.0431,18.44404],[-66.04057,18.44644],[-66.0382,18.44623],[-66.03799,18.44815],[-66.03738,18.44912],[-66.03754,18.4493],[-66.03665,18.45014]]],[[[-66.09084,18.46934],[-66.09037,18.46937],[-66.09037,18.46952],[-66.09143,18.46992],[-66.0915,18.46971],[-66.09133,18.46955],[-66.09131,18.46928],[-66.09084,18.46934]]],[[[-66.12468,18.47231],[-66.12502,18.47232],[-66.12539,18.47212],[-66.12574,18.47165],[-66.12568,18.47151],[-66.12519,18.47213],[-66.12378,18.47213],[-66.12393,18.47225],[-66.12468,18.47231]]]]},"properties":{"municipio":"San Juan","geoid":"72127","countyfp":"127","abrev_mun":"SJU"}},
{"type":"Feature","geometry":{"type":"Polygon","coordinates":[[[-65.95115,18.22928],[-65.95237,18.22887],[-65.9547,18.22891],[-65.9561,18.22853],[-65.95688,18.22875],[-65.958,18.22878],[-65.95893,18.22908],[-65.95968,18.22899],[-65.96062,18.2293],[-65.96179,18.22942],[-65.96386,18.2292],[-65.96498,18.2295],[-65.96675,18.22874],[-65.96752,18.22868],[-65.97019,18.22919],[-65.9713,18.22922],[-65.97663,18.22753],[-65.97958,18.22612],[-65.9805,18.22607],[-65.98138,18.2231],[-65.98068,18.2228],[-65.98065,18.2226],[-65.98186,18.22063],[-65.98233,18.22057],[-65.98243,18.2208],[-65.98234,18.22122],[-65.98296,18.22127],[-65.98378,18.22085],[-65.98444,18.22026],[-65.98546,18.22027],[-65.98627,18.22053],[-65.98692,18.22052],[-65.98805,18.2202],[-65.98897,18.22042],[-65.98946,18.2197],[-65.99006,18.21931],[-65.99049,18.21841],[-65.99181,18.21241],[-65.99206,18.21172],[-65.99275,18.21076],[-65.99357,18.21057],[-65.9943,18.20843],[-65.99764,18.20708],[-65.9981,18.20584],[-65.99961,18.20443],[-66.00049,18.20206],[-66.00018,18.19892],[-66.00017,18.19746],[-65.99995,18.19695],[-65.99961,18.19668],[-65.99961,18.19647],[-65.99849,18.19589],[-65.99831,18.19546],[-65.99896,18.19419],[-65.999,18.19386],[-65.99844,18.19296],[-65.99842,18.19253],[-65.99908,18.19116],[-65.99933,18.18954],[-65.99959,18.18873],[-65.99986,18.18861],[-66.00096,18.18904],[-66.00131,18.1889],[-66.00201,18.18822],[-66.00252,18.18708],[-66.00289,18.18656],[-66.00332,18.18603],[-66.00391,18.1856],[-66.00453,18.18568],[-66.00508,18.18612],[-66.00575,18.18641],[-66.00665,18.18633],[-66.0078,18.18661],[-66.01009,18.18618],[-66.01125,18.18617],[-66.0115,18.1856],[-66.01195,18.18288],[-66.01209,18.18269],[-66.01321,18.18227],[-66.01347,18.18168],[-66.01329,18.18092],[-66.01233,18.17965],[-66.01198,18.17877],[-66.01267,18.17681],[-66.0131,18.17659],[-66.01438,18.17667],[-66.01528,18.17637],[-66.01683,18.17633],[-66.01667,18.17507],[-66.01715,18.17245],[-66.01794,18.17149],[-66.01952,18.17088],[-66.01981,18.17019],[-66.01961,18.16917],[-66.02019,18.16843],[-66.02021,18.16766],[-66.02222,18.16605],[-66.02203,18.16496],[-66.02215,18.16406],[-66.02205,18.16353],[-66.02158,18.16245],[-66.02111,18.16175],[-66.02072,18.16026],[-66.02035,18.15969],[-66.02018,18.15873],[-66.0202,18.15774],[-66.02048,18.15718],[-66.02087,18.15678],[-66.02241,18.1558],[-66.02316,18.15311],[-66.02197,18.15092],[-66.02181,18.14948],[-66.02104,18.147],[-66.01969,18.14574],[-66.01962,18.14544],[-66.0199,18.14544],[-66.02035,18.14498],[-66.02039,18.14401],[-66.02119,18.1433],[-66.02172,18.1425],[-66.02267,18.14161],[-66.02348,18.14112],[-66.02387,18.14054],[-66.02421,18.13963],[-66.02508,18.13876],[-66.02514,18.13797],[-66.02501,18.13759],[-66.02425,18.13713],[-66.02392,18.13658],[-66.02399,18.13612],[-66.0244,18.13561],[-66.02578,18.13467],[-66.02597,18.13403],[-66.02632,18.13376],[-66.02859,18.13312],[-66.02935,18.13272],[-66.03155,18.13229],[-66.03193,18.13192],[-66.0324,18.13094],[-66.03256,18.13012],[-66.0329,18.12929],[-66.03248,18.12693],[-66.03252,18.12661],[-66.033,18.12593],[-66.03292,18.12508],[-66.03301,18.1249],[-66.03351,18.12468],[-66.03414,18.12378],[-66.03441,18.12329],[-66.03446,18.12274],[-66.03506,18.12195],[-66.03518,18.11994],[-66.03543,18.11947],[-66.03634,18.11885],[-66.0375,18.11831],[-66.03851,18.1173],[-66.03884,18.11715],[-66.03945,18.11719],[-66.03976,18.11702],[-66.04032,18.11601],[-66.04052,18.11582],[-66.04124,18.11566],[-66.04168,18.11535],[-66.04265,18.1141],[-66.04283,18.11405],[-66.04384,18.11464],[-66.04456,18.1148],[-66.04608,18.11492],[-66.04692,18.11514],[-66.04975,18.11525],[-66.05021,18.11501],[-66.05072,18.1145],[-66.05246,18.11357],[-66.0525,18.11269],[-66.05171,18.1116],[-66.05135,18.11085],[-66.05161,18.11007],[-66.04939,18.1083],[-66.04871,18.10752],[-66.04772,18.10716],[-66.04667,18.1065],[-66.04513,18.10607],[-66.04448,18.10516],[-66.04395,18.10507],[-66.04238,18.10397],[-66.04156,18.10403],[-66.0412,18.10382],[-66.03859,18.10406],[-66.03757,18.10325],[-66.03611,18.1032],[-66.0348,18.10278],[-66.03346,18.10254],[-66.03291,18.10189],[-66.03233,18.10163],[-66.03183,18.10165],[-66.03082,18.10213],[-66.02964,18.10169],[-66.02797,18.10165],[-66.0274,18.102],[-66.02573,18.10215],[-66.02466,18.10283],[-66.02408,18.10282],[-66.02321,18.10302],[-66.02204,18.10291],[-66.01968,18.10308],[-66.01943,18.10272],[-66.01932,18.10151],[-66.01916,18.10118],[-66.01831,18.10025],[-66.01781,18.09914],[-66.01681,18.09831],[-66.01548,18.09685],[-66.01486,18.09656],[-66.01405,18.09638],[-66.01276,18.09649],[-66.01261,18.09469],[-66.01272,18.09377],[-66.01336,18.09305],[-66.01504,18.09213],[-66.01616,18.09181],[-66.01632,18.0916],[-66.01623,18.08954],[-66.01671,18.08855],[-66.01682,18.08774],[-66.0172,18.08733],[-66.01787,18.08716],[-66.01812,18.08676],[-66.01835,18.086],[-66.01881,18.08517],[-66.01879,18.08442],[-66.01934,18.08367],[-66.01931,18.08343],[-66.01868,18.08272],[-66.01826,18.08172],[-66.01756,18.08136],[-66.01622,18.07998],[-66.01393,18.07851],[-66.01384,18.07673],[-66.01283,18.0761],[-66.01208,18.07595],[-66.01103,18.07596],[-66.01035,18.07566],[-66.0098,18.07617],[-66.00929,18.07638],[-66.00866,18.07637],[-66.00703,18.07578],[-66.00608,18.07606],[-66.0052,18.07598],[-66.00481,18.0762],[-66.00309,18.07875],[-66.00223,18.07938],[-66.00124,18.08058],[-66.00018,18.08132],[-65.99961,18.08238],[-65.99785,18.0838],[-65.9978,18.08405],[-65.99734,18.08424],[-65.99711,18.0842],[-65.99667,18.08465],[-65.99548,18.08479],[-65.99525,18.08493],[-65.99458,18.08712],[-65.99464,18.08825],[-65.9937,18.08964],[-65.99314,18.08984],[-65.99073,18.0902],[-65.99023,18.08999],[-65.98976,18.08922],[-65.98895,18.08902],[-65.98806,18.08944],[-65.98697,18.08937],[-65.98647,18.08979],[-65.98623,18.08979],[-65.98581,18.08956],[-65.98489,18.08865],[-65.98456,18.08871],[-65.98323,18.08949],[-65.9832,18.08978],[-65.98252,18.09028],[-65.98226,18.09128],[-65.98192,18.09149],[-65.98154,18.09149],[-65.98134,18.09174],[-65.98085,18.0931],[-65.98084,18.0936],[-65.98047,18.09361],[-65.97951,18.09299],[-65.97933,18.09306],[-65.97871,18.09397],[-65.97873,18.09467],[-65.97855,18.0949],[-65.9778,18.09508],[-65.97728,18.09493],[-65.97682,18.0945],[-65.97639,18.09458],[-65.97594,18.09437],[-65.97581,18.09292],[-65.97538,18.0925],[-65.97493,18.0924],[-65.97451,18.0921],[-65.97344,18.09103],[-65.9732,18.09091],[-65.97198,18.09095],[-65.97064,18.09112],[-65.97043,18.09041],[-65.9701,18.08993],[-65.96962,18.08987],[-65.96892,18.09015],[-65.96857,18.08992],[-65.96815,18.08933],[-65.96792,18.08924],[-65.96707,18.08935],[-65.96613,18.08928],[-65.96511,18.08782],[-65.9644,18.08715],[-65.96416,18.08713],[-65.9636,18.08779],[-65.96335,18.08785],[-65.96282,18.08762],[-65.9621,18.0866],[-65.96187,18.08677],[-65.9614,18.08764],[-65.96063,18.08858],[-65.96021,18.08883],[-65.95823,18.08939],[-65.95737,18.09032],[-65.95674,18.09078],[-65.95608,18.09102],[-65.95574,18.09174],[-65.95545,18.09188],[-65.95494,18.09181],[-65.95468,18.09161],[-65.95419,18.09168],[-65.95258,18.09283],[-65.95119,18.09238],[-65.9506,18.09276],[-65.95011,18.09282],[-65.94981,18.09236],[-65.94922,18.09219],[-65.94851,18.09177],[-65.94799,18.0918],[-65.94725,18.0914],[-65.94673,18.0913],[-65.94632,18.09087],[-65.94537,18.09058],[-65.94348,18.08934],[-65.94206,18.0891],[-65.94177,18.08918],[-65.94091,18.0898],[-65.94087,18.09032],[-65.93968,18.09174],[-65.93939,18.09187],[-65.93802,18.09196],[-65.93808,18.09233],[-65.93781,18.09237],[-65.93687,18.09187],[-65.93638,18.09182],[-65.93615,18.09203],[-65.93603,18.09253],[-65.93632,18.09347],[-65.93618,18.09388],[-65.93509,18.09386],[-65.93418,18.09334],[-65.93361,18.09332],[-65.93349,18.09353],[-65.93395,18.09451],[-65.93395,18.0951],[-65.93375,18.09531],[-65.93267,18.09541],[-65.93228,18.09645],[-65.93092,18.0969],[-65.93081,18.09713],[-65.9303,18.09749],[-65.93024,18.09797],[-65.93059,18.09887],[-65.93149,18.09976],[-65.93191,18.10072],[-65.9307,18.10068],[-65.93018,18.1008],[-65.9293,18.10137],[-65.92861,18.10207],[-65.92822,18.1034],[-65.9283,18.10515],[-65.92543,18.10557],[-65.92489,18.10586],[-65.92432,18.10664],[-65.92438,18.10747],[-65.92421,18.10787],[-65.92439,18.1081],[-65.92637,18.1085],[-65.92654,18.10863],[-65.92601,18.11069],[-65.92605,18.11134],[-65.92587,18.11203],[-65.92618,18.11276],[-65.92691,18.11358],[-65.92697,18.11383],[-65.92669,18.11434],[-65.92665,18.11485],[-65.92714,18.11639],[-65.92663,18.11727],[-65.92591,18.11772],[-65.92587,18.11805],[-65.92623,18.11826],[-65.92637,18.1186],[-65.92621,18.12019],[-65.92747,18.122],[-65.92733,18.12269],[-65.92694,18.12342],[-65.92663,18.12506],[-65.92634,18.12503],[-65.92577,18.12609],[-65.9257,18.1267],[-65.92635,18.1275],[-65.92585,18.128],[-65.92532,18.12884],[-65.92564,18.12977],[-65.9258,18.13112],[-65.92504,18.13346],[-65.92534,18.13393],[-65.9254,18.13448],[-65.92509,18.13502],[-65.92442,18.1356],[-65.92116,18.13607],[-65.92068,18.13734],[-65.92078,18.13766],[-65.92161,18.13832],[-65.9221,18.13896],[-65.92294,18.13918],[-65.92381,18.13963],[-65.92532,18.13978],[-65.92636,18.13897],[-65.92713,18.14033],[-65.92694,18.14098],[-65.92831,18.14299],[-65.92907,18.14339],[-65.92898,18.14375],[-65.9282,18.14442],[-65.92809,18.14504],[-65.92821,18.14595],[-65.92812,18.1484],[-65.92838,18.14946],[-65.92844,18.15241],[-65.92864,18.1528],[-65.9285,18.15385],[-65.92911,18.15482],[-65.92989,18.15557],[-65.92984,18.15675],[-65.9303,18.15767],[-65.93102,18.15976],[-65.93157,18.1606],[-65.93164,18.16124],[-65.93203,18.16187],[-65.93142,18.16355],[-65.93099,18.16331],[-65.9305,18.16336],[-65.93008,18.16369],[-65.92982,18.16414],[-65.93022,18.16643],[-65.93134,18.16799],[-65.93135,18.16894],[-65.93153,18.16965],[-65.93142,18.17046],[-65.93088,18.17216],[-65.93079,18.17319],[-65.93107,18.17559],[-65.93082,18.17657],[-65.93109,18.1778],[-65.92816,18.17711],[-65.9274,18.17721],[-65.92793,18.17981],[-65.92731,18.18147],[-65.92722,18.18216],[-65.92774,18.18326],[-65.92803,18.18357],[-65.92909,18.18416],[-65.92931,18.18463],[-65.92924,18.18541],[-65.92862,18.18666],[-65.92818,18.18857],[-65.92859,18.18972],[-65.9286,18.19],[-65.92835,18.19043],[-65.92839,18.19084],[-65.92906,18.19143],[-65.92996,18.19295],[-65.92999,18.19324],[-65.92949,18.19526],[-65.92944,18.19722],[-65.93058,18.19743],[-65.93097,18.19725],[-65.93114,18.19683],[-65.93161,18.19645],[-65.93383,18.19623],[-65.93452,18.19711],[-65.93727,18.19976],[-65.9379,18.20059],[-65.93803,18.20113],[-65.93855,18.20119],[-65.93954,18.20252],[-65.94014,18.20259],[-65.94105,18.20215],[-65.94139,18.20217],[-65.9416,18.20261],[-65.94159,18.20342],[-65.94191,18.20451],[-65.94293,18.20536],[-65.94411,18.20603],[-65.945,18.20743],[-65.94591,18.20822],[-65.94684,18.20877],[-65.94779,18.20995],[-65.94779,18.21041],[-65.94739,18.21098],[-65.94783,18.2126],[-65.94811,18.21315],[-65.94944,18.2135],[-65.94996,18.21409],[-65.95068,18.21443],[-65.9514,18.21516],[-65.95174,18.21567],[-65.95184,18.21628],[-65.95123,18.21729],[-65.95103,18.2185],[-65.95106,18.21915],[-65.95159,18.22062],[-65.95075,18.22226],[-65.95101,18.22301],[-65.95087,18.22379],[-65.95111,18.22453],[-65.95108,18.22528],[-65.94997,18.22616],[-65.94924,18.22648],[-65.94904,18.22709],[-65.94925,18.22785],[-65.95014,18.22822],[-65.95115,18.22928]]]},"properties":{"municipio":"San Lorenzo","geoid":"72129","countyfp":"129","abrev_mun":"SLO"}},
{"type":"Feature","geometry":{"type":"Polygon","coordinates":[[[-66.92211,18.39331],[-66.92915,18.39253],[-66.93014,18.3921],[-66.93087,18.39159],[-66.93129,18.39065],[-66.93222,18.38956],[-66.93344,18.38942],[-66.9334,18.38797],[-66.93506,18.38842],[-66.93561,18.38739],[-66.93572,18.38633],[-66.93542,18.38549],[-66.9363,18.38526],[-66.93712,18.38464],[-66.93652,18.38378],[-66.93724,18.38146],[-66.93688,18.3794],[-66.9364,18.37838],[-66.93668,18.37779],[-66.93677,18.37672],[-66.94554,18.37519],[-66.94825,18.37666],[-66.94883,18.37683],[-66.95089,18.37957],[-66.9524,18.37917],[-66.95397,18.3796],[-66.95447,18.37982],[-66.95741,18.38183],[-66.95845,18.38221],[-66.95966,18.38211],[-66.96176,18.38398],[-66.97009,18.38562],[-66.97286,18.38628],[-66.97944,18.38638],[-66.9811,18.38492],[-66.98193,18.38489],[-66.98327,18.38511],[-66.98428,18.38507],[-66.98523,18.38549],[-66.98595,18.38618],[-66.98803,18.38674],[-66.98945,18.38823],[-66.9918,18.3888],[-66.99369,18.38872],[-66.99433,18.38945],[-66.99462,18.38953],[-66.99542,18.38915],[-66.9962,18.38896],[-66.99691,18.38929],[-66.99713,18.38952],[-66.99728,18.39057],[-66.99744,18.39091],[-66.99777,18.39117],[-66.9985,18.39068],[-66.99931,18.39053],[-66.99998,18.39087],[-67.00061,18.39172],[-67.00219,18.39305],[-67.00297,18.39287],[-67.00562,18.39387],[-67.00605,18.39432],[-67.00624,18.3942],[-67.00834,18.39434],[-67.00858,18.39441],[-67.00921,18.39504],[-67.0097,18.39446],[-67.01059,18.39426],[-67.01149,18.39429],[-67.01221,18.39447],[-67.0129,18.39436],[-67.01385,18.39513],[-67.01599,18.39513],[-67.01734,18.39496],[-67.0181,18.39458],[-67.0198,18.39426],[-67.02031,18.39481],[-67.0205,18.39485],[-67.02132,18.39429],[-67.02165,18.39366],[-67.02283,18.39315],[-67.02374,18.39259],[-67.02596,18.39213],[-67.02657,18.39224],[-67.02681,18.39285],[-67.0272,18.39337],[-67.02753,18.39202],[-67.02789,18.39151],[-67.02859,18.39113],[-67.02883,18.38986],[-67.02918,18.38956],[-67.0291,18.38877],[-67.02978,18.38824],[-67.03012,18.38732],[-67.03109,18.38714],[-67.03191,18.38649],[-67.03253,18.38623],[-67.03278,18.38586],[-67.03309,18.38495],[-67.03301,18.38418],[-67.03358,18.38264],[-67.03343,18.38194],[-67.03383,18.38215],[-67.03423,18.38137],[-67.03476,18.38138],[-67.03517,18.3816],[-67.03536,18.38146],[-67.03534,18.38081],[-67.03587,18.38077],[-67.03622,18.38054],[-67.03646,18.3806],[-67.03681,18.38113],[-67.03699,18.3812],[-67.03718,18.3811],[-67.03712,18.38067],[-67.03659,18.37995],[-67.03654,18.37909],[-67.03703,18.37884],[-67.03727,18.3776],[-67.03763,18.37776],[-67.03773,18.37756],[-67.03741,18.3763],[-67.03765,18.37565],[-67.0378,18.37548],[-67.03831,18.37548],[-67.03863,18.37517],[-67.0382,18.37443],[-67.03833,18.37374],[-67.03866,18.37351],[-67.03868,18.37328],[-67.03822,18.373],[-67.03828,18.3726],[-67.0384,18.37238],[-67.03892,18.37248],[-67.03924,18.37222],[-67.03934,18.37198],[-67.03866,18.3714],[-67.03875,18.37123],[-67.03902,18.37122],[-67.03919,18.37104],[-67.03886,18.37047],[-67.03898,18.37029],[-67.03928,18.3703],[-67.03916,18.3701],[-67.0398,18.36978],[-67.0399,18.36949],[-67.03913,18.36934],[-67.03927,18.36913],[-67.04014,18.36884],[-67.04018,18.36862],[-67.03954,18.36779],[-67.03903,18.36775],[-67.03891,18.3676],[-67.03894,18.36711],[-67.0391,18.36678],[-67.0395,18.3665],[-67.03929,18.36561],[-67.03992,18.36516],[-67.04038,18.36534],[-67.04041,18.36495],[-67.04028,18.3647],[-67.0399,18.36464],[-67.04039,18.36331],[-67.04077,18.36298],[-67.04059,18.36244],[-67.0412,18.36237],[-67.04142,18.36222],[-67.0416,18.36145],[-67.04128,18.3607],[-67.0415,18.36055],[-67.04153,18.36032],[-67.04126,18.35984],[-67.04055,18.3594],[-67.04184,18.35854],[-67.04187,18.35833],[-67.04146,18.35787],[-67.04229,18.35717],[-67.04224,18.35695],[-67.04185,18.35665],[-67.04193,18.35618],[-67.04218,18.35571],[-67.04253,18.35615],[-67.04272,18.35601],[-67.04265,18.35554],[-67.04277,18.3552],[-67.04301,18.35493],[-67.04345,18.35506],[-67.04357,18.35427],[-67.04395,18.35447],[-67.04419,18.35491],[-67.04438,18.35497],[-67.0445,18.35378],[-67.04468,18.35366],[-67.04498,18.35363],[-67.04554,18.35402],[-67.04707,18.3539],[-67.04743,18.35344],[-67.04797,18.35386],[-67.04788,18.35303],[-67.04692,18.35292],[-67.04722,18.35276],[-67.04741,18.35228],[-67.04733,18.35141],[-67.04751,18.35108],[-67.04718,18.35024],[-67.0472,18.34987],[-67.0485,18.34965],[-67.04826,18.34902],[-67.04833,18.34862],[-67.04856,18.34853],[-67.04893,18.34848],[-67.04996,18.34899],[-67.05017,18.34901],[-67.05029,18.34877],[-67.0499,18.34774],[-67.04965,18.34748],[-67.04921,18.34736],[-67.04856,18.34776],[-67.04768,18.34769],[-67.04671,18.34837],[-67.0461,18.34921],[-67.04638,18.34953],[-67.0464,18.34993],[-67.0461,18.35037],[-67.04554,18.35066],[-67.04516,18.3507],[-67.04494,18.35059],[-67.04357,18.34962],[-67.04361,18.34942],[-67.04384,18.34928],[-67.04515,18.34907],[-67.04539,18.34887],[-67.04548,18.3484],[-67.04546,18.34817],[-67.04494,18.34786],[-67.04478,18.3476],[-67.04471,18.34603],[-67.04365,18.34511],[-67.04357,18.34485],[-67.04377,18.34408],[-67.04319,18.34356],[-67.04317,18.34271],[-67.04334,18.34222],[-67.04325,18.34182],[-67.04295,18.34125],[-67.04196,18.34099],[-67.04186,18.34077],[-67.04236,18.34026],[-67.04241,18.34004],[-67.04142,18.34021],[-67.04171,18.33942],[-67.04122,18.33866],[-67.0401,18.33869],[-67.03993,18.3385],[-67.03995,18.33798],[-67.03966,18.3372],[-67.04003,18.33609],[-67.04043,18.33539],[-67.04041,18.33491],[-67.03959,18.33525],[-67.03928,18.33449],[-67.03899,18.33425],[-67.03827,18.33413],[-67.0373,18.33358],[-67.03668,18.33338],[-67.03656,18.33322],[-67.03667,18.3326],[-67.03709,18.33177],[-67.03759,18.33171],[-67.03803,18.33189],[-67.0382,18.33173],[-67.0382,18.33154],[-67.03704,18.33108],[-67.03683,18.33114],[-67.03658,18.3316],[-67.03631,18.33163],[-67.03619,18.33138],[-67.03633,18.33088],[-67.03624,18.33024],[-67.03634,18.33006],[-67.03685,18.3299],[-67.03681,18.3297],[-67.03594,18.32956],[-67.03583,18.32937],[-67.03617,18.32908],[-67.03603,18.3287],[-67.03662,18.32863],[-67.0368,18.32805],[-67.03703,18.3278],[-67.03771,18.3276],[-67.03788,18.32742],[-67.03774,18.32728],[-67.0371,18.32731],[-67.03693,18.32717],[-67.03695,18.32692],[-67.03739,18.32625],[-67.03843,18.32551],[-67.0411,18.32406],[-67.04131,18.32381],[-67.04155,18.32284],[-67.04128,18.32243],[-67.04142,18.32104],[-67.04186,18.321],[-67.04267,18.32031],[-67.04323,18.31859],[-67.04422,18.31667],[-67.05253,18.30675],[-67.04066,18.30038],[-67.04041,18.29932],[-67.04039,18.2982],[-67.04009,18.29695],[-67.0402,18.29634],[-67.04001,18.2937],[-67.04011,18.29316],[-67.03929,18.29315],[-67.03918,18.29297],[-67.03926,18.29172],[-67.03915,18.29101],[-67.0384,18.29004],[-67.03784,18.28976],[-67.03661,18.28884],[-67.03648,18.28825],[-67.03625,18.28802],[-67.03594,18.28802],[-67.03469,18.28847],[-67.0338,18.28905],[-67.0332,18.28968],[-67.03265,18.28992],[-67.03191,18.2899],[-67.03149,18.28975],[-67.0312,18.28949],[-67.03104,18.28899],[-67.03108,18.28859],[-67.03205,18.2864],[-67.03348,18.28498],[-67.0341,18.28474],[-67.03539,18.2848],[-67.03789,18.28413],[-67.03823,18.28393],[-67.03843,18.28334],[-67.03908,18.28305],[-67.03923,18.2828],[-67.03906,18.2824],[-67.03847,18.28142],[-67.03824,18.28075],[-67.03781,18.28032],[-67.03733,18.2803],[-67.03627,18.28079],[-67.03581,18.28085],[-67.03479,18.28154],[-67.03413,18.28177],[-67.03266,18.28202],[-67.03019,18.28098],[-67.02961,18.28031],[-67.02933,18.27941],[-67.02886,18.27885],[-67.02791,18.27854],[-67.02693,18.27852],[-67.02621,18.27861],[-67.02523,18.27922],[-67.02489,18.27965],[-67.02435,18.28089],[-67.02404,18.28126],[-67.02247,18.28161],[-67.02139,18.28145],[-67.0201,18.28063],[-67.01985,18.28034],[-67.01963,18.2793],[-67.01875,18.27754],[-67.01833,18.27707],[-67.01779,18.2768],[-67.01531,18.27736],[-67.01421,18.27831],[-67.01386,18.27846],[-67.01317,18.27918],[-67.01266,18.27943],[-67.01189,18.2789],[-67.01127,18.27867],[-67.00895,18.27899],[-67.00564,18.27912],[-67.0033,18.27719],[-67.00147,18.27614],[-66.99869,18.27732],[-66.99802,18.27747],[-66.99767,18.27741],[-66.99586,18.27633],[-66.99412,18.27562],[-66.99258,18.27555],[-66.99224,18.27569],[-66.99146,18.27657],[-66.99066,18.27677],[-66.98945,18.27684],[-66.98898,18.27663],[-66.98845,18.27571],[-66.98719,18.27508],[-66.98418,18.27452],[-66.98268,18.27462],[-66.98161,18.27508],[-66.98058,18.27577],[-66.97972,18.27598],[-66.97894,18.27597],[-66.97849,18.27578],[-66.97741,18.27494],[-66.9753,18.27465],[-66.97512,18.27474],[-66.97478,18.27455],[-66.9736,18.27435],[-66.97298,18.2739],[-66.97194,18.27193],[-66.97139,18.27014],[-66.97031,18.26864],[-66.97017,18.26789],[-66.97032,18.26632],[-66.96962,18.26389],[-66.96924,18.26351],[-66.96872,18.26341],[-66.96775,18.26343],[-66.96698,18.26372],[-66.96515,18.26582],[-66.965,18.26668],[-66.96534,18.26804],[-66.96537,18.26878],[-66.96521,18.26982],[-66.96526,18.27083],[-66.96497,18.27127],[-66.96436,18.27127],[-66.96296,18.2708],[-66.9619,18.27013],[-66.96156,18.27006],[-66.96059,18.27101],[-66.96,18.2713],[-66.9575,18.27184],[-66.95606,18.27191],[-66.95395,18.27148],[-66.95276,18.27095],[-66.95086,18.26964],[-66.95064,18.26923],[-66.95026,18.26751],[-66.94995,18.2669],[-66.94973,18.26668],[-66.94887,18.2666],[-66.94781,18.26682],[-66.94696,18.26757],[-66.94638,18.26844],[-66.94624,18.2691],[-66.94642,18.26972],[-66.94654,18.26987],[-66.94736,18.27015],[-66.94784,18.2714],[-66.94769,18.27197],[-66.94721,18.27254],[-66.94654,18.27309],[-66.94603,18.27324],[-66.94557,18.27292],[-66.9454,18.27254],[-66.94502,18.27129],[-66.94484,18.26993],[-66.94404,18.26815],[-66.94221,18.26673],[-66.94132,18.26636],[-66.94102,18.26582],[-66.94122,18.26507],[-66.94263,18.26351],[-66.94306,18.26272],[-66.94338,18.26176],[-66.94329,18.26091],[-66.94312,18.26061],[-66.94258,18.26027],[-66.94193,18.26017],[-66.94058,18.26153],[-66.94005,18.26231],[-66.93963,18.26239],[-66.9391,18.26228],[-66.9388,18.2619],[-66.93871,18.26042],[-66.93852,18.25976],[-66.93855,18.25908],[-66.93849,18.25876],[-66.93825,18.25858],[-66.93706,18.25848],[-66.93615,18.25888],[-66.93522,18.25898],[-66.9341,18.25884],[-66.9337,18.25847],[-66.93327,18.25717],[-66.93314,18.25566],[-66.93239,18.25343],[-66.93215,18.25327],[-66.93157,18.25325],[-66.92996,18.25397],[-66.9289,18.25403],[-66.92752,18.25547],[-66.9275,18.25614],[-66.92781,18.25693],[-66.92837,18.25699],[-66.92908,18.25666],[-66.9294,18.25675],[-66.93004,18.25727],[-66.93033,18.25782],[-66.93036,18.25834],[-66.93006,18.2586],[-66.92759,18.25916],[-66.92678,18.25962],[-66.92428,18.26045],[-66.92388,18.26021],[-66.92332,18.25872],[-66.92255,18.25743],[-66.92236,18.25736],[-66.92182,18.25757],[-66.91967,18.25907],[-66.91943,18.2591],[-66.91906,18.25875],[-66.91884,18.25828],[-66.91905,18.25654],[-66.91899,18.25627],[-66.91825,18.25576],[-66.91523,18.25507],[-66.91445,18.25477],[-66.9137,18.25426],[-66.91252,18.25407],[-66.91164,18.25341],[-66.91065,18.25311],[-66.90883,18.25212],[-66.90846,18.2521],[-66.9079,18.25239],[-66.9073,18.25314],[-66.90838,18.25315],[-66.90856,18.25334],[-66.90882,18.25483],[-66.90864,18.25623],[-66.9083,18.25723],[-66.90834,18.26024],[-66.908,18.26106],[-66.9073,18.262],[-66.907,18.26284],[-66.90721,18.26369],[-66.90718,18.26419],[-66.90902,18.26635],[-66.90881,18.26675],[-66.90831,18.26912],[-66.90806,18.26977],[-66.90804,18.27004],[-66.90848,18.27079],[-66.90837,18.27225],[-66.90791,18.27327],[-66.90846,18.27374],[-66.90878,18.27441],[-66.90922,18.27486],[-66.90935,18.27567],[-66.91002,18.2768],[-66.91004,18.27779],[-66.91016,18.27803],[-66.91061,18.27824],[-66.91028,18.28281],[-66.91013,18.28794],[-66.90954,18.29311],[-66.91016,18.29682],[-66.90986,18.30285],[-66.90549,18.31595],[-66.90445,18.32282],[-66.89825,18.34159],[-66.89187,18.36535],[-66.89249,18.36638],[-66.89331,18.36713],[-66.89432,18.36685],[-66.89448,18.3662],[-66.89476,18.36613],[-66.89608,18.36645],[-66.89645,18.36614],[-66.89669,18.36612],[-66.8971,18.36634],[-66.89723,18.36618],[-66.89705,18.36581],[-66.8977,18.3657],[-66.89893,18.36613],[-66.89973,18.36663],[-66.90044,18.3669],[-66.90066,18.36684],[-66.90079,18.36659],[-66.90088,18.36591],[-66.90103,18.36575],[-66.90137,18.36571],[-66.90256,18.36609],[-66.90372,18.36612],[-66.90482,18.3665],[-66.90583,18.36765],[-66.90715,18.37084],[-66.90775,18.37198],[-66.90832,18.37279],[-66.90976,18.37408],[-66.91098,18.37482],[-66.9123,18.37584],[-66.91413,18.3755],[-66.91718,18.37748],[-66.91925,18.37832],[-66.91984,18.37879],[-66.92106,18.38056],[-66.92125,18.38145],[-66.92124,18.38218],[-66.92157,18.3832],[-66.92208,18.38387],[-66.92297,18.38431],[-66.92311,18.38451],[-66.9227,18.38548],[-66.92341,18.38729],[-66.92346,18.38882],[-66.92213,18.39198],[-66.92203,18.39262],[-66.92211,18.39331]]]},"properties":{"municipio":"San Sebastián","geoid":"72131","countyfp":"131","abrev_mun":"SSE"}},
{"type":"Feature","geometry":{"type":"MultiPolygon","coordinates":[[[[-66.33114,18.01601],[-66.3315,18.01644],[-66.33229,18.01692],[-66.33228,18.01723],[-66.33196,18.01765],[-66.33203,18.01835],[-66.33225,18.01881],[-66.33379,18.0198],[-66.33429,18.02068],[-66.33538,18.02147],[-66.33555,18.02181],[-66.3354,18.02193],[-66.3354,18.0222],[-66.33578,18.0227],[-66.33655,18.02282],[-66.3369,18.02308],[-66.3374,18.02319],[-66.33927,18.02338],[-66.34019,18.02301],[-66.3404,18.02304],[-66.34108,18.02334],[-66.3415,18.02373],[-66.34248,18.02386],[-66.34333,18.02475],[-66.34532,18.02468],[-66.34602,18.02509],[-66.34674,18.02517],[-66.34793,18.02578],[-66.34859,18.02656],[-66.34846,18.02782],[-66.34907,18.0285],[-66.34922,18.02912],[-66.34911,18.02966],[-66.34845,18.03048],[-66.3488,18.03082],[-66.35004,18.03081],[-66.35174,18.03124],[-66.35308,18.03236],[-66.35465,18.03335],[-66.35492,18.03366],[-66.35568,18.03537],[-66.35611,18.03588],[-66.35643,18.03681],[-66.35673,18.03692],[-66.35776,18.03688],[-66.35988,18.03717],[-66.36116,18.03711],[-66.36294,18.03627],[-66.36542,18.03601],[-66.36662,18.03549],[-66.36851,18.0339],[-66.36888,18.03378],[-66.37011,18.03393],[-66.37052,18.03382],[-66.3711,18.03334],[-66.37141,18.03277],[-66.37171,18.0326],[-66.37223,18.03279],[-66.37373,18.03394],[-66.37435,18.03405],[-66.37616,18.034],[-66.3776,18.03457],[-66.37862,18.03619],[-66.37983,18.03674],[-66.38015,18.03712],[-66.3807,18.03748],[-66.38308,18.0379],[-66.38413,18.03825],[-66.38443,18.03863],[-66.38488,18.03883],[-66.38513,18.0387],[-66.38495,18.03794],[-66.38519,18.03789],[-66.38566,18.03839],[-66.38624,18.03969],[-66.38642,18.03956],[-66.3867,18.03957],[-66.38814,18.04017],[-66.38958,18.03959],[-66.39232,18.03879],[-66.39488,18.03738],[-66.42698,18.04265],[-66.4272,18.04195],[-66.42732,18.04054],[-66.42703,18.04004],[-66.42606,18.03945],[-66.42654,18.0387],[-66.42703,18.03739],[-66.42664,18.03573],[-66.42597,18.03391],[-66.42598,18.03106],[-66.42571,18.03052],[-66.42549,18.03031],[-66.42522,18.03029],[-66.4241,18.03155],[-66.42377,18.03166],[-66.42351,18.0316],[-66.42327,18.03132],[-66.42322,18.03096],[-66.42385,18.03006],[-66.42452,18.02825],[-66.42418,18.02762],[-66.42259,18.02677],[-66.42218,18.02605],[-66.42209,18.02547],[-66.42219,18.02495],[-66.42228,18.02479],[-66.42281,18.02466],[-66.42291,18.02444],[-66.42245,18.02373],[-66.42214,18.02251],[-66.42135,18.02197],[-66.42115,18.02145],[-66.42095,18.02014],[-66.4213,18.01862],[-66.42191,18.01734],[-66.42209,18.01713],[-66.42273,18.01711],[-66.42333,18.0159],[-66.42404,18.01543],[-66.42434,18.01497],[-66.42478,18.01392],[-66.42514,18.01224],[-66.4254,18.01192],[-66.42583,18.01165],[-66.4265,18.01162],[-66.42785,18.01219],[-66.42826,18.01221],[-66.42837,18.01175],[-66.42825,18.01153],[-66.42725,18.01047],[-66.42725,18.01005],[-66.42741,18.00977],[-66.42762,18.0096],[-66.42814,18.00948],[-66.43103,18.00992],[-66.4316,18.00965],[-66.43273,18.00847],[-66.43433,18.00744],[-66.43479,18.00693],[-66.43544,18.00471],[-66.43565,18.00312],[-66.4349,17.99851],[-66.43475,17.99684],[-66.43578,17.995],[-66.43603,17.99421],[-66.43703,17.9923],[-66.4377,17.99164],[-66.43794,17.99154],[-66.43816,17.99167],[-66.43829,17.99192],[-66.43829,17.99244],[-66.4379,17.99353],[-66.43782,17.99407],[-66.43793,17.99449],[-66.43818,17.99484],[-66.43854,17.99501],[-66.43929,17.99521],[-66.43983,17.99506],[-66.44028,17.9944],[-66.44048,17.99336],[-66.44072,17.99305],[-66.4418,17.9923],[-66.44271,17.99065],[-66.44332,17.98983],[-66.44437,17.98897],[-66.44615,17.98811],[-66.44681,17.98762],[-66.44696,17.98675],[-66.4482,17.98585],[-66.44906,17.98427],[-66.45117,17.98243],[-66.4515,17.9816],[-66.44801,17.98051],[-66.44465,17.97905],[-66.44391,17.97824],[-66.44342,17.97789],[-66.44298,17.9771],[-66.44186,17.97647],[-66.4407,17.9751],[-66.4393,17.97313],[-66.43776,17.97166],[-66.43739,17.97088],[-66.43644,17.97028],[-66.43568,17.9696],[-66.43505,17.96833],[-66.43481,17.96755],[-66.43416,17.96684],[-66.43343,17.96535],[-66.4325,17.96471],[-66.4319,17.96408],[-66.43112,17.9627],[-66.43039,17.96221],[-66.43007,17.96168],[-66.43001,17.96134],[-66.42955,17.96106],[-66.42911,17.96021],[-66.4288,17.95995],[-66.42812,17.95955],[-66.42724,17.9593],[-66.42685,17.95958],[-66.42644,17.95955],[-66.42596,17.95927],[-66.42579,17.95894],[-66.42581,17.95862],[-66.42503,17.95849],[-66.42461,17.95865],[-66.42474,17.95927],[-66.42444,17.95963],[-66.42279,17.95996],[-66.41981,17.96001],[-66.41822,17.9598],[-66.41696,17.95946],[-66.41623,17.95915],[-66.4162,17.95873],[-66.41437,17.95828],[-66.41337,17.95779],[-66.41197,17.95733],[-66.41111,17.95685],[-66.4108,17.95654],[-66.41074,17.95581],[-66.41062,17.95576],[-66.41098,17.95488],[-66.41056,17.95437],[-66.41008,17.95407],[-66.40882,17.95438],[-66.40781,17.95434],[-66.4058,17.95364],[-66.40501,17.95308],[-66.40462,17.95258],[-66.40439,17.95272],[-66.40415,17.95263],[-66.40419,17.95278],[-66.40403,17.9529],[-66.40337,17.95293],[-66.40279,17.95273],[-66.40258,17.95278],[-66.402,17.9525],[-66.40188,17.95219],[-66.40153,17.95212],[-66.40148,17.95223],[-66.40094,17.95197],[-66.40059,17.95133],[-66.40027,17.95131],[-66.39999,17.95109],[-66.39976,17.95125],[-66.39958,17.95094],[-66.39927,17.95102],[-66.3992,17.95075],[-66.39898,17.9508],[-66.39905,17.9505],[-66.39834,17.95],[-66.39842,17.94978],[-66.39822,17.94917],[-66.39702,17.94828],[-66.39673,17.94825],[-66.39669,17.94841],[-66.39635,17.94798],[-66.39598,17.94798],[-66.39595,17.94807],[-66.39567,17.94791],[-66.39549,17.94797],[-66.39416,17.94727],[-66.39336,17.94649],[-66.39291,17.94635],[-66.39239,17.94637],[-66.39142,17.94587],[-66.39153,17.94578],[-66.39116,17.94549],[-66.39051,17.944],[-66.38972,17.94318],[-66.38957,17.94225],[-66.38977,17.94185],[-66.38956,17.9416],[-66.38922,17.94163],[-66.38881,17.94192],[-66.38839,17.94176],[-66.38704,17.94183],[-66.38606,17.94165],[-66.38573,17.94144],[-66.38536,17.94149],[-66.38562,17.94134],[-66.3856,17.94121],[-66.38607,17.94064],[-66.38603,17.94099],[-66.38619,17.94115],[-66.38638,17.94114],[-66.38679,17.94163],[-66.3883,17.94157],[-66.38857,17.94148],[-66.3887,17.94126],[-66.38861,17.94092],[-66.3881,17.94069],[-66.3881,17.9399],[-66.38753,17.93943],[-66.38757,17.93905],[-66.38706,17.93881],[-66.38743,17.93872],[-66.38749,17.93862],[-66.38734,17.93835],[-66.38764,17.93838],[-66.38763,17.93811],[-66.38778,17.93807],[-66.38759,17.93805],[-66.38751,17.93825],[-66.38732,17.93794],[-66.38718,17.938],[-66.38671,17.9378],[-66.38664,17.93808],[-66.38631,17.9378],[-66.38605,17.93793],[-66.3857,17.93776],[-66.38563,17.93795],[-66.38538,17.93791],[-66.3855,17.93807],[-66.3852,17.93837],[-66.38539,17.93839],[-66.38541,17.93859],[-66.38511,17.93873],[-66.38518,17.93886],[-66.38483,17.9389],[-66.38468,17.93905],[-66.38492,17.93906],[-66.38492,17.93915],[-66.38445,17.93921],[-66.38462,17.93931],[-66.38437,17.93949],[-66.38457,17.9397],[-66.3842,17.9397],[-66.38408,17.94023],[-66.3835,17.94038],[-66.38327,17.94067],[-66.38268,17.941],[-66.38223,17.94119],[-66.38206,17.94111],[-66.38174,17.94117],[-66.38164,17.94134],[-66.38129,17.94135],[-66.38108,17.94161],[-66.38064,17.94177],[-66.3804,17.94206],[-66.38028,17.94249],[-66.38053,17.94276],[-66.38096,17.94294],[-66.38084,17.94304],[-66.38095,17.94319],[-66.38075,17.94328],[-66.38086,17.94374],[-66.38069,17.94386],[-66.38094,17.94381],[-66.38111,17.94402],[-66.38099,17.94444],[-66.38055,17.94443],[-66.38021,17.9447],[-66.37878,17.94466],[-66.37791,17.9449],[-66.37776,17.94529],[-66.37784,17.94556],[-66.3776,17.94585],[-66.37741,17.94589],[-66.37722,17.94653],[-66.37681,17.94681],[-66.37653,17.94803],[-66.37719,17.94837],[-66.37742,17.94838],[-66.37748,17.9482],[-66.37766,17.94824],[-66.37885,17.9477],[-66.37949,17.94764],[-66.38078,17.94823],[-66.38101,17.94819],[-66.38124,17.94785],[-66.38124,17.94813],[-66.38146,17.94836],[-66.38121,17.94889],[-66.37923,17.94868],[-66.37882,17.94886],[-66.37881,17.94912],[-66.3786,17.94926],[-66.37789,17.94935],[-66.37753,17.94909],[-66.37728,17.94906],[-66.37663,17.94923],[-66.37633,17.94951],[-66.37593,17.95072],[-66.37598,17.95098],[-66.37574,17.95112],[-66.37582,17.95141],[-66.37529,17.9516],[-66.37498,17.95188],[-66.37486,17.95245],[-66.37504,17.95274],[-66.37482,17.9529],[-66.37476,17.95322],[-66.37513,17.95354],[-66.37495,17.95354],[-66.37493,17.95365],[-66.37517,17.95392],[-66.3761,17.95389],[-66.37688,17.95331],[-66.37705,17.95338],[-66.37705,17.95406],[-66.37686,17.95467],[-66.377,17.95523],[-66.37681,17.95576],[-66.37604,17.95581],[-66.37467,17.95544],[-66.37422,17.95577],[-66.37385,17.95571],[-66.37357,17.9559],[-66.37328,17.95587],[-66.37253,17.95557],[-66.37216,17.95525],[-66.37211,17.95503],[-66.37162,17.95468],[-66.37078,17.95469],[-66.3712,17.95391],[-66.37125,17.95343],[-66.37144,17.95309],[-66.37219,17.95272],[-66.3723,17.95225],[-66.37208,17.9517],[-66.37147,17.95127],[-66.37007,17.95103],[-66.36988,17.95116],[-66.36971,17.95181],[-66.36957,17.95199],[-66.3694,17.95198],[-66.3695,17.95229],[-66.36943,17.95279],[-66.3688,17.95289],[-66.3683,17.95278],[-66.36782,17.95313],[-66.3679,17.95331],[-66.36775,17.95339],[-66.36795,17.95396],[-66.36821,17.95406],[-66.36808,17.95436],[-66.36817,17.95491],[-66.36805,17.95508],[-66.36809,17.95565],[-66.36829,17.95598],[-66.36838,17.95692],[-66.3686,17.9572],[-66.36861,17.95757],[-66.36951,17.95796],[-66.36987,17.95832],[-66.37008,17.95883],[-66.3705,17.95897],[-66.37053,17.95921],[-66.3704,17.9593],[-66.3706,17.95941],[-66.37057,17.95983],[-66.36982,17.96084],[-66.36878,17.96137],[-66.36756,17.96143],[-66.36667,17.96093],[-66.36664,17.96037],[-66.36636,17.96008],[-66.3663,17.95949],[-66.366,17.9593],[-66.36532,17.95926],[-66.36471,17.95975],[-66.36442,17.96064],[-66.36386,17.96114],[-66.36329,17.96125],[-66.36203,17.96099],[-66.36123,17.96034],[-66.36087,17.96029],[-66.3605,17.96043],[-66.3604,17.96062],[-66.36048,17.96086],[-66.36022,17.96099],[-66.36023,17.96119],[-66.3599,17.96118],[-66.36012,17.96206],[-66.36108,17.96212],[-66.36109,17.96229],[-66.36134,17.96215],[-66.36162,17.96228],[-66.36207,17.96219],[-66.36256,17.96239],[-66.36338,17.96228],[-66.36373,17.9624],[-66.36399,17.96278],[-66.36408,17.96322],[-66.36436,17.96337],[-66.36454,17.96406],[-66.36505,17.96458],[-66.36505,17.96504],[-66.36471,17.96641],[-66.36426,17.96707],[-66.3634,17.96792],[-66.36216,17.96859],[-66.36116,17.96885],[-66.35913,17.9687],[-66.35854,17.96843],[-66.35819,17.96842],[-66.35783,17.96799],[-66.35806,17.9674],[-66.35797,17.9671],[-66.35812,17.96699],[-66.35834,17.96626],[-66.35823,17.96586],[-66.3581,17.9658],[-66.35804,17.96533],[-66.35784,17.96526],[-66.35791,17.9651],[-66.35769,17.96506],[-66.35775,17.96526],[-66.35737,17.96529],[-66.35741,17.9656],[-66.35714,17.96582],[-66.35615,17.96596],[-66.35458,17.96593],[-66.35368,17.9673],[-66.35193,17.96867],[-66.35035,17.96944],[-66.34812,17.97084],[-66.34567,17.97159],[-66.34369,17.97354],[-66.34116,17.9754],[-66.33969,17.97625],[-66.33814,17.97664],[-66.33801,17.97875],[-66.33927,17.98025],[-66.34006,17.98189],[-66.34006,17.98217],[-66.3398,17.98321],[-66.33896,17.98313],[-66.33786,17.98336],[-66.33754,17.98351],[-66.33756,17.98385],[-66.33805,17.98421],[-66.33911,17.98464],[-66.34088,17.98478],[-66.34144,17.98534],[-66.34191,17.98656],[-66.34217,17.98787],[-66.34225,17.98944],[-66.34215,17.99172],[-66.34231,17.99299],[-66.34259,17.99346],[-66.34258,17.99366],[-66.34242,17.99385],[-66.34171,17.99405],[-66.3412,17.9953],[-66.33969,17.99617],[-66.33937,17.99662],[-66.3392,17.99732],[-66.33874,17.99783],[-66.33848,17.99881],[-66.33846,18.00007],[-66.33787,18.00219],[-66.3373,18.00287],[-66.33621,18.00381],[-66.33582,18.00467],[-66.33498,18.00545],[-66.33482,18.00608],[-66.3352,18.00819],[-66.33513,18.00866],[-66.33484,18.00918],[-66.3339,18.01003],[-66.33162,18.0129],[-66.33142,18.01351],[-66.33141,18.01554],[-66.33114,18.01601]]],[[[-66.38537,17.92166],[-66.38558,17.9218],[-66.38564,17.92162],[-66.38593,17.92169],[-66.38619,17.92156],[-66.38703,17.92087],[-66.38714,17.92063],[-66.38718,17.92012],[-66.38646,17.91933],[-66.38598,17.91936],[-66.3856,17.91965],[-66.38527,17.92092],[-66.38497,17.92138],[-66.38537,17.92166]]],[[[-66.38183,17.92256],[-66.38208,17.92263],[-66.38305,17.92239],[-66.38366,17.92159],[-66.38312,17.92087],[-66.38242,17.92042],[-66.38211,17.92042],[-66.38159,17.9208],[-66.38154,17.92161],[-66.38168,17.92241],[-66.38183,17.92256]]],[[[-66.36631,17.92795],[-66.36581,17.92813],[-66.36585,17.92889],[-66.36629,17.92919],[-66.36681,17.92824],[-66.36659,17.92799],[-66.36631,17.92795]]],[[[-66.36672,17.92863],[-66.3669,17.92939],[-66.36714,17.92936],[-66.36741,17.929],[-66.36818,17.92859],[-66.36924,17.92918],[-66.36929,17.92906],[-66.36899,17.92875],[-66.36901,17.92838],[-66.36876,17.92816],[-66.36748,17.92806],[-66.36688,17.92833],[-66.36672,17.92863]]],[[[-66.36469,17.92986],[-66.36532,17.92979],[-66.36534,17.92967],[-66.36497,17.929],[-66.36435,17.92897],[-66.36418,17.92936],[-66.36469,17.92986]]],[[[-66.35308,17.92575],[-66.35144,17.9273],[-66.35111,17.92928],[-66.3514,17.9301],[-66.35181,17.93035],[-66.35189,17.93023],[-66.35138,17.92965],[-66.35136,17.92863],[-66.35171,17.92755],[-66.35197,17.92734],[-66.35215,17.92687],[-66.35323,17.92604],[-66.35363,17.92592],[-66.35472,17.92573],[-66.35537,17.92618],[-66.35519,17.92574],[-66.35453,17.92542],[-66.35308,17.92575]]],[[[-66.38907,17.93966],[-66.38869,17.94049],[-66.38905,17.94068],[-66.39024,17.93999],[-66.39003,17.9396],[-66.38923,17.93955],[-66.38907,17.93966]]],[[[-66.39709,17.94678],[-66.39835,17.94722],[-66.39946,17.94796],[-66.4001,17.9482],[-66.40037,17.94818],[-66.39955,17.94781],[-66.39838,17.94705],[-66.39749,17.94671],[-66.39722,17.94587],[-66.39635,17.94542],[-66.39592,17.94544],[-66.39578,17.94466],[-66.39536,17.94424],[-66.39489,17.94397],[-66.39475,17.94402],[-66.39502,17.94432],[-66.39494,17.94438],[-66.39439,17.94427],[-66.39461,17.94419],[-66.39459,17.94407],[-66.39419,17.94331],[-66.3934,17.94286],[-66.39297,17.94245],[-66.39262,17.94238],[-66.39295,17.94324],[-66.3925,17.94411],[-66.39294,17.94467],[-66.39333,17.94455],[-66.39333,17.94477],[-66.39405,17.94525],[-66.39432,17.94509],[-66.39483,17.94511],[-66.39508,17.94535],[-66.39602,17.94579],[-66.39589,17.94644],[-66.39623,17.94697],[-66.39709,17.94678]]],[[[-66.40078,17.94809],[-66.40041,17.94833],[-66.40042,17.94856],[-66.40135,17.9493],[-66.40161,17.94967],[-66.40234,17.94987],[-66.40202,17.94926],[-66.4021,17.94879],[-66.40122,17.94807],[-66.40078,17.94809]]],[[[-66.36302,17.96093],[-66.36366,17.96095],[-66.36402,17.96075],[-66.36419,17.9604],[-66.36424,17.95973],[-66.36499,17.95883],[-66.36525,17.95791],[-66.36463,17.95717],[-66.3638,17.95693],[-66.36301,17.95689],[-66.36271,17.95661],[-66.36257,17.95679],[-66.36277,17.95715],[-66.36233,17.95775],[-66.3612,17.9585],[-66.36111,17.95924],[-66.36171,17.96053],[-66.36233,17.96085],[-66.36302,17.96093]]],[[[-66.34023,17.96554],[-66.34012,17.96582],[-66.34056,17.96616],[-66.34054,17.96574],[-66.34023,17.96554]]]]},"properties":{"municipio":"Santa Isabel","geoid":"72133","countyfp":"133","abrev_mun":"SIS"}},
{"type":"Feature","geometry":{"type":"Polygon","coordinates":[[[-66.19702,18.38927],[-66.23241,18.40094],[-66.2331,18.401],[-66.23379,18.40124],[-66.23438,18.40116],[-66.23493,18.40079],[-66.23537,18.40072],[-66.23597,18.40001],[-66.23685,18.39974],[-66.23728,18.39873],[-66.23867,18.39798],[-66.24014,18.39695],[-66.241,18.39687],[-66.24207,18.39657],[-66.24373,18.39493],[-66.24419,18.39465],[-66.24466,18.3947],[-66.2451,18.39527],[-66.24541,18.39543],[-66.24715,18.39588],[-66.2492,18.39555],[-66.25113,18.39542],[-66.25213,18.3941],[-66.25257,18.39417],[-66.2526,18.39384],[-66.25406,18.39243],[-66.25458,18.39064],[-66.25493,18.39009],[-66.25566,18.38992],[-66.25697,18.39027],[-66.25726,18.39003],[-66.25734,18.38898],[-66.25776,18.38764],[-66.25806,18.38748],[-66.26011,18.3871],[-66.26193,18.38789],[-66.26364,18.38808],[-66.2639,18.38799],[-66.26416,18.38715],[-66.2645,18.38673],[-66.26571,18.3861],[-66.26619,18.38601],[-66.26658,18.38611],[-66.26733,18.38662],[-66.26756,18.38656],[-66.26836,18.38581],[-66.26868,18.38577],[-66.26923,18.38602],[-66.27023,18.38569],[-66.27042,18.3855],[-66.26986,18.38453],[-66.26985,18.38424],[-66.27003,18.38404],[-66.27075,18.38375],[-66.2718,18.38379],[-66.27314,18.38476],[-66.27443,18.38424],[-66.27533,18.38441],[-66.27606,18.38432],[-66.27633,18.38451],[-66.27668,18.38525],[-66.27691,18.38547],[-66.2772,18.38545],[-66.27884,18.3846],[-66.27984,18.3838],[-66.28109,18.3836],[-66.28246,18.38305],[-66.28444,18.38314],[-66.28513,18.38329],[-66.28625,18.38318],[-66.28666,18.38337],[-66.28709,18.38509],[-66.28773,18.3855],[-66.28845,18.38564],[-66.28933,18.38547],[-66.29061,18.38481],[-66.29139,18.38505],[-66.29239,18.38471],[-66.29341,18.38466],[-66.29387,18.38439],[-66.29542,18.38489],[-66.29716,18.38429],[-66.29834,18.38471],[-66.29931,18.38436],[-66.30052,18.38434],[-66.30095,18.38407],[-66.30143,18.38345],[-66.30215,18.38386],[-66.30329,18.38386],[-66.30385,18.38413],[-66.30523,18.38388],[-66.30554,18.38389],[-66.30614,18.38424],[-66.3067,18.38422],[-66.30698,18.38382],[-66.30708,18.38319],[-66.30726,18.38305],[-66.308,18.38312],[-66.30855,18.38296],[-66.30893,18.38263],[-66.30911,18.3821],[-66.31154,18.38078],[-66.3123,18.38081],[-66.31295,18.38052],[-66.31412,18.38088],[-66.31452,18.38051],[-66.31484,18.37984],[-66.31507,18.37856],[-66.31569,18.3778],[-66.3162,18.37685],[-66.31669,18.37508],[-66.31757,18.37355],[-66.31784,18.37268],[-66.31816,18.37237],[-66.31892,18.37205],[-66.31907,18.37184],[-66.31911,18.37095],[-66.31888,18.3704],[-66.31859,18.3688],[-66.31859,18.36811],[-66.31881,18.3674],[-66.3173,18.36726],[-66.31538,18.36582],[-66.31427,18.36574],[-66.31384,18.36557],[-66.31257,18.36445],[-66.31222,18.36439],[-66.31118,18.36473],[-66.30887,18.36487],[-66.3079,18.36475],[-66.30734,18.36537],[-66.30717,18.36596],[-66.30708,18.36782],[-66.30619,18.36958],[-66.30548,18.37006],[-66.30505,18.36994],[-66.30449,18.369],[-66.30407,18.36729],[-66.30347,18.36626],[-66.30222,18.36512],[-66.30034,18.36386],[-66.29567,18.35972],[-66.29409,18.35888],[-66.29322,18.35791],[-66.29163,18.35659],[-66.29093,18.35565],[-66.2899,18.3549],[-66.28836,18.35287],[-66.287,18.35028],[-66.28639,18.3485],[-66.28626,18.34772],[-66.28642,18.34662],[-66.28633,18.34583],[-66.28484,18.34582],[-66.27861,18.33227],[-66.2779,18.33058],[-66.27798,18.32998],[-66.27753,18.32987],[-66.27725,18.32994],[-66.27576,18.33112],[-66.27502,18.33119],[-66.27426,18.33072],[-66.27372,18.32987],[-66.27307,18.32928],[-66.27219,18.32884],[-66.27143,18.32873],[-66.26972,18.3293],[-66.26813,18.32932],[-66.26711,18.3301],[-66.2665,18.33028],[-66.26581,18.33014],[-66.26437,18.33022],[-66.26357,18.32976],[-66.26304,18.32971],[-66.26259,18.33001],[-66.26229,18.33063],[-66.26182,18.33117],[-66.26117,18.33131],[-66.26002,18.33081],[-66.25976,18.33085],[-66.25894,18.33184],[-66.25849,18.332],[-66.25449,18.33059],[-66.2533,18.32997],[-66.25293,18.32949],[-66.25272,18.32873],[-66.25235,18.32818],[-66.25179,18.32764],[-66.24975,18.32647],[-66.24967,18.32615],[-66.2498,18.32578],[-66.24884,18.32583],[-66.24854,18.32593],[-66.24794,18.32696],[-66.24695,18.32796],[-66.24661,18.32887],[-66.24667,18.32961],[-66.24627,18.33017],[-66.24618,18.33099],[-66.2459,18.33134],[-66.24518,18.33165],[-66.24469,18.33139],[-66.24416,18.33076],[-66.24358,18.33065],[-66.24254,18.33079],[-66.24206,18.33106],[-66.2419,18.33129],[-66.24126,18.33305],[-66.24087,18.33343],[-66.24061,18.3334],[-66.23955,18.33277],[-66.23819,18.33256],[-66.23814,18.33214],[-66.23615,18.33005],[-66.23554,18.32901],[-66.23417,18.32788],[-66.23335,18.32664],[-66.23331,18.32636],[-66.23361,18.32502],[-66.2339,18.32453],[-66.23389,18.32405],[-66.23379,18.32387],[-66.23319,18.32362],[-66.23263,18.32364],[-66.23194,18.32385],[-66.23054,18.32486],[-66.22831,18.3275],[-66.22537,18.33014],[-66.22471,18.33054],[-66.22309,18.33107],[-66.22255,18.33137],[-66.22125,18.33298],[-66.2197,18.33344],[-66.217,18.33399],[-66.21646,18.33372],[-66.21593,18.33283],[-66.21543,18.32967],[-66.21466,18.3285],[-66.21413,18.3257],[-66.21367,18.3245],[-66.21311,18.32384],[-66.21234,18.32355],[-66.21188,18.32351],[-66.20887,18.32415],[-66.20815,18.32406],[-66.20747,18.32374],[-66.20695,18.32249],[-66.20651,18.32047],[-66.20584,18.31917],[-66.20536,18.31778],[-66.20537,18.31646],[-66.20464,18.31646],[-66.20437,18.31692],[-66.20156,18.32851],[-66.20155,18.32906],[-66.20362,18.3367],[-66.20115,18.33816],[-66.19953,18.34003],[-66.20021,18.34395],[-66.20052,18.34695],[-66.19859,18.35135],[-66.19836,18.35296],[-66.19851,18.35324],[-66.19899,18.35346],[-66.19937,18.35384],[-66.19967,18.35449],[-66.19971,18.35499],[-66.1974,18.36012],[-66.19728,18.36061],[-66.19749,18.36172],[-66.19742,18.36399],[-66.19763,18.36534],[-66.19852,18.36728],[-66.19928,18.36842],[-66.19949,18.36907],[-66.19961,18.37017],[-66.19942,18.37049],[-66.19947,18.37089],[-66.19896,18.37241],[-66.19933,18.37283],[-66.19915,18.373],[-66.19766,18.37668],[-66.19702,18.38927]]]},"properties":{"municipio":"Toa Alta","geoid":"72135","countyfp":"135","abrev_mun":"TAL"}},
{"type":"Feature","geometry":{"type":"MultiPolygon","coordinates":[[[[-66.13909,18.46199],[-66.13932,18.46272],[-66.1395,18.46287],[-66.13952,18.46405],[-66.13731,18.46614],[-66.13717,18.4662],[-66.13701,18.46608],[-66.13711,18.46627],[-66.13691,18.46643],[-66.13673,18.46645],[-66.13642,18.46615],[-66.13615,18.46625],[-66.13594,18.46611],[-66.13583,18.46626],[-66.13553,18.46619],[-66.13622,18.4664],[-66.13611,18.46677],[-66.13611,18.46795],[-66.13595,18.46826],[-66.13581,18.46823],[-66.13568,18.46843],[-66.13582,18.46838],[-66.13593,18.46854],[-66.13604,18.4691],[-66.13583,18.47042],[-66.13552,18.47086],[-66.13521,18.47082],[-66.13493,18.47163],[-66.13364,18.47181],[-66.13409,18.47192],[-66.13479,18.47256],[-66.13572,18.47265],[-66.13595,18.47291],[-66.13645,18.47283],[-66.13707,18.4732],[-66.13748,18.47329],[-66.1377,18.47357],[-66.13759,18.47366],[-66.13766,18.4741],[-66.13814,18.47419],[-66.13822,18.47458],[-66.13907,18.47481],[-66.13986,18.47527],[-66.13997,18.47493],[-66.13971,18.47459],[-66.13921,18.47437],[-66.13907,18.47442],[-66.13895,18.4742],[-66.13844,18.47412],[-66.13827,18.47343],[-66.13764,18.47305],[-66.13758,18.47243],[-66.13728,18.4719],[-66.13722,18.46988],[-66.13711,18.46908],[-66.13687,18.46878],[-66.13679,18.467],[-66.13686,18.46679],[-66.138,18.46573],[-66.13962,18.46482],[-66.1408,18.46447],[-66.14163,18.46397],[-66.14325,18.46339],[-66.14419,18.46276],[-66.14479,18.46251],[-66.14606,18.46025],[-66.14724,18.45887],[-66.14923,18.45742],[-66.1496,18.4577],[-66.15036,18.4576],[-66.14954,18.45754],[-66.14922,18.45706],[-66.14936,18.45702],[-66.14973,18.45734],[-66.14947,18.45693],[-66.14964,18.45681],[-66.14998,18.45714],[-66.14975,18.45669],[-66.15295,18.45471],[-66.15321,18.45431],[-66.15372,18.45403],[-66.15509,18.45365],[-66.15697,18.45273],[-66.1581,18.45242],[-66.16007,18.45216],[-66.16025,18.45233],[-66.16042,18.45172],[-66.16036,18.45126],[-66.16141,18.45101],[-66.16161,18.45155],[-66.16187,18.45169],[-66.16195,18.45207],[-66.16208,18.45207],[-66.16208,18.45153],[-66.16236,18.45144],[-66.16223,18.45083],[-66.16286,18.45069],[-66.16296,18.45133],[-66.16312,18.4514],[-66.16327,18.45184],[-66.16338,18.45181],[-66.1634,18.4514],[-66.16515,18.45097],[-66.16608,18.45111],[-66.16678,18.45087],[-66.16804,18.45111],[-66.16855,18.451],[-66.16922,18.45127],[-66.17016,18.45123],[-66.17403,18.45233],[-66.17771,18.4541],[-66.17941,18.45521],[-66.18298,18.45832],[-66.18369,18.4592],[-66.18428,18.46028],[-66.18429,18.46055],[-66.18404,18.46085],[-66.18487,18.46265],[-66.18588,18.46615],[-66.18579,18.46628],[-66.18597,18.46873],[-66.18561,18.4706],[-66.18428,18.47285],[-66.18333,18.47338],[-66.18255,18.47354],[-66.18082,18.47349],[-66.18041,18.47344],[-66.18,18.47298],[-66.17947,18.47309],[-66.17875,18.47486],[-66.1787,18.47524],[-66.17883,18.47553],[-66.17906,18.47555],[-66.17951,18.47525],[-66.17978,18.47541],[-66.18055,18.47503],[-66.18099,18.47531],[-66.18107,18.47512],[-66.18084,18.4747],[-66.18038,18.47425],[-66.18042,18.47403],[-66.18079,18.47367],[-66.18158,18.47366],[-66.18259,18.47372],[-66.1828,18.47406],[-66.18274,18.47423],[-66.18228,18.47435],[-66.18215,18.4747],[-66.18182,18.47477],[-66.18145,18.47507],[-66.18214,18.47581],[-66.18322,18.47603],[-66.18447,18.47569],[-66.18478,18.47582],[-66.18527,18.47574],[-66.18582,18.47552],[-66.18644,18.47585],[-66.1869,18.47524],[-66.18661,18.47491],[-66.18706,18.47483],[-66.18719,18.47446],[-66.18702,18.47472],[-66.1867,18.47452],[-66.18596,18.47292],[-66.18602,18.47149],[-66.18652,18.47016],[-66.18728,18.46906],[-66.18814,18.46831],[-66.18938,18.46755],[-66.19084,18.46693],[-66.1938,18.46619],[-66.19707,18.46614],[-66.19791,18.46633],[-66.19863,18.46691],[-66.19875,18.46721],[-66.19861,18.46745],[-66.19864,18.4678],[-66.19882,18.46751],[-66.19933,18.4649],[-66.20384,18.46369],[-66.2056,18.46363],[-66.20879,18.46498],[-66.21159,18.46565],[-66.21293,18.46555],[-66.21415,18.46514],[-66.21816,18.46223],[-66.22455,18.45846],[-66.23066,18.45412],[-66.23137,18.45328],[-66.23162,18.45256],[-66.23146,18.45179],[-66.23065,18.45081],[-66.23059,18.45037],[-66.2309,18.44992],[-66.23169,18.44962],[-66.23235,18.44965],[-66.23346,18.4502],[-66.23581,18.45284],[-66.2391,18.45508],[-66.24075,18.45565],[-66.24198,18.45564],[-66.24431,18.45485],[-66.24474,18.45436],[-66.24567,18.45381],[-66.24776,18.45141],[-66.24856,18.45108],[-66.24908,18.451],[-66.25097,18.45122],[-66.25155,18.45148],[-66.25246,18.45231],[-66.25319,18.4538],[-66.25366,18.4542],[-66.25409,18.45437],[-66.25488,18.45425],[-66.25555,18.45376],[-66.25622,18.45348],[-66.25688,18.45363],[-66.25719,18.45397],[-66.2576,18.45491],[-66.25795,18.45519],[-66.25827,18.45284],[-66.2589,18.45056],[-66.25893,18.44897],[-66.25861,18.4478],[-66.25824,18.44736],[-66.2574,18.44682],[-66.25714,18.44626],[-66.25849,18.444],[-66.25893,18.44306],[-66.259,18.44253],[-66.25876,18.44223],[-66.25723,18.44149],[-66.2564,18.44091],[-66.25534,18.44057],[-66.255,18.43978],[-66.255,18.43916],[-66.2553,18.43872],[-66.2566,18.43835],[-66.25721,18.43797],[-66.25795,18.43653],[-66.25807,18.43562],[-66.25801,18.4347],[-66.25728,18.43168],[-66.25753,18.43114],[-66.25789,18.4308],[-66.25814,18.43074],[-66.25939,18.43067],[-66.26011,18.43004],[-66.2614,18.43038],[-66.2619,18.4303],[-66.26187,18.42926],[-66.26212,18.42891],[-66.26248,18.42882],[-66.26328,18.42814],[-66.26436,18.42568],[-66.26437,18.42545],[-66.26418,18.42534],[-66.26313,18.42549],[-66.26238,18.4246],[-66.26196,18.42444],[-66.26173,18.42451],[-66.26143,18.42534],[-66.26119,18.42551],[-66.25988,18.42581],[-66.25957,18.42557],[-66.25948,18.42479],[-66.25965,18.42421],[-66.2602,18.42377],[-66.26014,18.42283],[-66.26028,18.42266],[-66.26076,18.42258],[-66.26103,18.42261],[-66.26163,18.42303],[-66.26262,18.42302],[-66.2628,18.42209],[-66.26305,18.42174],[-66.26394,18.42129],[-66.26424,18.42067],[-66.2636,18.41927],[-66.26373,18.41748],[-66.26358,18.41674],[-66.26305,18.41578],[-66.26205,18.41453],[-66.26167,18.41457],[-66.26084,18.41536],[-66.26065,18.41711],[-66.26047,18.41724],[-66.26009,18.41726],[-66.25928,18.41664],[-66.25778,18.41637],[-66.25749,18.41617],[-66.2569,18.41571],[-66.25618,18.41432],[-66.25585,18.41203],[-66.25612,18.41167],[-66.25806,18.41143],[-66.25942,18.4109],[-66.25978,18.41055],[-66.26007,18.40999],[-66.26012,18.40941],[-66.25958,18.4086],[-66.25902,18.40808],[-66.25852,18.40783],[-66.25808,18.40721],[-66.25777,18.40661],[-66.25762,18.40564],[-66.25741,18.40511],[-66.25745,18.40471],[-66.25805,18.40404],[-66.25818,18.40352],[-66.25756,18.40233],[-66.25743,18.4016],[-66.25754,18.40031],[-66.25728,18.39828],[-66.25738,18.3976],[-66.25647,18.39688],[-66.25633,18.39646],[-66.25604,18.39613],[-66.25493,18.39561],[-66.25405,18.39491],[-66.25321,18.39464],[-66.25257,18.39417],[-66.25213,18.3941],[-66.25113,18.39542],[-66.2492,18.39555],[-66.24715,18.39588],[-66.24541,18.39543],[-66.2451,18.39527],[-66.24466,18.3947],[-66.24419,18.39465],[-66.24373,18.39493],[-66.24207,18.39657],[-66.241,18.39687],[-66.24014,18.39695],[-66.23867,18.39798],[-66.23728,18.39873],[-66.23685,18.39974],[-66.23597,18.40001],[-66.23537,18.40072],[-66.23493,18.40079],[-66.23438,18.40116],[-66.23379,18.40124],[-66.2331,18.401],[-66.23241,18.40094],[-66.19702,18.38927],[-66.19694,18.39081],[-66.19519,18.39123],[-66.19697,18.3941],[-66.19552,18.39631],[-66.19535,18.39684],[-66.19665,18.40013],[-66.19637,18.40111],[-66.19648,18.40165],[-66.19758,18.40359],[-66.19749,18.40416],[-66.19693,18.40455],[-66.19678,18.40493],[-66.19683,18.40526],[-66.19762,18.4067],[-66.19775,18.40781],[-66.19766,18.40797],[-66.19683,18.40832],[-66.19654,18.40868],[-66.19637,18.40972],[-66.19678,18.41107],[-66.19819,18.4129],[-66.19827,18.41383],[-66.19802,18.41462],[-66.19733,18.41551],[-66.19625,18.41606],[-66.19568,18.41716],[-66.19452,18.41768],[-66.19423,18.41858],[-66.19373,18.41875],[-66.19224,18.41864],[-66.19146,18.41825],[-66.19089,18.41851],[-66.18916,18.41889],[-66.18763,18.41945],[-66.18749,18.41997],[-66.18712,18.42052],[-66.18543,18.42152],[-66.18313,18.4216],[-66.18235,18.42178],[-66.18157,18.42147],[-66.18038,18.4214],[-66.18015,18.4213],[-66.17943,18.42009],[-66.17884,18.41975],[-66.1782,18.41912],[-66.17759,18.41929],[-66.17697,18.41974],[-66.17559,18.41975],[-66.17491,18.41989],[-66.17396,18.42039],[-66.17386,18.42087],[-66.17357,18.42102],[-66.17308,18.42096],[-66.17259,18.4211],[-66.17257,18.42249],[-66.17232,18.42288],[-66.17082,18.42391],[-66.17024,18.42447],[-66.16963,18.42571],[-66.16924,18.42751],[-66.16927,18.42821],[-66.16986,18.42879],[-66.17041,18.429],[-66.17063,18.42944],[-66.17058,18.42991],[-66.16954,18.43016],[-66.16936,18.43104],[-66.16987,18.43147],[-66.16986,18.43194],[-66.16962,18.43207],[-66.16797,18.4323],[-66.16778,18.43255],[-66.16777,18.433],[-66.16783,18.4332],[-66.16812,18.43339],[-66.16992,18.43358],[-66.17016,18.43405],[-66.17001,18.43493],[-66.16966,18.4355],[-66.16931,18.43557],[-66.16898,18.43551],[-66.16833,18.43493],[-66.16777,18.43491],[-66.16721,18.4351],[-66.16569,18.43645],[-66.16528,18.43708],[-66.16382,18.44159],[-66.16377,18.44375],[-66.16354,18.44494],[-66.16252,18.44723],[-66.16148,18.44873],[-66.16078,18.44937],[-66.15909,18.45016],[-66.15928,18.4486],[-66.16026,18.4468],[-66.16017,18.44609],[-66.1598,18.44572],[-66.15932,18.44561],[-66.15874,18.44573],[-66.1583,18.44604],[-66.1577,18.44693],[-66.15702,18.44718],[-66.15616,18.44686],[-66.15496,18.44578],[-66.15449,18.44568],[-66.1537,18.44591],[-66.15327,18.44631],[-66.15272,18.44717],[-66.15155,18.44828],[-66.15119,18.4498],[-66.15064,18.45015],[-66.14905,18.45068],[-66.14855,18.45101],[-66.14818,18.45148],[-66.14668,18.45546],[-66.14519,18.45732],[-66.14452,18.45854],[-66.14387,18.46046],[-66.14331,18.46111],[-66.14203,18.46194],[-66.14086,18.46226],[-66.13957,18.46237],[-66.13909,18.46199]]],[[[-66.18827,18.47654],[-66.18853,18.47677],[-66.1885,18.47707],[-66.18929,18.47685],[-66.18991,18.47583],[-66.18948,18.47553],[-66.18864,18.47556],[-66.18745,18.47613],[-66.18746,18.47635],[-66.18769,18.47657],[-66.18827,18.47654]]]]},"properties":{"municipio":"Toa Baja","geoid":"72137","countyfp":"137","abrev_mun":"TBA"}},
{"type":"Feature","geometry":{"type":"Polygon","coordinates":[[[-65.99927,18.38021],[-66.00058,18.37998],[-66.00119,18.37968],[-66.00311,18.37922],[-66.00493,18.37919],[-66.00579,18.37899],[-66.00683,18.37895],[-66.00696,18.3788],[-66.00741,18.37874],[-66.00789,18.3788],[-66.00843,18.37929],[-66.00933,18.37967],[-66.00957,18.37969],[-66.01,18.37929],[-66.01031,18.37929],[-66.01188,18.37999],[-66.01238,18.38063],[-66.01281,18.38084],[-66.01305,18.38077],[-66.0134,18.38031],[-66.01409,18.38002],[-66.01368,18.37889],[-66.01456,18.37887],[-66.01569,18.37908],[-66.01627,18.37855],[-66.01659,18.37846],[-66.01796,18.3785],[-66.02511,18.37981],[-66.02535,18.37971],[-66.03222,18.37324],[-66.03281,18.37283],[-66.03354,18.37123],[-66.03404,18.37057],[-66.03461,18.37022],[-66.03501,18.36978],[-66.03552,18.36976],[-66.03544,18.36896],[-66.03566,18.36845],[-66.03546,18.36822],[-66.03553,18.36751],[-66.03507,18.36738],[-66.03515,18.36705],[-66.0349,18.36602],[-66.03501,18.36553],[-66.0349,18.36509],[-66.03511,18.36412],[-66.03486,18.36311],[-66.03423,18.36223],[-66.03417,18.36197],[-66.03424,18.36168],[-66.03476,18.36102],[-66.03499,18.35989],[-66.03471,18.35738],[-66.03433,18.3568],[-66.03325,18.35644],[-66.03248,18.3557],[-66.03293,18.35561],[-66.03349,18.3547],[-66.03413,18.35446],[-66.03453,18.35393],[-66.03486,18.35287],[-66.03453,18.35239],[-66.0347,18.3514],[-66.03524,18.35068],[-66.03567,18.34918],[-66.03634,18.34843],[-66.03665,18.34674],[-66.03706,18.34603],[-66.03689,18.3454],[-66.0358,18.34467],[-66.03564,18.34437],[-66.03565,18.34258],[-66.03511,18.34165],[-66.03507,18.34021],[-66.03468,18.33926],[-66.03431,18.33663],[-66.03386,18.33626],[-66.03391,18.33478],[-66.03405,18.33459],[-66.03503,18.33431],[-66.03523,18.33414],[-66.03486,18.3329],[-66.03516,18.33169],[-66.03515,18.33009],[-66.03525,18.32978],[-66.03578,18.32916],[-66.036,18.32796],[-66.03546,18.32643],[-66.03547,18.32609],[-66.03624,18.32502],[-66.03616,18.32397],[-66.03651,18.32331],[-66.03626,18.32246],[-66.03585,18.32218],[-66.03576,18.32195],[-66.03571,18.32156],[-66.0359,18.32115],[-66.03545,18.32004],[-66.03713,18.31825],[-66.0375,18.31748],[-66.03924,18.31652],[-66.03964,18.31598],[-66.04054,18.3159],[-66.0408,18.31581],[-66.041,18.31555],[-66.04121,18.31524],[-66.04129,18.31424],[-66.04066,18.31285],[-66.04073,18.31248],[-66.04131,18.31219],[-66.04116,18.31155],[-66.04085,18.31148],[-66.0393,18.31167],[-66.03834,18.31149],[-66.03803,18.31136],[-66.03755,18.3108],[-66.03652,18.31002],[-66.03424,18.30933],[-66.03286,18.30939],[-66.03195,18.30895],[-66.03037,18.30995],[-66.02943,18.30982],[-66.02812,18.31032],[-66.02738,18.31033],[-66.02594,18.30982],[-66.02543,18.30957],[-66.02511,18.30921],[-66.02379,18.30707],[-66.02238,18.30556],[-66.02173,18.30517],[-66.02154,18.30556],[-66.02063,18.30646],[-66.02035,18.30743],[-66.02006,18.30765],[-66.01838,18.30858],[-66.01649,18.30893],[-66.01635,18.30865],[-66.01561,18.30826],[-66.01527,18.30749],[-66.01462,18.30756],[-66.01393,18.30725],[-66.01355,18.30756],[-66.01293,18.30742],[-66.01085,18.30572],[-66.00884,18.30513],[-66.00848,18.30457],[-66.00792,18.30433],[-66.00677,18.30437],[-66.0062,18.30554],[-66.00505,18.30577],[-66.00452,18.30602],[-66.00398,18.30597],[-66.00267,18.30652],[-66.00281,18.30724],[-66.00273,18.30769],[-66.00251,18.30746],[-66.00218,18.30739],[-66.00055,18.30746],[-65.99865,18.3067],[-65.99784,18.30616],[-65.99718,18.30609],[-65.99659,18.30656],[-65.9958,18.30652],[-65.99511,18.30665],[-65.99358,18.30805],[-65.99349,18.30847],[-65.99321,18.30874],[-65.99046,18.30975],[-65.98968,18.30992],[-65.9888,18.30992],[-65.98708,18.31089],[-65.98606,18.31118],[-65.98458,18.31082],[-65.98309,18.31065],[-65.9736,18.31044],[-65.97065,18.31018],[-65.9692,18.30986],[-65.96831,18.30996],[-65.96813,18.31024],[-65.96771,18.3098],[-65.96857,18.3086],[-65.96875,18.30806],[-65.96872,18.3074],[-65.96858,18.30717],[-65.9683,18.30703],[-65.9675,18.30704],[-65.96734,18.30689],[-65.96759,18.30573],[-65.96621,18.30527],[-65.96607,18.30485],[-65.96562,18.30435],[-65.96551,18.30394],[-65.96459,18.30308],[-65.96454,18.3029],[-65.96474,18.30249],[-65.96467,18.30224],[-65.96426,18.30201],[-65.96391,18.30159],[-65.96372,18.30051],[-65.9633,18.30025],[-65.96284,18.2997],[-65.96223,18.29968],[-65.96147,18.30012],[-65.96067,18.29991],[-65.96007,18.2988],[-65.95888,18.29756],[-65.95828,18.29731],[-65.95782,18.29673],[-65.95629,18.29621],[-65.9552,18.29514],[-65.95398,18.29448],[-65.95288,18.29454],[-65.95039,18.29549],[-65.94914,18.29497],[-65.94836,18.29431],[-65.94711,18.29423],[-65.94545,18.29357],[-65.94457,18.29373],[-65.9433,18.29332],[-65.94245,18.2934],[-65.94297,18.29421],[-65.94304,18.29452],[-65.94238,18.29615],[-65.94226,18.29693],[-65.9434,18.29819],[-65.94361,18.29907],[-65.94351,18.29927],[-65.94331,18.29933],[-65.94306,18.29926],[-65.94127,18.29972],[-65.94024,18.30014],[-65.94012,18.3003],[-65.94062,18.30064],[-65.94101,18.30191],[-65.94066,18.30252],[-65.94089,18.30285],[-65.94078,18.30304],[-65.94037,18.30312],[-65.94041,18.30333],[-65.94143,18.30404],[-65.94183,18.304],[-65.94205,18.30411],[-65.94203,18.30434],[-65.94186,18.30482],[-65.94143,18.30527],[-65.94124,18.30593],[-65.94095,18.30623],[-65.94041,18.30768],[-65.93961,18.30852],[-65.93888,18.30887],[-65.9391,18.30956],[-65.94068,18.31138],[-65.94206,18.31221],[-65.94235,18.31215],[-65.9431,18.31159],[-65.94481,18.31137],[-65.94615,18.31153],[-65.94703,18.31141],[-65.94776,18.31163],[-65.94917,18.3127],[-65.95013,18.31411],[-65.95021,18.31487],[-65.95047,18.31546],[-65.95139,18.31619],[-65.95264,18.31643],[-65.95314,18.31709],[-65.95395,18.31769],[-65.95579,18.31793],[-65.95661,18.31826],[-65.95826,18.32054],[-65.95859,18.32132],[-65.95861,18.32225],[-65.95875,18.32261],[-65.96034,18.32294],[-65.96131,18.32276],[-65.96193,18.32309],[-65.96262,18.32443],[-65.96316,18.32512],[-65.96335,18.32577],[-65.96307,18.32654],[-65.9622,18.32743],[-65.96246,18.3279],[-65.96229,18.32843],[-65.96262,18.32872],[-65.96323,18.32875],[-65.9639,18.3295],[-65.96472,18.32927],[-65.96566,18.32959],[-65.96668,18.3294],[-65.96744,18.33043],[-65.9674,18.33083],[-65.96796,18.33255],[-65.96876,18.33346],[-65.96982,18.33418],[-65.96959,18.33603],[-65.969,18.33738],[-65.96861,18.33783],[-65.96777,18.33837],[-65.96706,18.33928],[-65.96696,18.3397],[-65.96745,18.33993],[-65.96922,18.34029],[-65.96999,18.34066],[-65.97013,18.34246],[-65.96989,18.34334],[-65.97125,18.3436],[-65.97198,18.34361],[-65.97278,18.34401],[-65.97299,18.34444],[-65.97311,18.34522],[-65.97366,18.34627],[-65.97389,18.34768],[-65.97416,18.34798],[-65.97421,18.34847],[-65.97537,18.34923],[-65.97554,18.34961],[-65.9754,18.35208],[-65.97567,18.3527],[-65.97648,18.35285],[-65.97889,18.35281],[-65.97943,18.35307],[-65.97999,18.3536],[-65.98083,18.35383],[-65.98103,18.3541],[-65.98071,18.35503],[-65.98077,18.3553],[-65.98116,18.35676],[-65.98182,18.35806],[-65.98192,18.35854],[-65.98212,18.35854],[-65.98301,18.35983],[-65.98485,18.36172],[-65.98842,18.36472],[-65.98951,18.36583],[-65.98973,18.36642],[-65.98975,18.36689],[-65.98946,18.36962],[-65.98993,18.37069],[-65.99141,18.37215],[-65.99161,18.37705],[-65.99224,18.37708],[-65.99294,18.37742],[-65.99334,18.37713],[-65.99405,18.37713],[-65.99588,18.37759],[-65.99668,18.37804],[-65.99767,18.3783],[-65.99796,18.37857],[-65.99851,18.37969],[-65.99885,18.38003],[-65.99927,18.38021]]]},"properties":{"municipio":"Trujillo Alto","geoid":"72139","countyfp":"139","abrev_mun":"TRU"}},
{"type":"Feature","geometry":{"type":"Polygon","coordinates":[[[-66.6069,18.32815],[-66.60901,18.32832],[-66.60954,18.32863],[-66.61016,18.32944],[-66.61196,18.32977],[-66.6123,18.33031],[-66.61234,18.3313],[-66.61356,18.33123],[-66.6143,18.33144],[-66.61492,18.33189],[-66.61497,18.33248],[-66.6151,18.33282],[-66.6153,18.33295],[-66.6159,18.33261],[-66.61645,18.33202],[-66.61809,18.3314],[-66.61862,18.33157],[-66.61889,18.33183],[-66.61928,18.33191],[-66.61973,18.33157],[-66.62025,18.33082],[-66.62125,18.33081],[-66.62152,18.33067],[-66.62422,18.32839],[-66.62462,18.32857],[-66.62502,18.32857],[-66.62607,18.32811],[-66.62681,18.32798],[-66.62809,18.32831],[-66.62893,18.32788],[-66.63045,18.32843],[-66.63135,18.32829],[-66.63203,18.32846],[-66.63236,18.32705],[-66.63318,18.32621],[-66.63427,18.32588],[-66.63507,18.32536],[-66.63543,18.32527],[-66.63572,18.32529],[-66.63581,18.32587],[-66.63603,18.32607],[-66.63629,18.32598],[-66.63687,18.32524],[-66.63837,18.32505],[-66.63958,18.32453],[-66.64027,18.32495],[-66.64091,18.32612],[-66.64203,18.32684],[-66.64263,18.32678],[-66.64307,18.32602],[-66.6437,18.32599],[-66.64465,18.3256],[-66.64533,18.32548],[-66.64756,18.32644],[-66.64804,18.32634],[-66.64862,18.32655],[-66.64927,18.32786],[-66.65028,18.32843],[-66.65138,18.32846],[-66.65281,18.32824],[-66.65321,18.32785],[-66.6537,18.32693],[-66.65449,18.32486],[-66.65619,18.32264],[-66.65713,18.32206],[-66.66189,18.32061],[-66.66276,18.31984],[-66.66374,18.32106],[-66.66438,18.32215],[-66.66579,18.32246],[-66.66709,18.32239],[-66.66903,18.32314],[-66.67162,18.32445],[-66.67231,18.32454],[-66.67338,18.3243],[-66.67396,18.32394],[-66.67494,18.32381],[-66.67741,18.32217],[-66.67785,18.32205],[-66.67841,18.3221],[-66.67906,18.32176],[-66.67984,18.32165],[-66.68071,18.3218],[-66.6812,18.32222],[-66.68152,18.32233],[-66.68181,18.32222],[-66.68256,18.32118],[-66.68293,18.32089],[-66.68366,18.32109],[-66.68539,18.32117],[-66.68584,18.32081],[-66.687,18.32064],[-66.68782,18.32011],[-66.68892,18.32031],[-66.68958,18.32116],[-66.69044,18.32174],[-66.69139,18.32135],[-66.69173,18.32133],[-66.69302,18.32174],[-66.69497,18.32189],[-66.69561,18.32212],[-66.69757,18.32106],[-66.69833,18.32083],[-66.69927,18.32086],[-66.70003,18.32071],[-66.70081,18.3208],[-66.70182,18.32052],[-66.70283,18.32055],[-66.70446,18.31921],[-66.706,18.31747],[-66.70689,18.31665],[-66.70872,18.3165],[-66.70983,18.31549],[-66.71078,18.31533],[-66.71232,18.31554],[-66.71319,18.31526],[-66.71463,18.31552],[-66.71571,18.31523],[-66.71743,18.31575],[-66.71757,18.31593],[-66.71748,18.31675],[-66.71762,18.31713],[-66.71936,18.31967],[-66.72007,18.32316],[-66.72147,18.32373],[-66.72161,18.32517],[-66.72085,18.32645],[-66.72076,18.32726],[-66.72163,18.32839],[-66.72168,18.32978],[-66.72259,18.33101],[-66.72284,18.33244],[-66.72259,18.33329],[-66.7223,18.33365],[-66.72005,18.33558],[-66.71981,18.33639],[-66.71995,18.33683],[-66.72063,18.33787],[-66.72093,18.33812],[-66.72251,18.33876],[-66.72306,18.33925],[-66.72609,18.34334],[-66.7263,18.34393],[-66.72883,18.347],[-66.73061,18.34942],[-66.73136,18.34864],[-66.73272,18.3479],[-66.73374,18.34756],[-66.73434,18.34769],[-66.73487,18.34815],[-66.73518,18.34867],[-66.73543,18.34962],[-66.73561,18.3497],[-66.73653,18.34944],[-66.73792,18.34838],[-66.73834,18.34767],[-66.73871,18.34638],[-66.74028,18.34524],[-66.74076,18.34442],[-66.74416,18.3434],[-66.74581,18.34214],[-66.74905,18.34063],[-66.74989,18.34044],[-66.75234,18.33925],[-66.75273,18.33898],[-66.75367,18.33782],[-66.75441,18.3373],[-66.75517,18.33713],[-66.7559,18.33727],[-66.75695,18.33708],[-66.75731,18.33668],[-66.7577,18.33567],[-66.75904,18.33467],[-66.76033,18.33434],[-66.76113,18.33387],[-66.76151,18.33388],[-66.76203,18.33409],[-66.76231,18.33368],[-66.76224,18.33265],[-66.7623,18.33225],[-66.76251,18.33208],[-66.76305,18.33202],[-66.76425,18.33236],[-66.7652,18.33213],[-66.76551,18.33176],[-66.76571,18.33028],[-66.76622,18.32954],[-66.76577,18.32848],[-66.76579,18.32762],[-66.76597,18.32751],[-66.76636,18.32757],[-66.76714,18.32814],[-66.76762,18.32824],[-66.76817,18.32757],[-66.76829,18.32659],[-66.76849,18.32616],[-66.76954,18.32525],[-66.7702,18.32494],[-66.77028,18.32074],[-66.82604,18.32336],[-66.82532,18.32245],[-66.82506,18.32238],[-66.8255,18.32168],[-66.82553,18.32142],[-66.82512,18.32073],[-66.82485,18.31994],[-66.82433,18.31963],[-66.82424,18.31922],[-66.82359,18.31858],[-66.82343,18.31825],[-66.8242,18.31774],[-66.82461,18.31684],[-66.82561,18.31617],[-66.82605,18.31562],[-66.82694,18.31528],[-66.82743,18.31464],[-66.82741,18.31432],[-66.82735,18.31394],[-66.82697,18.31376],[-66.82678,18.3135],[-66.82707,18.31255],[-66.82701,18.31233],[-66.826,18.31157],[-66.82489,18.311],[-66.82429,18.3104],[-66.82449,18.30999],[-66.82499,18.30995],[-66.82522,18.30938],[-66.82521,18.30909],[-66.82462,18.30914],[-66.82444,18.30903],[-66.82448,18.30878],[-66.82515,18.30825],[-66.82519,18.30776],[-66.82507,18.30691],[-66.82477,18.30608],[-66.82484,18.30525],[-66.8247,18.30472],[-66.82423,18.30401],[-66.8235,18.30365],[-66.82349,18.30346],[-66.8251,18.30267],[-66.82602,18.30256],[-66.82633,18.30228],[-66.82642,18.30199],[-66.82674,18.30078],[-66.82589,18.29835],[-66.82565,18.29828],[-66.82517,18.29891],[-66.82492,18.29895],[-66.82489,18.29865],[-66.82533,18.29783],[-66.82554,18.29766],[-66.826,18.29766],[-66.8266,18.29578],[-66.82651,18.2954],[-66.82605,18.2952],[-66.82486,18.29576],[-66.82473,18.29555],[-66.82498,18.29496],[-66.82612,18.29353],[-66.82653,18.29187],[-66.82627,18.29138],[-66.82635,18.29082],[-66.8274,18.2895],[-66.82765,18.2893],[-66.8282,18.2894],[-66.8287,18.28888],[-66.8287,18.28811],[-66.82962,18.28768],[-66.82976,18.28723],[-66.82971,18.28598],[-66.82987,18.28541],[-66.83088,18.28544],[-66.83125,18.28507],[-66.83112,18.28488],[-66.83062,18.28476],[-66.82976,18.28467],[-66.82903,18.28486],[-66.82874,18.28483],[-66.82862,18.28461],[-66.82877,18.28413],[-66.82906,18.28377],[-66.82961,18.28347],[-66.82986,18.28299],[-66.8297,18.28284],[-66.82948,18.28286],[-66.829,18.28305],[-66.8287,18.28299],[-66.82863,18.28272],[-66.82951,18.28186],[-66.82979,18.28108],[-66.83087,18.28038],[-66.83053,18.27999],[-66.83058,18.27953],[-66.83026,18.27915],[-66.83019,18.27885],[-66.83049,18.27775],[-66.82994,18.27742],[-66.82917,18.27734],[-66.82727,18.27789],[-66.82696,18.27713],[-66.82685,18.27662],[-66.82697,18.27594],[-66.82761,18.27602],[-66.8277,18.27586],[-66.82753,18.27556],[-66.82709,18.27523],[-66.82701,18.27386],[-66.82684,18.27318],[-66.82734,18.27265],[-66.82777,18.27153],[-66.82851,18.27101],[-66.82868,18.27072],[-66.82884,18.27018],[-66.82882,18.2693],[-66.82876,18.26908],[-66.82796,18.2687],[-66.82759,18.26821],[-66.82708,18.26785],[-66.827,18.2673],[-66.82679,18.26711],[-66.82551,18.2669],[-66.82517,18.26665],[-66.82516,18.26643],[-66.82578,18.26596],[-66.82579,18.26509],[-66.82616,18.26444],[-66.82518,18.26386],[-66.82476,18.26323],[-66.82489,18.26297],[-66.82607,18.26228],[-66.82635,18.26188],[-66.82687,18.26056],[-66.82704,18.26035],[-66.82756,18.26016],[-66.82739,18.25946],[-66.82706,18.25932],[-66.82694,18.25905],[-66.82709,18.25885],[-66.8271,18.25855],[-66.82614,18.25703],[-66.82616,18.25462],[-66.82611,18.25438],[-66.82561,18.25393],[-66.82557,18.25364],[-66.82603,18.25326],[-66.82669,18.25312],[-66.82672,18.2529],[-66.82649,18.2526],[-66.82657,18.25213],[-66.82647,18.25149],[-66.82675,18.25071],[-66.82674,18.25032],[-66.82635,18.24926],[-66.82665,18.24884],[-66.82693,18.24762],[-66.82685,18.24591],[-66.82725,18.24487],[-66.82725,18.24426],[-66.82691,18.24377],[-66.82669,18.24379],[-66.8261,18.24431],[-66.82571,18.24429],[-66.82504,18.24399],[-66.82428,18.24341],[-66.82408,18.24316],[-66.82425,18.24242],[-66.82419,18.24202],[-66.82331,18.24069],[-66.82357,18.23997],[-66.82352,18.23971],[-66.82286,18.23895],[-66.82219,18.23861],[-66.82155,18.23787],[-66.82069,18.23731],[-66.82031,18.23684],[-66.81842,18.23604],[-66.81766,18.2355],[-66.81714,18.23446],[-66.8169,18.23008],[-66.81605,18.23031],[-66.81416,18.23006],[-66.81296,18.22916],[-66.81172,18.22876],[-66.81068,18.22893],[-66.80985,18.22938],[-66.80803,18.22828],[-66.80735,18.2284],[-66.80513,18.22812],[-66.80341,18.22741],[-66.80205,18.22743],[-66.80047,18.22784],[-66.79968,18.22853],[-66.79893,18.2297],[-66.79873,18.2304],[-66.79998,18.23402],[-66.80017,18.23539],[-66.79957,18.23733],[-66.80014,18.23757],[-66.80034,18.23791],[-66.80029,18.23835],[-66.79988,18.23869],[-66.79964,18.23955],[-66.79919,18.23996],[-66.79923,18.24018],[-66.79952,18.24032],[-66.80073,18.24022],[-66.80069,18.24119],[-66.8004,18.24171],[-66.80036,18.24235],[-66.80001,18.24297],[-66.79899,18.24367],[-66.79794,18.2437],[-66.79772,18.24333],[-66.79741,18.24331],[-66.79632,18.24365],[-66.79624,18.2433],[-66.79637,18.24269],[-66.79608,18.24253],[-66.79506,18.24278],[-66.79489,18.24292],[-66.7948,18.24319],[-66.795,18.2434],[-66.79545,18.24352],[-66.79547,18.24378],[-66.79472,18.24456],[-66.79472,18.24479],[-66.79526,18.24518],[-66.7953,18.24585],[-66.79487,18.24707],[-66.79461,18.24713],[-66.79442,18.24682],[-66.79422,18.24696],[-66.7941,18.24739],[-66.7942,18.24783],[-66.79449,18.24801],[-66.79451,18.24881],[-66.79496,18.24924],[-66.79479,18.24971],[-66.7946,18.24985],[-66.79292,18.25004],[-66.79186,18.25008],[-66.79091,18.24977],[-66.78964,18.24997],[-66.78811,18.24954],[-66.78656,18.2486],[-66.78624,18.24859],[-66.78519,18.24874],[-66.78482,18.2491],[-66.78367,18.2494],[-66.78327,18.24974],[-66.78283,18.2504],[-66.78238,18.25057],[-66.77989,18.24885],[-66.77849,18.24837],[-66.7775,18.24754],[-66.77738,18.2474],[-66.7774,18.24705],[-66.7777,18.24657],[-66.77773,18.24627],[-66.77669,18.24405],[-66.77598,18.24314],[-66.77498,18.24283],[-66.77466,18.2426],[-66.77364,18.24126],[-66.77272,18.2411],[-66.77092,18.24167],[-66.76964,18.24161],[-66.76893,18.24113],[-66.76849,18.24058],[-66.76806,18.2397],[-66.76683,18.23846],[-66.76429,18.23738],[-66.76421,18.23661],[-66.76386,18.23604],[-66.76405,18.23444],[-66.76286,18.23289],[-66.76161,18.23241],[-66.76155,18.23169],[-66.76171,18.23123],[-66.76273,18.23095],[-66.76111,18.22981],[-66.76066,18.22913],[-66.76045,18.22835],[-66.76078,18.22697],[-66.76063,18.22591],[-66.75996,18.22528],[-66.75913,18.22529],[-66.7583,18.22506],[-66.75678,18.22505],[-66.75623,18.22455],[-66.75584,18.22341],[-66.75555,18.2233],[-66.75405,18.22359],[-66.7534,18.22396],[-66.75272,18.22378],[-66.75151,18.22389],[-66.75062,18.2236],[-66.74962,18.22281],[-66.74838,18.22249],[-66.74811,18.22228],[-66.74694,18.22214],[-66.74625,18.22222],[-66.74563,18.22204],[-66.74432,18.22253],[-66.74318,18.22261],[-66.74274,18.22225],[-66.74125,18.22181],[-66.73957,18.22078],[-66.73931,18.22073],[-66.73907,18.2208],[-66.73849,18.22132],[-66.73812,18.22195],[-66.73744,18.2227],[-66.73672,18.22394],[-66.73598,18.22441],[-66.73455,18.22488],[-66.73339,18.22562],[-66.73271,18.22575],[-66.73192,18.2261],[-66.73134,18.22569],[-66.7306,18.22572],[-66.7301,18.22558],[-66.72973,18.22534],[-66.72946,18.2249],[-66.72679,18.2236],[-66.72661,18.22347],[-66.72668,18.22292],[-66.72648,18.22273],[-66.72608,18.22279],[-66.72565,18.22181],[-66.72462,18.22114],[-66.72331,18.22153],[-66.7228,18.2212],[-66.7201,18.22193],[-66.71979,18.22183],[-66.71879,18.22055],[-66.71847,18.22053],[-66.71781,18.22096],[-66.71649,18.22104],[-66.71592,18.2214],[-66.71547,18.22051],[-66.71353,18.22009],[-66.71099,18.21824],[-66.71007,18.21847],[-66.70886,18.21797],[-66.70831,18.21759],[-66.70784,18.21702],[-66.70737,18.21683],[-66.706,18.2171],[-66.70529,18.21701],[-66.70474,18.21667],[-66.70398,18.21677],[-66.70181,18.21751],[-66.70152,18.21749],[-66.70109,18.21735],[-66.69981,18.21612],[-66.69799,18.21557],[-66.69715,18.21575],[-66.6967,18.21563],[-66.6958,18.2157],[-66.69547,18.2158],[-66.69366,18.21705],[-66.69311,18.21695],[-66.69262,18.21629],[-66.69255,18.2149],[-66.69173,18.2121],[-66.69078,18.21179],[-66.69032,18.21133],[-66.68932,18.21094],[-66.68747,18.20994],[-66.6862,18.20875],[-66.68438,18.20759],[-66.68343,18.20599],[-66.68121,18.2042],[-66.68106,18.20255],[-66.68125,18.20077],[-66.68195,18.20003],[-66.68266,18.19875],[-66.68355,18.19827],[-66.68417,18.19769],[-66.68492,18.19751],[-66.68511,18.19721],[-66.68466,18.19606],[-66.68453,18.19525],[-66.68464,18.19386],[-66.68395,18.1931],[-66.68372,18.19214],[-66.68283,18.19132],[-66.68193,18.1901],[-66.68164,18.18868],[-66.68165,18.18813],[-66.68124,18.18771],[-66.68082,18.18647],[-66.68046,18.18611],[-66.67874,18.18543],[-66.67765,18.18476],[-66.67684,18.18368],[-66.6759,18.18296],[-66.6746,18.18272],[-66.674,18.18238],[-66.67292,18.18211],[-66.67196,18.18046],[-66.67078,18.18003],[-66.66979,18.1792],[-66.66957,18.17859],[-66.66897,18.17775],[-66.6683,18.17718],[-66.66791,18.17648],[-66.66723,18.17627],[-66.66635,18.17637],[-66.66556,18.17606],[-66.66479,18.17553],[-66.66465,18.17389],[-66.66485,18.17269],[-66.66577,18.17163],[-66.66717,18.17095],[-66.66759,18.17025],[-66.66774,18.16819],[-66.66797,18.16795],[-66.66937,18.16767],[-66.67081,18.16785],[-66.67153,18.1672],[-66.67157,18.16686],[-66.6704,18.16595],[-66.67031,18.16565],[-66.67062,18.16399],[-66.67088,18.16358],[-66.67193,18.16276],[-66.67317,18.16261],[-66.67364,18.1624],[-66.67458,18.1617],[-66.67463,18.16144],[-66.67564,18.16079],[-66.6768,18.16037],[-66.6766,18.15874],[-66.67702,18.15734],[-66.67697,18.15711],[-66.67635,18.15658],[-66.67615,18.15581],[-66.67558,18.15511],[-66.67553,18.15464],[-66.6756,18.15416],[-66.67654,18.15364],[-66.67716,18.153],[-66.67703,18.15111],[-66.67688,18.15095],[-66.67653,18.151],[-66.67606,18.15069],[-66.67581,18.1507],[-66.67512,18.151],[-66.67475,18.1514],[-66.67393,18.15168],[-66.67262,18.1526],[-66.67212,18.15311],[-66.6712,18.15316],[-66.67041,18.15294],[-66.66976,18.15251],[-66.66921,18.15247],[-66.66847,18.15277],[-66.6664,18.15308],[-66.6658,18.15367],[-66.66421,18.15382],[-66.66379,18.15423],[-66.66285,18.1556],[-66.66172,18.15612],[-66.66131,18.15652],[-66.6601,18.15703],[-66.65902,18.15697],[-66.65842,18.15674],[-66.65694,18.15653],[-66.65642,18.15734],[-66.65581,18.15728],[-66.65497,18.15811],[-66.65472,18.15862],[-66.65418,18.15856],[-66.65345,18.15918],[-66.65206,18.15905],[-66.65062,18.15854],[-66.65024,18.15891],[-66.64995,18.15898],[-66.64965,18.1589],[-66.64945,18.15903],[-66.64928,18.15927],[-66.64932,18.15964],[-66.65005,18.16022],[-66.65042,18.16073],[-66.65025,18.16111],[-66.64982,18.16137],[-66.64951,18.162],[-66.64973,18.16268],[-66.64957,18.16304],[-66.64977,18.16338],[-66.6503,18.16338],[-66.6508,18.16383],[-66.65091,18.16399],[-66.65086,18.16493],[-66.65138,18.16548],[-66.65132,18.16593],[-66.65157,18.16635],[-66.65159,18.16772],[-66.65143,18.16824],[-66.65154,18.16952],[-66.65256,18.16994],[-66.65398,18.16938],[-66.6543,18.16937],[-66.65449,18.1697],[-66.65304,18.17116],[-66.65269,18.17236],[-66.65222,18.17268],[-66.6516,18.17346],[-66.65061,18.17347],[-66.65047,18.17361],[-66.65086,18.175],[-66.65086,18.17547],[-66.65063,18.17613],[-66.65109,18.17714],[-66.65153,18.17998],[-66.65228,18.18262],[-66.65155,18.18309],[-66.65086,18.18311],[-66.65026,18.18294],[-66.64854,18.18337],[-66.6477,18.18398],[-66.64514,18.184],[-66.64408,18.18352],[-66.64377,18.18317],[-66.64334,18.18296],[-66.64307,18.18295],[-66.64217,18.18346],[-66.64233,18.18393],[-66.6421,18.18481],[-66.64133,18.18584],[-66.64103,18.18665],[-66.64129,18.18748],[-66.64119,18.18816],[-66.64237,18.18927],[-66.64241,18.18961],[-66.64225,18.18997],[-66.64172,18.19053],[-66.64165,18.19156],[-66.64184,18.19199],[-66.64212,18.19221],[-66.64199,18.19278],[-66.64209,18.19308],[-66.64251,18.19307],[-66.64317,18.19356],[-66.64376,18.19423],[-66.64377,18.19454],[-66.64359,18.19511],[-66.64292,18.19617],[-66.64219,18.19614],[-66.64172,18.1966],[-66.64099,18.19696],[-66.64075,18.19872],[-66.63998,18.20032],[-66.64,18.20128],[-66.63919,18.20184],[-66.63871,18.2031],[-66.63865,18.2033],[-66.63896,18.20479],[-66.63888,18.20549],[-66.63909,18.20585],[-66.63921,18.20662],[-66.63962,18.20726],[-66.63945,18.20748],[-66.63857,18.20786],[-66.63673,18.20766],[-66.63506,18.20997],[-66.63417,18.21075],[-66.63391,18.21121],[-66.63318,18.2113],[-66.63252,18.2124],[-66.63276,18.21296],[-66.63274,18.21324],[-66.63256,18.2134],[-66.63125,18.2139],[-66.6303,18.21471],[-66.6297,18.21479],[-66.62849,18.21461],[-66.62833,18.21493],[-66.62834,18.21662],[-66.62858,18.21765],[-66.62912,18.2184],[-66.62909,18.21888],[-66.62935,18.22017],[-66.62962,18.22068],[-66.62958,18.22118],[-66.62867,18.22208],[-66.62833,18.22271],[-66.62813,18.22335],[-66.62828,18.22499],[-66.62816,18.22622],[-66.62772,18.22808],[-66.62716,18.22956],[-66.6267,18.2301],[-66.62731,18.23108],[-66.62796,18.23181],[-66.6291,18.23241],[-66.62965,18.23353],[-66.62995,18.23462],[-66.62956,18.23491],[-66.62888,18.23614],[-66.6282,18.23573],[-66.62757,18.23471],[-66.62706,18.23432],[-66.62672,18.23347],[-66.62652,18.2335],[-66.62578,18.23481],[-66.62545,18.2359],[-66.62521,18.24092],[-66.62524,18.24449],[-66.62505,18.24707],[-66.62458,18.24762],[-66.62317,18.24801],[-66.62235,18.24877],[-66.6211,18.24867],[-66.61951,18.24943],[-66.61871,18.24922],[-66.61835,18.24902],[-66.61814,18.24863],[-66.61765,18.24816],[-66.61735,18.24746],[-66.61711,18.24732],[-66.61611,18.24736],[-66.61583,18.24681],[-66.61541,18.24493],[-66.61478,18.24409],[-66.61345,18.24375],[-66.61292,18.24233],[-66.61261,18.24186],[-66.61213,18.24166],[-66.61117,18.24188],[-66.61019,18.24121],[-66.60947,18.24106],[-66.60886,18.24055],[-66.60802,18.24018],[-66.60786,18.23995],[-66.60777,18.23905],[-66.60734,18.23867],[-66.60696,18.23865],[-66.60673,18.23849],[-66.60648,18.23764],[-66.60485,18.2428],[-66.60389,18.24633],[-66.60467,18.2462],[-66.60494,18.24639],[-66.60497,18.24669],[-66.60448,18.24735],[-66.60391,18.24775],[-66.60384,18.24801],[-66.60364,18.24801],[-66.60312,18.24873],[-66.60311,18.24928],[-66.60228,18.25138],[-66.60198,18.25148],[-66.6012,18.25128],[-66.60063,18.252],[-66.59986,18.25181],[-66.59963,18.25203],[-66.59944,18.25242],[-66.59955,18.25259],[-66.59995,18.25275],[-66.59998,18.25298],[-66.59972,18.25363],[-66.59927,18.25394],[-66.60047,18.25514],[-66.60032,18.25635],[-66.59973,18.25695],[-66.59917,18.25868],[-66.59843,18.25901],[-66.59763,18.25977],[-66.59737,18.26024],[-66.59771,18.26092],[-66.5978,18.26156],[-66.59839,18.26209],[-66.59992,18.26282],[-66.60053,18.2639],[-66.6012,18.2643],[-66.60135,18.26457],[-66.60133,18.26484],[-66.60109,18.26504],[-66.60038,18.26523],[-66.60003,18.26569],[-66.59916,18.26616],[-66.59891,18.26647],[-66.59882,18.26689],[-66.59903,18.26747],[-66.59907,18.26826],[-66.59853,18.26964],[-66.59801,18.27003],[-66.597,18.27009],[-66.59667,18.27035],[-66.59645,18.27079],[-66.59633,18.27316],[-66.59678,18.27398],[-66.59689,18.27457],[-66.59666,18.2749],[-66.59609,18.27532],[-66.59605,18.27599],[-66.59585,18.27623],[-66.5955,18.27637],[-66.59529,18.27691],[-66.59605,18.27854],[-66.59637,18.27891],[-66.59789,18.27913],[-66.59806,18.27925],[-66.59744,18.28008],[-66.59707,18.28111],[-66.59684,18.28133],[-66.59614,18.28141],[-66.59587,18.28166],[-66.59583,18.28208],[-66.59607,18.28266],[-66.59805,18.28178],[-66.59868,18.28195],[-66.59755,18.28296],[-66.59753,18.28394],[-66.59738,18.28419],[-66.59696,18.28436],[-66.59646,18.28434],[-66.59577,18.28386],[-66.59576,18.28334],[-66.59555,18.2834],[-66.59512,18.284],[-66.5951,18.28465],[-66.59491,18.28471],[-66.59444,18.28416],[-66.59402,18.2832],[-66.59368,18.28316],[-66.59283,18.28388],[-66.59257,18.28376],[-66.59231,18.28315],[-66.59209,18.28296],[-66.59187,18.28309],[-66.59139,18.28374],[-66.591,18.2839],[-66.59024,18.28392],[-66.59024,18.28306],[-66.58991,18.28283],[-66.58996,18.28335],[-66.58981,18.28348],[-66.58804,18.28356],[-66.58748,18.28402],[-66.58675,18.28397],[-66.585,18.28414],[-66.58377,18.28392],[-66.5832,18.28415],[-66.58221,18.2843],[-66.582,18.28458],[-66.58104,18.28485],[-66.58008,18.28428],[-66.5786,18.28413],[-66.5782,18.28426],[-66.57767,18.28461],[-66.5767,18.28587],[-66.57564,18.28662],[-66.57547,18.28709],[-66.5755,18.28762],[-66.5745,18.28867],[-66.57477,18.28904],[-66.57492,18.28992],[-66.57459,18.2906],[-66.57457,18.29112],[-66.57478,18.29166],[-66.57392,18.29152],[-66.57353,18.29096],[-66.57327,18.29093],[-66.57336,18.29164],[-66.57313,18.29273],[-66.57344,18.29385],[-66.57331,18.29482],[-66.57377,18.29537],[-66.57429,18.2955],[-66.57446,18.29568],[-66.57434,18.29586],[-66.57377,18.29612],[-66.5741,18.29673],[-66.57412,18.29724],[-66.57325,18.29952],[-66.57316,18.30034],[-66.56957,18.30025],[-66.56977,18.30007],[-66.56963,18.29988],[-66.56883,18.2998],[-66.56794,18.29895],[-66.56662,18.29862],[-66.56656,18.29914],[-66.56675,18.2997],[-66.56818,18.29984],[-66.56901,18.3015],[-66.56978,18.30156],[-66.57016,18.30169],[-66.57035,18.30193],[-66.57027,18.30283],[-66.5704,18.30306],[-66.57098,18.30345],[-66.57134,18.30412],[-66.57094,18.30459],[-66.57099,18.30534],[-66.57138,18.30599],[-66.57176,18.30633],[-66.57259,18.30616],[-66.57231,18.30742],[-66.57311,18.30906],[-66.5741,18.30938],[-66.57529,18.30932],[-66.57579,18.30944],[-66.57583,18.31015],[-66.57552,18.31063],[-66.57558,18.31092],[-66.57571,18.3112],[-66.57653,18.31139],[-66.5771,18.3119],[-66.57716,18.31284],[-66.5778,18.31368],[-66.57804,18.31388],[-66.57919,18.31412],[-66.57975,18.31403],[-66.58007,18.31364],[-66.58121,18.31388],[-66.58153,18.31418],[-66.58191,18.31507],[-66.58303,18.3162],[-66.58311,18.31643],[-66.58296,18.31679],[-66.58167,18.31763],[-66.58142,18.318],[-66.58143,18.31819],[-66.58191,18.31873],[-66.58173,18.31936],[-66.58127,18.31979],[-66.58122,18.3201],[-66.58134,18.32035],[-66.5818,18.32033],[-66.58216,18.31971],[-66.58248,18.31948],[-66.5828,18.31939],[-66.58322,18.31949],[-66.58386,18.32005],[-66.58425,18.32134],[-66.5849,18.32248],[-66.58514,18.32267],[-66.5867,18.32234],[-66.58856,18.32275],[-66.58912,18.32333],[-66.58994,18.32315],[-66.59042,18.3233],[-66.59084,18.32363],[-66.59075,18.32443],[-66.59085,18.32488],[-66.59123,18.32537],[-66.59163,18.32541],[-66.59212,18.32472],[-66.59252,18.32442],[-66.59403,18.32452],[-66.59487,18.32338],[-66.5951,18.32333],[-66.59582,18.32355],[-66.59621,18.32347],[-66.59664,18.32313],[-66.5979,18.32318],[-66.59809,18.32303],[-66.59816,18.32259],[-66.59909,18.32245],[-66.60032,18.32187],[-66.60135,18.32204],[-66.60268,18.32263],[-66.60385,18.32143],[-66.60428,18.32121],[-66.60455,18.32131],[-66.60501,18.3222],[-66.6054,18.32226],[-66.60601,18.32207],[-66.60698,18.32252],[-66.60767,18.32325],[-66.60798,18.32377],[-66.60908,18.32353],[-66.61069,18.3227],[-66.61122,18.32267],[-66.6069,18.32815]]]},"properties":{"municipio":"Utuado","geoid":"72141","countyfp":"141","abrev_mun":"UTU"}},
{"type":"Feature","geometry":{"type":"MultiPolygon","coordinates":[[[[-66.31504,18.47444],[-66.31575,18.47456],[-66.31639,18.47495],[-66.31662,18.47531],[-66.3166,18.47578],[-66.31596,18.47597],[-66.31644,18.47619],[-66.31806,18.47646],[-66.31828,18.47634],[-66.31822,18.47616],[-66.31855,18.47586],[-66.3194,18.4756],[-66.32064,18.47579],[-66.32131,18.47615],[-66.32184,18.47678],[-66.32191,18.47706],[-66.32188,18.47725],[-66.32137,18.4775],[-66.32125,18.47768],[-66.32116,18.47834],[-66.32134,18.47862],[-66.32117,18.47915],[-66.32129,18.4792],[-66.32125,18.47933],[-66.32228,18.47958],[-66.32264,18.47945],[-66.32272,18.47954],[-66.32295,18.47916],[-66.32311,18.47918],[-66.32327,18.47853],[-66.32317,18.47862],[-66.32315,18.47853],[-66.32338,18.47815],[-66.32459,18.4778],[-66.32516,18.47774],[-66.3255,18.47784],[-66.32588,18.47812],[-66.32611,18.47889],[-66.32563,18.47909],[-66.32539,18.47959],[-66.32548,18.47983],[-66.3256,18.47977],[-66.32599,18.48009],[-66.32716,18.48038],[-66.32787,18.4812],[-66.3276,18.48131],[-66.32769,18.48139],[-66.32762,18.48157],[-66.3282,18.48146],[-66.32829,18.48112],[-66.32879,18.48128],[-66.32888,18.48119],[-66.32906,18.48159],[-66.3293,18.48154],[-66.32967,18.48204],[-66.32994,18.48224],[-66.33009,18.48217],[-66.33045,18.48249],[-66.33082,18.48255],[-66.33101,18.48243],[-66.33175,18.48263],[-66.33184,18.48255],[-66.33171,18.48233],[-66.33199,18.48214],[-66.33217,18.48225],[-66.33213,18.48247],[-66.33228,18.48256],[-66.33312,18.48252],[-66.33337,18.48276],[-66.33332,18.48296],[-66.33353,18.48298],[-66.33365,18.4832],[-66.33381,18.48315],[-66.33373,18.48335],[-66.33411,18.4834],[-66.33411,18.48382],[-66.3344,18.48401],[-66.33457,18.48437],[-66.33486,18.48453],[-66.33506,18.48448],[-66.33522,18.48488],[-66.33551,18.48511],[-66.33573,18.48513],[-66.33603,18.48488],[-66.33625,18.48434],[-66.33713,18.48442],[-66.33726,18.48496],[-66.33707,18.48509],[-66.33678,18.48499],[-66.33667,18.48532],[-66.33676,18.48549],[-66.33703,18.4855],[-66.33732,18.48526],[-66.33749,18.48562],[-66.33779,18.4856],[-66.33792,18.48517],[-66.33882,18.48496],[-66.33901,18.48397],[-66.33888,18.48355],[-66.33867,18.4835],[-66.33861,18.4833],[-66.33885,18.48236],[-66.34005,18.48132],[-66.3411,18.48098],[-66.34241,18.48084],[-66.34364,18.4811],[-66.34475,18.48162],[-66.34528,18.48196],[-66.34549,18.48226],[-66.34653,18.48246],[-66.34716,18.48282],[-66.34738,18.483],[-66.34727,18.48321],[-66.34737,18.48332],[-66.34825,18.48338],[-66.34862,18.4837],[-66.34883,18.48366],[-66.34889,18.4835],[-66.34913,18.48353],[-66.34965,18.48378],[-66.34851,18.45136],[-66.34831,18.44836],[-66.35084,18.44272],[-66.35327,18.43083],[-66.35346,18.43072],[-66.35304,18.4304],[-66.35215,18.43046],[-66.3517,18.42994],[-66.35142,18.42984],[-66.35128,18.43012],[-66.3514,18.43054],[-66.35066,18.43096],[-66.3503,18.43064],[-66.35009,18.42974],[-66.34935,18.42914],[-66.34905,18.42914],[-66.34876,18.42935],[-66.3484,18.42999],[-66.34802,18.43022],[-66.34749,18.42943],[-66.3475,18.42916],[-66.35039,18.42657],[-66.35097,18.42635],[-66.35245,18.42642],[-66.3532,18.42585],[-66.35401,18.42554],[-66.35552,18.42399],[-66.35678,18.42344],[-66.35698,18.42323],[-66.35742,18.42208],[-66.35862,18.42111],[-66.35877,18.42082],[-66.35927,18.41427],[-66.36007,18.40694],[-66.36443,18.38842],[-66.36576,18.38669],[-66.36635,18.38496],[-66.36796,18.38298],[-66.3696,18.38164],[-66.37223,18.37268],[-66.37305,18.37187],[-66.37322,18.37153],[-66.37296,18.3703],[-66.3732,18.36988],[-66.37326,18.3694],[-66.37242,18.3681],[-66.37238,18.36739],[-66.37348,18.36538],[-66.37378,18.36442],[-66.37396,18.3631],[-66.37381,18.36255],[-66.37266,18.36102],[-66.37262,18.36042],[-66.37294,18.35806],[-66.37301,18.35765],[-66.3732,18.35743],[-66.37461,18.35603],[-66.3757,18.35521],[-66.37598,18.35466],[-66.37639,18.34991],[-66.37653,18.34964],[-66.37702,18.34936],[-66.37715,18.34864],[-66.37793,18.34791],[-66.37814,18.34743],[-66.37778,18.34642],[-66.37762,18.34526],[-66.37712,18.34424],[-66.37677,18.34426],[-66.37594,18.34398],[-66.37499,18.34414],[-66.37461,18.34405],[-66.37407,18.34252],[-66.37355,18.34199],[-66.37271,18.34147],[-66.3723,18.34085],[-66.37146,18.34032],[-66.37128,18.33984],[-66.37103,18.33781],[-66.37055,18.33714],[-66.36997,18.33667],[-66.36923,18.33664],[-66.36837,18.33586],[-66.36755,18.33559],[-66.36586,18.33358],[-66.36508,18.3331],[-66.36042,18.33277],[-66.36026,18.33157],[-66.35987,18.33101],[-66.35912,18.33056],[-66.35864,18.33051],[-66.35826,18.33067],[-66.35797,18.33125],[-66.35773,18.33319],[-66.35735,18.33467],[-66.35735,18.33666],[-66.35774,18.33829],[-66.35763,18.34018],[-66.35776,18.34126],[-66.35773,18.3416],[-66.35747,18.34201],[-66.35741,18.34364],[-66.35681,18.3442],[-66.35661,18.34494],[-66.35622,18.34553],[-66.35449,18.34704],[-66.35304,18.34802],[-66.35207,18.34807],[-66.35181,18.34876],[-66.3516,18.34892],[-66.34917,18.34964],[-66.34876,18.35019],[-66.34863,18.35074],[-66.34874,18.35133],[-66.34952,18.3523],[-66.35172,18.35385],[-66.35434,18.35479],[-66.3549,18.35527],[-66.35518,18.35584],[-66.35514,18.35735],[-66.35529,18.35776],[-66.35505,18.35847],[-66.35529,18.35996],[-66.35516,18.36071],[-66.3547,18.36096],[-66.3531,18.36137],[-66.35151,18.36089],[-66.35021,18.36117],[-66.34954,18.3608],[-66.34783,18.36027],[-66.34693,18.35984],[-66.34381,18.35792],[-66.34271,18.35769],[-66.34187,18.35774],[-66.34081,18.35749],[-66.34051,18.35801],[-66.34103,18.36014],[-66.34103,18.36188],[-66.34075,18.36265],[-66.33958,18.36464],[-66.33949,18.36668],[-66.33806,18.36805],[-66.33746,18.36754],[-66.33677,18.36743],[-66.33618,18.36805],[-66.3359,18.36816],[-66.33338,18.36793],[-66.33299,18.36757],[-66.33325,18.36665],[-66.3331,18.36647],[-66.33156,18.36683],[-66.33013,18.3675],[-66.32972,18.36757],[-66.32953,18.36706],[-66.32966,18.36621],[-66.32951,18.36606],[-66.32925,18.36608],[-66.3289,18.36644],[-66.32864,18.36644],[-66.32819,18.36626],[-66.32769,18.36629],[-66.32726,18.36603],[-66.32612,18.36597],[-66.32581,18.36606],[-66.32553,18.3667],[-66.32508,18.3669],[-66.32413,18.36695],[-66.32365,18.36669],[-66.3232,18.36615],[-66.32277,18.36525],[-66.32268,18.36462],[-66.32257,18.36441],[-66.32231,18.36437],[-66.32184,18.36473],[-66.32143,18.36592],[-66.31881,18.3674],[-66.31859,18.36811],[-66.31859,18.3688],[-66.31888,18.3704],[-66.31911,18.37095],[-66.31907,18.37184],[-66.31892,18.37205],[-66.31816,18.37237],[-66.31784,18.37268],[-66.31757,18.37355],[-66.31669,18.37508],[-66.3162,18.37685],[-66.31569,18.3778],[-66.31507,18.37856],[-66.31484,18.37984],[-66.31452,18.38051],[-66.31412,18.38088],[-66.31295,18.38052],[-66.3123,18.38081],[-66.31154,18.38078],[-66.30911,18.3821],[-66.30893,18.38263],[-66.30855,18.38296],[-66.308,18.38312],[-66.30726,18.38305],[-66.30708,18.38319],[-66.30698,18.38382],[-66.3067,18.38422],[-66.30614,18.38424],[-66.30554,18.38389],[-66.30523,18.38388],[-66.30385,18.38413],[-66.30392,18.40086],[-66.3037,18.40305],[-66.30398,18.41143],[-66.30198,18.41702],[-66.30144,18.41809],[-66.30071,18.41859],[-66.29978,18.42021],[-66.29964,18.42069],[-66.29952,18.42334],[-66.30176,18.42811],[-66.30202,18.4297],[-66.30194,18.43117],[-66.30222,18.43227],[-66.30182,18.43353],[-66.30194,18.43388],[-66.30872,18.43375],[-66.31326,18.44038],[-66.31738,18.45009],[-66.31613,18.46578],[-66.31504,18.47444]]],[[[-66.3238,18.48065],[-66.32386,18.48057],[-66.32371,18.48054],[-66.3238,18.48065]]],[[[-66.32342,18.48074],[-66.32369,18.48066],[-66.32355,18.48056],[-66.32342,18.48074]]],[[[-66.32205,18.48085],[-66.32218,18.48084],[-66.32218,18.48068],[-66.32177,18.48076],[-66.32205,18.48085]]],[[[-66.32723,18.48144],[-66.32738,18.48149],[-66.32748,18.48126],[-66.32727,18.48121],[-66.32723,18.48144]]],[[[-66.34587,18.48597],[-66.34595,18.486],[-66.34586,18.4859],[-66.34599,18.48579],[-66.34538,18.4857],[-66.34572,18.48591],[-66.3458,18.4858],[-66.34587,18.48597]]],[[[-66.33952,18.48663],[-66.34002,18.48657],[-66.33991,18.48611],[-66.33939,18.4857],[-66.3392,18.48524],[-66.33883,18.48511],[-66.33868,18.48519],[-66.33882,18.48549],[-66.33865,18.4858],[-66.33848,18.48586],[-66.33854,18.48604],[-66.33888,18.48638],[-66.33952,18.48663]]]]},"properties":{"municipio":"Vega Alta","geoid":"72143","countyfp":"143","abrev_mun":"VAL"}},
{"type":"Feature","geometry":{"type":"MultiPolygon","coordinates":[[[[-66.34965,18.48378],[-66.35108,18.48458],[-66.35299,18.48484],[-66.35568,18.48585],[-66.35626,18.48592],[-66.35734,18.48575],[-66.35802,18.48584],[-66.35849,18.48574],[-66.35993,18.4863],[-66.36023,18.48599],[-66.36071,18.48578],[-66.36096,18.48538],[-66.36247,18.48507],[-66.36321,18.48449],[-66.3663,18.48494],[-66.36818,18.48563],[-66.36993,18.48602],[-66.37277,18.48756],[-66.37436,18.48777],[-66.37608,18.48767],[-66.37631,18.48775],[-66.37622,18.48784],[-66.37708,18.48811],[-66.37716,18.48797],[-66.37737,18.48813],[-66.37766,18.48814],[-66.37812,18.48878],[-66.37806,18.48947],[-66.37842,18.48965],[-66.37819,18.48942],[-66.37834,18.48887],[-66.3785,18.48875],[-66.37847,18.48775],[-66.3789,18.48731],[-66.37909,18.48621],[-66.37867,18.48599],[-66.37781,18.48623],[-66.37754,18.48542],[-66.37755,18.48488],[-66.378,18.48411],[-66.37862,18.48358],[-66.37973,18.48311],[-66.38083,18.48298],[-66.38191,18.48332],[-66.38292,18.48397],[-66.38308,18.48381],[-66.38358,18.48389],[-66.3837,18.48406],[-66.38331,18.48406],[-66.38324,18.48394],[-66.38268,18.48421],[-66.38412,18.48468],[-66.38513,18.48549],[-66.38554,18.4861],[-66.38538,18.48613],[-66.38458,18.48546],[-66.38385,18.48515],[-66.38284,18.48519],[-66.38275,18.48527],[-66.38304,18.48531],[-66.3829,18.4854],[-66.38423,18.48549],[-66.3852,18.48604],[-66.38605,18.48683],[-66.38703,18.4871],[-66.38754,18.48743],[-66.38913,18.48798],[-66.38941,18.48799],[-66.38946,18.48789],[-66.38945,18.488],[-66.38967,18.48799],[-66.38983,18.48781],[-66.39035,18.48792],[-66.39169,18.48879],[-66.39459,18.48956],[-66.39525,18.49038],[-66.39558,18.49139],[-66.39582,18.49163],[-66.39584,18.49147],[-66.39597,18.49148],[-66.39698,18.49295],[-66.39759,18.49292],[-66.39785,18.49274],[-66.39817,18.49271],[-66.39847,18.49342],[-66.39824,18.49364],[-66.39808,18.49342],[-66.39783,18.49339],[-66.39784,18.49327],[-66.39762,18.49338],[-66.39726,18.49331],[-66.39752,18.49319],[-66.39682,18.49296],[-66.39639,18.49319],[-66.39688,18.49319],[-66.39693,18.49333],[-66.39708,18.49334],[-66.39691,18.49352],[-66.39712,18.49361],[-66.39737,18.49345],[-66.39751,18.49376],[-66.39781,18.49376],[-66.39774,18.49354],[-66.3979,18.49351],[-66.39815,18.49392],[-66.39826,18.49383],[-66.39892,18.49404],[-66.39948,18.49406],[-66.39978,18.4937],[-66.39954,18.49355],[-66.39897,18.49357],[-66.39863,18.49334],[-66.3985,18.49253],[-66.39867,18.49169],[-66.39983,18.4902],[-66.40118,18.4893],[-66.40229,18.48888],[-66.40613,18.48899],[-66.4077,18.48925],[-66.40967,18.48986],[-66.41092,18.48973],[-66.41287,18.48979],[-66.41351,18.48967],[-66.41601,18.48854],[-66.41743,18.48813],[-66.41869,18.48821],[-66.41975,18.48852],[-66.42083,18.48866],[-66.42219,18.48847],[-66.42479,18.48855],[-66.42512,18.48868],[-66.42539,18.48842],[-66.42692,18.48828],[-66.42815,18.48792],[-66.42938,18.48787],[-66.43086,18.48751],[-66.43123,18.48765],[-66.43271,18.48716],[-66.43544,18.4871],[-66.43592,18.48678],[-66.43693,18.48681],[-66.43873,18.48617],[-66.43987,18.44762],[-66.43908,18.4476],[-66.43892,18.44305],[-66.43904,18.44164],[-66.43935,18.4405],[-66.43982,18.43977],[-66.44013,18.43959],[-66.44037,18.43016],[-66.4396,18.41113],[-66.43964,18.40865],[-66.43995,18.40692],[-66.44023,18.40617],[-66.44107,18.40469],[-66.44195,18.40204],[-66.44813,18.39146],[-66.449,18.3892],[-66.44889,18.3872],[-66.44659,18.38338],[-66.44626,18.38225],[-66.44575,18.38178],[-66.44539,18.38075],[-66.44531,18.38001],[-66.44553,18.3795],[-66.4451,18.37734],[-66.44557,18.37577],[-66.44506,18.37381],[-66.44389,18.37107],[-66.44146,18.37158],[-66.44044,18.37226],[-66.44002,18.37229],[-66.43866,18.37206],[-66.43614,18.37098],[-66.4288,18.3705],[-66.42777,18.37112],[-66.42624,18.373],[-66.4257,18.37411],[-66.42474,18.37543],[-66.42198,18.37754],[-66.4215,18.37788],[-66.42097,18.37805],[-66.4183,18.37806],[-66.41759,18.3778],[-66.4171,18.3774],[-66.41695,18.37676],[-66.41711,18.3749],[-66.41697,18.37438],[-66.41659,18.3738],[-66.41488,18.37215],[-66.40537,18.36601],[-66.40224,18.36419],[-66.401,18.36371],[-66.40086,18.36438],[-66.40153,18.36491],[-66.40163,18.36532],[-66.40128,18.36612],[-66.40117,18.36697],[-66.40075,18.36808],[-66.39894,18.36882],[-66.3968,18.36997],[-66.39662,18.37025],[-66.39679,18.37154],[-66.39559,18.37188],[-66.39525,18.37016],[-66.39344,18.36782],[-66.39294,18.36694],[-66.39271,18.36609],[-66.39235,18.36583],[-66.39171,18.36649],[-66.39151,18.36658],[-66.3912,18.36643],[-66.39097,18.36597],[-66.39134,18.36524],[-66.39119,18.36476],[-66.39068,18.36449],[-66.39033,18.36347],[-66.38997,18.36301],[-66.38962,18.3628],[-66.38885,18.36266],[-66.38868,18.36241],[-66.38878,18.36192],[-66.38955,18.36158],[-66.39039,18.36093],[-66.39013,18.36004],[-66.39037,18.35954],[-66.39036,18.35914],[-66.38961,18.3583],[-66.38945,18.35796],[-66.38947,18.35775],[-66.3898,18.35749],[-66.38932,18.35655],[-66.3889,18.35321],[-66.38826,18.35161],[-66.38754,18.35076],[-66.38718,18.34978],[-66.38665,18.34978],[-66.38623,18.34924],[-66.38677,18.34837],[-66.3869,18.34738],[-66.38629,18.34606],[-66.38624,18.34545],[-66.38593,18.34473],[-66.38483,18.34444],[-66.38437,18.34457],[-66.38409,18.34449],[-66.38284,18.34348],[-66.38225,18.34326],[-66.38182,18.34285],[-66.38172,18.34259],[-66.3815,18.34251],[-66.38066,18.34323],[-66.3806,18.34342],[-66.37993,18.34333],[-66.37903,18.34297],[-66.37882,18.34301],[-66.37712,18.34424],[-66.37762,18.34526],[-66.37778,18.34642],[-66.37814,18.34743],[-66.37793,18.34791],[-66.37715,18.34864],[-66.37702,18.34936],[-66.37653,18.34964],[-66.37639,18.34991],[-66.37598,18.35466],[-66.3757,18.35521],[-66.37461,18.35603],[-66.3732,18.35743],[-66.37301,18.35765],[-66.37294,18.35806],[-66.37262,18.36042],[-66.37266,18.36102],[-66.37381,18.36255],[-66.37396,18.3631],[-66.37378,18.36442],[-66.37348,18.36538],[-66.37238,18.36739],[-66.37242,18.3681],[-66.37326,18.3694],[-66.3732,18.36988],[-66.37296,18.3703],[-66.37322,18.37153],[-66.37305,18.37187],[-66.37223,18.37268],[-66.3696,18.38164],[-66.36796,18.38298],[-66.36635,18.38496],[-66.36576,18.38669],[-66.36443,18.38842],[-66.36007,18.40694],[-66.35927,18.41427],[-66.35877,18.42082],[-66.35862,18.42111],[-66.35742,18.42208],[-66.35698,18.42323],[-66.35678,18.42344],[-66.35552,18.42399],[-66.35401,18.42554],[-66.3532,18.42585],[-66.35245,18.42642],[-66.35097,18.42635],[-66.35039,18.42657],[-66.3475,18.42916],[-66.34749,18.42943],[-66.34802,18.43022],[-66.3484,18.42999],[-66.34876,18.42935],[-66.34905,18.42914],[-66.34935,18.42914],[-66.35009,18.42974],[-66.3503,18.43064],[-66.35066,18.43096],[-66.3514,18.43054],[-66.35128,18.43012],[-66.35142,18.42984],[-66.3517,18.42994],[-66.35215,18.43046],[-66.35304,18.4304],[-66.35346,18.43072],[-66.35327,18.43083],[-66.35084,18.44272],[-66.34831,18.44836],[-66.34851,18.45136],[-66.34965,18.48378]]],[[[-66.374,18.49003],[-66.3741,18.48993],[-66.37389,18.48997],[-66.374,18.49003]]],[[[-66.37487,18.49008],[-66.375,18.49004],[-66.37488,18.48973],[-66.37471,18.48968],[-66.37448,18.48984],[-66.37459,18.49002],[-66.37487,18.49008]]],[[[-66.37283,18.49065],[-66.37292,18.49062],[-66.37271,18.4906],[-66.37283,18.49065]]],[[[-66.375,18.49081],[-66.37513,18.4907],[-66.37481,18.49077],[-66.375,18.49081]]],[[[-66.34981,18.49083],[-66.34995,18.49081],[-66.34995,18.49066],[-66.34973,18.49068],[-66.34981,18.49083]]],[[[-66.37755,18.49096],[-66.37814,18.49083],[-66.37837,18.49098],[-66.37853,18.49095],[-66.37849,18.49084],[-66.37837,18.49092],[-66.37839,18.49066],[-66.37822,18.4905],[-66.37711,18.49067],[-66.3774,18.49087],[-66.37755,18.49083],[-66.37745,18.49092],[-66.37755,18.49096]]],[[[-66.41862,18.493],[-66.41994,18.49289],[-66.41891,18.49278],[-66.4185,18.49292],[-66.41862,18.493]]],[[[-66.39339,18.4932],[-66.39338,18.49306],[-66.39319,18.49308],[-66.3932,18.49322],[-66.39339,18.4932]]],[[[-66.39269,18.49327],[-66.39316,18.49323],[-66.39316,18.49311],[-66.39242,18.49302],[-66.39254,18.49319],[-66.39268,18.49309],[-66.39269,18.49327]]],[[[-66.41876,18.49326],[-66.41893,18.49331],[-66.41896,18.49313],[-66.41862,18.49306],[-66.41859,18.49325],[-66.41876,18.49326]]],[[[-66.40241,18.49345],[-66.40264,18.49336],[-66.40238,18.49334],[-66.40241,18.49345]]],[[[-66.40359,18.49324],[-66.40345,18.49337],[-66.40354,18.49347],[-66.40393,18.49337],[-66.40359,18.49324]]],[[[-66.39451,18.49333],[-66.39441,18.4935],[-66.39466,18.49338],[-66.39467,18.49308],[-66.39426,18.49306],[-66.39387,18.49321],[-66.39407,18.49344],[-66.39438,18.49315],[-66.39451,18.49333]]],[[[-66.39494,18.49353],[-66.39506,18.49335],[-66.39496,18.49334],[-66.39494,18.49353]]],[[[-66.41014,18.49352],[-66.41006,18.49363],[-66.41035,18.49366],[-66.41056,18.49352],[-66.41035,18.49337],[-66.41014,18.49352]]],[[[-66.41293,18.49366],[-66.41304,18.49361],[-66.41233,18.49356],[-66.41293,18.49366]]],[[[-66.39608,18.49363],[-66.39661,18.49348],[-66.39676,18.49327],[-66.39643,18.49331],[-66.39608,18.49311],[-66.39568,18.49321],[-66.39573,18.49349],[-66.39608,18.49363]]],[[[-66.41412,18.49371],[-66.41434,18.49364],[-66.4143,18.49349],[-66.41349,18.49351],[-66.41412,18.49371]]],[[[-66.40554,18.49346],[-66.40544,18.49358],[-66.40554,18.49373],[-66.40603,18.49349],[-66.40574,18.49336],[-66.40554,18.49346]]],[[[-66.40507,18.49409],[-66.4052,18.49415],[-66.40536,18.49395],[-66.40512,18.49395],[-66.40507,18.49409]]],[[[-66.40081,18.49413],[-66.4012,18.49409],[-66.40082,18.49356],[-66.3999,18.49374],[-66.39993,18.49398],[-66.40062,18.494],[-66.40081,18.49413]]],[[[-66.40695,18.49413],[-66.40709,18.49431],[-66.40733,18.49414],[-66.40714,18.49402],[-66.40695,18.49413]]]]},"properties":{"municipio":"Vega Baja","geoid":"72145","countyfp":"145","abrev_mun":"VBA"}},
{"type":"Feature","geometry":{"type":"MultiPolygon","coordinates":[[[[-65.39852,18.16267],[-65.39873,18.16272],[-65.39923,18.16257],[-65.39963,18.16225],[-65.39994,18.16228],[-65.40034,18.16125],[-65.40075,18.16155],[-65.40111,18.16161],[-65.40273,18.16153],[-65.40315,18.16129],[-65.40358,18.16149],[-65.40382,18.16136],[-65.4041,18.16149],[-65.40452,18.16118],[-65.4047,18.16078],[-65.40478,18.16118],[-65.40536,18.16124],[-65.40581,18.16149],[-65.40625,18.16118],[-65.40649,18.16127],[-65.40692,18.16096],[-65.4077,18.16076],[-65.4083,18.16081],[-65.40877,18.16009],[-65.40936,18.16072],[-65.40971,18.16083],[-65.41046,18.16059],[-65.41095,18.16025],[-65.41211,18.16029],[-65.41326,18.15991],[-65.4136,18.15996],[-65.41398,18.15984],[-65.41421,18.15996],[-65.41545,18.16002],[-65.41651,18.15965],[-65.41964,18.1595],[-65.42168,18.15878],[-65.4224,18.15883],[-65.42284,18.15911],[-65.4232,18.15903],[-65.42355,18.15915],[-65.42456,18.15893],[-65.42582,18.15886],[-65.427,18.15898],[-65.42764,18.15887],[-65.4278,18.15899],[-65.42773,18.15916],[-65.43039,18.15861],[-65.43083,18.15805],[-65.43306,18.15825],[-65.4343,18.15824],[-65.43538,18.15793],[-65.43551,18.15816],[-65.4358,18.15803],[-65.4361,18.15817],[-65.43616,18.15807],[-65.43735,18.15803],[-65.43814,18.1574],[-65.43823,18.15709],[-65.43845,18.15694],[-65.43926,18.15704],[-65.44053,18.1568],[-65.44129,18.15621],[-65.44233,18.15589],[-65.44383,18.15516],[-65.4442,18.15431],[-65.4444,18.15416],[-65.44373,18.15386],[-65.44301,18.15282],[-65.44307,18.15235],[-65.44376,18.15268],[-65.44383,18.15252],[-65.44315,18.15228],[-65.44304,18.15118],[-65.44316,18.15087],[-65.44433,18.14957],[-65.4445,18.14911],[-65.44437,18.14854],[-65.44475,18.14804],[-65.44568,18.14743],[-65.44648,18.14703],[-65.44762,18.14668],[-65.44825,18.14625],[-65.44963,18.14597],[-65.45017,18.14611],[-65.45038,18.14593],[-65.45163,18.14575],[-65.45171,18.14556],[-65.45241,18.14536],[-65.4537,18.1455],[-65.45464,18.14579],[-65.4554,18.14582],[-65.4556,18.14598],[-65.45617,18.14571],[-65.45647,18.14591],[-65.45671,18.14588],[-65.45664,18.14599],[-65.45675,18.14603],[-65.45705,18.14599],[-65.45692,18.14589],[-65.45709,18.14587],[-65.45722,18.1455],[-65.45748,18.14535],[-65.45781,18.14531],[-65.45824,18.14548],[-65.45884,18.14543],[-65.45888,18.14517],[-65.45927,18.14525],[-65.4593,18.14507],[-65.45978,18.14483],[-65.46135,18.14482],[-65.46173,18.14499],[-65.46244,18.14463],[-65.46333,18.14485],[-65.46385,18.14419],[-65.46427,18.14407],[-65.46452,18.14421],[-65.465,18.14383],[-65.46577,18.14378],[-65.46662,18.14401],[-65.46676,18.14378],[-65.46719,18.14364],[-65.46821,18.14399],[-65.46909,18.14365],[-65.46979,18.14354],[-65.47062,18.14305],[-65.4717,18.14314],[-65.4723,18.14299],[-65.4729,18.14314],[-65.47306,18.14255],[-65.47359,18.1422],[-65.47497,18.14201],[-65.47579,18.14217],[-65.4756,18.1416],[-65.476,18.1412],[-65.47656,18.14112],[-65.47809,18.14135],[-65.47833,18.14109],[-65.47917,18.14096],[-65.47942,18.14049],[-65.47973,18.1403],[-65.48096,18.14021],[-65.48184,18.13976],[-65.48289,18.1395],[-65.48351,18.13955],[-65.48399,18.13872],[-65.4846,18.13852],[-65.48502,18.13822],[-65.48516,18.13774],[-65.48547,18.13761],[-65.48589,18.13765],[-65.48611,18.13715],[-65.48677,18.13692],[-65.48762,18.13696],[-65.4887,18.13732],[-65.489,18.13684],[-65.48982,18.1363],[-65.49058,18.13631],[-65.49198,18.13565],[-65.49379,18.13587],[-65.49416,18.13546],[-65.49442,18.13538],[-65.49574,18.1357],[-65.49591,18.13555],[-65.49708,18.13524],[-65.49886,18.13554],[-65.50012,18.13605],[-65.5012,18.13669],[-65.50149,18.13669],[-65.50172,18.13628],[-65.50226,18.13611],[-65.50306,18.13616],[-65.50337,18.13641],[-65.50321,18.13513],[-65.50346,18.13478],[-65.50527,18.13407],[-65.50709,18.13374],[-65.51021,18.13367],[-65.5118,18.1341],[-65.51324,18.14796],[-65.51369,18.15129],[-65.51379,18.15133],[-65.51355,18.14875],[-65.5138,18.14832],[-65.51353,18.14767],[-65.51329,18.14462],[-65.51341,18.14419],[-65.51315,18.1437],[-65.51318,18.14253],[-65.51274,18.13991],[-65.51193,18.13251],[-65.51202,18.13232],[-65.51389,18.13159],[-65.51435,18.13117],[-65.5148,18.1304],[-65.51642,18.12912],[-65.51738,18.12877],[-65.51918,18.12844],[-65.52085,18.12821],[-65.52204,18.12836],[-65.52278,18.12801],[-65.52483,18.12784],[-65.52527,18.12722],[-65.52589,18.12683],[-65.52727,18.12648],[-65.5276,18.12617],[-65.52829,18.12586],[-65.52961,18.12585],[-65.53029,18.12528],[-65.53133,18.12474],[-65.53209,18.12459],[-65.53243,18.12433],[-65.5337,18.12402],[-65.53485,18.12354],[-65.53603,18.12251],[-65.53753,18.12198],[-65.54029,18.12139],[-65.5413,18.12092],[-65.54232,18.12069],[-65.54563,18.11949],[-65.55003,18.11927],[-65.55209,18.11957],[-65.55442,18.12013],[-65.55545,18.11977],[-65.55759,18.11975],[-65.55873,18.12007],[-65.55964,18.12063],[-65.5603,18.12071],[-65.56125,18.12057],[-65.5617,18.12016],[-65.56259,18.11987],[-65.56426,18.11959],[-65.56483,18.1197],[-65.56641,18.12036],[-65.56738,18.12049],[-65.56856,18.12035],[-65.56964,18.11945],[-65.57023,18.1192],[-65.57068,18.11874],[-65.57102,18.11863],[-65.57249,18.11879],[-65.57362,18.11876],[-65.57649,18.11947],[-65.57696,18.11979],[-65.5778,18.11979],[-65.57807,18.11948],[-65.57758,18.1192],[-65.57741,18.11845],[-65.57623,18.11721],[-65.57558,18.11619],[-65.57553,18.11567],[-65.57583,18.1153],[-65.57595,18.11478],[-65.57554,18.11272],[-65.57562,18.11255],[-65.5759,18.11244],[-65.5754,18.11161],[-65.57521,18.11089],[-65.57546,18.10954],[-65.5762,18.10843],[-65.576,18.1073],[-65.5762,18.10659],[-65.57635,18.10438],[-65.57675,18.10383],[-65.57731,18.10355],[-65.57738,18.10302],[-65.57773,18.10275],[-65.57743,18.10243],[-65.57768,18.10252],[-65.57724,18.10222],[-65.57466,18.10126],[-65.57407,18.10055],[-65.57313,18.09994],[-65.5724,18.09918],[-65.57146,18.09876],[-65.57103,18.09836],[-65.57074,18.09766],[-65.57087,18.09721],[-65.57126,18.09682],[-65.57122,18.09636],[-65.57099,18.09575],[-65.56987,18.09478],[-65.5698,18.0937],[-65.56924,18.09288],[-65.56963,18.09214],[-65.56944,18.09197],[-65.56946,18.09178],[-65.56787,18.09101],[-65.56728,18.09088],[-65.56712,18.09062],[-65.56674,18.09071],[-65.56603,18.09059],[-65.56559,18.08977],[-65.5657,18.08955],[-65.56555,18.08914],[-65.56541,18.08921],[-65.5651,18.08899],[-65.56465,18.08912],[-65.56405,18.08904],[-65.56062,18.08816],[-65.56023,18.08775],[-65.56029,18.08742],[-65.56012,18.08708],[-65.56022,18.08661],[-65.55987,18.08669],[-65.55937,18.08658],[-65.55919,18.08639],[-65.55909,18.08594],[-65.55759,18.08561],[-65.5566,18.08559],[-65.55515,18.08512],[-65.55267,18.08491],[-65.55194,18.08467],[-65.55044,18.08465],[-65.54972,18.08428],[-65.54934,18.08377],[-65.54872,18.08343],[-65.54756,18.08336],[-65.54644,18.08282],[-65.54548,18.08276],[-65.54503,18.08233],[-65.5437,18.08207],[-65.54332,18.08173],[-65.5419,18.08154],[-65.54195,18.08133],[-65.54181,18.08119],[-65.54079,18.08169],[-65.54034,18.08167],[-65.53997,18.0814],[-65.53875,18.0821],[-65.53766,18.0823],[-65.53729,18.0821],[-65.53712,18.08166],[-65.53519,18.0819],[-65.53444,18.08168],[-65.53345,18.08093],[-65.53314,18.08056],[-65.53274,18.0804],[-65.53192,18.08072],[-65.53099,18.08187],[-65.53038,18.08224],[-65.52964,18.08192],[-65.52946,18.08202],[-65.5288,18.0819],[-65.52836,18.08156],[-65.52839,18.08182],[-65.52813,18.08185],[-65.52794,18.08163],[-65.52777,18.08185],[-65.52718,18.08211],[-65.52654,18.08197],[-65.52563,18.08233],[-65.52485,18.08222],[-65.52469,18.08233],[-65.52465,18.08219],[-65.52424,18.08209],[-65.52441,18.0823],[-65.52427,18.08228],[-65.52434,18.0824],[-65.5208,18.08448],[-65.52016,18.08505],[-65.51987,18.08506],[-65.5197,18.08543],[-65.51659,18.08782],[-65.51334,18.08976],[-65.51293,18.08982],[-65.51267,18.08955],[-65.51257,18.08973],[-65.51248,18.08949],[-65.51235,18.08992],[-65.51032,18.09086],[-65.5098,18.09122],[-65.5069,18.09205],[-65.50354,18.09323],[-65.50231,18.09335],[-65.50118,18.0932],[-65.49907,18.09359],[-65.49823,18.0935],[-65.49734,18.09392],[-65.49709,18.09416],[-65.49666,18.09425],[-65.49621,18.09414],[-65.49582,18.09436],[-65.49554,18.09435],[-65.49432,18.09476],[-65.49301,18.0955],[-65.49217,18.09577],[-65.4913,18.09585],[-65.49078,18.09574],[-65.49036,18.09551],[-65.49029,18.09518],[-65.48966,18.09486],[-65.4896,18.09445],[-65.48909,18.0944],[-65.48802,18.09471],[-65.48629,18.09492],[-65.48463,18.09563],[-65.48334,18.09576],[-65.48077,18.0966],[-65.47931,18.09648],[-65.47894,18.09595],[-65.47728,18.09587],[-65.47671,18.09562],[-65.47563,18.09567],[-65.47382,18.09522],[-65.4727,18.09458],[-65.47015,18.09371],[-65.46911,18.0931],[-65.46836,18.0922],[-65.4679,18.09191],[-65.46767,18.09144],[-65.46788,18.09108],[-65.46874,18.09049],[-65.46902,18.09004],[-65.46903,18.08964],[-65.46857,18.08892],[-65.46764,18.08844],[-65.46708,18.08781],[-65.46663,18.08774],[-65.46638,18.08797],[-65.46613,18.08791],[-65.46609,18.08815],[-65.4656,18.08871],[-65.4655,18.08954],[-65.46567,18.09011],[-65.46625,18.09077],[-65.4668,18.09112],[-65.46753,18.09187],[-65.46837,18.09241],[-65.46841,18.09328],[-65.46813,18.09403],[-65.46769,18.09468],[-65.46562,18.09627],[-65.46435,18.09665],[-65.46181,18.09702],[-65.46046,18.09693],[-65.45859,18.09655],[-65.45733,18.09604],[-65.45519,18.09472],[-65.45461,18.09418],[-65.45407,18.09334],[-65.45427,18.09278],[-65.45469,18.0922],[-65.45539,18.09162],[-65.45516,18.09098],[-65.4552,18.09061],[-65.45573,18.0895],[-65.45645,18.08915],[-65.45701,18.08852],[-65.45689,18.08768],[-65.45658,18.08781],[-65.45628,18.08761],[-65.45585,18.08762],[-65.45504,18.08729],[-65.45429,18.08716],[-65.45312,18.08717],[-65.45293,18.08667],[-65.45243,18.08693],[-65.45201,18.08675],[-65.45183,18.08658],[-65.45189,18.08647],[-65.45166,18.08635],[-65.45103,18.08675],[-65.45072,18.08673],[-65.45069,18.08657],[-65.45054,18.08671],[-65.45121,18.08757],[-65.45118,18.08828],[-65.45142,18.08892],[-65.45131,18.08964],[-65.45176,18.09017],[-65.45183,18.09044],[-65.4517,18.0907],[-65.45117,18.09108],[-65.45033,18.09127],[-65.44969,18.09119],[-65.44907,18.0908],[-65.44889,18.09027],[-65.44852,18.08979],[-65.44881,18.08907],[-65.44878,18.08854],[-65.44899,18.08813],[-65.44885,18.08753],[-65.44869,18.08742],[-65.44747,18.08765],[-65.44727,18.08782],[-65.44715,18.08854],[-65.44725,18.08897],[-65.44713,18.08913],[-65.44651,18.0891],[-65.44613,18.0894],[-65.44596,18.0892],[-65.44591,18.08952],[-65.44577,18.08929],[-65.4456,18.08939],[-65.44542,18.08902],[-65.44523,18.08903],[-65.4449,18.08944],[-65.44496,18.08992],[-65.4448,18.09014],[-65.44494,18.09034],[-65.4449,18.09053],[-65.44506,18.09065],[-65.44488,18.0909],[-65.44507,18.09105],[-65.44484,18.09126],[-65.44498,18.0916],[-65.44461,18.09206],[-65.44377,18.09265],[-65.4435,18.09272],[-65.44314,18.09226],[-65.44281,18.09235],[-65.44248,18.09268],[-65.44253,18.09352],[-65.44291,18.09469],[-65.44242,18.09504],[-65.44168,18.09507],[-65.44125,18.09552],[-65.44044,18.09776],[-65.44067,18.09834],[-65.44121,18.09833],[-65.44369,18.09925],[-65.44546,18.09955],[-65.44703,18.10004],[-65.4493,18.10009],[-65.45152,18.09916],[-65.4502,18.09977],[-65.4505,18.10057],[-65.45119,18.10138],[-65.45109,18.10176],[-65.45132,18.1022],[-65.45122,18.10226],[-65.45126,18.10297],[-65.45053,18.10367],[-65.44932,18.1044],[-65.44866,18.10463],[-65.44731,18.1047],[-65.44594,18.10494],[-65.44522,18.1048],[-65.44386,18.10496],[-65.44364,18.10492],[-65.44247,18.104],[-65.44216,18.10391],[-65.44009,18.1044],[-65.43953,18.10285],[-65.43956,18.10156],[-65.43979,18.10068],[-65.44001,18.10091],[-65.44031,18.10098],[-65.4414,18.1009],[-65.4407,18.10039],[-65.43976,18.09881],[-65.43954,18.09804],[-65.43951,18.09683],[-65.43919,18.09615],[-65.44017,18.0936],[-65.43998,18.09344],[-65.43894,18.09325],[-65.43845,18.09244],[-65.4384,18.09201],[-65.43807,18.09176],[-65.43736,18.09182],[-65.43602,18.09218],[-65.43506,18.09213],[-65.43488,18.09226],[-65.43353,18.09247],[-65.43332,18.09255],[-65.43317,18.09314],[-65.43297,18.09309],[-65.43285,18.09283],[-65.43231,18.09298],[-65.43183,18.09272],[-65.43137,18.09304],[-65.43132,18.0933],[-65.4315,18.09345],[-65.43137,18.09355],[-65.43141,18.09395],[-65.43105,18.09437],[-65.43082,18.09435],[-65.43068,18.09411],[-65.43055,18.09419],[-65.43025,18.09362],[-65.42994,18.09361],[-65.42989,18.09343],[-65.42954,18.09336],[-65.42942,18.09361],[-65.42931,18.09337],[-65.42902,18.09341],[-65.42917,18.09375],[-65.42904,18.09385],[-65.42878,18.09388],[-65.42852,18.09358],[-65.42814,18.09362],[-65.42767,18.09392],[-65.42755,18.09428],[-65.42777,18.09452],[-65.42739,18.09482],[-65.42712,18.09471],[-65.42713,18.09455],[-65.42673,18.09456],[-65.42661,18.09406],[-65.42632,18.09397],[-65.42608,18.09417],[-65.42626,18.09483],[-65.42615,18.095],[-65.42552,18.09512],[-65.42525,18.09495],[-65.42478,18.09541],[-65.42413,18.09556],[-65.42392,18.09603],[-65.42348,18.09593],[-65.42321,18.0961],[-65.42326,18.09656],[-65.423,18.09668],[-65.42317,18.09682],[-65.42376,18.09671],[-65.42399,18.09724],[-65.42394,18.09786],[-65.42385,18.09804],[-65.42304,18.09829],[-65.4226,18.09861],[-65.42276,18.09946],[-65.42249,18.09953],[-65.42219,18.09942],[-65.42197,18.09965],[-65.42287,18.10047],[-65.42381,18.10064],[-65.42432,18.10124],[-65.42549,18.10158],[-65.42593,18.10247],[-65.42649,18.10272],[-65.42643,18.10338],[-65.42662,18.10368],[-65.42685,18.10377],[-65.42691,18.10402],[-65.42758,18.10413],[-65.4281,18.10381],[-65.42842,18.10378],[-65.42902,18.10399],[-65.4309,18.10405],[-65.43097,18.10417],[-65.43063,18.10448],[-65.43055,18.10487],[-65.43063,18.10518],[-65.43089,18.10537],[-65.43161,18.10548],[-65.43201,18.10578],[-65.43271,18.10591],[-65.43321,18.10573],[-65.43327,18.10585],[-65.4339,18.10584],[-65.4341,18.10564],[-65.43434,18.10563],[-65.43501,18.10616],[-65.43537,18.10618],[-65.43535,18.10634],[-65.43587,18.10638],[-65.43602,18.10667],[-65.43606,18.10688],[-65.4357,18.10731],[-65.43539,18.1072],[-65.43499,18.10738],[-65.43478,18.10722],[-65.43451,18.10726],[-65.43442,18.10739],[-65.43451,18.1077],[-65.43391,18.10789],[-65.43399,18.10824],[-65.43354,18.10835],[-65.43331,18.10864],[-65.43333,18.10896],[-65.4332,18.10898],[-65.43303,18.10878],[-65.43265,18.10876],[-65.43236,18.10971],[-65.43224,18.10966],[-65.43238,18.10962],[-65.43232,18.10952],[-65.43158,18.10912],[-65.43129,18.10969],[-65.43145,18.11004],[-65.43131,18.11047],[-65.43099,18.1103],[-65.43099,18.11014],[-65.43074,18.11013],[-65.43056,18.10986],[-65.43031,18.10979],[-65.42971,18.11062],[-65.42958,18.11121],[-65.42936,18.11113],[-65.42946,18.11101],[-65.42929,18.11069],[-65.42908,18.11077],[-65.42875,18.11058],[-65.42866,18.11084],[-65.42888,18.11103],[-65.42843,18.11136],[-65.42851,18.11186],[-65.4282,18.11233],[-65.42793,18.11236],[-65.42781,18.11212],[-65.42742,18.11218],[-65.42739,18.11193],[-65.42743,18.11181],[-65.42799,18.11166],[-65.42831,18.11128],[-65.42834,18.11097],[-65.42816,18.11063],[-65.42796,18.11077],[-65.42804,18.11103],[-65.42753,18.11057],[-65.42687,18.1109],[-65.42686,18.11106],[-65.4267,18.11088],[-65.42631,18.11101],[-65.42636,18.11164],[-65.42678,18.11214],[-65.42642,18.11234],[-65.42614,18.11192],[-65.42568,18.11173],[-65.42556,18.1113],[-65.42569,18.11109],[-65.42557,18.11095],[-65.42524,18.11088],[-65.42503,18.11109],[-65.42501,18.11138],[-65.42523,18.11156],[-65.42505,18.11177],[-65.4252,18.11204],[-65.42419,18.11153],[-65.42388,18.11014],[-65.42412,18.10906],[-65.42406,18.10772],[-65.42437,18.10753],[-65.42467,18.10793],[-65.42511,18.10806],[-65.4253,18.10839],[-65.42545,18.10827],[-65.4254,18.10801],[-65.42478,18.10758],[-65.42424,18.10646],[-65.4234,18.10545],[-65.4228,18.10428],[-65.4227,18.10355],[-65.42229,18.10357],[-65.42176,18.1033],[-65.42166,18.10247],[-65.42131,18.10192],[-65.42003,18.10181],[-65.41944,18.10202],[-65.41914,18.10145],[-65.41889,18.10131],[-65.41871,18.10149],[-65.4186,18.10194],[-65.41775,18.10213],[-65.4169,18.10264],[-65.41719,18.10331],[-65.41825,18.10393],[-65.41846,18.10485],[-65.41821,18.10513],[-65.41789,18.10521],[-65.41784,18.10542],[-65.41856,18.10601],[-65.41836,18.10636],[-65.41778,18.10696],[-65.41707,18.10714],[-65.41619,18.10782],[-65.41596,18.10785],[-65.41521,18.10742],[-65.41506,18.10758],[-65.41505,18.10812],[-65.41485,18.1086],[-65.41425,18.10864],[-65.41296,18.10835],[-65.41244,18.1081],[-65.41198,18.10739],[-65.41195,18.1071],[-65.41223,18.10666],[-65.41199,18.10608],[-65.41159,18.10641],[-65.41085,18.10632],[-65.40931,18.10678],[-65.40892,18.10677],[-65.4077,18.10756],[-65.40765,18.10786],[-65.40808,18.10885],[-65.40907,18.10946],[-65.40986,18.1109],[-65.4103,18.11117],[-65.41067,18.11124],[-65.41086,18.11153],[-65.41078,18.11206],[-65.41017,18.11297],[-65.40953,18.11356],[-65.4089,18.11379],[-65.40712,18.11368],[-65.40668,18.11352],[-65.40604,18.11358],[-65.40579,18.11336],[-65.40543,18.11223],[-65.40532,18.11121],[-65.40553,18.11006],[-65.40531,18.10911],[-65.40562,18.10902],[-65.40571,18.10867],[-65.40545,18.10844],[-65.40494,18.10854],[-65.40456,18.10894],[-65.40374,18.10861],[-65.40325,18.10865],[-65.40314,18.10881],[-65.40324,18.10948],[-65.40302,18.10991],[-65.40192,18.1107],[-65.40195,18.11108],[-65.40125,18.11126],[-65.40066,18.11114],[-65.40019,18.11075],[-65.40013,18.11045],[-65.40031,18.10981],[-65.40024,18.10946],[-65.39981,18.10891],[-65.3999,18.1085],[-65.39863,18.10923],[-65.3983,18.11043],[-65.3979,18.11091],[-65.39751,18.11101],[-65.39622,18.11067],[-65.39547,18.10967],[-65.39425,18.10944],[-65.39396,18.10902],[-65.39384,18.10825],[-65.39315,18.10752],[-65.39285,18.10739],[-65.39306,18.109],[-65.39299,18.10944],[-65.39276,18.10973],[-65.39194,18.11016],[-65.39182,18.11051],[-65.39207,18.11094],[-65.39204,18.11133],[-65.39162,18.11181],[-65.39105,18.11215],[-65.38999,18.11249],[-65.38776,18.11264],[-65.38668,18.1125],[-65.38429,18.11181],[-65.38284,18.11235],[-65.38189,18.11252],[-65.381,18.1121],[-65.38091,18.11161],[-65.38073,18.11141],[-65.37949,18.11132],[-65.37808,18.11042],[-65.37786,18.10985],[-65.37801,18.10942],[-65.37796,18.10866],[-65.37817,18.1082],[-65.37763,18.10821],[-65.37722,18.108],[-65.37655,18.10714],[-65.37593,18.10707],[-65.37527,18.1068],[-65.37528,18.10733],[-65.37508,18.10771],[-65.37469,18.10781],[-65.37482,18.108],[-65.37606,18.10875],[-65.37626,18.10919],[-65.37688,18.10976],[-65.37764,18.11134],[-65.37756,18.11185],[-65.37665,18.11305],[-65.37672,18.11327],[-65.3772,18.11367],[-65.37737,18.11453],[-65.37713,18.11469],[-65.37668,18.11465],[-65.37631,18.11493],[-65.37602,18.11574],[-65.3765,18.11615],[-65.37658,18.11655],[-65.37634,18.11711],[-65.37581,18.11753],[-65.37523,18.1177],[-65.37387,18.11746],[-65.37358,18.11715],[-65.37365,18.11665],[-65.37333,18.11618],[-65.37276,18.11621],[-65.37265,18.11636],[-65.37275,18.11662],[-65.37252,18.11694],[-65.37271,18.11735],[-65.37331,18.11772],[-65.37347,18.11802],[-65.3733,18.11897],[-65.3747,18.11963],[-65.37496,18.12004],[-65.37491,18.12093],[-65.37528,18.1216],[-65.37506,18.12223],[-65.3753,18.12296],[-65.37514,18.12332],[-65.37522,18.12364],[-65.37407,18.12356],[-65.37333,18.12419],[-65.37142,18.12484],[-65.37013,18.12469],[-65.36868,18.12486],[-65.36795,18.12471],[-65.36743,18.12446],[-65.36686,18.1238],[-65.36674,18.12334],[-65.36604,18.12205],[-65.36592,18.12097],[-65.36521,18.12044],[-65.3649,18.12051],[-65.36467,18.12143],[-65.3649,18.12221],[-65.36519,18.1225],[-65.36622,18.12296],[-65.36665,18.12346],[-65.36653,18.12408],[-65.36632,18.12439],[-65.36643,18.12463],[-65.36635,18.12503],[-65.3662,18.12531],[-65.36569,18.12558],[-65.36401,18.12594],[-65.36394,18.12627],[-65.36409,18.12672],[-65.36494,18.1278],[-65.36514,18.12881],[-65.36468,18.12957],[-65.36411,18.13004],[-65.36375,18.13016],[-65.36304,18.13006],[-65.36236,18.1307],[-65.36187,18.13061],[-65.36155,18.12965],[-65.361,18.12942],[-65.36099,18.12906],[-65.36047,18.12879],[-65.36021,18.12849],[-65.35984,18.1276],[-65.3602,18.12746],[-65.36014,18.1274],[-65.35918,18.12714],[-65.35841,18.12712],[-65.35856,18.12692],[-65.3584,18.12605],[-65.35804,18.12633],[-65.35779,18.12625],[-65.35759,18.12643],[-65.35718,18.12647],[-65.35697,18.12691],[-65.35662,18.12699],[-65.35601,18.12666],[-65.35594,18.12609],[-65.35515,18.12627],[-65.35504,18.12531],[-65.35479,18.12482],[-65.35411,18.12603],[-65.35356,18.12602],[-65.35349,18.12482],[-65.35314,18.12455],[-65.35299,18.125],[-65.35263,18.12543],[-65.35166,18.12602],[-65.35081,18.12599],[-65.34986,18.12652],[-65.34935,18.12629],[-65.34924,18.12584],[-65.34952,18.12487],[-65.35013,18.1243],[-65.35034,18.12357],[-65.35067,18.12323],[-65.35077,18.12288],[-65.35067,18.12269],[-65.34958,18.12248],[-65.34873,18.12197],[-65.34849,18.12201],[-65.3484,18.12247],[-65.34804,18.12299],[-65.34649,18.12444],[-65.34642,18.12432],[-65.34703,18.12345],[-65.34735,18.1221],[-65.34731,18.1216],[-65.34674,18.12138],[-65.34641,18.12148],[-65.34639,18.12207],[-65.34604,18.12239],[-65.34491,18.12298],[-65.34359,18.12398],[-65.34317,18.12398],[-65.34314,18.12369],[-65.34415,18.12325],[-65.34449,18.12238],[-65.34518,18.12125],[-65.34498,18.12082],[-65.3444,18.12053],[-65.34364,18.12057],[-65.3428,18.12035],[-65.34233,18.12095],[-65.34186,18.12111],[-65.34076,18.1205],[-65.34056,18.12046],[-65.34015,18.12065],[-65.34001,18.12104],[-65.34013,18.12164],[-65.34,18.12313],[-65.33987,18.12329],[-65.33965,18.12324],[-65.33923,18.12281],[-65.33846,18.12354],[-65.33918,18.12405],[-65.33948,18.12378],[-65.33973,18.12389],[-65.33993,18.12435],[-65.33957,18.12424],[-65.33908,18.12444],[-65.33842,18.12437],[-65.33723,18.12376],[-65.33652,18.12365],[-65.33681,18.12332],[-65.33777,18.123],[-65.33802,18.12299],[-65.33827,18.12335],[-65.33844,18.12335],[-65.33911,18.12266],[-65.33971,18.12296],[-65.33986,18.12291],[-65.33994,18.12266],[-65.33969,18.12182],[-65.33973,18.12095],[-65.34033,18.12009],[-65.34037,18.11985],[-65.34009,18.11905],[-65.34026,18.11854],[-65.34059,18.1183],[-65.34124,18.11832],[-65.34175,18.11815],[-65.3423,18.11766],[-65.34325,18.11728],[-65.34359,18.11697],[-65.34326,18.11595],[-65.34271,18.11572],[-65.34275,18.11538],[-65.34433,18.1156],[-65.34534,18.1162],[-65.34589,18.11629],[-65.34641,18.11614],[-65.34692,18.1154],[-65.34787,18.11501],[-65.34872,18.11472],[-65.3492,18.11468],[-65.35005,18.11487],[-65.35083,18.1146],[-65.35134,18.11415],[-65.35151,18.11359],[-65.35192,18.11322],[-65.35284,18.11417],[-65.35314,18.11409],[-65.3531,18.11375],[-65.35257,18.11268],[-65.35168,18.11178],[-65.3514,18.11173],[-65.3514,18.11209],[-65.35105,18.11192],[-65.35071,18.11192],[-65.35032,18.11271],[-65.34982,18.11273],[-65.34912,18.11255],[-65.34828,18.11206],[-65.34778,18.11153],[-65.34765,18.11099],[-65.34738,18.11086],[-65.3474,18.11105],[-65.34722,18.11105],[-65.34661,18.1107],[-65.34617,18.11099],[-65.346,18.11128],[-65.34642,18.11218],[-65.34637,18.11249],[-65.34611,18.1127],[-65.34578,18.11268],[-65.34477,18.11202],[-65.34386,18.11228],[-65.34347,18.11207],[-65.34353,18.11162],[-65.34314,18.11162],[-65.34276,18.11134],[-65.34228,18.11124],[-65.34221,18.11166],[-65.34232,18.11241],[-65.34253,18.11252],[-65.34242,18.11271],[-65.3417,18.11312],[-65.34229,18.11391],[-65.34203,18.11478],[-65.34211,18.11491],[-65.34183,18.1155],[-65.3411,18.1161],[-65.34017,18.11605],[-65.33926,18.11542],[-65.33904,18.1149],[-65.33941,18.11407],[-65.33925,18.11374],[-65.3389,18.11392],[-65.33848,18.11387],[-65.33833,18.11403],[-65.33817,18.11395],[-65.33805,18.11421],[-65.33771,18.11413],[-65.33776,18.11443],[-65.33677,18.11491],[-65.33683,18.11516],[-65.33752,18.1156],[-65.33701,18.11666],[-65.33753,18.11727],[-65.33803,18.11819],[-65.33868,18.11859],[-65.33888,18.11891],[-65.33873,18.11976],[-65.33832,18.12028],[-65.33758,18.12046],[-65.33697,18.12019],[-65.33568,18.11825],[-65.33471,18.11798],[-65.33402,18.11729],[-65.33375,18.1174],[-65.33376,18.11767],[-65.33538,18.11906],[-65.33573,18.12032],[-65.33525,18.12095],[-65.33425,18.12124],[-65.33397,18.12174],[-65.33383,18.12254],[-65.33478,18.12348],[-65.33494,18.12385],[-65.33492,18.12422],[-65.33445,18.12519],[-65.33362,18.12575],[-65.33255,18.12585],[-65.33154,18.12568],[-65.33085,18.12536],[-65.33062,18.12441],[-65.33002,18.12354],[-65.3302,18.1224],[-65.32958,18.12179],[-65.32883,18.1218],[-65.32815,18.12158],[-65.32804,18.12097],[-65.32788,18.12085],[-65.32779,18.12106],[-65.32794,18.12157],[-65.32784,18.12215],[-65.32767,18.12228],[-65.3281,18.12272],[-65.32814,18.12294],[-65.32761,18.12389],[-65.32717,18.1243],[-65.32447,18.12586],[-65.32434,18.12607],[-65.32331,18.12639],[-65.32307,18.12663],[-65.32187,18.12672],[-65.32025,18.1271],[-65.31928,18.12673],[-65.3188,18.12634],[-65.31817,18.12539],[-65.31761,18.12532],[-65.3174,18.12514],[-65.31704,18.1245],[-65.31702,18.12396],[-65.31676,18.12361],[-65.31654,18.12358],[-65.31618,18.12399],[-65.31615,18.12492],[-65.31536,18.12562],[-65.31425,18.12559],[-65.31339,18.12537],[-65.31252,18.12611],[-65.31215,18.12627],[-65.31174,18.12624],[-65.3112,18.1259],[-65.31064,18.12667],[-65.31005,18.1269],[-65.30929,18.12676],[-65.30879,18.12623],[-65.3083,18.12679],[-65.30815,18.12735],[-65.30729,18.12788],[-65.30703,18.12825],[-65.30762,18.12877],[-65.30779,18.12919],[-65.30802,18.12888],[-65.30845,18.12864],[-65.30921,18.12859],[-65.3096,18.12872],[-65.31059,18.13022],[-65.3107,18.13071],[-65.3106,18.13158],[-65.31033,18.13192],[-65.30985,18.13209],[-65.30939,18.13188],[-65.30973,18.13267],[-65.30953,18.13324],[-65.30844,18.13452],[-65.30683,18.13546],[-65.30592,18.13539],[-65.3055,18.13519],[-65.30523,18.13479],[-65.30482,18.13572],[-65.30445,18.13586],[-65.30412,18.13572],[-65.30382,18.13515],[-65.30373,18.13525],[-65.30299,18.135],[-65.30258,18.13438],[-65.30236,18.13429],[-65.30161,18.13468],[-65.30152,18.13517],[-65.30114,18.13549],[-65.30051,18.13554],[-65.29984,18.13531],[-65.29899,18.13463],[-65.29803,18.13355],[-65.29778,18.13283],[-65.29787,18.1318],[-65.29753,18.13118],[-65.29695,18.1307],[-65.29672,18.13019],[-65.29644,18.1301],[-65.29577,18.12955],[-65.29575,18.12912],[-65.29614,18.12872],[-65.29636,18.12805],[-65.29627,18.12765],[-65.29605,18.12744],[-65.29556,18.12734],[-65.29479,18.12759],[-65.29449,18.12801],[-65.29453,18.12816],[-65.29425,18.12826],[-65.29363,18.12927],[-65.29316,18.12948],[-65.29277,18.13011],[-65.29234,18.13021],[-65.29159,18.13009],[-65.2916,18.13032],[-65.29136,18.13048],[-65.28987,18.13031],[-65.28912,18.13069],[-65.28839,18.13082],[-65.28818,18.13104],[-65.2867,18.13108],[-65.28599,18.13134],[-65.28524,18.13214],[-65.28454,18.13233],[-65.2839,18.13285],[-65.2833,18.13302],[-65.28214,18.13293],[-65.28115,18.13219],[-65.27984,18.13217],[-65.27823,18.13184],[-65.27769,18.13208],[-65.27612,18.1319],[-65.27571,18.13152],[-65.27529,18.13149],[-65.27483,18.13118],[-65.27413,18.13024],[-65.27346,18.12999],[-65.27271,18.12993],[-65.27281,18.1304],[-65.27273,18.13057],[-65.27246,18.13102],[-65.27165,18.13179],[-65.27102,18.13311],[-65.27075,18.13313],[-65.2703,18.1336],[-65.26989,18.13364],[-65.2693,18.13346],[-65.26905,18.13359],[-65.26876,18.13344],[-65.26883,18.13356],[-65.26861,18.13352],[-65.26782,18.13383],[-65.26735,18.13428],[-65.26741,18.13441],[-65.26767,18.13438],[-65.26746,18.13455],[-65.26759,18.13472],[-65.26797,18.13482],[-65.26768,18.1351],[-65.26776,18.13532],[-65.26766,18.13545],[-65.26854,18.13588],[-65.26912,18.13586],[-65.2699,18.13551],[-65.27027,18.13552],[-65.27134,18.1352],[-65.27186,18.13486],[-65.27288,18.1346],[-65.2734,18.13462],[-65.27443,18.13418],[-65.27491,18.13422],[-65.27532,18.13441],[-65.27687,18.13561],[-65.2775,18.13625],[-65.27793,18.13697],[-65.27804,18.13804],[-65.27733,18.13857],[-65.27736,18.13889],[-65.27765,18.13896],[-65.27861,18.1388],[-65.27908,18.13903],[-65.27986,18.13917],[-65.28112,18.14119],[-65.28129,18.14174],[-65.28131,18.14253],[-65.28256,18.14343],[-65.28293,18.14409],[-65.28296,18.14464],[-65.28324,18.14504],[-65.28367,18.1452],[-65.28493,18.14407],[-65.28586,18.14426],[-65.28655,18.1446],[-65.28725,18.14556],[-65.28695,18.14579],[-65.2871,18.14596],[-65.28695,18.14617],[-65.28705,18.14639],[-65.28722,18.14638],[-65.28776,18.14676],[-65.28824,18.14671],[-65.28871,18.14704],[-65.28873,18.14742],[-65.28836,18.14796],[-65.28832,18.14833],[-65.28902,18.14825],[-65.28961,18.14777],[-65.29106,18.14709],[-65.29119,18.14617],[-65.29141,18.14582],[-65.29299,18.14526],[-65.29363,18.14539],[-65.29427,18.14528],[-65.29455,18.14482],[-65.29432,18.14397],[-65.29445,18.14352],[-65.29517,18.14285],[-65.29615,18.14258],[-65.29719,18.14259],[-65.30051,18.14382],[-65.3014,18.14397],[-65.30148,18.14382],[-65.30111,18.14344],[-65.30087,18.14289],[-65.30093,18.1425],[-65.30126,18.14193],[-65.30191,18.14142],[-65.30245,18.1412],[-65.30385,18.14124],[-65.30489,18.14161],[-65.3057,18.14207],[-65.30658,18.14286],[-65.3073,18.14379],[-65.30803,18.1452],[-65.30831,18.14539],[-65.30901,18.1452],[-65.3091,18.14527],[-65.30921,18.14495],[-65.30949,18.1447],[-65.31059,18.1442],[-65.31088,18.14418],[-65.31128,18.14447],[-65.31218,18.14461],[-65.31246,18.14498],[-65.31277,18.14478],[-65.31268,18.14447],[-65.31323,18.14438],[-65.31382,18.1444],[-65.31413,18.14456],[-65.31433,18.14476],[-65.31429,18.14507],[-65.31462,18.14516],[-65.3151,18.1451],[-65.31518,18.14476],[-65.31534,18.14468],[-65.31662,18.14539],[-65.31962,18.1463],[-65.32037,18.14671],[-65.32102,18.14646],[-65.32129,18.14651],[-65.32239,18.14709],[-65.32261,18.14774],[-65.32292,18.14787],[-65.32338,18.1485],[-65.32423,18.14897],[-65.32475,18.14956],[-65.32534,18.14941],[-65.32557,18.14961],[-65.32712,18.14907],[-65.32734,18.14881],[-65.32924,18.14864],[-65.3294,18.14824],[-65.32909,18.14741],[-65.32918,18.14704],[-65.32972,18.14658],[-65.33097,18.1465],[-65.33195,18.1469],[-65.33219,18.14742],[-65.33216,18.14778],[-65.33243,18.14802],[-65.33321,18.14804],[-65.33377,18.1477],[-65.33453,18.14791],[-65.33503,18.14846],[-65.33521,18.14907],[-65.33543,18.14933],[-65.33846,18.14904],[-65.33868,18.1493],[-65.33927,18.14943],[-65.33985,18.14974],[-65.34004,18.14968],[-65.33986,18.1496],[-65.33994,18.14939],[-65.3404,18.14914],[-65.34201,18.14957],[-65.34215,18.14971],[-65.34213,18.15017],[-65.34242,18.15033],[-65.34322,18.1499],[-65.34406,18.15002],[-65.34423,18.15017],[-65.34441,18.15093],[-65.34468,18.15118],[-65.34555,18.15055],[-65.34627,18.15102],[-65.34641,18.1516],[-65.34708,18.1516],[-65.34759,18.15116],[-65.34824,18.1515],[-65.34883,18.15152],[-65.34907,18.15184],[-65.35071,18.15285],[-65.35198,18.15405],[-65.35341,18.15474],[-65.35582,18.15555],[-65.35622,18.15598],[-65.35654,18.1552],[-65.35657,18.15471],[-65.35679,18.15453],[-65.35827,18.15407],[-65.3598,18.15335],[-65.36055,18.15337],[-65.36169,18.15376],[-65.36266,18.15438],[-65.36321,18.15505],[-65.36368,18.15639],[-65.36414,18.15652],[-65.36493,18.15774],[-65.36574,18.15815],[-65.36711,18.15839],[-65.36969,18.1581],[-65.37075,18.1581],[-65.37105,18.15821],[-65.37145,18.15772],[-65.372,18.15737],[-65.37386,18.15738],[-65.3753,18.1578],[-65.37891,18.15818],[-65.37946,18.15858],[-65.37973,18.15896],[-65.38107,18.15955],[-65.3812,18.16043],[-65.38156,18.16001],[-65.3818,18.16027],[-65.38192,18.1602],[-65.3822,18.15976],[-65.38238,18.1597],[-65.38371,18.16027],[-65.38387,18.16022],[-65.38385,18.16053],[-65.38403,18.16076],[-65.38449,18.16083],[-65.38592,18.16039],[-65.38642,18.16083],[-65.38685,18.16101],[-65.38702,18.16039],[-65.38754,18.16057],[-65.38895,18.16017],[-65.38926,18.16039],[-65.39006,18.16044],[-65.39065,18.16075],[-65.39076,18.16109],[-65.3906,18.16137],[-65.39078,18.1617],[-65.3914,18.16163],[-65.39198,18.16185],[-65.39274,18.16139],[-65.39296,18.16173],[-65.39298,18.1622],[-65.39362,18.162],[-65.39426,18.16223],[-65.39492,18.16204],[-65.39511,18.1622],[-65.39568,18.16218],[-65.39607,18.16236],[-65.39645,18.16218],[-65.39676,18.16229],[-65.39756,18.1621],[-65.39776,18.16215],[-65.39795,18.16249],[-65.39852,18.16267]]],[[[-65.44536,18.08846],[-65.44533,18.08855],[-65.44545,18.08848],[-65.44536,18.08846]]],[[[-65.4718,18.08722],[-65.47148,18.08804],[-65.47148,18.08837],[-65.47177,18.08944],[-65.47244,18.09034],[-65.4725,18.0906],[-65.47273,18.09031],[-65.47377,18.08965],[-65.47409,18.0888],[-65.47411,18.08822],[-65.47387,18.08778],[-65.47308,18.08726],[-65.47191,18.08703],[-65.4718,18.08722]]],[[[-65.42169,18.09724],[-65.42167,18.09739],[-65.42208,18.09717],[-65.42169,18.09724]]],[[[-65.41854,18.10117],[-65.41863,18.10108],[-65.41852,18.10096],[-65.41844,18.10105],[-65.41854,18.10117]]],[[[-65.41859,18.10146],[-65.41869,18.10135],[-65.41857,18.10123],[-65.41859,18.10146]]],[[[-65.41538,18.10617],[-65.41552,18.10606],[-65.41545,18.10575],[-65.41531,18.10589],[-65.41538,18.10617]]],[[[-65.3783,18.10829],[-65.37867,18.1081],[-65.37884,18.1078],[-65.37876,18.1073],[-65.37858,18.10738],[-65.3783,18.10829]]],[[[-65.38285,18.10599],[-65.38277,18.10628],[-65.3837,18.10832],[-65.38423,18.10914],[-65.3844,18.10966],[-65.38471,18.10975],[-65.38494,18.1092],[-65.38499,18.10843],[-65.38486,18.10794],[-65.38421,18.10719],[-65.38428,18.106],[-65.38382,18.10572],[-65.38285,18.10599]]],[[[-65.42484,18.11093],[-65.42532,18.11082],[-65.42552,18.11086],[-65.42574,18.11064],[-65.42586,18.11079],[-65.42607,18.1107],[-65.42521,18.11017],[-65.42495,18.10975],[-65.42475,18.10972],[-65.42476,18.1095],[-65.4246,18.10935],[-65.42496,18.10903],[-65.42461,18.10879],[-65.42433,18.10892],[-65.42446,18.1093],[-65.42427,18.10981],[-65.42436,18.11022],[-65.42424,18.11061],[-65.42484,18.11093]]],[[[-65.34206,18.11168],[-65.34219,18.11155],[-65.34205,18.11143],[-65.34193,18.11156],[-65.34206,18.11168]]],[[[-65.36234,18.11273],[-65.36245,18.11261],[-65.36231,18.11242],[-65.36146,18.11173],[-65.36167,18.11223],[-65.36234,18.11273]]],[[[-65.35488,18.11383],[-65.35497,18.11359],[-65.35469,18.11351],[-65.3547,18.1137],[-65.35488,18.11383]]],[[[-65.3395,18.11386],[-65.33969,18.11395],[-65.33974,18.11387],[-65.33986,18.11324],[-65.33964,18.11305],[-65.3395,18.11327],[-65.33941,18.11298],[-65.33915,18.11314],[-65.33885,18.11306],[-65.33901,18.11362],[-65.3395,18.11386]]],[[[-65.35812,18.11527],[-65.35823,18.11508],[-65.3581,18.11487],[-65.35812,18.11527]]],[[[-65.35422,18.11557],[-65.3541,18.11589],[-65.35456,18.11606],[-65.35459,18.11592],[-65.35422,18.11557]]],[[[-65.35856,18.11832],[-65.35834,18.11854],[-65.35842,18.11911],[-65.35856,18.11919],[-65.35875,18.11874],[-65.35856,18.11832]]],[[[-65.30687,18.12066],[-65.30691,18.12078],[-65.30705,18.12074],[-65.307,18.12062],[-65.30687,18.12066]]],[[[-65.30732,18.12143],[-65.30753,18.12117],[-65.30736,18.12099],[-65.30719,18.12122],[-65.30732,18.12143]]],[[[-65.30807,18.12314],[-65.30825,18.12303],[-65.30854,18.12206],[-65.30831,18.12158],[-65.30787,18.12136],[-65.30759,18.12148],[-65.30765,18.12174],[-65.30743,18.12191],[-65.30736,18.12228],[-65.30753,18.12287],[-65.30807,18.12314]]],[[[-65.30005,18.12353],[-65.30015,18.12387],[-65.30043,18.12399],[-65.30104,18.12394],[-65.30184,18.12347],[-65.30231,18.12302],[-65.30237,18.12261],[-65.30195,18.12236],[-65.3011,18.12245],[-65.30071,18.1227],[-65.30032,18.12271],[-65.30009,18.12309],[-65.30005,18.12353]]],[[[-65.35837,18.12462],[-65.35848,18.12444],[-65.35831,18.12446],[-65.35837,18.12462]]],[[[-65.35845,18.12491],[-65.35855,18.12483],[-65.35847,18.12473],[-65.35835,18.12481],[-65.35845,18.12491]]],[[[-65.3579,18.12601],[-65.3578,18.12609],[-65.35787,18.12617],[-65.35798,18.1261],[-65.3579,18.12601]]],[[[-65.35757,18.12619],[-65.35768,18.1261],[-65.3576,18.12601],[-65.35749,18.12609],[-65.35757,18.12619]]],[[[-65.35722,18.12642],[-65.35731,18.12633],[-65.35721,18.12625],[-65.35713,18.12633],[-65.35722,18.12642]]],[[[-65.36076,18.12803],[-65.36113,18.12805],[-65.36139,18.12779],[-65.36112,18.12771],[-65.36096,18.1279],[-65.36037,18.12772],[-65.36043,18.12801],[-65.36065,18.12792],[-65.36076,18.12803]]],[[[-65.36406,18.1282],[-65.36398,18.12829],[-65.36409,18.12837],[-65.36406,18.1282]]],[[[-65.36409,18.12858],[-65.36413,18.12842],[-65.36402,18.12848],[-65.36409,18.12858]]],[[[-65.36413,18.12903],[-65.36406,18.12911],[-65.3642,18.12914],[-65.36413,18.12903]]],[[[-65.30898,18.13051],[-65.30903,18.13039],[-65.30888,18.13023],[-65.30878,18.13038],[-65.30898,18.13051]]],[[[-65.26914,18.13282],[-65.26906,18.13294],[-65.2692,18.13302],[-65.26926,18.13291],[-65.26914,18.13282]]],[[[-65.26878,18.13327],[-65.26888,18.13315],[-65.26872,18.13303],[-65.26863,18.13314],[-65.26878,18.13327]]],[[[-65.30521,18.13469],[-65.30532,18.13441],[-65.30513,18.13409],[-65.3049,18.13406],[-65.30521,18.13469]]],[[[-65.30816,18.14765],[-65.30793,18.14819],[-65.30844,18.14874],[-65.30897,18.1486],[-65.30904,18.14826],[-65.30868,18.14776],[-65.30816,18.14765]]],[[[-65.35151,18.15422],[-65.3514,18.15434],[-65.35159,18.15461],[-65.35172,18.15443],[-65.35151,18.15422]]],[[[-65.32199,18.15503],[-65.32214,18.15518],[-65.3229,18.15527],[-65.32322,18.15508],[-65.32323,18.15452],[-65.323,18.15433],[-65.32232,18.15426],[-65.322,18.15444],[-65.32199,18.15503]]],[[[-65.37121,18.15857],[-65.37132,18.15849],[-65.37125,18.15841],[-65.37113,18.15847],[-65.37121,18.15857]]],[[[-65.3706,18.15873],[-65.37073,18.15865],[-65.37067,18.15852],[-65.3705,18.15861],[-65.3706,18.15873]]],[[[-65.37096,18.15875],[-65.37106,18.15864],[-65.37093,18.15854],[-65.37084,18.15864],[-65.37096,18.15875]]],[[[-65.37117,18.15881],[-65.37128,18.15871],[-65.37118,18.15861],[-65.37108,18.15871],[-65.37117,18.15881]]]]},"properties":{"municipio":"Vieques","geoid":"72147","countyfp":"147","abrev_mun":"VIE"}},
{"type":"Feature","geometry":{"type":"Polygon","coordinates":[[[-66.44433,18.17673],[-66.44549,18.17586],[-66.4456,18.17528],[-66.44623,18.17571],[-66.44733,18.17573],[-66.44779,18.17587],[-66.44847,18.17637],[-66.44988,18.17696],[-66.45013,18.17714],[-66.45025,18.17761],[-66.45271,18.17844],[-66.45317,18.17825],[-66.45361,18.17844],[-66.45395,18.1784],[-66.45437,18.17763],[-66.45496,18.17725],[-66.4569,18.17736],[-66.45746,18.17684],[-66.45783,18.17671],[-66.45831,18.1768],[-66.45871,18.17722],[-66.45922,18.17745],[-66.46096,18.17713],[-66.46151,18.17719],[-66.46247,18.1776],[-66.464,18.17885],[-66.46483,18.17848],[-66.46535,18.17796],[-66.46744,18.17753],[-66.46928,18.17812],[-66.46973,18.17797],[-66.47024,18.17805],[-66.47054,18.1779],[-66.47095,18.17704],[-66.47147,18.17672],[-66.47255,18.17548],[-66.47286,18.17289],[-66.47305,18.17232],[-66.47583,18.17216],[-66.4765,18.17149],[-66.47719,18.17004],[-66.48113,18.16988],[-66.48266,18.16944],[-66.48373,18.16869],[-66.48485,18.16816],[-66.48589,18.16679],[-66.48611,18.16667],[-66.48674,18.16704],[-66.48705,18.16705],[-66.48813,18.16624],[-66.48885,18.16614],[-66.48944,18.16628],[-66.49068,18.16708],[-66.49135,18.16708],[-66.4932,18.16654],[-66.49472,18.16647],[-66.49508,18.16651],[-66.49575,18.16689],[-66.49628,18.16701],[-66.49656,18.16693],[-66.49714,18.16551],[-66.49921,18.16481],[-66.50097,18.16452],[-66.50201,18.16497],[-66.5026,18.16504],[-66.5031,18.1649],[-66.50393,18.1644],[-66.50481,18.16423],[-66.50577,18.16366],[-66.50633,18.16285],[-66.507,18.16251],[-66.50784,18.16182],[-66.50839,18.16109],[-66.51079,18.15972],[-66.51099,18.15914],[-66.51174,18.15843],[-66.51179,18.15745],[-66.512,18.15712],[-66.51357,18.15571],[-66.51453,18.15539],[-66.51626,18.15447],[-66.51656,18.15445],[-66.51736,18.15469],[-66.51806,18.1545],[-66.51927,18.15445],[-66.52116,18.1529],[-66.52191,18.15275],[-66.52211,18.1525],[-66.52203,18.15223],[-66.52188,18.15178],[-66.52183,18.14954],[-66.52244,18.1479],[-66.52293,18.14701],[-66.5233,18.14506],[-66.52458,18.14281],[-66.52682,18.14078],[-66.52695,18.14052],[-66.52705,18.13904],[-66.52642,18.13693],[-66.52668,18.13643],[-66.52738,18.136],[-66.52797,18.13509],[-66.52796,18.13417],[-66.52838,18.13156],[-66.52698,18.13105],[-66.52645,18.1304],[-66.52563,18.1277],[-66.52477,18.12636],[-66.5248,18.12461],[-66.52444,18.12396],[-66.52362,18.12302],[-66.52331,18.1223],[-66.52418,18.12177],[-66.52458,18.12118],[-66.52589,18.12063],[-66.52668,18.11984],[-66.52676,18.11964],[-66.52628,18.11835],[-66.52652,18.1174],[-66.52649,18.11699],[-66.52634,18.1167],[-66.52576,18.11623],[-66.52552,18.11576],[-66.52569,18.11483],[-66.52578,18.11252],[-66.52656,18.11137],[-66.52686,18.11039],[-66.52715,18.10997],[-66.5299,18.10834],[-66.53009,18.10773],[-66.53014,18.10672],[-66.5293,18.10568],[-66.52839,18.10333],[-66.52832,18.10287],[-66.52779,18.10244],[-66.52761,18.10201],[-66.52884,18.10078],[-66.52749,18.09979],[-66.52655,18.0988],[-66.52564,18.0988],[-66.52453,18.09841],[-66.52424,18.09809],[-66.52393,18.09728],[-66.52304,18.09586],[-66.52179,18.0949],[-66.52129,18.09407],[-66.52106,18.09339],[-66.52106,18.09288],[-66.52124,18.09228],[-66.52206,18.0907],[-66.52222,18.08979],[-66.52129,18.08851],[-66.52004,18.08743],[-66.51843,18.0852],[-66.51684,18.0844],[-66.51569,18.08429],[-66.51463,18.08396],[-66.51338,18.08338],[-66.51237,18.0826],[-66.51161,18.08261],[-66.51091,18.08205],[-66.50991,18.08164],[-66.50738,18.08097],[-66.50703,18.08105],[-66.50622,18.08175],[-66.50455,18.08265],[-66.50354,18.08387],[-66.50303,18.08473],[-66.50234,18.0853],[-66.50183,18.08652],[-66.50179,18.0874],[-66.50213,18.08832],[-66.50306,18.089],[-66.50433,18.09059],[-66.5051,18.09108],[-66.50553,18.0916],[-66.50581,18.09251],[-66.50578,18.09312],[-66.50554,18.09353],[-66.50531,18.09378],[-66.5027,18.09498],[-66.50213,18.09572],[-66.50065,18.09601],[-66.49974,18.09646],[-66.49695,18.09639],[-66.49538,18.09694],[-66.49474,18.09748],[-66.49243,18.09836],[-66.49306,18.09643],[-66.49172,18.09601],[-66.49016,18.09526],[-66.48955,18.09473],[-66.4887,18.09465],[-66.48794,18.09438],[-66.48697,18.09329],[-66.48675,18.09233],[-66.48552,18.0919],[-66.48512,18.09155],[-66.48493,18.09121],[-66.48471,18.08983],[-66.48279,18.08894],[-66.48213,18.08833],[-66.48168,18.08816],[-66.47967,18.08793],[-66.4791,18.08743],[-66.47694,18.08761],[-66.47639,18.08786],[-66.47581,18.08783],[-66.47394,18.08693],[-66.47292,18.0866],[-66.4722,18.08617],[-66.47115,18.08606],[-66.46977,18.08549],[-66.46719,18.08563],[-66.46621,18.08533],[-66.46603,18.08497],[-66.46527,18.08529],[-66.46263,18.08491],[-66.46046,18.08412],[-66.45996,18.08351],[-66.45937,18.08326],[-66.45662,18.08245],[-66.45522,18.08171],[-66.4548,18.08135],[-66.45396,18.08156],[-66.4524,18.08293],[-66.45042,18.08362],[-66.44794,18.08341],[-66.44712,18.08377],[-66.44666,18.08418],[-66.44612,18.08405],[-66.44535,18.08416],[-66.44386,18.08492],[-66.44385,18.08457],[-66.44342,18.08419],[-66.44305,18.08424],[-66.44277,18.08448],[-66.44183,18.08465],[-66.44133,18.0844],[-66.44117,18.08453],[-66.43966,18.08451],[-66.43942,18.08497],[-66.4391,18.08501],[-66.43775,18.08471],[-66.43723,18.08446],[-66.43694,18.08463],[-66.43653,18.08428],[-66.43541,18.08404],[-66.43505,18.08377],[-66.43446,18.08383],[-66.43409,18.08344],[-66.43282,18.0832],[-66.43221,18.08267],[-66.43036,18.08217],[-66.43027,18.08245],[-66.42954,18.08307],[-66.42972,18.08413],[-66.42965,18.08472],[-66.43011,18.08502],[-66.4309,18.085],[-66.4311,18.08511],[-66.43118,18.0854],[-66.43058,18.08576],[-66.4305,18.08634],[-66.43023,18.08686],[-66.43027,18.08708],[-66.42976,18.08793],[-66.42967,18.08831],[-66.42899,18.08918],[-66.42923,18.0908],[-66.42916,18.09112],[-66.42899,18.09133],[-66.42819,18.09171],[-66.42759,18.09276],[-66.42633,18.09326],[-66.42559,18.09372],[-66.42544,18.09393],[-66.42555,18.09443],[-66.42545,18.09496],[-66.42427,18.09669],[-66.42386,18.09682],[-66.42281,18.09674],[-66.42268,18.09692],[-66.4216,18.09743],[-66.42141,18.09816],[-66.42136,18.09845],[-66.42163,18.09882],[-66.4233,18.09979],[-66.42508,18.10027],[-66.42597,18.10102],[-66.4265,18.10172],[-66.42733,18.1035],[-66.4271,18.10427],[-66.42731,18.10574],[-66.42724,18.10667],[-66.42734,18.10715],[-66.4278,18.10777],[-66.42794,18.10963],[-66.42768,18.111],[-66.42837,18.11174],[-66.42959,18.11258],[-66.43061,18.11461],[-66.43068,18.11499],[-66.43032,18.11606],[-66.43001,18.11653],[-66.42803,18.11769],[-66.42635,18.11924],[-66.42685,18.12264],[-66.42623,18.12398],[-66.42636,18.12466],[-66.42581,18.12581],[-66.42584,18.12635],[-66.42527,18.12664],[-66.42505,18.12691],[-66.42409,18.12938],[-66.42467,18.13043],[-66.42457,18.1318],[-66.42443,18.13214],[-66.42403,18.13197],[-66.4237,18.13199],[-66.42353,18.13217],[-66.42334,18.13347],[-66.42279,18.13427],[-66.42224,18.13441],[-66.42085,18.134],[-66.42076,18.13426],[-66.42141,18.13607],[-66.42123,18.13663],[-66.42076,18.1373],[-66.42051,18.13831],[-66.42057,18.13897],[-66.42029,18.13946],[-66.41884,18.13973],[-66.41873,18.14003],[-66.4198,18.14139],[-66.4199,18.14235],[-66.42019,18.14313],[-66.42021,18.14343],[-66.42005,18.14367],[-66.41941,18.14402],[-66.41928,18.14438],[-66.41931,18.14499],[-66.41998,18.14688],[-66.42114,18.14789],[-66.42195,18.14917],[-66.42217,18.14994],[-66.4228,18.15066],[-66.42374,18.15078],[-66.42423,18.15111],[-66.42424,18.15202],[-66.42478,18.15285],[-66.42579,18.15361],[-66.42633,18.15381],[-66.4267,18.15426],[-66.42746,18.1544],[-66.42769,18.15522],[-66.42799,18.15522],[-66.42861,18.15493],[-66.42871,18.15517],[-66.4283,18.15604],[-66.42929,18.15647],[-66.42945,18.15691],[-66.42853,18.15797],[-66.42847,18.1582],[-66.42874,18.15924],[-66.42847,18.16005],[-66.42879,18.16069],[-66.42909,18.16326],[-66.42878,18.16415],[-66.42885,18.16463],[-66.42963,18.16667],[-66.43254,18.17236],[-66.43291,18.17276],[-66.43389,18.17308],[-66.43457,18.17354],[-66.43638,18.17321],[-66.43724,18.17342],[-66.43774,18.17311],[-66.43894,18.17286],[-66.43969,18.1731],[-66.44025,18.17443],[-66.44131,18.17478],[-66.44257,18.17543],[-66.44308,18.17553],[-66.44422,18.17636],[-66.44433,18.17673]]]},"properties":{"municipio":"Villalba","geoid":"72149","countyfp":"149","abrev_mun":"VIL"}},
{"type":"Feature","geometry":{"type":"Polygon","coordinates":[[[-65.8777,18.11809],[-65.87857,18.11783],[-65.87896,18.11789],[-65.87945,18.11852],[-65.88062,18.11875],[-65.88112,18.11918],[-65.88266,18.11999],[-65.883,18.12026],[-65.88352,18.12146],[-65.8834,18.12191],[-65.88347,18.12217],[-65.88409,18.12271],[-65.88436,18.12279],[-65.88513,18.12245],[-65.88602,18.12242],[-65.88633,18.12225],[-65.88669,18.12177],[-65.88701,18.12163],[-65.88858,18.12125],[-65.88947,18.12127],[-65.89145,18.12209],[-65.89321,18.12249],[-65.89432,18.12395],[-65.89463,18.12413],[-65.89488,18.12413],[-65.89613,18.12344],[-65.89658,18.12353],[-65.89725,18.12416],[-65.89772,18.12409],[-65.89851,18.12355],[-65.89923,18.12371],[-65.89972,18.12411],[-65.90092,18.12566],[-65.90168,18.12595],[-65.90282,18.12554],[-65.90416,18.12573],[-65.90494,18.12557],[-65.90585,18.1258],[-65.90644,18.1257],[-65.90703,18.12609],[-65.90753,18.12612],[-65.90794,18.12586],[-65.90814,18.12523],[-65.90892,18.12472],[-65.90956,18.12396],[-65.9099,18.12375],[-65.91184,18.12353],[-65.91296,18.1237],[-65.914,18.12322],[-65.91428,18.12254],[-65.91452,18.1223],[-65.91551,18.12216],[-65.916,18.12237],[-65.91628,18.12226],[-65.9169,18.12248],[-65.91727,18.12239],[-65.91813,18.12195],[-65.91928,18.12095],[-65.92077,18.12128],[-65.92134,18.12057],[-65.92398,18.12036],[-65.92515,18.1206],[-65.92621,18.12019],[-65.92637,18.1186],[-65.92623,18.11826],[-65.92587,18.11805],[-65.92591,18.11772],[-65.92663,18.11727],[-65.92714,18.11639],[-65.92665,18.11485],[-65.92669,18.11434],[-65.92697,18.11383],[-65.92691,18.11358],[-65.92618,18.11276],[-65.92587,18.11203],[-65.92605,18.11134],[-65.92601,18.11069],[-65.92654,18.10863],[-65.92637,18.1085],[-65.92439,18.1081],[-65.92421,18.10787],[-65.92438,18.10747],[-65.92432,18.10664],[-65.92489,18.10586],[-65.92543,18.10557],[-65.9283,18.10515],[-65.92822,18.1034],[-65.92861,18.10207],[-65.9293,18.10137],[-65.93018,18.1008],[-65.9307,18.10068],[-65.93191,18.10072],[-65.93149,18.09976],[-65.93059,18.09887],[-65.93024,18.09797],[-65.9303,18.09749],[-65.93081,18.09713],[-65.93092,18.0969],[-65.93228,18.09645],[-65.93267,18.09541],[-65.93375,18.09531],[-65.93395,18.0951],[-65.93395,18.09451],[-65.93349,18.09353],[-65.93361,18.09332],[-65.93418,18.09334],[-65.93509,18.09386],[-65.93618,18.09388],[-65.93632,18.09347],[-65.93603,18.09253],[-65.93615,18.09203],[-65.93638,18.09182],[-65.93687,18.09187],[-65.93781,18.09237],[-65.93808,18.09233],[-65.93802,18.09196],[-65.93939,18.09187],[-65.93968,18.09174],[-65.94087,18.09032],[-65.94091,18.0898],[-65.94177,18.08918],[-65.94206,18.0891],[-65.94348,18.08934],[-65.94537,18.09058],[-65.94632,18.09087],[-65.94673,18.0913],[-65.94725,18.0914],[-65.94799,18.0918],[-65.94851,18.09177],[-65.94922,18.09219],[-65.94981,18.09236],[-65.95011,18.09282],[-65.9506,18.09276],[-65.95119,18.09238],[-65.95258,18.09283],[-65.95419,18.09168],[-65.95468,18.09161],[-65.95494,18.09181],[-65.95545,18.09188],[-65.95574,18.09174],[-65.95608,18.09102],[-65.95674,18.09078],[-65.95737,18.09032],[-65.95823,18.08939],[-65.96021,18.08883],[-65.96063,18.08858],[-65.9614,18.08764],[-65.96187,18.08677],[-65.9621,18.0866],[-65.96282,18.08762],[-65.96335,18.08785],[-65.9636,18.08779],[-65.96416,18.08713],[-65.9644,18.08715],[-65.96511,18.08782],[-65.96613,18.08928],[-65.96707,18.08935],[-65.96792,18.08924],[-65.96815,18.08933],[-65.96857,18.08992],[-65.96892,18.09015],[-65.96962,18.08987],[-65.9701,18.08993],[-65.97043,18.09041],[-65.97064,18.09112],[-65.97198,18.09095],[-65.9732,18.09091],[-65.97344,18.09103],[-65.97451,18.0921],[-65.97493,18.0924],[-65.97538,18.0925],[-65.97581,18.09292],[-65.97594,18.09437],[-65.97639,18.09458],[-65.97682,18.0945],[-65.97728,18.09493],[-65.9778,18.09508],[-65.97855,18.0949],[-65.97873,18.09467],[-65.97871,18.09397],[-65.97933,18.09306],[-65.97951,18.09299],[-65.98047,18.09361],[-65.98084,18.0936],[-65.98085,18.0931],[-65.98134,18.09174],[-65.98154,18.09149],[-65.98192,18.09149],[-65.98226,18.09128],[-65.98252,18.09028],[-65.9832,18.08978],[-65.98323,18.08949],[-65.98456,18.08871],[-65.98489,18.08865],[-65.98581,18.08956],[-65.98623,18.08979],[-65.98647,18.08979],[-65.98697,18.08937],[-65.98806,18.08944],[-65.98895,18.08902],[-65.98976,18.08922],[-65.99023,18.08999],[-65.99073,18.0902],[-65.99314,18.08984],[-65.9937,18.08964],[-65.99464,18.08825],[-65.99458,18.08712],[-65.99525,18.08493],[-65.99548,18.08479],[-65.99667,18.08465],[-65.99711,18.0842],[-65.99734,18.08424],[-65.9978,18.08405],[-65.99785,18.0838],[-65.99961,18.08238],[-66.00018,18.08132],[-66.00124,18.08058],[-66.00223,18.07938],[-66.00309,18.07875],[-66.00481,18.0762],[-66.0052,18.07598],[-66.00608,18.07606],[-66.00703,18.07578],[-66.00866,18.07637],[-66.00929,18.07638],[-66.0098,18.07617],[-66.01035,18.07566],[-66.00932,18.07381],[-66.00865,18.07375],[-66.00872,18.07351],[-66.01037,18.07192],[-66.01039,18.07037],[-66.01078,18.06864],[-66.01052,18.06778],[-66.0102,18.06744],[-66.00931,18.06719],[-66.00835,18.06655],[-66.00741,18.06632],[-66.00681,18.06559],[-66.00617,18.06524],[-66.00571,18.06466],[-66.00381,18.06313],[-66.0032,18.06214],[-66.00201,18.06169],[-65.99961,18.06006],[-65.99919,18.05997],[-65.9984,18.06022],[-65.99698,18.05975],[-65.99626,18.05975],[-65.99434,18.06019],[-65.99402,18.05997],[-65.9935,18.06003],[-65.99305,18.06038],[-65.99229,18.06147],[-65.99209,18.06135],[-65.99182,18.06072],[-65.99135,18.06014],[-65.99072,18.0596],[-65.98934,18.05952],[-65.98878,18.05912],[-65.98839,18.05905],[-65.98728,18.05944],[-65.9852,18.05966],[-65.98494,18.05964],[-65.98441,18.05894],[-65.98371,18.05891],[-65.98049,18.06126],[-65.98016,18.06129],[-65.97976,18.06081],[-65.97906,18.06064],[-65.97794,18.06112],[-65.97768,18.06102],[-65.97749,18.06044],[-65.97758,18.05899],[-65.9773,18.0584],[-65.97681,18.05821],[-65.97573,18.0585],[-65.97542,18.05782],[-65.97502,18.05743],[-65.97399,18.05709],[-65.97309,18.05589],[-65.97312,18.05562],[-65.97364,18.0547],[-65.97362,18.05437],[-65.97293,18.05367],[-65.97254,18.05273],[-65.97204,18.05272],[-65.97065,18.05314],[-65.96927,18.05313],[-65.96803,18.05353],[-65.96753,18.05383],[-65.96726,18.05386],[-65.96662,18.05364],[-65.96565,18.05418],[-65.96448,18.05423],[-65.96413,18.05468],[-65.9637,18.05493],[-65.9625,18.0539],[-65.96229,18.05384],[-65.9618,18.05398],[-65.96133,18.05375],[-65.95966,18.05228],[-65.95935,18.05217],[-65.95844,18.05227],[-65.95818,18.05211],[-65.95752,18.05133],[-65.95695,18.05001],[-65.95615,18.04936],[-65.95533,18.04845],[-65.95516,18.04779],[-65.95398,18.04694],[-65.95311,18.04683],[-65.95226,18.04483],[-65.95194,18.04475],[-65.95166,18.04487],[-65.95046,18.04599],[-65.9494,18.04608],[-65.94727,18.04528],[-65.94678,18.04471],[-65.94642,18.04457],[-65.94538,18.04446],[-65.94414,18.04378],[-65.94332,18.04391],[-65.94305,18.04376],[-65.942,18.04237],[-65.94163,18.04102],[-65.94121,18.04051],[-65.94097,18.04047],[-65.94059,18.04092],[-65.94014,18.04098],[-65.9385,18.04061],[-65.9371,18.04109],[-65.93552,18.04081],[-65.93522,18.04067],[-65.93466,18.03961],[-65.93428,18.0385],[-65.93405,18.0371],[-65.93395,18.03685],[-65.93368,18.03669],[-65.93284,18.03673],[-65.9321,18.03696],[-65.93149,18.03733],[-65.93118,18.03735],[-65.93093,18.03722],[-65.93069,18.0368],[-65.9301,18.03668],[-65.92934,18.03698],[-65.92874,18.03658],[-65.9278,18.03637],[-65.92535,18.03687],[-65.9251,18.03683],[-65.92488,18.03654],[-65.92352,18.03585],[-65.92279,18.03498],[-65.92195,18.03459],[-65.92119,18.03444],[-65.91956,18.0345],[-65.91826,18.03416],[-65.91709,18.03429],[-65.91644,18.03418],[-65.91562,18.03431],[-65.91466,18.03426],[-65.91438,18.03415],[-65.91374,18.03355],[-65.91274,18.03339],[-65.91234,18.03306],[-65.91208,18.03307],[-65.91188,18.03327],[-65.9111,18.03459],[-65.90961,18.03507],[-65.90836,18.03528],[-65.9074,18.03567],[-65.90672,18.03554],[-65.90447,18.0341],[-65.90277,18.03399],[-65.90252,18.03409],[-65.90036,18.03291],[-65.89978,18.03213],[-65.89959,18.03223],[-65.8989,18.03336],[-65.89841,18.0338],[-65.89774,18.03405],[-65.89731,18.034],[-65.89692,18.03377],[-65.89621,18.03283],[-65.89548,18.03273],[-65.89504,18.0321],[-65.89299,18.03193],[-65.89209,18.03098],[-65.89088,18.03112],[-65.88956,18.03034],[-65.88895,18.03045],[-65.88821,18.0301],[-65.88785,18.02945],[-65.88765,18.02934],[-65.8872,18.02837],[-65.88636,18.02742],[-65.88437,18.02603],[-65.88383,18.02504],[-65.88358,18.02485],[-65.88272,18.0246],[-65.88216,18.024],[-65.88226,18.02338],[-65.88217,18.02236],[-65.88152,18.02123],[-65.88078,18.02074],[-65.87943,18.02044],[-65.87791,18.02108],[-65.87719,18.02113],[-65.87642,18.02187],[-65.8759,18.02183],[-65.8757,18.02194],[-65.87494,18.02313],[-65.8735,18.02329],[-65.87302,18.02353],[-65.87181,18.0245],[-65.86999,18.02519],[-65.86897,18.02535],[-65.86784,18.02594],[-65.86754,18.026],[-65.86668,18.02571],[-65.86609,18.02574],[-65.86553,18.02554],[-65.86465,18.02569],[-65.8631,18.0238],[-65.86227,18.02201],[-65.86201,18.0218],[-65.86061,18.02148],[-65.85962,18.02109],[-65.8588,18.02106],[-65.85857,18.02084],[-65.8576,18.01933],[-65.85735,18.01697],[-65.8572,18.01673],[-65.85592,18.01601],[-65.85492,18.0152],[-65.85366,18.01463],[-65.85291,18.0138],[-65.85136,18.01263],[-65.85076,18.01148],[-65.85042,18.01141],[-65.85002,18.01158],[-65.84985,18.01135],[-65.84972,18.01141],[-65.84975,18.0116],[-65.84862,18.01202],[-65.84546,18.01502],[-65.84407,18.016],[-65.8433,18.01624],[-65.84283,18.01604],[-65.84257,18.0161],[-65.84235,18.01595],[-65.84182,18.01592],[-65.8411,18.01564],[-65.84062,18.01524],[-65.83987,18.01521],[-65.83946,18.01506],[-65.83813,18.01431],[-65.83705,18.01388],[-65.83655,18.01348],[-65.83581,18.01312],[-65.83537,18.01263],[-65.8339,18.01205],[-65.83434,18.01246],[-65.83429,18.01265],[-65.83467,18.01295],[-65.83448,18.01294],[-65.83471,18.0133],[-65.83443,18.01314],[-65.83461,18.01361],[-65.83499,18.01396],[-65.8349,18.01484],[-65.83514,18.01505],[-65.83509,18.01536],[-65.8345,18.01593],[-65.83391,18.01597],[-65.83314,18.01563],[-65.83303,18.01539],[-65.83273,18.01523],[-65.83267,18.01495],[-65.83252,18.01494],[-65.83232,18.01534],[-65.83303,18.01618],[-65.83321,18.01703],[-65.83194,18.01832],[-65.83184,18.01908],[-65.83177,18.01918],[-65.83163,18.01913],[-65.83148,18.0196],[-65.83123,18.01971],[-65.83117,18.01996],[-65.83097,18.0201],[-65.83074,18.01993],[-65.83082,18.02017],[-65.8304,18.01994],[-65.83058,18.02046],[-65.83022,18.0204],[-65.83048,18.02069],[-65.83048,18.02094],[-65.83075,18.02102],[-65.83089,18.02125],[-65.83111,18.02102],[-65.83138,18.021],[-65.83183,18.02138],[-65.83215,18.02147],[-65.83287,18.02266],[-65.83305,18.02342],[-65.83291,18.0237],[-65.83276,18.02368],[-65.83289,18.02382],[-65.83286,18.02475],[-65.83241,18.02641],[-65.83114,18.02944],[-65.83048,18.03036],[-65.82986,18.03067],[-65.82959,18.03043],[-65.82949,18.03074],[-65.82963,18.03086],[-65.82996,18.03081],[-65.83034,18.03106],[-65.83069,18.03161],[-65.83091,18.03265],[-65.83077,18.03319],[-65.83104,18.03334],[-65.83127,18.03327],[-65.83199,18.034],[-65.832,18.03424],[-65.83243,18.03446],[-65.83246,18.0353],[-65.83274,18.03555],[-65.8328,18.03589],[-65.83247,18.03744],[-65.83274,18.03758],[-65.83303,18.03797],[-65.83366,18.0378],[-65.83387,18.03792],[-65.8342,18.03857],[-65.83423,18.03913],[-65.83262,18.0467],[-65.83164,18.0495],[-65.8314,18.05],[-65.83106,18.05011],[-65.83099,18.0506],[-65.83121,18.05075],[-65.8313,18.05058],[-65.83215,18.0503],[-65.83246,18.05035],[-65.83385,18.05007],[-65.83397,18.04989],[-65.83424,18.04986],[-65.83431,18.04957],[-65.83468,18.04946],[-65.8357,18.04964],[-65.83678,18.05036],[-65.83826,18.05208],[-65.83824,18.05304],[-65.83786,18.05367],[-65.83745,18.05385],[-65.8371,18.05376],[-65.8352,18.05441],[-65.83443,18.05519],[-65.83404,18.05511],[-65.83316,18.05562],[-65.83257,18.05578],[-65.832,18.05548],[-65.83127,18.05482],[-65.83023,18.05333],[-65.82799,18.05237],[-65.82796,18.05249],[-65.82868,18.05284],[-65.82881,18.05329],[-65.82873,18.0538],[-65.82798,18.05489],[-65.82523,18.05728],[-65.82449,18.0582],[-65.82129,18.06126],[-65.82037,18.06178],[-65.81992,18.06226],[-65.81889,18.06294],[-65.81821,18.06327],[-65.81747,18.06342],[-65.81693,18.06343],[-65.81643,18.06321],[-65.81628,18.063],[-65.81648,18.06271],[-65.81633,18.06253],[-65.81579,18.06264],[-65.81515,18.0624],[-65.8149,18.06208],[-65.8147,18.06107],[-65.81447,18.0607],[-65.81413,18.06047],[-65.81372,18.06044],[-65.81343,18.06019],[-65.81305,18.06016],[-65.81245,18.06031],[-65.81176,18.05995],[-65.81166,18.05962],[-65.81109,18.05912],[-65.81106,18.05868],[-65.81087,18.05846],[-65.81016,18.05811],[-65.80977,18.05758],[-65.80974,18.05732],[-65.8095,18.05729],[-65.80942,18.05707],[-65.80913,18.05704],[-65.80911,18.05691],[-65.80839,18.05714],[-65.80805,18.05699],[-65.80804,18.05722],[-65.80759,18.05742],[-65.80764,18.05754],[-65.80737,18.05745],[-65.80758,18.05778],[-65.80712,18.0581],[-65.80636,18.05786],[-65.80624,18.05806],[-65.80588,18.05779],[-65.80588,18.05764],[-65.80571,18.05756],[-65.80567,18.05768],[-65.8055,18.05752],[-65.8054,18.05771],[-65.80485,18.05789],[-65.80473,18.05781],[-65.80428,18.05813],[-65.80399,18.05781],[-65.80381,18.05782],[-65.8037,18.05798],[-65.8034,18.05785],[-65.80306,18.05818],[-65.8029,18.05912],[-65.80249,18.05906],[-65.80248,18.05886],[-65.80231,18.05897],[-65.8022,18.05872],[-65.80196,18.05884],[-65.80205,18.0587],[-65.80196,18.05865],[-65.8018,18.05882],[-65.80192,18.059],[-65.80176,18.05911],[-65.80169,18.05903],[-65.80169,18.05916],[-65.80141,18.05935],[-65.80148,18.05977],[-65.80186,18.06011],[-65.80176,18.06062],[-65.80088,18.06102],[-65.80019,18.06116],[-65.79999,18.06092],[-65.79975,18.06113],[-65.79954,18.06183],[-65.79989,18.06183],[-65.79976,18.06203],[-65.80026,18.06243],[-65.80038,18.06271],[-65.79992,18.0641],[-65.79896,18.06471],[-65.7985,18.06472],[-65.79755,18.06524],[-65.79741,18.06588],[-65.7976,18.06617],[-65.79758,18.06663],[-65.79729,18.06775],[-65.79702,18.06804],[-65.79699,18.06843],[-65.79632,18.06888],[-65.7956,18.06887],[-65.79529,18.06915],[-65.79522,18.06951],[-65.7957,18.0695],[-65.7956,18.06963],[-65.79575,18.06978],[-65.79637,18.06975],[-65.79673,18.06997],[-65.79733,18.0697],[-65.79958,18.06937],[-65.80033,18.06949],[-65.80162,18.06998],[-65.80215,18.07034],[-65.80273,18.07108],[-65.803,18.07118],[-65.8038,18.0708],[-65.80449,18.07069],[-65.80504,18.07083],[-65.80575,18.07128],[-65.80627,18.07124],[-65.80697,18.07092],[-65.80807,18.07107],[-65.80881,18.07147],[-65.80906,18.07253],[-65.81055,18.07429],[-65.81125,18.07534],[-65.81183,18.07756],[-65.81407,18.08016],[-65.81413,18.08147],[-65.81441,18.08182],[-65.81829,18.08266],[-65.81861,18.08068],[-65.82006,18.0812],[-65.8215,18.08153],[-65.82174,18.08165],[-65.82199,18.08258],[-65.82241,18.08341],[-65.82288,18.08384],[-65.82404,18.08389],[-65.82526,18.08352],[-65.82688,18.08389],[-65.82815,18.084],[-65.82881,18.08431],[-65.82976,18.08528],[-65.8301,18.08584],[-65.83024,18.08686],[-65.8301,18.0879],[-65.83028,18.0887],[-65.83152,18.0896],[-65.83324,18.09028],[-65.83534,18.0907],[-65.83588,18.09092],[-65.83593,18.09118],[-65.83628,18.09136],[-65.83647,18.09121],[-65.83733,18.09106],[-65.83763,18.09037],[-65.838,18.09009],[-65.83977,18.09072],[-65.84061,18.09124],[-65.84065,18.09182],[-65.84017,18.09288],[-65.84026,18.09344],[-65.84135,18.09514],[-65.84346,18.09759],[-65.84364,18.09775],[-65.84454,18.09742],[-65.84493,18.09748],[-65.84643,18.09836],[-65.84772,18.09854],[-65.84828,18.09899],[-65.84822,18.09947],[-65.84763,18.10058],[-65.84801,18.10132],[-65.8481,18.1018],[-65.84752,18.10317],[-65.8456,18.10602],[-65.84374,18.10685],[-65.84335,18.10726],[-65.84321,18.10796],[-65.84324,18.10963],[-65.84311,18.10979],[-65.84206,18.11018],[-65.84254,18.11211],[-65.84363,18.11224],[-65.8448,18.11211],[-65.84568,18.11223],[-65.84614,18.11255],[-65.84623,18.11281],[-65.84611,18.11393],[-65.84592,18.11423],[-65.84525,18.11462],[-65.84515,18.11483],[-65.84535,18.11516],[-65.84692,18.11594],[-65.84749,18.11709],[-65.84805,18.11728],[-65.84981,18.11748],[-65.85042,18.11805],[-65.85111,18.11821],[-65.85155,18.11785],[-65.85328,18.11738],[-65.85508,18.11754],[-65.85641,18.11717],[-65.85684,18.11672],[-65.85705,18.11623],[-65.85699,18.11555],[-65.85721,18.11534],[-65.85775,18.11541],[-65.85895,18.11591],[-65.86015,18.11574],[-65.86048,18.11545],[-65.86065,18.11435],[-65.86122,18.1132],[-65.86156,18.11303],[-65.86256,18.11294],[-65.86328,18.11236],[-65.86351,18.11202],[-65.86366,18.11137],[-65.86327,18.10923],[-65.86339,18.10883],[-65.86384,18.10853],[-65.8656,18.10808],[-65.86632,18.10852],[-65.8671,18.1087],[-65.86777,18.10866],[-65.86825,18.10844],[-65.86937,18.1085],[-65.86993,18.10836],[-65.87049,18.10855],[-65.8711,18.10905],[-65.87166,18.10957],[-65.87175,18.10991],[-65.87128,18.11191],[-65.87084,18.11229],[-65.87102,18.11282],[-65.87212,18.11381],[-65.87328,18.11418],[-65.87434,18.11492],[-65.8755,18.11481],[-65.87613,18.11527],[-65.87745,18.11563],[-65.87753,18.11587],[-65.87737,18.11663],[-65.87765,18.1173],[-65.8777,18.11809]]]},"properties":{"municipio":"Yabucoa","geoid":"72151","countyfp":"151","abrev_mun":"YAB"}},
{"type":"Feature","geometry":{"type":"Polygon","coordinates":[[[-66.79757,18.13353],[-66.7977,18.13461],[-66.79876,18.13544],[-66.79899,18.13578],[-66.79905,18.13695],[-66.79946,18.13771],[-66.79984,18.13803],[-66.80081,18.13835],[-66.80174,18.13982],[-66.80257,18.14027],[-66.80325,18.14039],[-66.80359,18.14064],[-66.80377,18.1412],[-66.80337,18.14245],[-66.80366,18.14426],[-66.80344,18.14565],[-66.80376,18.14646],[-66.80396,18.14785],[-66.8041,18.14808],[-66.80481,18.14826],[-66.80602,18.14821],[-66.80722,18.14846],[-66.80928,18.14943],[-66.80982,18.14957],[-66.81214,18.14987],[-66.8134,18.14963],[-66.81416,18.14994],[-66.81587,18.15024],[-66.81673,18.1506],[-66.81793,18.15057],[-66.81905,18.15163],[-66.81957,18.15191],[-66.81996,18.15237],[-66.82055,18.15251],[-66.82106,18.15293],[-66.8215,18.15522],[-66.82181,18.15596],[-66.82297,18.15666],[-66.82427,18.15771],[-66.82476,18.15926],[-66.82579,18.15988],[-66.82626,18.16048],[-66.8263,18.16076],[-66.82595,18.16162],[-66.82585,18.16245],[-66.82533,18.16309],[-66.8241,18.16593],[-66.82394,18.16724],[-66.82409,18.16758],[-66.82456,18.16795],[-66.82595,18.1686],[-66.82655,18.16978],[-66.82705,18.1704],[-66.82722,18.17129],[-66.82828,18.17043],[-66.82856,18.17034],[-66.82949,18.17044],[-66.83097,18.17104],[-66.83248,18.17051],[-66.83372,18.17075],[-66.83534,18.17056],[-66.83617,18.17081],[-66.83675,18.17073],[-66.83687,18.16987],[-66.83754,18.16817],[-66.83827,18.16724],[-66.83866,18.16691],[-66.83953,18.16649],[-66.84061,18.16564],[-66.8408,18.16495],[-66.84106,18.16461],[-66.84177,18.16449],[-66.84262,18.16457],[-66.84282,18.16439],[-66.843,18.16348],[-66.84349,18.16262],[-66.8439,18.16092],[-66.84516,18.16215],[-66.8457,18.16231],[-66.84764,18.16221],[-66.84904,18.16252],[-66.85007,18.16291],[-66.8514,18.15685],[-66.85238,18.15343],[-66.85421,18.14589],[-66.85446,18.14523],[-66.85558,18.14359],[-66.85584,18.14297],[-66.85613,18.14106],[-66.85604,18.1395],[-66.85654,18.1387],[-66.8569,18.13846],[-66.85787,18.13832],[-66.8582,18.13806],[-66.86035,18.13831],[-66.86246,18.13827],[-66.86285,18.13841],[-66.86328,18.1388],[-66.86361,18.13872],[-66.86383,18.13839],[-66.8641,18.1383],[-66.86522,18.13843],[-66.86589,18.13889],[-66.86818,18.13884],[-66.86896,18.13894],[-66.86959,18.13876],[-66.87009,18.13883],[-66.87011,18.13936],[-66.86974,18.13995],[-66.86999,18.14],[-66.87051,18.13975],[-66.87184,18.14054],[-66.87216,18.14119],[-66.87265,18.14163],[-66.8735,18.14185],[-66.87404,18.1422],[-66.87519,18.14243],[-66.87555,18.14288],[-66.87613,18.14315],[-66.87637,18.14348],[-66.87634,18.1447],[-66.8771,18.14524],[-66.87725,18.14563],[-66.878,18.14598],[-66.87851,18.14696],[-66.87996,18.14778],[-66.88087,18.14797],[-66.88113,18.14814],[-66.88149,18.14873],[-66.88275,18.14896],[-66.88407,18.15092],[-66.88601,18.15244],[-66.88791,18.15338],[-66.88881,18.15312],[-66.88963,18.15251],[-66.8903,18.15152],[-66.89048,18.15104],[-66.8905,18.15047],[-66.89011,18.14912],[-66.89111,18.14801],[-66.89201,18.14775],[-66.89246,18.14776],[-66.89299,18.14804],[-66.89381,18.14801],[-66.89483,18.14855],[-66.89497,18.14874],[-66.89531,18.1488],[-66.89592,18.14813],[-66.89636,18.14787],[-66.89697,18.14805],[-66.89708,18.14784],[-66.89736,18.14773],[-66.89804,18.14779],[-66.89872,18.14719],[-66.89927,18.14716],[-66.89966,18.14695],[-66.90029,18.14694],[-66.90115,18.14649],[-66.9016,18.14641],[-66.9026,18.14653],[-66.90329,18.14624],[-66.90394,18.14643],[-66.90418,18.14668],[-66.90447,18.14738],[-66.90496,18.14797],[-66.90632,18.14843],[-66.90751,18.14937],[-66.90909,18.14927],[-66.90981,18.14945],[-66.91034,18.15102],[-66.91145,18.15158],[-66.91253,18.15148],[-66.91301,18.15223],[-66.9138,18.15235],[-66.91422,18.15256],[-66.91486,18.15368],[-66.9154,18.15414],[-66.917,18.154],[-66.91813,18.15363],[-66.91914,18.15406],[-66.92009,18.15369],[-66.9208,18.15358],[-66.92123,18.15278],[-66.92256,18.15216],[-66.92321,18.15205],[-66.9236,18.15175],[-66.9243,18.15193],[-66.92476,18.15167],[-66.92651,18.15116],[-66.92645,18.15077],[-66.92575,18.14931],[-66.92524,18.14742],[-66.92527,18.14636],[-66.92566,18.14587],[-66.92547,18.14531],[-66.92456,18.14394],[-66.92469,18.14275],[-66.924,18.14229],[-66.92332,18.14161],[-66.92306,18.14099],[-66.92176,18.13937],[-66.92065,18.13902],[-66.92021,18.13749],[-66.91968,18.13646],[-66.9199,18.13505],[-66.91973,18.13473],[-66.91787,18.1336],[-66.91777,18.13343],[-66.91797,18.13303],[-66.91802,18.13223],[-66.91857,18.13157],[-66.91777,18.13029],[-66.91748,18.12745],[-66.91673,18.12633],[-66.91675,18.12583],[-66.91638,18.12545],[-66.91632,18.12478],[-66.91588,18.12468],[-66.91582,18.12448],[-66.91549,18.12446],[-66.91524,18.12392],[-66.91423,18.12358],[-66.91342,18.12309],[-66.91267,18.12191],[-66.91294,18.12088],[-66.91328,18.12063],[-66.91317,18.11866],[-66.91336,18.11764],[-66.91364,18.11723],[-66.91327,18.11707],[-66.91354,18.11546],[-66.91333,18.11506],[-66.9127,18.11457],[-66.91271,18.11431],[-66.91228,18.11419],[-66.91163,18.11355],[-66.91174,18.11305],[-66.91212,18.1125],[-66.91232,18.11163],[-66.91278,18.1109],[-66.91318,18.11066],[-66.914,18.11059],[-66.9146,18.10965],[-66.91498,18.10799],[-66.91475,18.10695],[-66.91798,18.10656],[-66.91839,18.10632],[-66.91908,18.10555],[-66.91969,18.10524],[-66.92001,18.10521],[-66.92039,18.10554],[-66.92074,18.10553],[-66.92058,18.10328],[-66.91837,18.10256],[-66.91761,18.10217],[-66.91601,18.09968],[-66.91564,18.09719],[-66.91573,18.09654],[-66.91608,18.09611],[-66.91781,18.09538],[-66.91837,18.09496],[-66.91873,18.09382],[-66.91923,18.0933],[-66.91951,18.09279],[-66.91953,18.09215],[-66.91908,18.09138],[-66.91869,18.08992],[-66.91769,18.08898],[-66.91713,18.08784],[-66.91635,18.08713],[-66.91547,18.08589],[-66.91438,18.0851],[-66.91311,18.08142],[-66.91224,18.08043],[-66.91311,18.08028],[-66.91347,18.08002],[-66.91309,18.07863],[-66.91302,18.07788],[-66.91317,18.07662],[-66.91291,18.07484],[-66.91205,18.07387],[-66.91055,18.07257],[-66.90941,18.07075],[-66.90945,18.07017],[-66.90979,18.06965],[-66.91001,18.06885],[-66.9099,18.0683],[-66.90934,18.06757],[-66.90953,18.06695],[-66.9096,18.0659],[-66.90927,18.0656],[-66.90916,18.06497],[-66.9075,18.06428],[-66.9073,18.06394],[-66.90738,18.06321],[-66.90687,18.06268],[-66.90631,18.06234],[-66.9051,18.06238],[-66.90436,18.06213],[-66.90371,18.06231],[-66.90332,18.06206],[-66.90334,18.06106],[-66.90417,18.05982],[-66.90395,18.05891],[-66.90414,18.0585],[-66.90406,18.05822],[-66.90343,18.05779],[-66.90352,18.05676],[-66.90325,18.05619],[-66.9033,18.05562],[-66.90297,18.05537],[-66.9015,18.05505],[-66.90096,18.05469],[-66.90087,18.05445],[-66.90115,18.05397],[-66.9025,18.05325],[-66.90269,18.05286],[-66.90172,18.05178],[-66.90126,18.05101],[-66.8999,18.04698],[-66.89933,18.04582],[-66.89933,18.0452],[-66.8991,18.04477],[-66.89855,18.04431],[-66.89847,18.0441],[-66.89896,18.0426],[-66.89886,18.04242],[-66.8984,18.04251],[-66.8981,18.04308],[-66.8977,18.04258],[-66.9009,18.04014],[-66.90104,18.03987],[-66.89871,18.03865],[-66.89817,18.03801],[-66.89575,18.03673],[-66.8959,18.03631],[-66.89419,18.03478],[-66.89272,18.03561],[-66.8923,18.03522],[-66.89143,18.03585],[-66.89109,18.03542],[-66.89085,18.03542],[-66.89073,18.03573],[-66.89115,18.03625],[-66.89117,18.03648],[-66.89087,18.03668],[-66.88929,18.03531],[-66.8873,18.03396],[-66.88686,18.03191],[-66.88708,18.03069],[-66.88686,18.02949],[-66.88515,18.0262],[-66.88483,18.0251],[-66.88446,18.02441],[-66.88446,18.02411],[-66.88493,18.02183],[-66.88567,18.02059],[-66.88554,18.01989],[-66.88478,18.01954],[-66.88378,18.01955],[-66.88301,18.01977],[-66.88283,18.01993],[-66.88273,18.02032],[-66.88255,18.02041],[-66.88208,18.0203],[-66.88181,18.01993],[-66.88195,18.01856],[-66.88168,18.01765],[-66.88246,18.01703],[-66.88223,18.01665],[-66.88119,18.01617],[-66.88025,18.01591],[-66.87965,18.01589],[-66.87841,18.01623],[-66.87781,18.01621],[-66.87692,18.01571],[-66.87514,18.01427],[-66.87506,18.01377],[-66.87525,18.01125],[-66.87462,18.01082],[-66.87293,18.00924],[-66.8724,18.00886],[-66.87004,18.00777],[-66.86874,18.0068],[-66.86802,18.00606],[-66.86618,18.00348],[-66.86582,18.00267],[-66.8653,18.00082],[-66.86478,17.9998],[-66.86316,17.99802],[-66.86284,17.99453],[-66.86286,17.9923],[-66.86292,17.99159],[-66.86379,17.98823],[-66.86351,17.97337],[-66.86316,17.96708],[-66.86322,17.96529],[-66.86273,17.96433],[-66.86227,17.96262],[-66.86162,17.96134],[-66.85952,17.95475],[-66.85864,17.95513],[-66.85776,17.9558],[-66.85633,17.95654],[-66.85608,17.95633],[-66.85602,17.95605],[-66.8557,17.95591],[-66.85553,17.95618],[-66.85539,17.95611],[-66.85502,17.95636],[-66.85376,17.95613],[-66.85363,17.95602],[-66.8537,17.95563],[-66.853,17.95529],[-66.85261,17.95473],[-66.83656,17.96588],[-66.83653,17.97062],[-66.83564,17.9836],[-66.83521,17.98815],[-66.83374,17.9897],[-66.83219,17.99006],[-66.83119,17.991],[-66.83025,17.99128],[-66.83004,17.99157],[-66.83071,17.99329],[-66.83066,17.9941],[-66.83106,17.99471],[-66.83147,17.99502],[-66.83201,17.99638],[-66.83193,17.99666],[-66.83127,17.9971],[-66.83097,17.99757],[-66.83084,17.99822],[-66.8306,17.99857],[-66.83069,17.99925],[-66.8305,17.99938],[-66.82989,17.99934],[-66.82863,17.99901],[-66.82748,17.99944],[-66.82628,17.99952],[-66.82599,17.99976],[-66.82606,18.00065],[-66.82578,18.00203],[-66.8261,18.00292],[-66.82593,18.00357],[-66.82616,18.00392],[-66.82701,18.00458],[-66.82728,18.00569],[-66.82723,18.00591],[-66.82667,18.00641],[-66.82661,18.00659],[-66.82687,18.0073],[-66.82651,18.00775],[-66.82652,18.00796],[-66.82696,18.00835],[-66.82845,18.00906],[-66.82878,18.00899],[-66.8291,18.00855],[-66.82951,18.00846],[-66.83094,18.01005],[-66.83056,18.01055],[-66.8302,18.01159],[-66.8292,18.01199],[-66.82887,18.01237],[-66.82896,18.01295],[-66.8294,18.01402],[-66.82959,18.01437],[-66.82992,18.0146],[-66.83013,18.01817],[-66.82969,18.01874],[-66.82894,18.0191],[-66.82814,18.01931],[-66.82711,18.01936],[-66.82664,18.01975],[-66.82555,18.0199],[-66.8248,18.02033],[-66.82429,18.02121],[-66.8238,18.0213],[-66.82346,18.02097],[-66.82304,18.02083],[-66.82223,18.02093],[-66.82146,18.02132],[-66.82122,18.02186],[-66.82073,18.02524],[-66.82028,18.02567],[-66.81943,18.02748],[-66.81858,18.02819],[-66.81814,18.02953],[-66.81846,18.03029],[-66.81955,18.03148],[-66.8209,18.03213],[-66.82149,18.03259],[-66.8221,18.03429],[-66.82191,18.03486],[-66.82159,18.03522],[-66.82159,18.03566],[-66.8222,18.03728],[-66.82298,18.03815],[-66.82358,18.03857],[-66.82387,18.03907],[-66.82392,18.03999],[-66.82415,18.04055],[-66.82453,18.04096],[-66.82456,18.04171],[-66.8249,18.04243],[-66.82492,18.04278],[-66.82418,18.04368],[-66.82415,18.04392],[-66.82443,18.04431],[-66.82432,18.0451],[-66.82319,18.0452],[-66.82195,18.04461],[-66.82144,18.0446],[-66.82005,18.04495],[-66.82012,18.04563],[-66.82054,18.04583],[-66.82096,18.04578],[-66.82211,18.04599],[-66.82244,18.04698],[-66.8221,18.04753],[-66.82312,18.04757],[-66.82396,18.04804],[-66.81939,18.05499],[-66.81864,18.05678],[-66.81851,18.05776],[-66.81884,18.05884],[-66.81896,18.06051],[-66.8185,18.06396],[-66.81714,18.06941],[-66.81608,18.07138],[-66.81562,18.0718],[-66.81526,18.07281],[-66.81473,18.07364],[-66.80874,18.08182],[-66.80224,18.09106],[-66.80307,18.09166],[-66.80394,18.0934],[-66.80506,18.09385],[-66.80633,18.09515],[-66.80647,18.09544],[-66.80672,18.09665],[-66.80674,18.09753],[-66.80568,18.10025],[-66.80522,18.10085],[-66.80526,18.1016],[-66.80575,18.10285],[-66.80576,18.10351],[-66.80594,18.10382],[-66.80638,18.10395],[-66.80843,18.1052],[-66.80897,18.10539],[-66.80921,18.10684],[-66.80995,18.10784],[-66.80893,18.10886],[-66.80875,18.1093],[-66.80943,18.10982],[-66.80954,18.11018],[-66.81009,18.11063],[-66.81031,18.11101],[-66.81048,18.11135],[-66.81071,18.11327],[-66.81041,18.11371],[-66.80988,18.11405],[-66.80825,18.11466],[-66.80763,18.11477],[-66.80705,18.11507],[-66.80693,18.11562],[-66.80677,18.11578],[-66.80317,18.1169],[-66.80214,18.11891],[-66.80112,18.1198],[-66.80053,18.12014],[-66.79982,18.1204],[-66.7972,18.12094],[-66.7961,18.12161],[-66.79607,18.12203],[-66.79662,18.12302],[-66.79658,18.12386],[-66.79683,18.12432],[-66.79689,18.12547],[-66.79735,18.12794],[-66.7983,18.12956],[-66.79891,18.13106],[-66.79897,18.13234],[-66.79886,18.13285],[-66.79846,18.13323],[-66.79757,18.13353]]]},"properties":{"municipio":"Yauco","geoid":"72153","countyfp":"153","abrev_mun":"YAU"}}
]}