{"type":"FeatureCollection", "features": [
{"type":"Feature","geometry":{"type":"Polygon","coordinates":[[[-67.06409,18.35249],[-67.06713,18.35313],[-67.06844,18.35501],[-67.06627,18.35805],[-67.06694,18.36062],[-67.06802,18.3606],[-67.06822,18.35856],[-67.07037,18.3606],[-67.07348,18.36108],[-67.07511,18.35841],[-67.07808,18.35846],[-67.08067,18.36113],[-67.08249,18.36102],[-67.0845,18.3648],[-67.08592,18.36457],[-67.08499,18.36177],[-67.087,18.36102],[-67.0874,18.35925],[-67.08908,18.35982],[-67.08935,18.35908],[-67.08786,18.35834],[-67.089,18.3578],[-67.08872,18.35262],[-67.08639,18.35296],[-67.08427,18.34869],[-67.08134,18.34642],[-67.08137,18.34547],[-67.08007,18.34531],[-67.0779,18.34185],[-67.08029,18.33876],[-67.08033,18.33594],[-67.08208,18.33498],[-67.08182,18.33279],[-67.08353,18.33245],[-67.08509,18.33094],[-67.08816,18.32559],[-67.09034,18.32387],[-67.09547,18.32368],[-67.09782,18.32281],[-67.09995,18.31968],[-67.07811,18.31295],[-67.06347,18.31156],[-67.05686,18.30746],[-67.05258,18.30666],[-67.04428,18.31659],[-67.04272,18.3204],[-67.04137,18.32126],[-67.04131,18.32383],[-67.03718,18.32632],[-67.03696,18.32724],[-67.03788,18.32743],[-67.03597,18.32876],[-67.03581,18.3295],[-67.03686,18.32979],[-67.03623,18.3316],[-67.0382,18.33154],[-67.03709,18.33177],[-67.03657,18.33326],[-67.03917,18.33435],[-67.03948,18.33529],[-67.04048,18.33498],[-67.03994,18.3386],[-67.0414,18.33887],[-67.04132,18.34021],[-67.04241,18.34005],[-67.04186,18.34087],[-67.04314,18.34155],[-67.04318,18.34358],[-67.04546,18.34817],[-67.04532,18.34898],[-67.04357,18.3495],[-67.04472,18.35046],[-67.04609,18.35037],[-67.0462,18.34897],[-67.04754,18.34774],[-67.0499,18.34774],[-67.05016,18.34902],[-67.04824,18.34866],[-67.0485,18.34965],[-67.0472,18.34987],[-67.0474,18.35086],[-67.04862,18.35254],[-67.04932,18.35157],[-67.05072,18.35174],[-67.04892,18.35436],[-67.05041,18.3545],[-67.05092,18.35674],[-67.05461,18.35521],[-67.05402,18.35755],[-67.05457,18.35825],[-67.05722,18.35668],[-67.05516,18.35316],[-67.05766,18.35372],[-67.05842,18.35293],[-67.05957,18.35415],[-67.06136,18.35415],[-67.06178,18.35255],[-67.06409,18.35249]]]},"properties":{"TRACTCE":"420402","GEOID":"72099420402","NAME":"4204.02","NAMELSAD":"Census Tract 4204.02","COUNTYFP":"099"}},
{"type":"Feature","geometry":{"type":"Polygon","coordinates":[[[-67.07485,18.37426],[-67.07462,18.37087],[-67.07072,18.36769],[-67.06761,18.36674],[-67.06503,18.36394],[-67.06476,18.36076],[-67.06335,18.359],[-67.06429,18.35624],[-67.06409,18.35249],[-67.06178,18.35255],[-67.06136,18.35415],[-67.05957,18.35415],[-67.05842,18.35293],[-67.05766,18.35372],[-67.05516,18.35316],[-67.05722,18.35668],[-67.05457,18.35825],[-67.05402,18.35755],[-67.05461,18.35521],[-67.05092,18.35674],[-67.05041,18.3545],[-67.04892,18.35436],[-67.05072,18.35174],[-67.04932,18.35157],[-67.04862,18.35254],[-67.0474,18.35086],[-67.04673,18.35281],[-67.04788,18.35303],[-67.04796,18.35395],[-67.04467,18.35366],[-67.04435,18.35501],[-67.04357,18.35427],[-67.0427,18.35609],[-67.04206,18.35573],[-67.04184,18.35854],[-67.04055,18.3594],[-67.04159,18.36145],[-67.04015,18.3642],[-67.04121,18.36438],[-67.04205,18.36678],[-67.0445,18.3685],[-67.04659,18.37233],[-67.04871,18.37188],[-67.05432,18.37389],[-67.05743,18.37701],[-67.0587,18.37708],[-67.07485,18.37426]]]},"properties":{"TRACTCE":"420401","GEOID":"72099420401","NAME":"4204.01","NAMELSAD":"Census Tract 4204.01","COUNTYFP":"099"}},
{"type":"Feature","geometry":{"type":"Polygon","coordinates":[[[-65.86358,18.38124],[-65.86468,18.38277],[-65.86409,18.38321],[-65.86483,18.38372],[-65.86454,18.38573],[-65.86911,18.38689],[-65.86854,18.38887],[-65.87272,18.38973],[-65.87171,18.38275],[-65.87273,18.37846],[-65.86745,18.3782],[-65.86586,18.3802],[-65.86358,18.38124]]]},"properties":{"TRACTCE":"110304","GEOID":"72087110304","NAME":"1103.04","NAMELSAD":"Census Tract 1103.04","COUNTYFP":"087"}},
{"type":"Feature","geometry":{"type":"Polygon","coordinates":[[[-65.88864,18.4278],[-65.88748,18.42613],[-65.88245,18.4244],[-65.87902,18.42678],[-65.88106,18.42876],[-65.87885,18.43416],[-65.87699,18.43456],[-65.87429,18.43374],[-65.8727,18.43954],[-65.87767,18.44378],[-65.87808,18.43794],[-65.88864,18.4278]]]},"properties":{"TRACTCE":"110500","GEOID":"72087110500","NAME":"1105","NAMELSAD":"Census Tract 1105","COUNTYFP":"087"}},
{"type":"Feature","geometry":{"type":"Polygon","coordinates":[[[-66.15915,18.38239],[-66.1675,18.38206],[-66.16873,18.38147],[-66.16779,18.37927],[-66.16857,18.37909],[-66.16756,18.37427],[-66.16448,18.37323],[-66.16183,18.37713],[-66.15915,18.38239]]]},"properties":{"TRACTCE":"031401","GEOID":"72021031401","NAME":"314.01","NAMELSAD":"Census Tract 314.01","COUNTYFP":"021"}},
{"type":"Feature","geometry":{"type":"Polygon","coordinates":[[[-66.42503,18.22749],[-66.42563,18.22623],[-66.42435,18.22545],[-66.42714,18.22132],[-66.42373,18.22011],[-66.42213,18.22048],[-66.41967,18.21911],[-66.41673,18.21947],[-66.41526,18.21798],[-66.41497,18.2109],[-66.4136,18.20736],[-66.41553,18.2059],[-66.41515,18.20391],[-66.41087,18.20082],[-66.40624,18.19885],[-66.40509,18.19648],[-66.40641,18.19559],[-66.40601,18.19349],[-66.40397,18.18995],[-66.40194,18.18962],[-66.40098,18.19015],[-66.39791,18.18744],[-66.39652,18.18943],[-66.39381,18.18871],[-66.38885,18.19005],[-66.38374,18.19412],[-66.38359,18.19603],[-66.38551,18.19852],[-66.38531,18.19976],[-66.38381,18.20112],[-66.38103,18.20107],[-66.38108,18.20352],[-66.38247,18.20445],[-66.38598,18.20619],[-66.38931,18.20589],[-66.39108,18.2087],[-66.3911,18.21054],[-66.39354,18.21282],[-66.39365,18.21409],[-66.39601,18.21471],[-66.3954,18.21767],[-66.39719,18.21801],[-66.39742,18.21903],[-66.39364,18.22134],[-66.39351,18.22425],[-66.39297,18.22575],[-66.39207,18.22595],[-66.39263,18.22739],[-66.39053,18.22827],[-66.39057,18.23089],[-66.38849,18.23102],[-66.39195,18.23287],[-66.39287,18.23487],[-66.39187,18.2357],[-66.39346,18.23595],[-66.39463,18.23477],[-66.39521,18.2365],[-66.39743,18.23668],[-66.39951,18.23823],[-66.4013,18.23553],[-66.40082,18.2326],[-66.40283,18.23291],[-66.40378,18.2319],[-66.40569,18.2319],[-66.40804,18.22856],[-66.40945,18.22842],[-66.41169,18.22976],[-66.41903,18.2277],[-66.4222,18.22872],[-66.4236,18.22745],[-66.42503,18.22749]]]},"properties":{"TRACTCE":"955002","GEOID":"72107955002","NAME":"9550.02","NAMELSAD":"Census Tract 9550.02","COUNTYFP":"107"}},
{"type":"Feature","geometry":{"type":"Polygon","coordinates":[[[-65.88245,18.4244],[-65.88168,18.42385],[-65.88045,18.42468],[-65.87708,18.42432],[-65.8769,18.4255],[-65.87606,18.4252],[-65.87412,18.43368],[-65.87429,18.43374],[-65.87699,18.43456],[-65.87885,18.43416],[-65.88106,18.42876],[-65.87902,18.42678],[-65.88245,18.4244]]]},"properties":{"TRACTCE":"110400","GEOID":"72087110400","NAME":"1104","NAMELSAD":"Census Tract 1104","COUNTYFP":"087"}},
{"type":"Feature","geometry":{"type":"Polygon","coordinates":[[[-66.17953,18.38507],[-66.17809,18.38265],[-66.17754,18.38288],[-66.17647,18.37821],[-66.17642,18.37761],[-66.17441,18.37802],[-66.17358,18.38102],[-66.17132,18.38372],[-66.1767,18.38567],[-66.17953,18.38507]]]},"properties":{"TRACTCE":"031201","GEOID":"72021031201","NAME":"312.01","NAMELSAD":"Census Tract 312.01","COUNTYFP":"021"}},
{"type":"Feature","geometry":{"type":"Polygon","coordinates":[[[-66.13923,18.39673],[-66.12964,18.39436],[-66.12581,18.39461],[-66.12641,18.39593],[-66.12407,18.3991],[-66.13203,18.39905],[-66.13923,18.39673]]]},"properties":{"TRACTCE":"030103","GEOID":"72021030103","NAME":"301.03","NAMELSAD":"Census Tract 301.03","COUNTYFP":"021"}},
{"type":"Feature","geometry":{"type":"Polygon","coordinates":[[[-65.9934,18.5166],[-65.99283,18.46562],[-65.98574,18.46404],[-65.98106,18.46437],[-65.96935,18.46199],[-65.94473,18.45344],[-65.91367,18.45174],[-65.91133,18.45412],[-65.90312,18.45754],[-65.89727,18.45686],[-65.88557,18.45005],[-65.87767,18.44378],[-65.8727,18.43954],[-65.84922,18.43887],[-65.83888,18.43848],[-65.83361,18.43682],[-65.82678,18.42782],[-65.80531,18.47825],[-65.8327,18.4862],[-65.85063,18.48807],[-65.85772,18.48725],[-65.87699,18.49955],[-65.89013,18.50329],[-65.90796,18.50537],[-65.9161,18.50517],[-65.93259,18.50104],[-65.94814,18.50265],[-65.95447,18.50616],[-65.96545,18.51015],[-65.97876,18.51378],[-65.9934,18.5166]]]},"properties":{"TRACTCE":"990000","GEOID":"72087990000","NAME":"9900","NAMELSAD":"Census Tract 9900","COUNTYFP":"087"}},
{"type":"Feature","geometry":{"type":"Polygon","coordinates":[[[-65.99283,18.46562],[-65.9928,18.45869],[-65.99279,18.45803],[-65.99056,18.45747],[-65.98936,18.45586],[-65.98632,18.45438],[-65.98504,18.45059],[-65.98547,18.44384],[-65.98443,18.44282],[-65.98079,18.44226],[-65.97673,18.44233],[-65.97414,18.4407],[-65.9709,18.44037],[-65.9672,18.43238],[-65.96522,18.43258],[-65.96351,18.43435],[-65.96106,18.43326],[-65.95721,18.43347],[-65.95367,18.43748],[-65.95035,18.43527],[-65.93806,18.43036],[-65.9326,18.42842],[-65.9304,18.42848],[-65.93086,18.42277],[-65.92617,18.4156],[-65.92837,18.41295],[-65.92414,18.41148],[-65.92008,18.41118],[-65.91928,18.40299],[-65.91449,18.40563],[-65.90968,18.40106],[-65.89993,18.41368],[-65.88864,18.4278],[-65.87808,18.43794],[-65.87767,18.44378],[-65.88557,18.45005],[-65.89727,18.45686],[-65.90312,18.45754],[-65.91133,18.45412],[-65.91367,18.45174],[-65.94473,18.45344],[-65.96935,18.46199],[-65.98106,18.46437],[-65.98574,18.46404],[-65.99283,18.46562]]]},"properties":{"TRACTCE":"110600","GEOID":"72087110600","NAME":"1106","NAMELSAD":"Census Tract 1106","COUNTYFP":"087"}},
{"type":"Feature","geometry":{"type":"Polygon","coordinates":[[[-65.83888,18.43848],[-65.83804,18.42377],[-65.83361,18.4225],[-65.82966,18.42241],[-65.82855,18.42327],[-65.82678,18.42782],[-65.83361,18.43682],[-65.83888,18.43848]]]},"properties":{"TRACTCE":"110101","GEOID":"72087110101","NAME":"1101.01","NAMELSAD":"Census Tract 1101.01","COUNTYFP":"087"}},
{"type":"Feature","geometry":{"type":"Polygon","coordinates":[[[-65.87167,18.40494],[-65.87151,18.40055],[-65.87258,18.40059],[-65.87375,18.39066],[-65.87602,18.38821],[-65.8765,18.37868],[-65.87273,18.37846],[-65.87171,18.38275],[-65.87272,18.38973],[-65.86854,18.38887],[-65.86911,18.38689],[-65.86454,18.38573],[-65.86483,18.38372],[-65.86409,18.38321],[-65.86468,18.38277],[-65.86358,18.38124],[-65.85964,18.38195],[-65.85998,18.38326],[-65.85657,18.38994],[-65.85474,18.39775],[-65.87167,18.40494]]]},"properties":{"TRACTCE":"110303","GEOID":"72087110303","NAME":"1103.03","NAMELSAD":"Census Tract 1103.03","COUNTYFP":"087"}},
{"type":"Feature","geometry":{"type":"Polygon","coordinates":[[[-66.07903,18.24782],[-66.07969,18.2452],[-66.07863,18.24404],[-66.07852,18.24212],[-66.07939,18.23899],[-66.07743,18.24038],[-66.07571,18.23939],[-66.07562,18.23818],[-66.07433,18.23761],[-66.07426,18.23408],[-66.07059,18.23364],[-66.07041,18.23524],[-66.06414,18.23826],[-66.06409,18.24271],[-66.06622,18.24256],[-66.07864,18.24817],[-66.07898,18.24787],[-66.07903,18.24782]]]},"properties":{"TRACTCE":"200306","GEOID":"72025200306","NAME":"2003.06","NAMELSAD":"Census Tract 2003.06","COUNTYFP":"025"}},
{"type":"Feature","geometry":{"type":"Polygon","coordinates":[[[-66.0433,18.23402],[-66.03998,18.23446],[-66.03965,18.22977],[-66.03643,18.22841],[-66.03571,18.22805],[-66.0344,18.23134],[-66.03056,18.22837],[-66.02957,18.22963],[-66.03098,18.23014],[-66.02935,18.23392],[-66.02977,18.23464],[-66.02363,18.2368],[-66.02392,18.23727],[-66.02734,18.23665],[-66.03356,18.23759],[-66.03531,18.23887],[-66.03535,18.24037],[-66.03764,18.24],[-66.03871,18.23604],[-66.04223,18.23829],[-66.0433,18.23402]]]},"properties":{"TRACTCE":"201000","GEOID":"72025201000","NAME":"2010","NAMELSAD":"Census Tract 2010","COUNTYFP":"025"}},
{"type":"Feature","geometry":{"type":"Polygon","coordinates":[[[-66.04514,18.22639],[-66.04478,18.22497],[-66.04435,18.2257],[-66.04138,18.22501],[-66.04021,18.22657],[-66.03817,18.22522],[-66.03643,18.22841],[-66.03965,18.22977],[-66.03998,18.23446],[-66.0433,18.23402],[-66.04514,18.22639]]]},"properties":{"TRACTCE":"201200","GEOID":"72025201200","NAME":"2012","NAMELSAD":"Census Tract 2012","COUNTYFP":"025"}},
{"type":"Feature","geometry":{"type":"Polygon","coordinates":[[[-66.18564,18.38172],[-66.18646,18.37875],[-66.18578,18.37592],[-66.18042,18.37595],[-66.17642,18.37761],[-66.17647,18.37821],[-66.18231,18.37956],[-66.18564,18.38172]]]},"properties":{"TRACTCE":"031203","GEOID":"72021031203","NAME":"312.03","NAMELSAD":"Census Tract 312.03","COUNTYFP":"021"}},
{"type":"Feature","geometry":{"type":"Polygon","coordinates":[[[-66.16618,18.35617],[-66.16694,18.3536],[-66.17025,18.35158],[-66.17271,18.35124],[-66.17506,18.34863],[-66.17281,18.34375],[-66.17321,18.34253],[-66.17185,18.34203],[-66.17103,18.33993],[-66.16935,18.33936],[-66.1689,18.33734],[-66.16639,18.33391],[-66.16469,18.33403],[-66.16372,18.33505],[-66.1631,18.3371],[-66.16371,18.33969],[-66.16277,18.33929],[-66.16086,18.34121],[-66.15933,18.34134],[-66.15756,18.34596],[-66.15848,18.34798],[-66.15762,18.35429],[-66.15997,18.35472],[-66.16155,18.3561],[-66.16618,18.35617]]]},"properties":{"TRACTCE":"031703","GEOID":"72021031703","NAME":"317.03","NAMELSAD":"Census Tract 317.03","COUNTYFP":"021"}},
{"type":"Feature","geometry":{"type":"Polygon","coordinates":[[[-66.06418,18.42189],[-66.06297,18.41979],[-66.06354,18.41627],[-66.06447,18.41606],[-66.06548,18.41345],[-66.0568,18.41603],[-66.05536,18.41594],[-66.0564,18.4201],[-66.05732,18.42372],[-66.06418,18.42189]]]},"properties":{"TRACTCE":"006500","GEOID":"72127006500","NAME":"65","NAMELSAD":"Census Tract 65","COUNTYFP":"127"}},
{"type":"Feature","geometry":{"type":"Polygon","coordinates":[[[-66.0568,18.41603],[-66.0567,18.41067],[-66.05639,18.40331],[-66.05205,18.40294],[-66.05266,18.40788],[-66.05536,18.41594],[-66.0568,18.41603]]]},"properties":{"TRACTCE":"006600","GEOID":"72127006600","NAME":"66","NAMELSAD":"Census Tract 66","COUNTYFP":"127"}},
{"type":"Feature","geometry":{"type":"Polygon","coordinates":[[[-66.0707,18.41999],[-66.06988,18.41028],[-66.06891,18.40844],[-66.06905,18.40584],[-66.06725,18.40739],[-66.06481,18.40988],[-66.06548,18.41345],[-66.06447,18.41606],[-66.06354,18.41627],[-66.06297,18.41979],[-66.06418,18.42189],[-66.0707,18.41999]]]},"properties":{"TRACTCE":"006800","GEOID":"72127006800","NAME":"68","NAMELSAD":"Census Tract 68","COUNTYFP":"127"}},
{"type":"Feature","geometry":{"type":"Polygon","coordinates":[[[-66.08267,18.41178],[-66.07948,18.40876],[-66.07898,18.40596],[-66.07513,18.40698],[-66.07528,18.41297],[-66.07797,18.41505],[-66.07828,18.41638],[-66.08152,18.41485],[-66.08179,18.41252],[-66.08267,18.41178]]]},"properties":{"TRACTCE":"006900","GEOID":"72127006900","NAME":"69","NAMELSAD":"Census Tract 69","COUNTYFP":"127"}},
{"type":"Feature","geometry":{"type":"Polygon","coordinates":[[[-66.51825,18.08504],[-66.51868,18.08308],[-66.52116,18.08153],[-66.52182,18.07903],[-66.52117,18.07644],[-66.5201,18.07549],[-66.51799,18.07572],[-66.51578,18.07463],[-66.51305,18.07515],[-66.51017,18.07374],[-66.50761,18.0737],[-66.50664,18.07108],[-66.50914,18.0702],[-66.50953,18.06917],[-66.50732,18.06567],[-66.50635,18.0668],[-66.50549,18.06567],[-66.50244,18.066],[-66.50119,18.06754],[-66.50014,18.06631],[-66.50154,18.06387],[-66.49814,18.0618],[-66.49328,18.06218],[-66.49117,18.06392],[-66.48844,18.06472],[-66.48667,18.0668],[-66.4767,18.06629],[-66.47183,18.07042],[-66.46493,18.0679],[-66.45903,18.06688],[-66.46041,18.07043],[-66.44766,18.06997],[-66.44816,18.07147],[-66.45171,18.07474],[-66.45131,18.07721],[-66.45387,18.079],[-66.45454,18.08131],[-66.46263,18.08491],[-66.46977,18.08549],[-66.47581,18.08783],[-66.4791,18.08743],[-66.48213,18.08833],[-66.48471,18.08983],[-66.485,18.09142],[-66.48671,18.09232],[-66.48794,18.09438],[-66.49306,18.09643],[-66.49248,18.09815],[-66.49696,18.09639],[-66.50188,18.09578],[-66.50578,18.09312],[-66.50553,18.0916],[-66.50178,18.08741],[-66.50218,18.08555],[-66.50488,18.08242],[-66.50738,18.08097],[-66.51825,18.08504]]]},"properties":{"TRACTCE":"710200","GEOID":"72075710200","NAME":"7102","NAMELSAD":"Census Tract 7102","COUNTYFP":"075"}},
{"type":"Feature","geometry":{"type":"Polygon","coordinates":[[[-66.03631,18.45047],[-66.03739,18.44909],[-66.03209,18.44521],[-66.02739,18.44375],[-66.02507,18.4431],[-66.02468,18.4447],[-66.02986,18.44625],[-66.03631,18.45047]]]},"properties":{"TRACTCE":"050107","GEOID":"72031050107","NAME":"501.07","NAMELSAD":"Census Tract 501.07","COUNTYFP":"031"}},
{"type":"Feature","geometry":{"type":"Polygon","coordinates":[[[-65.9928,18.45869],[-65.99416,18.45777],[-65.99657,18.45151],[-66.00204,18.44715],[-66.01004,18.44452],[-66.01445,18.44599],[-66.01621,18.44928],[-66.0177,18.44874],[-66.01685,18.44681],[-66.01587,18.44535],[-66.01605,18.44206],[-66.01353,18.44181],[-66.00944,18.44266],[-65.99565,18.44852],[-65.99421,18.45072],[-65.99395,18.45557],[-65.99279,18.45803],[-65.9928,18.45869]]]},"properties":{"TRACTCE":"050111","GEOID":"72031050111","NAME":"501.11","NAMELSAD":"Census Tract 501.11","COUNTYFP":"031"}},
{"type":"Feature","geometry":{"type":"Polygon","coordinates":[[[-65.93991,18.38129],[-65.94019,18.38057],[-65.93838,18.37895],[-65.93811,18.37755],[-65.93556,18.37587],[-65.93414,18.37614],[-65.93189,18.37301],[-65.93,18.36944],[-65.92999,18.366],[-65.92708,18.36554],[-65.92494,18.36679],[-65.92559,18.36829],[-65.92462,18.36899],[-65.92483,18.37117],[-65.9224,18.37354],[-65.92294,18.37465],[-65.9264,18.37438],[-65.92682,18.37673],[-65.9163,18.37695],[-65.91309,18.37887],[-65.91415,18.37998],[-65.91501,18.38003],[-65.91476,18.37899],[-65.91659,18.38011],[-65.91626,18.38171],[-65.91485,18.38247],[-65.91841,18.38394],[-65.9222,18.38682],[-65.92371,18.38585],[-65.93375,18.38212],[-65.93991,18.38129]]]},"properties":{"TRACTCE":"051104","GEOID":"72031051104","NAME":"511.04","NAMELSAD":"Census Tract 511.04","COUNTYFP":"031"}},
{"type":"Feature","geometry":{"type":"Polygon","coordinates":[[[-65.94798,18.33953],[-65.94959,18.33645],[-65.9508,18.33602],[-65.94959,18.33498],[-65.94963,18.33329],[-65.95353,18.32684],[-65.95276,18.32536],[-65.95348,18.32161],[-65.95246,18.31706],[-65.92181,18.31425],[-65.90547,18.30888],[-65.90437,18.31035],[-65.90627,18.31462],[-65.90568,18.31551],[-65.9041,18.31537],[-65.90178,18.31616],[-65.9039,18.31676],[-65.90314,18.32066],[-65.90511,18.32307],[-65.90862,18.323],[-65.90929,18.32792],[-65.91031,18.32797],[-65.91281,18.32485],[-65.91521,18.32491],[-65.91631,18.32373],[-65.91851,18.3243],[-65.92177,18.3228],[-65.92263,18.32539],[-65.9261,18.32672],[-65.92556,18.33055],[-65.9295,18.33331],[-65.93109,18.33826],[-65.93033,18.3401],[-65.93722,18.34049],[-65.94798,18.33953]]]},"properties":{"TRACTCE":"051002","GEOID":"72031051002","NAME":"510.02","NAMELSAD":"Census Tract 510.02","COUNTYFP":"031"}},
{"type":"Feature","geometry":{"type":"Polygon","coordinates":[[[-65.95272,18.31623],[-65.95048,18.31556],[-65.94798,18.31171],[-65.94497,18.31132],[-65.94206,18.3122],[-65.93896,18.3093],[-65.94206,18.30418],[-65.94035,18.30327],[-65.941,18.30191],[-65.94012,18.30026],[-65.9436,18.29907],[-65.94226,18.29693],[-65.94304,18.29452],[-65.94243,18.29347],[-65.93917,18.28901],[-65.93963,18.28776],[-65.93788,18.28517],[-65.93676,18.28503],[-65.93552,18.28277],[-65.92828,18.27667],[-65.92526,18.27534],[-65.92331,18.27473],[-65.92418,18.27262],[-65.91854,18.27013],[-65.9121,18.2719],[-65.9087,18.27122],[-65.90727,18.2721],[-65.90739,18.27376],[-65.90942,18.27595],[-65.9096,18.28545],[-65.91122,18.28565],[-65.91168,18.28722],[-65.91334,18.28718],[-65.91565,18.29242],[-65.91563,18.2942],[-65.91508,18.29526],[-65.91351,18.29573],[-65.9128,18.29521],[-65.91309,18.29412],[-65.91129,18.29403],[-65.91053,18.29521],[-65.90847,18.29535],[-65.90601,18.29793],[-65.90638,18.29855],[-65.90749,18.29792],[-65.90969,18.29943],[-65.90935,18.30217],[-65.91079,18.30692],[-65.9093,18.30859],[-65.90547,18.30888],[-65.92181,18.31425],[-65.95246,18.31706],[-65.95272,18.31623]]]},"properties":{"TRACTCE":"051001","GEOID":"72031051001","NAME":"510.01","NAMELSAD":"Census Tract 510.01","COUNTYFP":"031"}},
{"type":"Feature","geometry":{"type":"Polygon","coordinates":[[[-65.92999,18.366],[-65.92855,18.3581],[-65.92746,18.35604],[-65.92456,18.355],[-65.92458,18.35306],[-65.92329,18.35156],[-65.92351,18.34876],[-65.9248,18.34818],[-65.92196,18.34558],[-65.92106,18.34585],[-65.92126,18.34669],[-65.92007,18.34588],[-65.91935,18.34656],[-65.91649,18.34757],[-65.91563,18.34885],[-65.91606,18.34981],[-65.9175,18.35014],[-65.91579,18.35296],[-65.91783,18.35819],[-65.91625,18.36003],[-65.91864,18.36162],[-65.91763,18.36338],[-65.9171,18.36776],[-65.91706,18.36991],[-65.91931,18.3726],[-65.91771,18.37381],[-65.91667,18.37345],[-65.9163,18.37695],[-65.92682,18.37673],[-65.9264,18.37438],[-65.92294,18.37465],[-65.9224,18.37354],[-65.92483,18.37117],[-65.92462,18.36899],[-65.92559,18.36829],[-65.92494,18.36679],[-65.92708,18.36554],[-65.92999,18.366]]]},"properties":{"TRACTCE":"051103","GEOID":"72031051103","NAME":"511.03","NAMELSAD":"Census Tract 511.03","COUNTYFP":"031"}},
{"type":"Feature","geometry":{"type":"Polygon","coordinates":[[[-66.02468,18.4447],[-66.02507,18.4431],[-66.01605,18.44206],[-66.01587,18.44535],[-66.01685,18.44681],[-66.02125,18.44456],[-66.02468,18.4447]]]},"properties":{"TRACTCE":"050106","GEOID":"72031050106","NAME":"501.06","NAMELSAD":"Census Tract 501.06","COUNTYFP":"031"}},
{"type":"Feature","geometry":{"type":"Polygon","coordinates":[[[-67.14742,18.5057],[-67.15144,18.50253],[-67.15776,18.49496],[-67.1651,18.49281],[-67.16753,18.49091],[-67.17145,18.48368],[-67.17325,18.4768],[-67.17184,18.46516],[-67.17005,18.46097],[-67.16601,18.45556],[-67.16365,18.45811],[-67.15999,18.4589],[-67.15973,18.46012],[-67.15758,18.46134],[-67.15643,18.46322],[-67.15497,18.46353],[-67.15463,18.46261],[-67.15354,18.46263],[-67.1484,18.46357],[-67.15217,18.46942],[-67.15215,18.4739],[-67.15074,18.47754],[-67.15127,18.47831],[-67.14876,18.4825],[-67.14778,18.48558],[-67.14742,18.5057]]]},"properties":{"TRACTCE":"400400","GEOID":"72005400400","NAME":"4004","NAMELSAD":"Census Tract 4004","COUNTYFP":"005"}},
{"type":"Feature","geometry":{"type":"Polygon","coordinates":[[[-67.15676,18.44222],[-67.15516,18.43986],[-67.15551,18.44182],[-67.15399,18.44474],[-67.14513,18.44475],[-67.14387,18.44441],[-67.1483,18.46043],[-67.15283,18.455],[-67.15201,18.45098],[-67.15022,18.44804],[-67.15283,18.44706],[-67.15387,18.44527],[-67.15544,18.4452],[-67.15658,18.44402],[-67.15676,18.44222]]]},"properties":{"TRACTCE":"400600","GEOID":"72005400600","NAME":"4006","NAMELSAD":"Census Tract 4006","COUNTYFP":"005"}},
{"type":"Feature","geometry":{"type":"Polygon","coordinates":[[[-67.16601,18.45556],[-67.16162,18.44291],[-67.15676,18.44222],[-67.15658,18.44402],[-67.15544,18.4452],[-67.15387,18.44527],[-67.15283,18.44706],[-67.15022,18.44804],[-67.15201,18.45098],[-67.15283,18.455],[-67.1483,18.46043],[-67.1484,18.46357],[-67.15354,18.46263],[-67.15463,18.46261],[-67.15497,18.46353],[-67.15643,18.46322],[-67.15758,18.46134],[-67.15973,18.46012],[-67.15999,18.4589],[-67.16365,18.45811],[-67.16601,18.45556]]]},"properties":{"TRACTCE":"400700","GEOID":"72005400700","NAME":"4007","NAMELSAD":"Census Tract 4007","COUNTYFP":"005"}},
{"type":"Feature","geometry":{"type":"Polygon","coordinates":[[[-67.16162,18.44291],[-67.15947,18.43747],[-67.15873,18.4312],[-67.1534,18.43003],[-67.15286,18.42926],[-67.15185,18.42984],[-67.1527,18.43566],[-67.15516,18.43986],[-67.15676,18.44222],[-67.16162,18.44291]]]},"properties":{"TRACTCE":"400800","GEOID":"72005400800","NAME":"4008","NAMELSAD":"Census Tract 4008","COUNTYFP":"005"}},
{"type":"Feature","geometry":{"type":"Polygon","coordinates":[[[-67.14513,18.44475],[-67.15399,18.44474],[-67.15551,18.44182],[-67.15516,18.43986],[-67.1527,18.43566],[-67.15185,18.42984],[-67.15265,18.42359],[-67.15215,18.42329],[-67.14859,18.43067],[-67.14788,18.44281],[-67.14513,18.44475]]]},"properties":{"TRACTCE":"400900","GEOID":"72005400900","NAME":"4009","NAMELSAD":"Census Tract 4009","COUNTYFP":"005"}},
{"type":"Feature","geometry":{"type":"Polygon","coordinates":[[[-66.05217,18.40148],[-66.05323,18.39666],[-66.05243,18.3961],[-66.04989,18.39551],[-66.04941,18.39769],[-66.04338,18.39763],[-66.04309,18.39663],[-66.04197,18.39832],[-66.04123,18.39998],[-66.04193,18.4013],[-66.05217,18.40148]]]},"properties":{"TRACTCE":"008900","GEOID":"72127008900","NAME":"89","NAMELSAD":"Census Tract 89","COUNTYFP":"127"}},
{"type":"Feature","geometry":{"type":"Polygon","coordinates":[[[-66.04193,18.4013],[-66.04123,18.39998],[-66.04197,18.39832],[-66.03361,18.3979],[-66.03353,18.4008],[-66.03737,18.40073],[-66.04015,18.40407],[-66.03978,18.4059],[-66.03994,18.4065],[-66.04107,18.40499],[-66.04193,18.4013]]]},"properties":{"TRACTCE":"009000","GEOID":"72127009000","NAME":"90","NAMELSAD":"Census Tract 90","COUNTYFP":"127"}},
{"type":"Feature","geometry":{"type":"Polygon","coordinates":[[[-66.10086,18.37982],[-66.10319,18.37204],[-66.09935,18.37069],[-66.09742,18.37214],[-66.09501,18.37188],[-66.09108,18.37529],[-66.09461,18.37705],[-66.09835,18.37945],[-66.10086,18.37982]]]},"properties":{"TRACTCE":"040422","GEOID":"72061040422","NAME":"404.22","NAMELSAD":"Census Tract 404.22","COUNTYFP":"061"}},
{"type":"Feature","geometry":{"type":"Polygon","coordinates":[[[-66.09935,18.37069],[-66.10107,18.36851],[-66.10277,18.3678],[-66.09957,18.36647],[-66.09641,18.36786],[-66.09545,18.36662],[-66.09084,18.36797],[-66.09233,18.36941],[-66.09244,18.37226],[-66.09033,18.37473],[-66.09108,18.37529],[-66.09501,18.37188],[-66.09742,18.37214],[-66.09935,18.37069]]]},"properties":{"TRACTCE":"040412","GEOID":"72061040412","NAME":"404.12","NAMELSAD":"Census Tract 404.12","COUNTYFP":"061"}},
{"type":"Feature","geometry":{"type":"Polygon","coordinates":[[[-67.05651,18.46095],[-67.05096,18.44419],[-67.04499,18.44826],[-67.03486,18.45108],[-67.03359,18.45524],[-67.03372,18.45834],[-67.03092,18.45909],[-67.02839,18.46313],[-67.02457,18.46228],[-67.02508,18.46643],[-67.02423,18.47021],[-67.03212,18.46809],[-67.03755,18.46648],[-67.05651,18.46095]]]},"properties":{"TRACTCE":"410701","GEOID":"72071410701","NAME":"4107.01","NAMELSAD":"Census Tract 4107.01","COUNTYFP":"071"}},
{"type":"Feature","geometry":{"type":"Polygon","coordinates":[[[-67.02353,18.50772],[-67.02325,18.50408],[-67.01987,18.50317],[-67.02026,18.50124],[-67.0193,18.50124],[-67.01916,18.49908],[-67.00621,18.49215],[-67.00536,18.49171],[-67.00532,18.49412],[-67.00399,18.49439],[-67.00212,18.49961],[-67.00569,18.50047],[-67.00627,18.50313],[-67.0088,18.50278],[-67.00928,18.50345],[-67.00865,18.50501],[-67.0093,18.50566],[-67.01559,18.5077],[-67.01601,18.50936],[-67.01755,18.51021],[-67.02025,18.51016],[-67.02353,18.50772]]]},"properties":{"TRACTCE":"410200","GEOID":"72071410200","NAME":"4102","NAMELSAD":"Census Tract 4102","COUNTYFP":"071"}},
{"type":"Feature","geometry":{"type":"Polygon","coordinates":[[[-67.05291,18.51707],[-67.05302,18.51231],[-67.05157,18.51127],[-67.05149,18.50931],[-67.04045,18.50879],[-67.03754,18.50782],[-67.03766,18.50037],[-67.02489,18.5006],[-67.02522,18.49975],[-67.02272,18.49903],[-67.02217,18.50046],[-67.01916,18.49908],[-67.0193,18.50124],[-67.02026,18.50124],[-67.01987,18.50317],[-67.02325,18.50408],[-67.02353,18.50772],[-67.02359,18.51184],[-67.02754,18.51146],[-67.03707,18.51598],[-67.0386,18.51503],[-67.05291,18.51707]]]},"properties":{"TRACTCE":"410300","GEOID":"72071410300","NAME":"4103","NAMELSAD":"Census Tract 4103","COUNTYFP":"071"}},
{"type":"Feature","geometry":{"type":"Polygon","coordinates":[[[-67.19261,18.27204],[-67.1926,18.26681],[-67.17388,18.26782],[-67.1649,18.27031],[-67.16223,18.27208],[-67.16261,18.27446],[-67.15979,18.27633],[-67.15947,18.28025],[-67.15649,18.28437],[-67.1552,18.2937],[-67.15337,18.29509],[-67.15247,18.29752],[-67.15349,18.29853],[-67.15318,18.3002],[-67.15588,18.30188],[-67.15689,18.30496],[-67.15661,18.30643],[-67.15107,18.31297],[-67.1535,18.31521],[-67.1549,18.31483],[-67.15755,18.3192],[-67.16056,18.31766],[-67.16151,18.3158],[-67.16528,18.31536],[-67.16742,18.31574],[-67.16788,18.31675],[-67.17033,18.31585],[-67.17261,18.31823],[-67.17893,18.31534],[-67.18016,18.31436],[-67.18241,18.31422],[-67.18285,18.31303],[-67.1817,18.31195],[-67.18235,18.31081],[-67.18318,18.31105],[-67.18117,18.30664],[-67.18127,18.2985],[-67.17922,18.28128],[-67.18224,18.28057],[-67.18328,18.27675],[-67.18722,18.27276],[-67.19261,18.27204]]]},"properties":{"TRACTCE":"810600","GEOID":"72011810600","NAME":"8106","NAMELSAD":"Census Tract 8106","COUNTYFP":"011"}},
{"type":"Feature","geometry":{"type":"Polygon","coordinates":[[[-67.15755,18.3192],[-67.1549,18.31483],[-67.1535,18.31521],[-67.15107,18.31297],[-67.15661,18.30643],[-67.15689,18.30496],[-67.15588,18.30188],[-67.15318,18.3002],[-67.15349,18.29853],[-67.15247,18.29752],[-67.15337,18.29509],[-67.1552,18.2937],[-67.15649,18.28437],[-67.15947,18.28025],[-67.15979,18.27633],[-67.16261,18.27446],[-67.16223,18.27208],[-67.16161,18.27265],[-67.15931,18.27354],[-67.15534,18.27326],[-67.15475,18.27199],[-67.15306,18.27185],[-67.15417,18.27041],[-67.15305,18.26869],[-67.1516,18.2693],[-67.15014,18.26835],[-67.14862,18.26879],[-67.14845,18.26978],[-67.15065,18.27036],[-67.14908,18.27168],[-67.14501,18.27099],[-67.14387,18.26767],[-67.14249,18.26865],[-67.14331,18.27044],[-67.1419,18.27028],[-67.14123,18.26826],[-67.14243,18.267],[-67.14064,18.26674],[-67.13996,18.26458],[-67.13844,18.26552],[-67.13566,18.26496],[-67.13486,18.2638],[-67.1339,18.26513],[-67.13539,18.26576],[-67.13465,18.27209],[-67.13637,18.28048],[-67.14101,18.28088],[-67.14359,18.27942],[-67.14525,18.27762],[-67.145,18.27687],[-67.14656,18.27742],[-67.14462,18.28212],[-67.14644,18.2838],[-67.14771,18.28378],[-67.1476,18.28443],[-67.14442,18.28634],[-67.14487,18.28692],[-67.14146,18.28969],[-67.14041,18.294],[-67.13753,18.29296],[-67.13691,18.29387],[-67.13501,18.29352],[-67.13503,18.29519],[-67.13139,18.30115],[-67.1328,18.30491],[-67.1349,18.30638],[-67.1316,18.30922],[-67.13244,18.31273],[-67.13071,18.31479],[-67.13085,18.31751],[-67.13289,18.3178],[-67.13708,18.31668],[-67.14124,18.32152],[-67.14376,18.32261],[-67.14644,18.32217],[-67.14871,18.32224],[-67.15096,18.3198],[-67.15265,18.32043],[-67.15755,18.3192]]]},"properties":{"TRACTCE":"810500","GEOID":"72011810500","NAME":"8105","NAMELSAD":"Census Tract 8105","COUNTYFP":"011"}},
{"type":"Feature","geometry":{"type":"Polygon","coordinates":[[[-67.12367,18.32189],[-67.12232,18.31853],[-67.12131,18.30977],[-67.11706,18.30732],[-67.11606,18.30458],[-67.11717,18.30291],[-67.11496,18.29985],[-67.11163,18.29917],[-67.1113,18.29679],[-67.10964,18.2949],[-67.10357,18.29087],[-67.10412,18.28916],[-67.1072,18.28879],[-67.1054,18.28394],[-67.10665,18.28318],[-67.10804,18.28393],[-67.11064,18.28223],[-67.11286,18.2757],[-67.11549,18.2739],[-67.11558,18.27022],[-67.11456,18.26981],[-67.11318,18.27073],[-67.10917,18.26533],[-67.10446,18.26455],[-67.10409,18.26266],[-67.10129,18.26093],[-67.10067,18.25889],[-67.0992,18.25887],[-67.09769,18.25748],[-67.09624,18.25803],[-67.09616,18.25628],[-67.09425,18.25519],[-67.09432,18.25421],[-67.09129,18.25082],[-67.09148,18.24971],[-67.08696,18.24914],[-67.082,18.25495],[-67.0784,18.25893],[-67.07621,18.25774],[-67.0743,18.25454],[-67.07224,18.25461],[-67.06483,18.26155],[-67.06183,18.27008],[-67.05679,18.26741],[-67.052,18.26605],[-67.05178,18.26838],[-67.04455,18.27107],[-67.04207,18.27082],[-67.04023,18.27199],[-67.04074,18.27671],[-67.03958,18.27983],[-67.04088,18.28222],[-67.0392,18.28558],[-67.0394,18.28764],[-67.03793,18.28971],[-67.03932,18.2911],[-67.03946,18.29312],[-67.04021,18.29313],[-67.04071,18.3003],[-67.05258,18.30666],[-67.05686,18.30746],[-67.06347,18.31156],[-67.07811,18.31295],[-67.09995,18.31968],[-67.10114,18.31861],[-67.10293,18.31845],[-67.10537,18.31868],[-67.10929,18.32064],[-67.11135,18.32077],[-67.11231,18.32002],[-67.11388,18.32255],[-67.11622,18.32346],[-67.11821,18.32255],[-67.12114,18.324],[-67.12367,18.32189]]]},"properties":{"TRACTCE":"810100","GEOID":"72011810100","NAME":"8101","NAMELSAD":"Census Tract 8101","COUNTYFP":"011"}},
{"type":"Feature","geometry":{"type":"Polygon","coordinates":[[[-67.13486,18.2638],[-67.13622,18.26257],[-67.13492,18.26294],[-67.13528,18.26109],[-67.13664,18.26025],[-67.13777,18.26082],[-67.13907,18.25921],[-67.13806,18.2592],[-67.13839,18.25743],[-67.13771,18.2577],[-67.13797,18.25372],[-67.13695,18.25398],[-67.13563,18.25147],[-67.13413,18.2493],[-67.13624,18.24828],[-67.13578,18.24585],[-67.13374,18.24641],[-67.13144,18.2456],[-67.13127,18.24466],[-67.13018,18.2456],[-67.12771,18.24561],[-67.12462,18.24445],[-67.12305,18.24281],[-67.11897,18.24839],[-67.11468,18.24741],[-67.11226,18.24808],[-67.10924,18.24942],[-67.10646,18.25277],[-67.10242,18.25145],[-67.09951,18.2529],[-67.09669,18.25253],[-67.09426,18.24954],[-67.09223,18.24911],[-67.09148,18.24971],[-67.09129,18.25082],[-67.09432,18.25421],[-67.09425,18.25519],[-67.09616,18.25628],[-67.09624,18.25803],[-67.09769,18.25748],[-67.0992,18.25887],[-67.10067,18.25889],[-67.10129,18.26093],[-67.10409,18.26266],[-67.10446,18.26455],[-67.10917,18.26533],[-67.11318,18.27073],[-67.11456,18.26981],[-67.11558,18.27022],[-67.11549,18.2739],[-67.11286,18.2757],[-67.11064,18.28223],[-67.10804,18.28393],[-67.10665,18.28318],[-67.1054,18.28394],[-67.1072,18.28879],[-67.10412,18.28916],[-67.10357,18.29087],[-67.10964,18.2949],[-67.1113,18.29679],[-67.11163,18.29917],[-67.11496,18.29985],[-67.11717,18.30291],[-67.11606,18.30458],[-67.11706,18.30732],[-67.12131,18.30977],[-67.12232,18.31853],[-67.12367,18.32189],[-67.12669,18.32164],[-67.12661,18.31913],[-67.13017,18.31793],[-67.13085,18.31751],[-67.13071,18.31479],[-67.13244,18.31273],[-67.1316,18.30922],[-67.1349,18.30638],[-67.1328,18.30491],[-67.13139,18.30115],[-67.13503,18.29519],[-67.13501,18.29352],[-67.13691,18.29387],[-67.13753,18.29296],[-67.13384,18.29277],[-67.13392,18.29082],[-67.13314,18.29024],[-67.13662,18.28482],[-67.13591,18.28444],[-67.13558,18.28125],[-67.13637,18.28048],[-67.13465,18.27209],[-67.13539,18.26576],[-67.1339,18.26513],[-67.13486,18.2638]]]},"properties":{"TRACTCE":"810200","GEOID":"72011810200","NAME":"8102","NAMELSAD":"Census Tract 8102","COUNTYFP":"011"}},
{"type":"Feature","geometry":{"type":"Polygon","coordinates":[[[-67.22692,18.29431],[-67.22753,18.29338],[-67.22414,18.29187],[-67.21868,18.28771],[-67.21264,18.28779],[-67.2102,18.28675],[-67.20314,18.28733],[-67.20011,18.28655],[-67.19641,18.28192],[-67.19261,18.27204],[-67.18722,18.27276],[-67.18328,18.27675],[-67.18224,18.28057],[-67.17922,18.28128],[-67.18127,18.2985],[-67.18117,18.30664],[-67.18318,18.31105],[-67.18701,18.31075],[-67.18807,18.31179],[-67.18963,18.3118],[-67.19044,18.3093],[-67.19591,18.30754],[-67.19941,18.31033],[-67.20147,18.31035],[-67.20347,18.3083],[-67.20816,18.30616],[-67.21396,18.30634],[-67.21523,18.3049],[-67.21897,18.30515],[-67.22029,18.30585],[-67.22196,18.30426],[-67.22692,18.29431]]]},"properties":{"TRACTCE":"810700","GEOID":"72011810700","NAME":"8107","NAMELSAD":"Census Tract 8107","COUNTYFP":"011"}},
{"type":"Feature","geometry":{"type":"Polygon","coordinates":[[[-67.22753,18.29338],[-67.24356,18.26892],[-67.19822,18.26704],[-67.1926,18.26681],[-67.19261,18.27204],[-67.19641,18.28192],[-67.20011,18.28655],[-67.20314,18.28733],[-67.2102,18.28675],[-67.21264,18.28779],[-67.21868,18.28771],[-67.22414,18.29187],[-67.22753,18.29338]]]},"properties":{"TRACTCE":"990000","GEOID":"72011990000","NAME":"9900","NAMELSAD":"Census Tract 9900","COUNTYFP":"011"}},
{"type":"Feature","geometry":{"type":"Polygon","coordinates":[[[-66.35009,18.54101],[-66.34974,18.48935],[-66.34969,18.48804],[-66.3425,18.48598],[-66.33891,18.49],[-66.33639,18.49013],[-66.31886,18.48084],[-66.31456,18.47891],[-66.30831,18.52979],[-66.31325,18.5307],[-66.33881,18.54038],[-66.35009,18.54101]]]},"properties":{"TRACTCE":"990000","GEOID":"72143990000","NAME":"9900","NAMELSAD":"Census Tract 9900","COUNTYFP":"143"}},
{"type":"Feature","geometry":{"type":"Polygon","coordinates":[[[-66.2019,18.3378],[-66.20361,18.33667],[-66.20153,18.32898],[-66.20245,18.32503],[-66.20094,18.32562],[-66.19787,18.32453],[-66.19764,18.32513],[-66.19857,18.32524],[-66.19647,18.32613],[-66.19636,18.32699],[-66.19569,18.32628],[-66.19378,18.32676],[-66.1917,18.32972],[-66.19142,18.32921],[-66.1894,18.32986],[-66.18919,18.33241],[-66.19031,18.3332],[-66.19286,18.34006],[-66.19575,18.34299],[-66.19955,18.33989],[-66.2019,18.3378]]]},"properties":{"TRACTCE":"032301","GEOID":"72021032301","NAME":"323.01","NAMELSAD":"Census Tract 323.01","COUNTYFP":"021"}},
{"type":"Feature","geometry":{"type":"Polygon","coordinates":[[[-66.99353,18.34327],[-66.99603,18.33963],[-66.99442,18.33847],[-66.99585,18.33707],[-66.99465,18.33537],[-66.99299,18.33396],[-66.9874,18.33275],[-66.97975,18.33434],[-66.98046,18.33927],[-66.98879,18.34129],[-66.99353,18.34327]]]},"properties":{"TRACTCE":"009200","GEOID":"72131009200","NAME":"92","NAMELSAD":"Census Tract 92","COUNTYFP":"131"}},
{"type":"Feature","geometry":{"type":"Polygon","coordinates":[[[-66.46321,18.37147],[-66.46514,18.35224],[-66.46405,18.3494],[-66.45429,18.33265],[-66.45426,18.3281],[-66.45235,18.32784],[-66.45024,18.32537],[-66.44513,18.32575],[-66.44171,18.32466],[-66.43546,18.33044],[-66.43042,18.32987],[-66.43036,18.33181],[-66.4292,18.33225],[-66.42701,18.33633],[-66.43201,18.33556],[-66.43493,18.33892],[-66.43545,18.34084],[-66.43369,18.34406],[-66.43462,18.34735],[-66.4342,18.34867],[-66.43546,18.34887],[-66.43551,18.35026],[-66.43756,18.35222],[-66.43772,18.35463],[-66.43514,18.36004],[-66.43148,18.36288],[-66.42826,18.36782],[-66.42842,18.37066],[-66.43631,18.37094],[-66.44047,18.37222],[-66.4438,18.37103],[-66.45158,18.37221],[-66.46321,18.37147]]]},"properties":{"TRACTCE":"955301","GEOID":"72101955301","NAME":"9553.01","NAMELSAD":"Census Tract 9553.01","COUNTYFP":"101"}},
{"type":"Feature","geometry":{"type":"Polygon","coordinates":[[[-66.42842,18.37066],[-66.42826,18.36782],[-66.43148,18.36288],[-66.43514,18.36004],[-66.43772,18.35463],[-66.43756,18.35222],[-66.43551,18.35026],[-66.43546,18.34887],[-66.4342,18.34867],[-66.43462,18.34735],[-66.43369,18.34406],[-66.43545,18.34084],[-66.43493,18.33892],[-66.43201,18.33556],[-66.42701,18.33633],[-66.42579,18.3381],[-66.42064,18.34079],[-66.41961,18.3435],[-66.41272,18.34841],[-66.41335,18.35128],[-66.40914,18.35637],[-66.4139,18.36176],[-66.42042,18.36432],[-66.42437,18.36759],[-66.42567,18.36983],[-66.42823,18.37068],[-66.42842,18.37066]]]},"properties":{"TRACTCE":"955302","GEOID":"72101955302","NAME":"9553.02","NAMELSAD":"Census Tract 9553.02","COUNTYFP":"101"}},
{"type":"Feature","geometry":{"type":"Polygon","coordinates":[[[-66.591,18.41015],[-66.59328,18.39899],[-66.59098,18.3967],[-66.5899,18.39314],[-66.59124,18.39176],[-66.5901,18.38985],[-66.58837,18.38957],[-66.58306,18.3899],[-66.58283,18.39536],[-66.57884,18.39496],[-66.57825,18.39846],[-66.57571,18.40066],[-66.57497,18.4064],[-66.57052,18.40976],[-66.5704,18.41122],[-66.56711,18.41255],[-66.56371,18.41331],[-66.55887,18.41192],[-66.5531,18.41164],[-66.55084,18.40639],[-66.5472,18.40493],[-66.54308,18.40542],[-66.54314,18.41355],[-66.54213,18.41634],[-66.54357,18.41877],[-66.53472,18.42197],[-66.53313,18.424],[-66.52953,18.4247],[-66.52658,18.42656],[-66.52702,18.42787],[-66.52634,18.42908],[-66.52922,18.42963],[-66.53377,18.43341],[-66.54206,18.43572],[-66.55496,18.43249],[-66.56549,18.43086],[-66.58394,18.43186],[-66.58648,18.41341],[-66.58761,18.41027],[-66.591,18.41015]]]},"properties":{"TRACTCE":"590400","GEOID":"72017590400","NAME":"5904","NAMELSAD":"Census Tract 5904","COUNTYFP":"017"}},
{"type":"Feature","geometry":{"type":"Polygon","coordinates":[[[-66.57844,18.54143],[-66.58596,18.48966],[-66.57672,18.49341],[-66.54886,18.49358],[-66.53328,18.48561],[-66.53252,18.53548],[-66.5566,18.54025],[-66.57844,18.54143]]]},"properties":{"TRACTCE":"990000","GEOID":"72017990000","NAME":"9900","NAMELSAD":"Census Tract 9900","COUNTYFP":"017"}},
{"type":"Feature","geometry":{"type":"Polygon","coordinates":[[[-66.58621,18.48822],[-66.58885,18.47318],[-66.58439,18.46676],[-66.58177,18.46629],[-66.57987,18.46796],[-66.58081,18.45947],[-66.57819,18.45929],[-66.56653,18.45362],[-66.56668,18.44728],[-66.56078,18.44733],[-66.55893,18.44806],[-66.55892,18.44703],[-66.56009,18.44641],[-66.55945,18.44448],[-66.5577,18.4456],[-66.54811,18.44655],[-66.54721,18.45036],[-66.54191,18.45193],[-66.54237,18.4541],[-66.54042,18.46272],[-66.53424,18.46213],[-66.53369,18.46131],[-66.53176,18.46536],[-66.53067,18.4651],[-66.5306,18.47237],[-66.53443,18.47854],[-66.5329,18.48092],[-66.53357,18.4817],[-66.53328,18.48561],[-66.54886,18.49358],[-66.57672,18.49341],[-66.58596,18.48966],[-66.58621,18.48822]]]},"properties":{"TRACTCE":"590100","GEOID":"72017590100","NAME":"5901","NAMELSAD":"Census Tract 5901","COUNTYFP":"017"}},
{"type":"Feature","geometry":{"type":"Polygon","coordinates":[[[-66.58081,18.45947],[-66.58274,18.44166],[-66.58778,18.44119],[-66.58777,18.4376],[-66.58414,18.43868],[-66.58324,18.4378],[-66.58394,18.43186],[-66.56549,18.43086],[-66.55496,18.43249],[-66.54206,18.43572],[-66.53377,18.43341],[-66.52922,18.42963],[-66.52634,18.42908],[-66.52671,18.43074],[-66.52323,18.431],[-66.52274,18.42961],[-66.52112,18.43139],[-66.52237,18.43324],[-66.52401,18.4314],[-66.52564,18.43282],[-66.5273,18.43254],[-66.52812,18.43477],[-66.52727,18.43692],[-66.52813,18.44109],[-66.53003,18.44155],[-66.53018,18.44034],[-66.53179,18.43961],[-66.53003,18.43668],[-66.53085,18.43439],[-66.53532,18.43426],[-66.5375,18.43572],[-66.53688,18.43855],[-66.53533,18.44135],[-66.53247,18.44276],[-66.53494,18.44325],[-66.53647,18.44451],[-66.54011,18.4437],[-66.54593,18.44315],[-66.54771,18.44456],[-66.54624,18.44569],[-66.54638,18.44686],[-66.54811,18.44655],[-66.5577,18.4456],[-66.55945,18.44448],[-66.56009,18.44641],[-66.55892,18.44703],[-66.55893,18.44806],[-66.56078,18.44733],[-66.56668,18.44728],[-66.56653,18.45362],[-66.57819,18.45929],[-66.58081,18.45947]]]},"properties":{"TRACTCE":"590300","GEOID":"72017590300","NAME":"5903","NAMELSAD":"Census Tract 5903","COUNTYFP":"017"}},
{"type":"Feature","geometry":{"type":"Polygon","coordinates":[[[-66.53067,18.4651],[-66.53176,18.46536],[-66.53369,18.46131],[-66.53424,18.46213],[-66.54042,18.46272],[-66.54237,18.4541],[-66.54191,18.45193],[-66.54721,18.45036],[-66.54811,18.44655],[-66.54638,18.44686],[-66.54624,18.44569],[-66.54771,18.44456],[-66.54593,18.44315],[-66.54011,18.4437],[-66.5377,18.44725],[-66.53083,18.44981],[-66.52629,18.45396],[-66.52747,18.45611],[-66.53033,18.45686],[-66.53337,18.45624],[-66.53669,18.45324],[-66.53767,18.45335],[-66.53737,18.45675],[-66.53233,18.46097],[-66.53067,18.4651]]]},"properties":{"TRACTCE":"590200","GEOID":"72017590200","NAME":"5902","NAMELSAD":"Census Tract 5902","COUNTYFP":"017"}},
{"type":"Feature","geometry":{"type":"Polygon","coordinates":[[[-67.24017,18.37887],[-67.26326,18.37181],[-67.26939,18.36865],[-67.2718,18.36608],[-67.27306,18.3621],[-67.27197,18.35661],[-67.26595,18.34592],[-67.26146,18.34064],[-67.2564,18.34518],[-67.25522,18.34469],[-67.25331,18.34559],[-67.24976,18.34451],[-67.25029,18.34633],[-67.24645,18.34848],[-67.24292,18.35244],[-67.23967,18.34595],[-67.23795,18.34781],[-67.23641,18.34737],[-67.22736,18.35299],[-67.22589,18.35228],[-67.22543,18.35029],[-67.22513,18.35198],[-67.22379,18.35219],[-67.22444,18.35553],[-67.22519,18.35624],[-67.2246,18.35716],[-67.22601,18.3575],[-67.22685,18.3593],[-67.2267,18.36067],[-67.22751,18.36045],[-67.22823,18.36173],[-67.22674,18.36292],[-67.22806,18.36327],[-67.2281,18.36442],[-67.22891,18.3637],[-67.23049,18.36409],[-67.23158,18.36616],[-67.23562,18.36868],[-67.23508,18.37124],[-67.23684,18.37072],[-67.23741,18.37222],[-67.23876,18.37241],[-67.24017,18.37887]]]},"properties":{"TRACTCE":"959401","GEOID":"72117959401","NAME":"9594.01","NAMELSAD":"Census Tract 9594.01","COUNTYFP":"117"}},
{"type":"Feature","geometry":{"type":"Polygon","coordinates":[[[-67.25495,18.32953],[-67.25157,18.32298],[-67.24281,18.31049],[-67.23756,18.29991],[-67.23422,18.29698],[-67.22692,18.29431],[-67.22196,18.30426],[-67.22029,18.30585],[-67.21897,18.30515],[-67.21928,18.30713],[-67.22391,18.31367],[-67.22245,18.31527],[-67.22495,18.31686],[-67.22537,18.31857],[-67.22316,18.32199],[-67.22126,18.32243],[-67.21877,18.32765],[-67.21982,18.33143],[-67.22477,18.33397],[-67.22719,18.33749],[-67.23306,18.33685],[-67.23407,18.33394],[-67.23607,18.33387],[-67.238,18.33163],[-67.2407,18.33086],[-67.24574,18.32669],[-67.24848,18.32927],[-67.25017,18.3323],[-67.25495,18.32953]]]},"properties":{"TRACTCE":"959602","GEOID":"72117959602","NAME":"9596.02","NAMELSAD":"Census Tract 9596.02","COUNTYFP":"117"}},
{"type":"Feature","geometry":{"type":"Polygon","coordinates":[[[-67.23641,18.34737],[-67.23557,18.34505],[-67.23621,18.34377],[-67.23125,18.34102],[-67.23063,18.3389],[-67.22719,18.33749],[-67.22477,18.33397],[-67.21982,18.33143],[-67.21877,18.32765],[-67.21306,18.32395],[-67.21053,18.32455],[-67.20738,18.32336],[-67.20636,18.32438],[-67.20528,18.32277],[-67.19947,18.32203],[-67.19333,18.31981],[-67.19394,18.32087],[-67.19305,18.32295],[-67.1939,18.32427],[-67.19668,18.32588],[-67.19575,18.3306],[-67.20325,18.33295],[-67.20283,18.33382],[-67.20579,18.33581],[-67.20859,18.33542],[-67.21079,18.33654],[-67.21197,18.33964],[-67.21396,18.3413],[-67.21701,18.34271],[-67.22,18.34275],[-67.21991,18.34613],[-67.22289,18.34539],[-67.22562,18.34934],[-67.2274,18.34859],[-67.22667,18.34926],[-67.22685,18.35105],[-67.22543,18.35029],[-67.22589,18.35228],[-67.22736,18.35299],[-67.23641,18.34737]]]},"properties":{"TRACTCE":"959402","GEOID":"72117959402","NAME":"9594.02","NAMELSAD":"Census Tract 9594.02","COUNTYFP":"117"}},
{"type":"Feature","geometry":{"type":"Polygon","coordinates":[[[-67.21877,18.32765],[-67.22126,18.32243],[-67.22316,18.32199],[-67.22537,18.31857],[-67.22495,18.31686],[-67.22245,18.31527],[-67.22391,18.31367],[-67.21928,18.30713],[-67.21897,18.30515],[-67.21523,18.3049],[-67.21396,18.30634],[-67.20816,18.30616],[-67.20347,18.3083],[-67.20147,18.31035],[-67.19941,18.31033],[-67.19591,18.30754],[-67.19044,18.3093],[-67.18963,18.3118],[-67.18807,18.31179],[-67.18701,18.31075],[-67.18318,18.31105],[-67.18235,18.31081],[-67.1817,18.31195],[-67.18285,18.31303],[-67.18528,18.31291],[-67.18648,18.3156],[-67.18797,18.31644],[-67.18969,18.32324],[-67.1939,18.32427],[-67.19305,18.32295],[-67.19394,18.32087],[-67.19333,18.31981],[-67.19947,18.32203],[-67.20528,18.32277],[-67.20636,18.32438],[-67.20738,18.32336],[-67.21053,18.32455],[-67.21306,18.32395],[-67.21877,18.32765]]]},"properties":{"TRACTCE":"959601","GEOID":"72117959601","NAME":"9596.01","NAMELSAD":"Census Tract 9596.01","COUNTYFP":"117"}},
{"type":"Feature","geometry":{"type":"Polygon","coordinates":[[[-66.95439,18.07472],[-66.95577,18.07537],[-66.95462,18.07512],[-66.94675,18.09138],[-66.94826,18.0907],[-66.95045,18.09264],[-66.95019,18.09191],[-66.95167,18.09205],[-66.9532,18.09365],[-66.95482,18.09335],[-66.95553,18.09446],[-66.95666,18.09112],[-66.95729,18.09161],[-66.95676,18.09282],[-66.95824,18.0939],[-66.96105,18.0928],[-66.95747,18.0873],[-66.95798,18.08133],[-66.95836,18.07666],[-66.95905,18.07719],[-66.95932,18.07627],[-66.9605,18.07651],[-66.95784,18.06791],[-66.95569,18.06833],[-66.95486,18.06956],[-66.95439,18.07472]]]},"properties":{"TRACTCE":"960600","GEOID":"72121960600","NAME":"9606","NAMELSAD":"Census Tract 9606","COUNTYFP":"121"}},
{"type":"Feature","geometry":{"type":"Polygon","coordinates":[[[-66.96116,18.08172],[-66.96171,18.07989],[-66.96552,18.0758],[-66.96082,18.07138],[-66.9584,18.06771],[-66.95784,18.06791],[-66.9605,18.07651],[-66.95932,18.07627],[-66.95905,18.07719],[-66.95836,18.07666],[-66.95798,18.08133],[-66.96116,18.08172]]]},"properties":{"TRACTCE":"960500","GEOID":"72121960500","NAME":"9605","NAMELSAD":"Census Tract 9605","COUNTYFP":"121"}},
{"type":"Feature","geometry":{"type":"Polygon","coordinates":[[[-66.21422,18.36189],[-66.21773,18.36082],[-66.21926,18.36134],[-66.21984,18.35985],[-66.21786,18.35634],[-66.21884,18.3521],[-66.21669,18.35079],[-66.21394,18.35094],[-66.20914,18.34906],[-66.2019,18.3378],[-66.19955,18.33989],[-66.20052,18.34693],[-66.19847,18.35139],[-66.19892,18.35363],[-66.20009,18.35277],[-66.20521,18.35257],[-66.20708,18.35543],[-66.20909,18.35646],[-66.20954,18.35935],[-66.21422,18.36189]]]},"properties":{"TRACTCE":"510503","GEOID":"72135510503","NAME":"5105.03","NAMELSAD":"Census Tract 5105.03","COUNTYFP":"135"}},
{"type":"Feature","geometry":{"type":"Polygon","coordinates":[[[-65.42443,18.39088],[-65.42271,18.29073],[-65.41657,18.287],[-65.41319,18.2829],[-65.40391,18.27643],[-65.38371,18.26858],[-65.37805,18.26727],[-65.3604,18.25344],[-65.34122,18.24513],[-65.33376,18.24398],[-65.32594,18.2446],[-65.32096,18.23878],[-65.31558,18.23449],[-65.30665,18.23008],[-65.29722,18.2274],[-65.28668,18.22599],[-65.27339,18.2282],[-65.26299,18.23102],[-65.25649,18.23479],[-65.25293,18.23802],[-65.24303,18.23551],[-65.22757,18.23577],[-65.21149,18.24128],[-65.20543,18.2447],[-65.20172,18.24801],[-65.20064,18.24801],[-65.19113,18.25888],[-65.18486,18.27204],[-65.1754,18.28668],[-65.17167,18.29421],[-65.16882,18.30352],[-65.1685,18.31335],[-65.17163,18.33344],[-65.17852,18.34784],[-65.18176,18.35773],[-65.18562,18.36439],[-65.19058,18.37037],[-65.19514,18.37768],[-65.19985,18.38257],[-65.20848,18.38937],[-65.22094,18.39527],[-65.23583,18.39773],[-65.2442,18.3975],[-65.26077,18.39234],[-65.2756,18.39056],[-65.28638,18.38734],[-65.30292,18.3875],[-65.31123,18.39549],[-65.32262,18.4033],[-65.33452,18.40797],[-65.33961,18.40896],[-65.35638,18.41749],[-65.36257,18.41947],[-65.37666,18.42148],[-65.38459,18.42103],[-65.3929,18.41895],[-65.40824,18.41126],[-65.41415,18.40647],[-65.41861,18.40121],[-65.42443,18.39088]],[[-65.39736,18.33314],[-65.3971,18.33626],[-65.3954,18.33838],[-65.39146,18.34025],[-65.38923,18.33913],[-65.38805,18.33676],[-65.38752,18.33402],[-65.38844,18.32941],[-65.38581,18.32816],[-65.38004,18.32978],[-65.37794,18.32866],[-65.37571,18.32916],[-65.37137,18.32666],[-65.37151,18.32343],[-65.36927,18.32006],[-65.36074,18.32068],[-65.35234,18.32392],[-65.35037,18.32181],[-65.34946,18.3157],[-65.34539,18.31508],[-65.34184,18.31321],[-65.33751,18.31458],[-65.33462,18.31695],[-65.3337,18.31832],[-65.33554,18.32156],[-65.33488,18.32417],[-65.33659,18.32928],[-65.33961,18.33302],[-65.34053,18.33564],[-65.34683,18.34349],[-65.34932,18.34498],[-65.35195,18.34934],[-65.36914,18.35694],[-65.37347,18.35595],[-65.37334,18.36467],[-65.3698,18.36629],[-65.36245,18.36305],[-65.34438,18.3628],[-65.3432,18.3557],[-65.33992,18.35395],[-65.33519,18.35283],[-65.33335,18.34822],[-65.3306,18.34436],[-65.32731,18.34199],[-65.3222,18.33987],[-65.32075,18.33788],[-65.31813,18.3375],[-65.3155,18.33788],[-65.31248,18.34174],[-65.3092,18.34199],[-65.30303,18.3375],[-65.30132,18.33489],[-65.29843,18.33514],[-65.29305,18.34025],[-65.28714,18.34124],[-65.28452,18.33464],[-65.28242,18.33476],[-65.27519,18.33701],[-65.27257,18.33888],[-65.26824,18.34473],[-65.25708,18.34648],[-65.24881,18.34411],[-65.24775,18.34037],[-65.24198,18.34299],[-65.24237,18.34635],[-65.24093,18.34934],[-65.23712,18.35071],[-65.23436,18.35021],[-65.23239,18.34897],[-65.23318,18.34286],[-65.22767,18.34174],[-65.22478,18.34012],[-65.22399,18.33539],[-65.23239,18.33414],[-65.24014,18.33065],[-65.24119,18.32835],[-65.23843,18.32797],[-65.23686,18.3266],[-65.23646,18.32473],[-65.23148,18.32461],[-65.22925,18.32648],[-65.22623,18.3266],[-65.21901,18.32498],[-65.21769,18.32324],[-65.21717,18.31962],[-65.22097,18.31601],[-65.21835,18.31514],[-65.21743,18.31314],[-65.22111,18.30679],[-65.23161,18.30754],[-65.2345,18.30941],[-65.2362,18.31252],[-65.23817,18.31402],[-65.2404,18.31364],[-65.24001,18.30679],[-65.24079,18.30224],[-65.24262,18.30025],[-65.2463,18.29963],[-65.24564,18.29614],[-65.24695,18.29439],[-65.25168,18.29439],[-65.25155,18.2919],[-65.25365,18.29003],[-65.25654,18.28991],[-65.25654,18.28816],[-65.25903,18.28604],[-65.26283,18.28542],[-65.26717,18.28729],[-65.269,18.29115],[-65.26887,18.2929],[-65.27557,18.29227],[-65.27596,18.28791],[-65.27819,18.28536],[-65.27727,18.28324],[-65.27871,18.28075],[-65.27832,18.2785],[-65.28121,18.27751],[-65.28186,18.27539],[-65.2858,18.27352],[-65.29105,18.27738],[-65.29092,18.27975],[-65.29288,18.2795],[-65.29315,18.28336],[-65.29722,18.28648],[-65.29761,18.28897],[-65.29971,18.29059],[-65.3026,18.29059],[-65.30601,18.29196],[-65.30811,18.29695],[-65.31244,18.29645],[-65.31664,18.29757],[-65.32268,18.29632],[-65.32294,18.2942],[-65.32569,18.29296],[-65.32884,18.29259],[-65.33357,18.29371],[-65.33607,18.29894],[-65.34302,18.29919],[-65.3425,18.30542],[-65.34394,18.30754],[-65.35089,18.30766],[-65.35733,18.31165],[-65.35995,18.31601],[-65.36192,18.31514],[-65.36861,18.31564],[-65.37308,18.31751],[-65.37675,18.31775],[-65.38239,18.32162],[-65.38554,18.32274],[-65.38869,18.32124],[-65.39565,18.32735],[-65.39565,18.33009],[-65.39736,18.33314]]]},"properties":{"TRACTCE":"990501","GEOID":"72049990501","NAME":"9905.01","NAMELSAD":"Census Tract 9905.01","COUNTYFP":"049"}},
{"type":"Feature","geometry":{"type":"Polygon","coordinates":[[[-66.76728,18.46165],[-66.76832,18.44396],[-66.77062,18.43675],[-66.77005,18.43391],[-66.76898,18.43244],[-66.76788,18.42737],[-66.76811,18.42065],[-66.76648,18.42402],[-66.75973,18.43685],[-66.75571,18.44344],[-66.74649,18.45268],[-66.73643,18.46374],[-66.73485,18.46527],[-66.74435,18.46588],[-66.74803,18.46408],[-66.75183,18.4642],[-66.75885,18.46226],[-66.76364,18.4628],[-66.76728,18.46165]]]},"properties":{"TRACTCE":"301100","GEOID":"72013301100","NAME":"3011","NAMELSAD":"Census Tract 3011","COUNTYFP":"013"}},
{"type":"Feature","geometry":{"type":"Polygon","coordinates":[[[-66.73643,18.46374],[-66.74649,18.45268],[-66.74088,18.45186],[-66.7252,18.45289],[-66.72627,18.45551],[-66.72626,18.45893],[-66.72509,18.46304],[-66.72633,18.46332],[-66.72608,18.46261],[-66.72899,18.46212],[-66.72911,18.46299],[-66.73633,18.46236],[-66.73643,18.46374]]]},"properties":{"TRACTCE":"301200","GEOID":"72013301200","NAME":"3012","NAMELSAD":"Census Tract 3012","COUNTYFP":"013"}},
{"type":"Feature","geometry":{"type":"Polygon","coordinates":[[[-66.73643,18.46374],[-66.73633,18.46236],[-66.72911,18.46299],[-66.72899,18.46212],[-66.72608,18.46261],[-66.72633,18.46332],[-66.72509,18.46304],[-66.72383,18.46353],[-66.7199,18.46842],[-66.72287,18.47167],[-66.72701,18.47198],[-66.73212,18.46744],[-66.73485,18.46527],[-66.73643,18.46374]]]},"properties":{"TRACTCE":"301300","GEOID":"72013301300","NAME":"3013","NAMELSAD":"Census Tract 3013","COUNTYFP":"013"}},
{"type":"Feature","geometry":{"type":"Polygon","coordinates":[[[-66.72509,18.46304],[-66.72626,18.45893],[-66.72627,18.45551],[-66.7252,18.45289],[-66.71824,18.4518],[-66.72144,18.46012],[-66.72008,18.46417],[-66.71782,18.46672],[-66.7199,18.46842],[-66.72383,18.46353],[-66.72509,18.46304]]]},"properties":{"TRACTCE":"301400","GEOID":"72013301400","NAME":"3014","NAMELSAD":"Census Tract 3014","COUNTYFP":"013"}},
{"type":"Feature","geometry":{"type":"Polygon","coordinates":[[[-66.75973,18.43685],[-66.74962,18.43628],[-66.74528,18.43681],[-66.74053,18.44108],[-66.72926,18.44087],[-66.7253,18.43875],[-66.72325,18.44067],[-66.71478,18.44112],[-66.71824,18.4518],[-66.7252,18.45289],[-66.74088,18.45186],[-66.74649,18.45268],[-66.75571,18.44344],[-66.75973,18.43685]]]},"properties":{"TRACTCE":"301500","GEOID":"72013301500","NAME":"3015","NAMELSAD":"Census Tract 3015","COUNTYFP":"013"}},
{"type":"Feature","geometry":{"type":"Polygon","coordinates":[[[-66.0343,18.45824],[-66.03434,18.45247],[-66.03631,18.45047],[-66.02986,18.44625],[-66.02468,18.4447],[-66.02125,18.44456],[-66.01685,18.44681],[-66.0177,18.44874],[-66.01621,18.44928],[-66.01445,18.44599],[-66.01004,18.44452],[-66.00204,18.44715],[-65.99657,18.45151],[-65.99416,18.45777],[-65.9928,18.45869],[-65.99283,18.46562],[-65.9934,18.5166],[-66.00837,18.51485],[-66.01815,18.51169],[-66.02585,18.51205],[-66.03397,18.51427],[-66.0343,18.45824]]]},"properties":{"TRACTCE":"990000","GEOID":"72031990000","NAME":"9900","NAMELSAD":"Census Tract 9900","COUNTYFP":"031"}},
{"type":"Feature","geometry":{"type":"Polygon","coordinates":[[[-66.87736,18.03493],[-66.87944,18.03499],[-66.8836,18.03678],[-66.88789,18.03588],[-66.88748,18.03408],[-66.88702,18.03021],[-66.88483,18.0251],[-66.88554,18.0199],[-66.88392,18.01952],[-66.88219,18.02036],[-66.88166,18.01774],[-66.88235,18.01676],[-66.88025,18.01591],[-66.87794,18.01627],[-66.87594,18.01481],[-66.86634,18.01929],[-66.86686,18.02212],[-66.86401,18.02421],[-66.86633,18.02306],[-66.86537,18.02501],[-66.86698,18.02386],[-66.86733,18.02431],[-66.86578,18.02554],[-66.86674,18.02672],[-66.86738,18.02636],[-66.86687,18.02752],[-66.86828,18.02829],[-66.86605,18.02824],[-66.86818,18.02946],[-66.86861,18.02586],[-66.87239,18.02629],[-66.87544,18.02976],[-66.87736,18.03493]]]},"properties":{"TRACTCE":"750503","GEOID":"72153750503","NAME":"7505.03","NAMELSAD":"Census Tract 7505.03","COUNTYFP":"153"}},
{"type":"Feature","geometry":{"type":"Polygon","coordinates":[[[-66.87594,18.01481],[-66.87509,18.01416],[-66.87526,18.01131],[-66.8689,18.0071],[-66.86604,18.0032],[-66.86299,17.99662],[-66.86289,17.99179],[-66.86379,17.98823],[-66.86322,17.96529],[-66.85823,17.95082],[-66.83656,17.96588],[-66.83541,17.98632],[-66.83818,17.98818],[-66.8397,17.99042],[-66.83827,17.99325],[-66.83399,17.99803],[-66.83387,18.00129],[-66.83486,18.00299],[-66.83849,18.00617],[-66.84313,18.00563],[-66.84425,18.00452],[-66.84539,18.00686],[-66.84482,18.0119],[-66.84879,18.01251],[-66.85165,18.01111],[-66.85419,18.0119],[-66.85864,18.01101],[-66.86568,18.01332],[-66.86634,18.01929],[-66.87594,18.01481]]]},"properties":{"TRACTCE":"750602","GEOID":"72153750602","NAME":"7506.02","NAMELSAD":"Census Tract 7506.02","COUNTYFP":"153"}},
{"type":"Feature","geometry":{"type":"Polygon","coordinates":[[[-66.08061,18.44151],[-66.07694,18.44243],[-66.07625,18.44217],[-66.07618,18.44016],[-66.07163,18.43688],[-66.06561,18.43475],[-66.06375,18.43532],[-66.06136,18.43283],[-66.05906,18.43331],[-66.05928,18.43619],[-66.05945,18.43781],[-66.05521,18.43764],[-66.05399,18.44249],[-66.0553,18.44327],[-66.05595,18.44152],[-66.06111,18.43749],[-66.06289,18.43949],[-66.06485,18.44012],[-66.07161,18.44041],[-66.07379,18.44151],[-66.07325,18.44323],[-66.07415,18.44463],[-66.07718,18.4464],[-66.08061,18.44151]]]},"properties":{"TRACTCE":"003902","GEOID":"72127003902","NAME":"39.02","NAMELSAD":"Census Tract 39.02","COUNTYFP":"127"}},
{"type":"Feature","geometry":{"type":"Polygon","coordinates":[[[-66.01476,18.43215],[-66.01396,18.42913],[-66.01355,18.42719],[-66.00226,18.4273],[-66.00223,18.42879],[-65.99972,18.42932],[-65.99961,18.43134],[-65.998,18.43114],[-65.99873,18.43149],[-66.01476,18.43215]]]},"properties":{"TRACTCE":"050110","GEOID":"72031050110","NAME":"501.10","NAMELSAD":"Census Tract 501.10","COUNTYFP":"031"}},
{"type":"Feature","geometry":{"type":"Polygon","coordinates":[[[-66.03056,18.40893],[-66.03104,18.40454],[-66.02768,18.40463],[-66.01918,18.4049],[-66.01959,18.406],[-66.02051,18.4084],[-66.0225,18.40833],[-66.02304,18.41299],[-66.01809,18.41288],[-66.01999,18.41988],[-66.02381,18.42308],[-66.02577,18.42129],[-66.02779,18.41392],[-66.03056,18.40893]]]},"properties":{"TRACTCE":"005000","GEOID":"72127005000","NAME":"50","NAMELSAD":"Census Tract 50","COUNTYFP":"127"}},
{"type":"Feature","geometry":{"type":"Polygon","coordinates":[[[-66.01809,18.41288],[-66.02304,18.41299],[-66.0225,18.40833],[-66.02051,18.4084],[-66.01959,18.406],[-66.01483,18.40648],[-66.01498,18.4092],[-66.01341,18.41078],[-66.01355,18.41265],[-66.01809,18.41288]]]},"properties":{"TRACTCE":"005101","GEOID":"72127005101","NAME":"51.01","NAMELSAD":"Census Tract 51.01","COUNTYFP":"127"}},
{"type":"Feature","geometry":{"type":"Polygon","coordinates":[[[-66.51114,18.04996],[-66.51445,18.05094],[-66.52148,18.04669],[-66.52261,18.04487],[-66.52201,18.04262],[-66.51533,18.03915],[-66.50937,18.03342],[-66.50747,18.0304],[-66.50786,18.02722],[-66.48883,18.0262],[-66.48821,18.0269],[-66.48068,18.02661],[-66.4803,18.02489],[-66.47926,18.02623],[-66.47877,18.02445],[-66.47691,18.02291],[-66.47525,18.02356],[-66.47466,18.022],[-66.47171,18.0333],[-66.47947,18.03133],[-66.48355,18.03169],[-66.4867,18.03368],[-66.49117,18.03953],[-66.49724,18.04135],[-66.50557,18.04287],[-66.51448,18.04458],[-66.51436,18.04527],[-66.51239,18.04508],[-66.51114,18.04996]]]},"properties":{"TRACTCE":"710301","GEOID":"72075710301","NAME":"7103.01","NAMELSAD":"Census Tract 7103.01","COUNTYFP":"075"}},
{"type":"Feature","geometry":{"type":"Polygon","coordinates":[[[-66.14708,18.45412],[-66.13742,18.45339],[-66.13819,18.45622],[-66.13567,18.45379],[-66.13106,18.45232],[-66.13137,18.44956],[-66.13021,18.44892],[-66.12844,18.44968],[-66.1271,18.45213],[-66.1288,18.45419],[-66.13635,18.45887],[-66.13821,18.4628],[-66.14316,18.46108],[-66.14708,18.45412]]]},"properties":{"TRACTCE":"980001","GEOID":"72033980001","NAME":"9800.01","NAMELSAD":"Census Tract 9800.01","COUNTYFP":"033"}},
{"type":"Feature","geometry":{"type":"Polygon","coordinates":[[[-66.13685,18.44669],[-66.13912,18.44368],[-66.13869,18.43899],[-66.1381,18.43481],[-66.13724,18.4331],[-66.13599,18.43513],[-66.1321,18.43717],[-66.13343,18.43924],[-66.13105,18.43961],[-66.13094,18.43906],[-66.12939,18.43964],[-66.12923,18.44058],[-66.13332,18.44252],[-66.13685,18.44669]]]},"properties":{"TRACTCE":"980006","GEOID":"72033980006","NAME":"9800.06","NAMELSAD":"Census Tract 9800.06","COUNTYFP":"033"}},
{"type":"Feature","geometry":{"type":"Polygon","coordinates":[[[-66.16521,18.43734],[-66.1677,18.43489],[-66.16983,18.43538],[-66.17031,18.43387],[-66.16788,18.4327],[-66.17003,18.43188],[-66.16952,18.431],[-66.16552,18.43007],[-66.16505,18.42909],[-66.16199,18.42793],[-66.16187,18.42632],[-66.16007,18.42551],[-66.16105,18.4315],[-66.16003,18.43492],[-66.16231,18.44766],[-66.16377,18.44467],[-66.16521,18.43734]]]},"properties":{"TRACTCE":"020500","GEOID":"72033020500","NAME":"205","NAMELSAD":"Census Tract 205","COUNTYFP":"033"}},
{"type":"Feature","geometry":{"type":"Polygon","coordinates":[[[-66.23641,18.4267],[-66.23635,18.41868],[-66.23383,18.41768],[-66.23099,18.41896],[-66.23202,18.4222],[-66.22826,18.42796],[-66.22926,18.42818],[-66.22744,18.42961],[-66.22768,18.43159],[-66.2301,18.4313],[-66.23073,18.42821],[-66.23311,18.42641],[-66.23641,18.4267]]]},"properties":{"TRACTCE":"122202","GEOID":"72137122202","NAME":"1222.02","NAMELSAD":"Census Tract 1222.02","COUNTYFP":"137"}},
{"type":"Feature","geometry":{"type":"Polygon","coordinates":[[[-66.53067,18.4651],[-66.53233,18.46097],[-66.53737,18.45675],[-66.53767,18.45335],[-66.53669,18.45324],[-66.53337,18.45624],[-66.53033,18.45686],[-66.52747,18.45611],[-66.52629,18.45396],[-66.53083,18.44981],[-66.5377,18.44725],[-66.54011,18.4437],[-66.53647,18.44451],[-66.53494,18.44325],[-66.53247,18.44276],[-66.53533,18.44135],[-66.53688,18.43855],[-66.5375,18.43572],[-66.53532,18.43426],[-66.53085,18.43439],[-66.53003,18.43668],[-66.53179,18.43961],[-66.53018,18.44034],[-66.53003,18.44155],[-66.52813,18.44109],[-66.52727,18.43692],[-66.52812,18.43477],[-66.5273,18.43254],[-66.52564,18.43282],[-66.52401,18.4314],[-66.52237,18.43324],[-66.52112,18.43139],[-66.52274,18.42961],[-66.52323,18.431],[-66.52671,18.43074],[-66.52634,18.42908],[-66.51519,18.42776],[-66.49552,18.42866],[-66.49344,18.42973],[-66.49441,18.43167],[-66.4978,18.43231],[-66.50027,18.43537],[-66.50095,18.44207],[-66.49933,18.44398],[-66.49646,18.45087],[-66.49696,18.45546],[-66.49318,18.46069],[-66.49052,18.47861],[-66.49963,18.48127],[-66.50172,18.48056],[-66.50645,18.48077],[-66.50832,18.48233],[-66.52622,18.48823],[-66.52916,18.48797],[-66.53328,18.48561],[-66.53357,18.4817],[-66.5329,18.48092],[-66.53443,18.47854],[-66.5306,18.47237],[-66.53067,18.4651]]]},"properties":{"TRACTCE":"570202","GEOID":"72091570202","NAME":"5702.02","NAMELSAD":"Census Tract 5702.02","COUNTYFP":"091"}},
{"type":"Feature","geometry":{"type":"Polygon","coordinates":[[[-67.18032,18.02234],[-67.17902,18.02098],[-67.16669,18.02845],[-67.15482,18.02489],[-67.14917,18.0247],[-67.13969,18.02761],[-67.13965,18.03523],[-67.14223,18.03653],[-67.14364,18.04088],[-67.14487,18.04184],[-67.1444,18.04283],[-67.14689,18.04459],[-67.14814,18.04845],[-67.15244,18.04512],[-67.15292,18.04357],[-67.15401,18.04363],[-67.15373,18.04476],[-67.15532,18.04531],[-67.15708,18.04355],[-67.15996,18.04566],[-67.16318,18.04224],[-67.16409,18.03997],[-67.17256,18.04196],[-67.17449,18.03834],[-67.1754,18.03301],[-67.17662,18.03165],[-67.17588,18.02874],[-67.18032,18.02234]]]},"properties":{"TRACTCE":"830605","GEOID":"72023830605","NAME":"8306.05","NAMELSAD":"Census Tract 8306.05","COUNTYFP":"023"}},
{"type":"Feature","geometry":{"type":"Polygon","coordinates":[[[-67.17902,18.02098],[-67.17827,18.01829],[-67.17916,18.01292],[-67.2086,18.00193],[-67.21385,17.99803],[-67.21876,17.99072],[-67.21934,17.98833],[-67.21637,17.97638],[-67.21682,17.97333],[-67.212,17.97339],[-67.21232,17.97515],[-67.21003,17.97391],[-67.20865,17.9757],[-67.20274,17.97607],[-67.20209,17.9729],[-67.19991,17.97001],[-67.19978,17.96594],[-67.20033,17.96023],[-67.20225,17.95917],[-67.20231,17.95681],[-67.19967,17.9565],[-67.20081,17.95418],[-67.20046,17.95314],[-67.19705,17.95191],[-67.19472,17.94983],[-67.19285,17.94481],[-67.19363,17.94914],[-67.19753,17.95321],[-67.20007,17.95821],[-67.19675,17.96069],[-67.19523,17.96458],[-67.1901,17.96677],[-67.19048,17.97134],[-67.18554,17.97524],[-67.18477,17.98191],[-67.17891,17.98139],[-67.17833,17.98251],[-67.17659,17.98263],[-67.17374,17.9875],[-67.15814,17.99083],[-67.15826,17.9933],[-67.15675,17.99564],[-67.15607,18.00007],[-67.15185,18.00242],[-67.15115,18.00462],[-67.14893,18.00655],[-67.14968,18.01236],[-67.14867,18.0194],[-67.14917,18.0247],[-67.15482,18.02489],[-67.16669,18.02845],[-67.17902,18.02098]]]},"properties":{"TRACTCE":"830606","GEOID":"72023830606","NAME":"8306.06","NAMELSAD":"Census Tract 8306.06","COUNTYFP":"023"}},
{"type":"Feature","geometry":{"type":"Polygon","coordinates":[[[-67.17659,17.98263],[-67.18019,17.9686],[-67.17522,17.97124],[-67.17042,17.96797],[-67.167,17.96419],[-67.16316,17.96352],[-67.1616,17.96245],[-67.15716,17.95619],[-67.15157,17.95696],[-67.15012,17.95614],[-67.15089,17.95519],[-67.15093,17.95116],[-67.14901,17.95184],[-67.1414,17.95082],[-67.14023,17.94979],[-67.13781,17.94988],[-67.13254,17.94646],[-67.13079,17.94681],[-67.12786,17.94544],[-67.12489,17.94578],[-67.10994,17.94396],[-67.10973,17.94832],[-67.10779,17.95168],[-67.10647,17.95724],[-67.10727,17.96404],[-67.10228,17.97503],[-67.10363,17.97639],[-67.10884,17.97756],[-67.11,17.97939],[-67.10937,17.98134],[-67.10968,18.00946],[-67.11125,18.01254],[-67.1104,18.01303],[-67.11013,18.01587],[-67.11353,18.02432],[-67.11398,18.02988],[-67.11337,18.03029],[-67.11409,18.03107],[-67.11494,18.03048],[-67.11587,18.0316],[-67.11522,18.03216],[-67.11551,18.03397],[-67.11703,18.03252],[-67.12038,18.0334],[-67.12449,18.03537],[-67.127,18.03813],[-67.13528,18.03609],[-67.13652,18.03485],[-67.13965,18.03523],[-67.13969,18.02761],[-67.14917,18.0247],[-67.14867,18.0194],[-67.14968,18.01236],[-67.14893,18.00655],[-67.15115,18.00462],[-67.15185,18.00242],[-67.15607,18.00007],[-67.15675,17.99564],[-67.15826,17.9933],[-67.15814,17.99083],[-67.17374,17.9875],[-67.17659,17.98263]]]},"properties":{"TRACTCE":"830607","GEOID":"72023830607","NAME":"8306.07","NAMELSAD":"Census Tract 8306.07","COUNTYFP":"023"}},
{"type":"Feature","geometry":{"type":"Polygon","coordinates":[[[-67.18363,18.16998],[-67.18688,18.16654],[-67.18731,18.16344],[-67.18437,18.15515],[-67.18399,18.15183],[-67.18474,18.14884],[-67.1926,18.1407],[-67.19233,18.13668],[-67.18914,18.12711],[-67.19024,18.11805],[-67.18844,18.11269],[-67.18906,18.10759],[-67.18253,18.1036],[-67.18213,18.10412],[-67.17873,18.10303],[-67.17697,18.10431],[-67.16979,18.10217],[-67.16814,18.09925],[-67.16394,18.09618],[-67.16089,18.09151],[-67.16063,18.09649],[-67.15671,18.09683],[-67.15767,18.09995],[-67.15395,18.1007],[-67.15661,18.1042],[-67.15956,18.1062],[-67.16092,18.11116],[-67.16566,18.11574],[-67.16061,18.12343],[-67.15973,18.12944],[-67.16148,18.1321],[-67.16264,18.13949],[-67.16144,18.13919],[-67.15757,18.14248],[-67.15545,18.14171],[-67.15481,18.14272],[-67.15594,18.14378],[-67.15398,18.1453],[-67.15359,18.14935],[-67.15597,18.15008],[-67.15642,18.15156],[-67.15852,18.15192],[-67.15973,18.15323],[-67.16192,18.15236],[-67.16381,18.15485],[-67.1669,18.15561],[-67.16617,18.15838],[-67.17133,18.1593],[-67.17348,18.16297],[-67.18363,18.16998]]]},"properties":{"TRACTCE":"830201","GEOID":"72023830201","NAME":"8302.01","NAMELSAD":"Census Tract 8302.01","COUNTYFP":"023"}},
{"type":"Feature","geometry":{"type":"Polygon","coordinates":[[[-67.15398,18.1453],[-67.15594,18.14378],[-67.15481,18.14272],[-67.15545,18.14171],[-67.15757,18.14248],[-67.16144,18.13919],[-67.16264,18.13949],[-67.16148,18.1321],[-67.15973,18.12944],[-67.16061,18.12343],[-67.16566,18.11574],[-67.16092,18.11116],[-67.15956,18.1062],[-67.15661,18.1042],[-67.15395,18.1007],[-67.1529,18.09934],[-67.14786,18.10174],[-67.14612,18.10419],[-67.13986,18.10449],[-67.13746,18.10673],[-67.13304,18.10359],[-67.1297,18.09921],[-67.1288,18.10204],[-67.11951,18.11186],[-67.12196,18.11411],[-67.12391,18.1138],[-67.12416,18.11462],[-67.12616,18.11514],[-67.12836,18.11999],[-67.12928,18.11973],[-67.12959,18.12067],[-67.13116,18.12101],[-67.13215,18.12051],[-67.13337,18.12292],[-67.13472,18.12357],[-67.13535,18.12486],[-67.13472,18.1255],[-67.13606,18.12787],[-67.13513,18.12967],[-67.13319,18.12986],[-67.13399,18.13234],[-67.13625,18.13137],[-67.13621,18.1328],[-67.13708,18.13337],[-67.13878,18.13306],[-67.13955,18.13399],[-67.1406,18.13308],[-67.14048,18.13505],[-67.14188,18.13778],[-67.14632,18.13963],[-67.14666,18.14099],[-67.14858,18.14079],[-67.14948,18.14343],[-67.1501,18.1421],[-67.15163,18.14204],[-67.15107,18.14481],[-67.15243,18.14572],[-67.15398,18.1453]]]},"properties":{"TRACTCE":"830202","GEOID":"72023830202","NAME":"8302.02","NAMELSAD":"Census Tract 8302.02","COUNTYFP":"023"}},
{"type":"Feature","geometry":{"type":"Polygon","coordinates":[[[-67.17659,17.98263],[-67.17833,17.98251],[-67.17891,17.98139],[-67.18477,17.98191],[-67.18554,17.97524],[-67.19048,17.97134],[-67.1901,17.96677],[-67.18019,17.9686],[-67.17659,17.98263]]]},"properties":{"TRACTCE":"830608","GEOID":"72023830608","NAME":"8306.08","NAMELSAD":"Census Tract 8306.08","COUNTYFP":"023"}},
{"type":"Feature","geometry":{"type":"Polygon","coordinates":[[[-66.73064,18.07233],[-66.73386,18.06883],[-66.73369,18.06512],[-66.72857,18.06425],[-66.72728,18.06317],[-66.72714,18.05656],[-66.72731,18.0556],[-66.72826,18.05548],[-66.72745,18.05457],[-66.72351,18.05474],[-66.72154,18.05158],[-66.72127,18.04949],[-66.72012,18.05042],[-66.71915,18.05811],[-66.72457,18.06312],[-66.72961,18.07013],[-66.73094,18.07039],[-66.73064,18.07233]]]},"properties":{"TRACTCE":"730400","GEOID":"72111730400","NAME":"7304","NAMELSAD":"Census Tract 7304","COUNTYFP":"111"}},
{"type":"Feature","geometry":{"type":"Polygon","coordinates":[[[-66.72127,18.04949],[-66.72981,18.04689],[-66.73275,18.04351],[-66.7236,18.03985],[-66.7205,18.04108],[-66.72055,18.03812],[-66.72593,18.03668],[-66.72766,18.03462],[-66.7317,18.02352],[-66.73183,18.01944],[-66.72926,18.01639],[-66.72893,18.00913],[-66.72395,18.00855],[-66.71798,18.0066],[-66.71622,18.0075],[-66.70458,18.00855],[-66.70333,18.01092],[-66.70158,18.01199],[-66.69834,18.01859],[-66.69517,18.0197],[-66.68942,18.02984],[-66.68882,18.03058],[-66.68941,18.03211],[-66.68945,18.04026],[-66.68551,18.04733],[-66.68776,18.05301],[-66.68529,18.05812],[-66.68452,18.06478],[-66.68231,18.06629],[-66.68082,18.06952],[-66.68485,18.06657],[-66.69137,18.0648],[-66.69422,18.07128],[-66.70053,18.07172],[-66.70041,18.06859],[-66.69793,18.06853],[-66.69641,18.06663],[-66.69657,18.06595],[-66.69866,18.06587],[-66.6989,18.06428],[-66.69777,18.06351],[-66.70046,18.06206],[-66.6985,18.06006],[-66.69735,18.05245],[-66.70348,18.05468],[-66.70666,18.05077],[-66.70915,18.05101],[-66.7113,18.05267],[-66.714,18.05321],[-66.71472,18.05108],[-66.72012,18.05042],[-66.72127,18.04949]]]},"properties":{"TRACTCE":"730700","GEOID":"72111730700","NAME":"7307","NAMELSAD":"Census Tract 7307","COUNTYFP":"111"}},
{"type":"Feature","geometry":{"type":"Polygon","coordinates":[[[-66.76575,18.09865],[-66.76724,18.09662],[-66.76975,18.08706],[-66.76915,18.08521],[-66.76588,18.0822],[-66.7659,18.07817],[-66.76706,18.07708],[-66.76649,18.07488],[-66.76828,18.07309],[-66.7689,18.07109],[-66.76668,18.06277],[-66.76892,18.06084],[-66.7695,18.05882],[-66.76836,18.05698],[-66.76886,18.05535],[-66.7663,18.05101],[-66.76845,18.04909],[-66.76643,18.04009],[-66.7653,18.03889],[-66.76303,18.04695],[-66.75564,18.05624],[-66.75407,18.05],[-66.75235,18.04942],[-66.74846,18.04585],[-66.74574,18.04464],[-66.74402,18.04586],[-66.74058,18.04475],[-66.73891,18.04748],[-66.73825,18.04459],[-66.7364,18.04375],[-66.73275,18.04351],[-66.72981,18.04689],[-66.72127,18.04949],[-66.72154,18.05158],[-66.72351,18.05474],[-66.72745,18.05457],[-66.72826,18.05548],[-66.72731,18.0556],[-66.72714,18.05656],[-66.72728,18.06317],[-66.72857,18.06425],[-66.73369,18.06512],[-66.73386,18.06883],[-66.73064,18.07233],[-66.7306,18.07451],[-66.73206,18.07433],[-66.733,18.07599],[-66.73455,18.07603],[-66.73792,18.07919],[-66.73824,18.0811],[-66.74115,18.08224],[-66.74295,18.08414],[-66.74614,18.08513],[-66.74817,18.08488],[-66.75048,18.0878],[-66.7587,18.09324],[-66.76301,18.09804],[-66.76575,18.09865]]]},"properties":{"TRACTCE":"730300","GEOID":"72111730300","NAME":"7303","NAMELSAD":"Census Tract 7303","COUNTYFP":"111"}},
{"type":"Feature","geometry":{"type":"Polygon","coordinates":[[[-66.69407,18.13053],[-66.7003,18.13093],[-66.70275,18.12874],[-66.70489,18.1297],[-66.70916,18.12913],[-66.7102,18.12773],[-66.71299,18.13028],[-66.71359,18.13211],[-66.71716,18.13152],[-66.71767,18.12834],[-66.72512,18.12128],[-66.7258,18.11919],[-66.72518,18.11679],[-66.72271,18.11121],[-66.72289,18.10757],[-66.72174,18.10485],[-66.72291,18.1029],[-66.72275,18.10072],[-66.71855,18.094],[-66.71745,18.09072],[-66.72001,18.07231],[-66.7189,18.06623],[-66.71915,18.05811],[-66.72012,18.05042],[-66.71472,18.05108],[-66.714,18.05321],[-66.7113,18.05267],[-66.70915,18.05101],[-66.70666,18.05077],[-66.70348,18.05468],[-66.69735,18.05245],[-66.6985,18.06006],[-66.70046,18.06206],[-66.69777,18.06351],[-66.6989,18.06428],[-66.69866,18.06587],[-66.69657,18.06595],[-66.69641,18.06663],[-66.69793,18.06853],[-66.70041,18.06859],[-66.70053,18.07172],[-66.69422,18.07128],[-66.69137,18.0648],[-66.68485,18.06657],[-66.68082,18.06952],[-66.67933,18.07241],[-66.68078,18.07527],[-66.67939,18.08112],[-66.6803,18.08233],[-66.67839,18.08476],[-66.67832,18.08832],[-66.67683,18.09106],[-66.67937,18.09466],[-66.67922,18.09789],[-66.67804,18.10029],[-66.67925,18.10456],[-66.68457,18.11203],[-66.68437,18.11578],[-66.68447,18.11859],[-66.68823,18.12249],[-66.68871,18.12429],[-66.69228,18.12585],[-66.69407,18.13053]]]},"properties":{"TRACTCE":"730100","GEOID":"72111730100","NAME":"7301","NAMELSAD":"Census Tract 7301","COUNTYFP":"111"}},
{"type":"Feature","geometry":{"type":"Polygon","coordinates":[[[-66.76912,18.13502],[-66.76917,18.13166],[-66.76795,18.12872],[-66.76866,18.12743],[-66.76499,18.12242],[-66.7645,18.11772],[-66.761,18.11177],[-66.76282,18.1106],[-66.76584,18.10644],[-66.76483,18.10144],[-66.76575,18.09865],[-66.76301,18.09804],[-66.7587,18.09324],[-66.75048,18.0878],[-66.74817,18.08488],[-66.74614,18.08513],[-66.74295,18.08414],[-66.74115,18.08224],[-66.73824,18.0811],[-66.73792,18.07919],[-66.73455,18.07603],[-66.733,18.07599],[-66.73206,18.07433],[-66.7306,18.07451],[-66.73064,18.07233],[-66.73094,18.07039],[-66.72961,18.07013],[-66.72457,18.06312],[-66.71915,18.05811],[-66.7189,18.06623],[-66.72001,18.07231],[-66.71745,18.09072],[-66.71855,18.094],[-66.72275,18.10072],[-66.72291,18.1029],[-66.72174,18.10485],[-66.72289,18.10757],[-66.72271,18.11121],[-66.72518,18.11679],[-66.72734,18.11304],[-66.73162,18.11193],[-66.7366,18.11589],[-66.73874,18.11601],[-66.7395,18.11759],[-66.74271,18.11704],[-66.74437,18.11583],[-66.74603,18.11602],[-66.74962,18.11366],[-66.75504,18.12018],[-66.75906,18.12896],[-66.76505,18.13279],[-66.76628,18.13477],[-66.76912,18.13502]]]},"properties":{"TRACTCE":"730200","GEOID":"72111730200","NAME":"7302","NAMELSAD":"Census Tract 7302","COUNTYFP":"111"}},
{"type":"Feature","geometry":{"type":"Polygon","coordinates":[[[-66.20566,18.01171],[-66.2061,17.96945],[-66.20091,17.96703],[-66.19268,17.96536],[-66.18205,17.96637],[-66.17862,17.96594],[-66.17826,17.96878],[-66.16867,17.9684],[-66.16861,17.97272],[-66.16604,17.97252],[-66.16583,17.97629],[-66.15482,17.97396],[-66.15574,17.97045],[-66.15514,17.96645],[-66.15592,17.96453],[-66.16001,17.96059],[-66.16085,17.95825],[-66.16433,17.95705],[-66.16532,17.9554],[-66.15987,17.95629],[-66.13552,17.96094],[-66.13763,17.96635],[-66.13368,17.96951],[-66.12845,17.97334],[-66.12573,17.97967],[-66.12461,17.98166],[-66.13045,17.98393],[-66.13734,17.99283],[-66.13784,17.99573],[-66.14206,17.99928],[-66.14329,18.00409],[-66.14277,18.00715],[-66.14399,18.01366],[-66.14698,18.01746],[-66.14892,18.0181],[-66.15155,18.02048],[-66.15674,18.02839],[-66.15384,18.02961],[-66.15247,18.03306],[-66.14987,18.03505],[-66.14574,18.03598],[-66.14512,18.03712],[-66.14051,18.03768],[-66.14256,18.03821],[-66.14397,18.04136],[-66.15574,18.04342],[-66.15795,18.04896],[-66.16614,18.05006],[-66.17482,18.03291],[-66.17785,18.03216],[-66.18093,18.02883],[-66.18,18.02544],[-66.18228,18.02454],[-66.18475,18.02542],[-66.18906,18.0242],[-66.18983,18.02193],[-66.19102,18.02214],[-66.19251,18.02032],[-66.19539,18.01971],[-66.19661,18.02056],[-66.20035,18.01895],[-66.20301,18.01566],[-66.20335,18.01326],[-66.20559,18.01298],[-66.20566,18.01188],[-66.20566,18.01171]]]},"properties":{"TRACTCE":"270202","GEOID":"72057270202","NAME":"2702.02","NAMELSAD":"Census Tract 2702.02","COUNTYFP":"057"}},
{"type":"Feature","geometry":{"type":"Polygon","coordinates":[[[-66.2188,17.94774],[-66.22203,17.94469],[-66.22268,17.94266],[-66.21841,17.93503],[-66.22536,17.9254],[-66.21798,17.91458],[-66.21045,17.91878],[-66.20877,17.92074],[-66.19965,17.92648],[-66.19632,17.92965],[-66.19393,17.9364],[-66.19308,17.93684],[-66.18314,17.93393],[-66.17934,17.93354],[-66.17488,17.93457],[-66.17039,17.93173],[-66.16315,17.92978],[-66.16047,17.92613],[-66.15586,17.92686],[-66.14365,17.93499],[-66.13998,17.93928],[-66.13629,17.93968],[-66.12881,17.94425],[-66.11173,17.94731],[-66.09755,17.95504],[-66.09783,17.95787],[-66.09951,17.96008],[-66.09887,17.96951],[-66.1012,17.97173],[-66.10131,17.97049],[-66.1099,17.97175],[-66.11095,17.96869],[-66.11464,17.96575],[-66.11801,17.96524],[-66.12915,17.96622],[-66.13368,17.96951],[-66.13763,17.96635],[-66.13552,17.96094],[-66.15987,17.95629],[-66.16367,17.94118],[-66.17231,17.93978],[-66.17483,17.94905],[-66.1744,17.95414],[-66.17961,17.9536],[-66.17862,17.96594],[-66.18205,17.96637],[-66.19268,17.96536],[-66.20091,17.96703],[-66.2061,17.96945],[-66.20626,17.9534],[-66.20961,17.95318],[-66.2188,17.94774]]]},"properties":{"TRACTCE":"270201","GEOID":"72057270201","NAME":"2702.01","NAMELSAD":"Census Tract 2702.01","COUNTYFP":"057"}},
{"type":"Feature","geometry":{"type":"Polygon","coordinates":[[[-66.16723,18.39409],[-66.1676,18.39315],[-66.16669,18.39241],[-66.16506,18.3911],[-66.16048,18.39652],[-66.16288,18.39753],[-66.16493,18.39665],[-66.16492,18.39567],[-66.16723,18.39409]]]},"properties":{"TRACTCE":"030700","GEOID":"72021030700","NAME":"307","NAMELSAD":"Census Tract 307","COUNTYFP":"021"}},
{"type":"Feature","geometry":{"type":"Polygon","coordinates":[[[-66.88488,18.15151],[-66.88434,18.14906],[-66.88508,18.14795],[-66.88277,18.14765],[-66.88096,18.14633],[-66.88137,18.14526],[-66.88294,18.14542],[-66.88354,18.14456],[-66.8814,18.14385],[-66.88106,18.14274],[-66.88011,18.14329],[-66.87873,18.14098],[-66.88188,18.13891],[-66.87968,18.13952],[-66.87509,18.13847],[-66.87577,18.13691],[-66.87501,18.13609],[-66.87598,18.13476],[-66.87452,18.1344],[-66.87365,18.13271],[-66.87223,18.1329],[-66.87227,18.13117],[-66.87033,18.13023],[-66.86987,18.12797],[-66.86823,18.12677],[-66.86851,18.12147],[-66.86965,18.12013],[-66.86988,18.11714],[-66.86796,18.11765],[-66.86764,18.11632],[-66.86437,18.11509],[-66.86532,18.11534],[-66.86593,18.11453],[-66.86727,18.11518],[-66.86712,18.11446],[-66.8623,18.11328],[-66.86347,18.1109],[-66.86583,18.11019],[-66.86665,18.11067],[-66.86834,18.10845],[-66.8677,18.10544],[-66.8686,18.1033],[-66.86772,18.10319],[-66.86625,18.09992],[-66.86598,18.10272],[-66.86471,18.10387],[-66.86042,18.10408],[-66.86016,18.10344],[-66.86209,18.10242],[-66.86143,18.09758],[-66.85741,18.09742],[-66.85487,18.09437],[-66.85338,18.0941],[-66.85287,18.0914],[-66.85431,18.08824],[-66.85256,18.08797],[-66.84773,18.08406],[-66.84796,18.08064],[-66.84307,18.08031],[-66.8415,18.07789],[-66.83884,18.07937],[-66.83507,18.07873],[-66.83295,18.08098],[-66.8272,18.08299],[-66.82472,18.08736],[-66.82483,18.0901],[-66.82617,18.0918],[-66.82571,18.09465],[-66.82494,18.09508],[-66.82251,18.0941],[-66.82089,18.09217],[-66.81987,18.09257],[-66.81777,18.08774],[-66.81297,18.08677],[-66.81138,18.08413],[-66.80899,18.08242],[-66.8092,18.08123],[-66.80859,18.08203],[-66.80224,18.09106],[-66.80647,18.09544],[-66.80674,18.09753],[-66.80525,18.10157],[-66.80594,18.10382],[-66.80895,18.10538],[-66.80995,18.10784],[-66.80876,18.10933],[-66.81029,18.11096],[-66.81071,18.11327],[-66.8068,18.11575],[-66.80317,18.1169],[-66.80053,18.12014],[-66.7961,18.12161],[-66.79735,18.12794],[-66.79891,18.13106],[-66.79886,18.13285],[-66.79758,18.13353],[-66.79987,18.13804],[-66.80373,18.14085],[-66.80406,18.14806],[-66.81701,18.15058],[-66.81809,18.15051],[-66.82103,18.15282],[-66.82214,18.15635],[-66.82628,18.16022],[-66.82396,18.16753],[-66.82636,18.16921],[-66.82733,18.17124],[-66.82856,18.17034],[-66.83097,18.17104],[-66.83676,18.17055],[-66.83827,18.16724],[-66.84065,18.16575],[-66.84098,18.16462],[-66.84288,18.16423],[-66.84385,18.1611],[-66.84489,18.16206],[-66.85012,18.16289],[-66.85678,18.13859],[-66.85851,18.13798],[-66.86347,18.13885],[-66.86412,18.13819],[-66.86572,18.1389],[-66.87011,18.13872],[-66.8698,18.13995],[-66.8708,18.1398],[-66.87269,18.14167],[-66.87529,18.14239],[-66.87853,18.14694],[-66.88272,18.14895],[-66.88488,18.15151]]]},"properties":{"TRACTCE":"750101","GEOID":"72153750101","NAME":"7501.01","NAMELSAD":"Census Tract 7501.01","COUNTYFP":"153"}},
{"type":"Feature","geometry":{"type":"Polygon","coordinates":[[[-66.85662,18.04195],[-66.85963,18.04333],[-66.86142,18.04765],[-66.86538,18.04858],[-66.86768,18.05092],[-66.87134,18.04844],[-66.87243,18.04466],[-66.87212,18.04138],[-66.87241,18.03965],[-66.87137,18.03707],[-66.86963,18.03572],[-66.86555,18.03713],[-66.8605,18.03598],[-66.85687,18.03539],[-66.85736,18.03788],[-66.8588,18.03901],[-66.85662,18.04195]]]},"properties":{"TRACTCE":"750300","GEOID":"72153750300","NAME":"7503","NAMELSAD":"Census Tract 7503","COUNTYFP":"153"}},
{"type":"Feature","geometry":{"type":"Polygon","coordinates":[[[-66.92652,18.15127],[-66.92469,18.14275],[-66.92057,18.13885],[-66.9197,18.13478],[-66.91784,18.13322],[-66.91835,18.13163],[-66.91632,18.12477],[-66.91267,18.12189],[-66.91355,18.11551],[-66.91162,18.11354],[-66.91275,18.11093],[-66.91459,18.10965],[-66.91475,18.10694],[-66.92073,18.10552],[-66.9207,18.10347],[-66.91756,18.10238],[-66.91587,18.09985],[-66.91559,18.09717],[-66.91602,18.09602],[-66.91867,18.09464],[-66.91954,18.09216],[-66.9175,18.08801],[-66.91416,18.08474],[-66.91215,18.08035],[-66.91336,18.08005],[-66.91291,18.07485],[-66.90933,18.07057],[-66.90999,18.06856],[-66.9092,18.06504],[-66.90739,18.06422],[-66.90646,18.0624],[-66.90333,18.06206],[-66.90417,18.05841],[-66.90328,18.05555],[-66.90088,18.05455],[-66.9027,18.05294],[-66.90021,18.04784],[-66.89847,18.04424],[-66.89893,18.04249],[-66.89817,18.04309],[-66.89769,18.04257],[-66.90103,18.03985],[-66.89574,18.03672],[-66.89418,18.03477],[-66.89272,18.0356],[-66.89084,18.03541],[-66.89076,18.0365],[-66.88748,18.03408],[-66.88789,18.03588],[-66.8836,18.03678],[-66.87944,18.03499],[-66.87736,18.03493],[-66.86963,18.03572],[-66.87137,18.03707],[-66.87241,18.03965],[-66.87212,18.04138],[-66.87355,18.04334],[-66.8793,18.04755],[-66.88222,18.04694],[-66.881,18.0477],[-66.88152,18.04854],[-66.88446,18.04924],[-66.88294,18.05229],[-66.88767,18.0556],[-66.88571,18.05783],[-66.8856,18.06238],[-66.88658,18.06339],[-66.88478,18.06528],[-66.88711,18.06625],[-66.88633,18.06868],[-66.88794,18.06929],[-66.88356,18.07402],[-66.8799,18.07122],[-66.88001,18.07216],[-66.87892,18.07238],[-66.87691,18.07513],[-66.87648,18.08011],[-66.87887,18.08465],[-66.87732,18.08809],[-66.87417,18.08767],[-66.86509,18.0927],[-66.86533,18.09212],[-66.86357,18.09128],[-66.86179,18.09288],[-66.85507,18.09334],[-66.85487,18.09437],[-66.85741,18.09742],[-66.86143,18.09758],[-66.86209,18.10242],[-66.86016,18.10344],[-66.86042,18.10408],[-66.86471,18.10387],[-66.86598,18.10272],[-66.86625,18.09992],[-66.86772,18.10319],[-66.8686,18.1033],[-66.8677,18.10544],[-66.86834,18.10845],[-66.86665,18.11067],[-66.86583,18.11019],[-66.86347,18.1109],[-66.8623,18.11328],[-66.86712,18.11446],[-66.86727,18.11518],[-66.86593,18.11453],[-66.86532,18.11534],[-66.86437,18.11509],[-66.86764,18.11632],[-66.86796,18.11765],[-66.86988,18.11714],[-66.86965,18.12013],[-66.86851,18.12147],[-66.86823,18.12677],[-66.86987,18.12797],[-66.87033,18.13023],[-66.87227,18.13117],[-66.87223,18.1329],[-66.87365,18.13271],[-66.87452,18.1344],[-66.87598,18.13476],[-66.87501,18.13609],[-66.87577,18.13691],[-66.87509,18.13847],[-66.87968,18.13952],[-66.88188,18.13891],[-66.87873,18.14098],[-66.88011,18.14329],[-66.88106,18.14274],[-66.8814,18.14385],[-66.88354,18.14456],[-66.88294,18.14542],[-66.88137,18.14526],[-66.88096,18.14633],[-66.88277,18.14765],[-66.88508,18.14795],[-66.88434,18.14906],[-66.88488,18.15151],[-66.88837,18.15332],[-66.8905,18.15116],[-66.89014,18.14905],[-66.89144,18.14785],[-66.89521,18.14861],[-66.90336,18.14621],[-66.90747,18.14937],[-66.90971,18.14951],[-66.91037,18.15115],[-66.91246,18.15149],[-66.91542,18.15424],[-66.91942,18.15402],[-66.92143,18.1525],[-66.92652,18.15127]]]},"properties":{"TRACTCE":"750201","GEOID":"72153750201","NAME":"7502.01","NAMELSAD":"Census Tract 7502.01","COUNTYFP":"153"}},
{"type":"Feature","geometry":{"type":"Polygon","coordinates":[[[-66.86634,18.01929],[-66.86568,18.01332],[-66.85864,18.01101],[-66.85419,18.0119],[-66.85165,18.01111],[-66.84879,18.01251],[-66.84482,18.0119],[-66.84539,18.00686],[-66.84425,18.00452],[-66.84313,18.00563],[-66.83849,18.00617],[-66.83486,18.00299],[-66.83387,18.00129],[-66.83399,17.99803],[-66.83827,17.99325],[-66.8397,17.99042],[-66.83818,17.98818],[-66.83541,17.98632],[-66.83521,17.98815],[-66.83374,17.9897],[-66.83004,17.99157],[-66.83201,17.99638],[-66.8307,17.99925],[-66.82598,17.99976],[-66.82593,18.00357],[-66.82728,18.00569],[-66.82652,18.00796],[-66.82845,18.00906],[-66.82951,18.00846],[-66.83094,18.01005],[-66.82887,18.01237],[-66.83017,18.0178],[-66.8294,18.01893],[-66.82559,18.01989],[-66.82429,18.02121],[-66.82132,18.02151],[-66.82073,18.02524],[-66.81814,18.02953],[-66.82149,18.03259],[-66.82201,18.03679],[-66.84064,18.03122],[-66.85396,18.02511],[-66.86634,18.01929]]]},"properties":{"TRACTCE":"750601","GEOID":"72153750601","NAME":"7506.01","NAMELSAD":"Census Tract 7506.01","COUNTYFP":"153"}},
{"type":"Feature","geometry":{"type":"Polygon","coordinates":[[[-66.86533,18.09212],[-66.86668,18.08889],[-66.86575,18.08738],[-66.86669,18.08567],[-66.86464,18.08361],[-66.86495,18.08216],[-66.86305,18.08043],[-66.86428,18.08019],[-66.86238,18.07917],[-66.86229,18.07762],[-66.86106,18.07648],[-66.86165,18.07451],[-66.85922,18.07277],[-66.85959,18.0712],[-66.85828,18.06911],[-66.85884,18.06716],[-66.85791,18.066],[-66.86007,18.06402],[-66.85967,18.06225],[-66.86186,18.06157],[-66.85925,18.06041],[-66.85981,18.0598],[-66.85888,18.05775],[-66.85991,18.05758],[-66.85859,18.05709],[-66.85746,18.05459],[-66.85156,18.05002],[-66.85237,18.04846],[-66.85428,18.04452],[-66.85184,18.04414],[-66.85159,18.0429],[-66.85369,18.03933],[-66.84812,18.04103],[-66.846,18.04063],[-66.84557,18.03915],[-66.84329,18.03934],[-66.84238,18.03435],[-66.84064,18.03122],[-66.82201,18.03679],[-66.82387,18.03907],[-66.82492,18.04277],[-66.82431,18.04511],[-66.82144,18.0446],[-66.82005,18.04495],[-66.82012,18.04563],[-66.82211,18.04599],[-66.82196,18.04749],[-66.82399,18.048],[-66.81864,18.05678],[-66.81857,18.06354],[-66.81661,18.07073],[-66.8092,18.08123],[-66.80899,18.08242],[-66.81138,18.08413],[-66.81297,18.08677],[-66.81777,18.08774],[-66.81987,18.09257],[-66.82089,18.09217],[-66.82251,18.0941],[-66.82494,18.09508],[-66.82571,18.09465],[-66.82617,18.0918],[-66.82483,18.0901],[-66.82472,18.08736],[-66.8272,18.08299],[-66.83295,18.08098],[-66.83507,18.07873],[-66.83884,18.07937],[-66.8415,18.07789],[-66.84307,18.08031],[-66.84796,18.08064],[-66.84773,18.08406],[-66.85256,18.08797],[-66.85431,18.08824],[-66.85287,18.0914],[-66.85338,18.0941],[-66.85487,18.09437],[-66.85507,18.09334],[-66.86179,18.09288],[-66.86357,18.09128],[-66.86533,18.09212]]]},"properties":{"TRACTCE":"750102","GEOID":"72153750102","NAME":"7501.02","NAMELSAD":"Census Tract 7501.02","COUNTYFP":"153"}},
{"type":"Feature","geometry":{"type":"Polygon","coordinates":[[[-66.86401,18.02421],[-66.86686,18.02212],[-66.86634,18.01929],[-66.85396,18.02511],[-66.85704,18.02927],[-66.85803,18.02857],[-66.85961,18.02971],[-66.86216,18.02783],[-66.86159,18.02697],[-66.86384,18.02608],[-66.86317,18.02524],[-66.86194,18.0257],[-66.86401,18.02421]]]},"properties":{"TRACTCE":"750502","GEOID":"72153750502","NAME":"7505.02","NAMELSAD":"Census Tract 7505.02","COUNTYFP":"153"}},
{"type":"Feature","geometry":{"type":"Polygon","coordinates":[[[-66.86963,18.03572],[-66.87736,18.03493],[-66.87544,18.02976],[-66.87239,18.02629],[-66.86861,18.02586],[-66.86818,18.02946],[-66.86605,18.02824],[-66.86828,18.02829],[-66.86687,18.02752],[-66.86738,18.02636],[-66.86674,18.02672],[-66.86578,18.02554],[-66.86733,18.02431],[-66.86698,18.02386],[-66.86537,18.02501],[-66.86633,18.02306],[-66.86401,18.02421],[-66.86194,18.0257],[-66.86317,18.02524],[-66.86384,18.02608],[-66.86159,18.02697],[-66.86216,18.02783],[-66.85961,18.02971],[-66.85803,18.02857],[-66.85704,18.02927],[-66.86009,18.03322],[-66.8605,18.03598],[-66.86555,18.03713],[-66.86963,18.03572]]]},"properties":{"TRACTCE":"750501","GEOID":"72153750501","NAME":"7505.01","NAMELSAD":"Census Tract 7505.01","COUNTYFP":"153"}},
{"type":"Feature","geometry":{"type":"Polygon","coordinates":[[[-66.86533,18.09212],[-66.86509,18.0927],[-66.87417,18.08767],[-66.87732,18.08809],[-66.87887,18.08465],[-66.87648,18.08011],[-66.87691,18.07513],[-66.87892,18.07238],[-66.88001,18.07216],[-66.8799,18.07122],[-66.88356,18.07402],[-66.88794,18.06929],[-66.88633,18.06868],[-66.88711,18.06625],[-66.88478,18.06528],[-66.88658,18.06339],[-66.8856,18.06238],[-66.88571,18.05783],[-66.88767,18.0556],[-66.88294,18.05229],[-66.88446,18.04924],[-66.88152,18.04854],[-66.881,18.0477],[-66.88222,18.04694],[-66.8793,18.04755],[-66.87355,18.04334],[-66.87212,18.04138],[-66.87243,18.04466],[-66.87134,18.04844],[-66.86768,18.05092],[-66.86538,18.04858],[-66.86142,18.04765],[-66.85963,18.04333],[-66.85662,18.04195],[-66.85577,18.04594],[-66.85237,18.04846],[-66.85156,18.05002],[-66.85746,18.05459],[-66.85859,18.05709],[-66.85991,18.05758],[-66.85888,18.05775],[-66.85981,18.0598],[-66.85925,18.06041],[-66.86186,18.06157],[-66.85967,18.06225],[-66.86007,18.06402],[-66.85791,18.066],[-66.85884,18.06716],[-66.85828,18.06911],[-66.85959,18.0712],[-66.85922,18.07277],[-66.86165,18.07451],[-66.86106,18.07648],[-66.86229,18.07762],[-66.86238,18.07917],[-66.86428,18.08019],[-66.86305,18.08043],[-66.86495,18.08216],[-66.86464,18.08361],[-66.86669,18.08567],[-66.86575,18.08738],[-66.86668,18.08889],[-66.86533,18.09212]]]},"properties":{"TRACTCE":"750202","GEOID":"72153750202","NAME":"7502.02","NAMELSAD":"Census Tract 7502.02","COUNTYFP":"153"}},
{"type":"Feature","geometry":{"type":"Polygon","coordinates":[[[-66.8605,18.03598],[-66.86009,18.03322],[-66.85704,18.02927],[-66.85396,18.02511],[-66.84064,18.03122],[-66.84238,18.03435],[-66.84329,18.03934],[-66.84557,18.03915],[-66.846,18.04063],[-66.84812,18.04103],[-66.85369,18.03933],[-66.85159,18.0429],[-66.85184,18.04414],[-66.85428,18.04452],[-66.85237,18.04846],[-66.85577,18.04594],[-66.85662,18.04195],[-66.8588,18.03901],[-66.85736,18.03788],[-66.85687,18.03539],[-66.8605,18.03598]]]},"properties":{"TRACTCE":"750400","GEOID":"72153750400","NAME":"7504","NAMELSAD":"Census Tract 7504","COUNTYFP":"153"}},
{"type":"Feature","geometry":{"type":"Polygon","coordinates":[[[-66.17576,18.44587],[-66.17823,18.44126],[-66.17962,18.44123],[-66.1777,18.4401],[-66.17863,18.43765],[-66.16521,18.43734],[-66.16377,18.44467],[-66.16231,18.44766],[-66.16286,18.4509],[-66.16626,18.45058],[-66.16587,18.4455],[-66.17576,18.44587]]]},"properties":{"TRACTCE":"122500","GEOID":"72137122500","NAME":"1225","NAMELSAD":"Census Tract 1225","COUNTYFP":"137"}},
{"type":"Feature","geometry":{"type":"Polygon","coordinates":[[[-66.18923,18.43352],[-66.18791,18.42618],[-66.19063,18.42143],[-66.19524,18.4197],[-66.19436,18.41921],[-66.19492,18.4177],[-66.19477,18.4175],[-66.19409,18.41869],[-66.19146,18.41825],[-66.18758,18.41956],[-66.18563,18.42144],[-66.18235,18.42178],[-66.18024,18.42136],[-66.17832,18.41919],[-66.17756,18.4193],[-66.17636,18.42282],[-66.17833,18.42625],[-66.17744,18.42734],[-66.17947,18.42835],[-66.17633,18.43164],[-66.18235,18.43178],[-66.18214,18.43363],[-66.1829,18.43434],[-66.18199,18.43752],[-66.18576,18.43696],[-66.18941,18.43675],[-66.18923,18.43352]]]},"properties":{"TRACTCE":"122600","GEOID":"72137122600","NAME":"1226","NAMELSAD":"Census Tract 1226","COUNTYFP":"137"}},
{"type":"Feature","geometry":{"type":"Polygon","coordinates":[[[-65.93104,18.39417],[-65.93044,18.39198],[-65.92882,18.3911],[-65.9289,18.38702],[-65.92371,18.38585],[-65.9222,18.38682],[-65.91841,18.38394],[-65.91485,18.38247],[-65.90844,18.38273],[-65.90378,18.38501],[-65.90477,18.38712],[-65.91096,18.38833],[-65.9132,18.38986],[-65.91278,18.39564],[-65.90975,18.40097],[-65.90968,18.40106],[-65.91449,18.40563],[-65.91928,18.40299],[-65.91901,18.40019],[-65.92413,18.40158],[-65.92682,18.39804],[-65.92676,18.39678],[-65.92978,18.39591],[-65.93104,18.39417]]]},"properties":{"TRACTCE":"100400","GEOID":"72029100400","NAME":"1004","NAMELSAD":"Census Tract 1004","COUNTYFP":"029"}},
{"type":"Feature","geometry":{"type":"Polygon","coordinates":[[[-66.12505,18.43915],[-66.12532,18.43906],[-66.12356,18.43434],[-66.12318,18.433],[-66.12221,18.43407],[-66.11717,18.43877],[-66.11435,18.44054],[-66.11185,18.43995],[-66.11128,18.44208],[-66.10959,18.44387],[-66.1117,18.44554],[-66.11455,18.44532],[-66.11933,18.44319],[-66.12345,18.44311],[-66.12311,18.43985],[-66.12505,18.43915]]]},"properties":{"TRACTCE":"020200","GEOID":"72033020200","NAME":"202","NAMELSAD":"Census Tract 202","COUNTYFP":"033"}},
{"type":"Feature","geometry":{"type":"Polygon","coordinates":[[[-66.04119,18.21965],[-66.04249,18.21783],[-66.04139,18.21757],[-66.03801,18.21681],[-66.03454,18.21467],[-66.03448,18.21354],[-66.03723,18.21112],[-66.03832,18.21223],[-66.03652,18.2128],[-66.0366,18.21372],[-66.03804,18.21288],[-66.04198,18.21338],[-66.04102,18.21267],[-66.03721,18.21058],[-66.03524,18.21152],[-66.03131,18.216],[-66.0296,18.21641],[-66.02832,18.21505],[-66.02676,18.2165],[-66.0292,18.21929],[-66.02862,18.22303],[-66.02936,18.22415],[-66.02842,18.22519],[-66.02679,18.22477],[-66.02799,18.22621],[-66.02989,18.22392],[-66.03065,18.22431],[-66.03227,18.22319],[-66.03842,18.22474],[-66.04119,18.21965]]]},"properties":{"TRACTCE":"201800","GEOID":"72025201800","NAME":"2018","NAMELSAD":"Census Tract 2018","COUNTYFP":"025"}},
{"type":"Feature","geometry":{"type":"Polygon","coordinates":[[[-66.04139,18.21757],[-66.04198,18.21338],[-66.03804,18.21288],[-66.0366,18.21372],[-66.03652,18.2128],[-66.03832,18.21223],[-66.03723,18.21112],[-66.03448,18.21354],[-66.03454,18.21467],[-66.03801,18.21681],[-66.04139,18.21757]]]},"properties":{"TRACTCE":"201900","GEOID":"72025201900","NAME":"2019","NAMELSAD":"Census Tract 2019","COUNTYFP":"025"}},
{"type":"Feature","geometry":{"type":"Polygon","coordinates":[[[-66.05165,18.21426],[-66.05009,18.20889],[-66.04792,18.2101],[-66.04982,18.2042],[-66.05165,18.20174],[-66.05004,18.20109],[-66.04928,18.20359],[-66.04773,18.20492],[-66.04779,18.20749],[-66.04485,18.20787],[-66.0426,18.20612],[-66.0415,18.2064],[-66.04102,18.21267],[-66.04198,18.21338],[-66.04139,18.21757],[-66.04249,18.21783],[-66.04119,18.21965],[-66.04835,18.21629],[-66.05165,18.21426]]]},"properties":{"TRACTCE":"202000","GEOID":"72025202000","NAME":"2020","NAMELSAD":"Census Tract 2020","COUNTYFP":"025"}},
{"type":"Feature","geometry":{"type":"Polygon","coordinates":[[[-66.0615,18.21125],[-66.06395,18.20517],[-66.06613,18.20368],[-66.06488,18.20287],[-66.05819,18.20664],[-66.05009,18.20889],[-66.05165,18.21426],[-66.05768,18.21202],[-66.0615,18.21125]]]},"properties":{"TRACTCE":"202100","GEOID":"72025202100","NAME":"2021","NAMELSAD":"Census Tract 2021","COUNTYFP":"025"}},
{"type":"Feature","geometry":{"type":"Polygon","coordinates":[[[-66.05704,18.22562],[-66.0602,18.22242],[-66.0582,18.22126],[-66.06008,18.21928],[-66.05851,18.2147],[-66.05527,18.21559],[-66.05163,18.21809],[-66.05221,18.21959],[-66.05023,18.22209],[-66.05704,18.22562]]]},"properties":{"TRACTCE":"202300","GEOID":"72025202300","NAME":"2023","NAMELSAD":"Census Tract 2023","COUNTYFP":"025"}},
{"type":"Feature","geometry":{"type":"Polygon","coordinates":[[[-66.07871,18.20246],[-66.07668,18.20268],[-66.07535,18.19372],[-66.07155,18.19158],[-66.07051,18.19198],[-66.07018,18.19093],[-66.06768,18.19271],[-66.06373,18.19125],[-66.06185,18.19159],[-66.06195,18.18956],[-66.05753,18.18796],[-66.04995,18.18526],[-66.04381,18.18833],[-66.04348,18.18942],[-66.04039,18.18934],[-66.03728,18.19074],[-66.03571,18.19008],[-66.03301,18.18695],[-66.03181,18.18682],[-66.02512,18.20135],[-66.02665,18.20383],[-66.02582,18.20692],[-66.02927,18.21362],[-66.02832,18.21505],[-66.0296,18.21641],[-66.03131,18.216],[-66.03524,18.21152],[-66.03721,18.21058],[-66.04102,18.21267],[-66.0415,18.2064],[-66.0426,18.20612],[-66.04485,18.20787],[-66.04779,18.20749],[-66.04773,18.20492],[-66.04928,18.20359],[-66.05004,18.20109],[-66.05165,18.20174],[-66.04982,18.2042],[-66.04792,18.2101],[-66.05009,18.20889],[-66.05819,18.20664],[-66.06488,18.20287],[-66.06613,18.20368],[-66.06395,18.20517],[-66.0615,18.21125],[-66.06442,18.21266],[-66.06807,18.21146],[-66.07265,18.20872],[-66.07318,18.20469],[-66.07636,18.20422],[-66.07815,18.20288],[-66.07871,18.20246]]]},"properties":{"TRACTCE":"202500","GEOID":"72025202500","NAME":"2025","NAMELSAD":"Census Tract 2025","COUNTYFP":"025"}},
{"type":"Feature","geometry":{"type":"Polygon","coordinates":[[[-66.03181,18.18682],[-66.02991,18.18525],[-66.02759,18.18661],[-66.0252,18.18603],[-66.02225,18.18245],[-66.01966,18.18136],[-66.01683,18.17633],[-66.01259,18.17682],[-66.01198,18.17876],[-66.01336,18.18193],[-66.01195,18.18268],[-66.01132,18.18606],[-66.00586,18.18647],[-66.00385,18.1856],[-66.00136,18.18865],[-65.99939,18.18876],[-65.99826,18.19244],[-65.99897,18.19376],[-65.99815,18.19531],[-66.00024,18.19765],[-66.0005,18.20199],[-65.99765,18.20699],[-66.00041,18.21037],[-65.99961,18.2183],[-66.00231,18.21906],[-66.00324,18.2186],[-66.00302,18.21785],[-66.00546,18.21464],[-66.00456,18.21354],[-66.01037,18.20737],[-66.00961,18.20551],[-66.00663,18.20272],[-66.00719,18.19931],[-66.0054,18.19863],[-66.00504,18.1964],[-66.0038,18.19498],[-66.00567,18.19588],[-66.00885,18.19571],[-66.00886,18.1971],[-66.0094,18.19621],[-66.01147,18.20039],[-66.0123,18.20793],[-66.01574,18.20918],[-66.01707,18.21098],[-66.01896,18.22031],[-66.01898,18.22091],[-66.02226,18.22148],[-66.02679,18.22477],[-66.02842,18.22519],[-66.02936,18.22415],[-66.02862,18.22303],[-66.0292,18.21929],[-66.02676,18.2165],[-66.02832,18.21505],[-66.02927,18.21362],[-66.02582,18.20692],[-66.02665,18.20383],[-66.02512,18.20135],[-66.03181,18.18682]]]},"properties":{"TRACTCE":"202602","GEOID":"72025202602","NAME":"2026.02","NAMELSAD":"Census Tract 2026.02","COUNTYFP":"025"}},
{"type":"Feature","geometry":{"type":"Polygon","coordinates":[[[-66.10172,18.18306],[-66.1051,18.17154],[-66.10242,18.16943],[-66.10063,18.16982],[-66.09681,18.1682],[-66.0951,18.16908],[-66.09122,18.16524],[-66.08985,18.16184],[-66.08336,18.15629],[-66.08034,18.15215],[-66.07135,18.14989],[-66.0679,18.1562],[-66.06853,18.15673],[-66.06732,18.15798],[-66.06772,18.15896],[-66.06615,18.15975],[-66.06609,18.1612],[-66.06387,18.16471],[-66.06423,18.1659],[-66.06121,18.1696],[-66.05785,18.17108],[-66.0588,18.18016],[-66.05753,18.18796],[-66.06195,18.18956],[-66.06185,18.19159],[-66.06373,18.19125],[-66.06768,18.19271],[-66.07018,18.19093],[-66.07051,18.19198],[-66.07155,18.19158],[-66.07535,18.19372],[-66.08166,18.19431],[-66.08265,18.19518],[-66.0852,18.19424],[-66.08534,18.19331],[-66.08801,18.19402],[-66.08878,18.19187],[-66.0904,18.1922],[-66.09189,18.18959],[-66.09482,18.18878],[-66.09606,18.18671],[-66.09575,18.18539],[-66.09833,18.18571],[-66.09969,18.18345],[-66.10172,18.18306]]]},"properties":{"TRACTCE":"202800","GEOID":"72025202800","NAME":"2028","NAMELSAD":"Census Tract 2028","COUNTYFP":"025"}},
{"type":"Feature","geometry":{"type":"Polygon","coordinates":[[[-66.05346,18.22816],[-66.05412,18.22854],[-66.05704,18.22562],[-66.05023,18.22209],[-66.04776,18.22158],[-66.04686,18.22449],[-66.05346,18.22816]]]},"properties":{"TRACTCE":"201400","GEOID":"72025201400","NAME":"2014","NAMELSAD":"Census Tract 2014","COUNTYFP":"025"}},
{"type":"Feature","geometry":{"type":"Polygon","coordinates":[[[-66.1317,18.43539],[-66.13698,18.43032],[-66.13121,18.42504],[-66.12318,18.433],[-66.12356,18.43434],[-66.12647,18.43292],[-66.12571,18.43518],[-66.13025,18.43373],[-66.1317,18.43539]]]},"properties":{"TRACTCE":"980007","GEOID":"72033980007","NAME":"9800.07","NAMELSAD":"Census Tract 9800.07","COUNTYFP":"033"}},
{"type":"Feature","geometry":{"type":"Polygon","coordinates":[[[-66.0134,18.24773],[-66.01465,18.24537],[-66.01416,18.24403],[-66.0116,18.24146],[-66.00946,18.24105],[-66.00813,18.23638],[-66.00559,18.23521],[-66.00289,18.23656],[-66.00241,18.24008],[-66.00042,18.24247],[-66.00091,18.24432],[-65.99377,18.24673],[-65.98529,18.24818],[-65.98508,18.25227],[-65.98617,18.25358],[-65.9882,18.25418],[-65.98766,18.25578],[-65.98942,18.2593],[-65.98768,18.26077],[-65.98604,18.25963],[-65.97897,18.25997],[-65.9738,18.25724],[-65.97309,18.26034],[-65.97188,18.26583],[-65.97304,18.26577],[-65.9789,18.26127],[-65.98046,18.26247],[-65.98071,18.26615],[-65.98298,18.26783],[-65.98383,18.2663],[-65.98572,18.26647],[-65.98409,18.26297],[-65.98424,18.26205],[-65.98585,18.262],[-65.99166,18.26555],[-65.99345,18.26529],[-65.99624,18.26638],[-65.99961,18.26929],[-66.00251,18.26913],[-66.00764,18.27079],[-66.00868,18.27191],[-66.00919,18.2715],[-66.01001,18.26943],[-66.00714,18.26693],[-66.01397,18.26471],[-66.0144,18.26387],[-66.01072,18.25088],[-66.0134,18.24773]]]},"properties":{"TRACTCE":"210505","GEOID":"72063210505","NAME":"2105.05","NAMELSAD":"Census Tract 2105.05","COUNTYFP":"063"}},
{"type":"Feature","geometry":{"type":"Polygon","coordinates":[[[-65.96925,18.28673],[-65.96795,18.28462],[-65.96851,18.28371],[-65.96731,18.28029],[-65.96815,18.27774],[-65.96467,18.27401],[-65.96517,18.26789],[-65.9687,18.26644],[-65.97263,18.25898],[-65.96774,18.25658],[-65.96478,18.25598],[-65.96428,18.25838],[-65.96286,18.26006],[-65.9606,18.26073],[-65.95938,18.26187],[-65.95727,18.26203],[-65.95646,18.2632],[-65.95594,18.26712],[-65.95531,18.267],[-65.95427,18.26929],[-65.95542,18.27143],[-65.95923,18.27234],[-65.95706,18.27292],[-65.95429,18.2758],[-65.95277,18.28199],[-65.95861,18.28312],[-65.95885,18.28481],[-65.96003,18.28558],[-65.96371,18.28529],[-65.96925,18.28673]]]},"properties":{"TRACTCE":"210203","GEOID":"72063210203","NAME":"2102.03","NAMELSAD":"Census Tract 2102.03","COUNTYFP":"063"}},
{"type":"Feature","geometry":{"type":"Polygon","coordinates":[[[-65.9606,18.26073],[-65.95994,18.25994],[-65.96078,18.25838],[-65.95984,18.25639],[-65.95784,18.2565],[-65.95717,18.26027],[-65.95501,18.26073],[-65.95381,18.25983],[-65.95332,18.25759],[-65.95019,18.25269],[-65.94789,18.25083],[-65.94623,18.2524],[-65.94371,18.25304],[-65.94085,18.25027],[-65.93638,18.25921],[-65.93497,18.26018],[-65.93465,18.26206],[-65.92853,18.26655],[-65.92755,18.26816],[-65.92435,18.26934],[-65.91973,18.26932],[-65.91854,18.27013],[-65.92418,18.27262],[-65.92331,18.27473],[-65.92526,18.27534],[-65.92878,18.27478],[-65.93292,18.27551],[-65.9388,18.2789],[-65.95277,18.28199],[-65.95429,18.2758],[-65.95706,18.27292],[-65.95923,18.27234],[-65.95542,18.27143],[-65.95427,18.26929],[-65.95531,18.267],[-65.95594,18.26712],[-65.95646,18.2632],[-65.95727,18.26203],[-65.95938,18.26187],[-65.9606,18.26073]]]},"properties":{"TRACTCE":"210204","GEOID":"72063210204","NAME":"2102.04","NAMELSAD":"Census Tract 2102.04","COUNTYFP":"063"}},
{"type":"Feature","geometry":{"type":"Polygon","coordinates":[[[-65.99745,18.22605],[-66.00607,18.22298],[-66.00736,18.22526],[-66.01094,18.22473],[-66.01368,18.22538],[-66.01345,18.22485],[-66.01077,18.22107],[-66.00324,18.2186],[-66.00231,18.21906],[-65.99961,18.2183],[-66.00041,18.21037],[-65.99765,18.20699],[-65.99403,18.20841],[-65.99357,18.21052],[-65.99189,18.21179],[-65.98976,18.21962],[-65.99079,18.22081],[-65.99367,18.22073],[-65.98989,18.22183],[-65.99726,18.22476],[-65.99745,18.22605]]]},"properties":{"TRACTCE":"210506","GEOID":"72063210506","NAME":"2105.06","NAMELSAD":"Census Tract 2105.06","COUNTYFP":"063"}},
{"type":"Feature","geometry":{"type":"Polygon","coordinates":[[[-66.01147,18.22958],[-66.01347,18.22759],[-66.01368,18.22538],[-66.01094,18.22473],[-66.00736,18.22526],[-66.00607,18.22298],[-65.99745,18.22605],[-65.99994,18.23194],[-66.0031,18.2332],[-66.00289,18.23656],[-66.00559,18.23521],[-66.00813,18.23638],[-66.00902,18.23142],[-66.01147,18.22958]]]},"properties":{"TRACTCE":"210507","GEOID":"72063210507","NAME":"2105.07","NAMELSAD":"Census Tract 2105.07","COUNTYFP":"063"}},
{"type":"Feature","geometry":{"type":"Polygon","coordinates":[[[-67.15074,18.47754],[-67.15215,18.4739],[-67.15217,18.46942],[-67.1484,18.46357],[-67.1483,18.46043],[-67.14387,18.44441],[-67.14286,18.44386],[-67.14085,18.44554],[-67.13931,18.44986],[-67.13747,18.45166],[-67.13508,18.45642],[-67.13219,18.4595],[-67.1327,18.46395],[-67.13512,18.467],[-67.13469,18.47377],[-67.13317,18.47675],[-67.14136,18.47886],[-67.15074,18.47754]]]},"properties":{"TRACTCE":"400502","GEOID":"72005400502","NAME":"4005.02","NAMELSAD":"Census Tract 4005.02","COUNTYFP":"005"}},
{"type":"Feature","geometry":{"type":"Polygon","coordinates":[[[-67.05881,18.47042],[-67.06175,18.46958],[-67.06234,18.47097],[-67.06546,18.47311],[-67.06901,18.4743],[-67.06879,18.47714],[-67.07129,18.47719],[-67.07237,18.47597],[-67.08296,18.47356],[-67.08298,18.47213],[-67.08491,18.47137],[-67.08463,18.46598],[-67.09398,18.46422],[-67.10029,18.45972],[-67.10121,18.45815],[-67.09212,18.45494],[-67.09495,18.45207],[-67.07417,18.45678],[-67.05651,18.46095],[-67.0564,18.4688],[-67.05865,18.46881],[-67.05881,18.47042]]]},"properties":{"TRACTCE":"401401","GEOID":"72005401401","NAME":"4014.01","NAMELSAD":"Census Tract 4014.01","COUNTYFP":"005"}},
{"type":"Feature","geometry":{"type":"Polygon","coordinates":[[[-65.76683,18.28],[-65.76465,18.27827],[-65.76506,18.2763],[-65.76352,18.27561],[-65.7624,18.27133],[-65.75948,18.26967],[-65.75797,18.26752],[-65.75636,18.26757],[-65.75409,18.26497],[-65.74962,18.2628],[-65.73907,18.26079],[-65.73786,18.2588],[-65.73622,18.25805],[-65.73545,18.25614],[-65.73225,18.25568],[-65.73224,18.25396],[-65.73008,18.25296],[-65.7217,18.25224],[-65.72116,18.25274],[-65.72185,18.25433],[-65.72111,18.25519],[-65.72175,18.25737],[-65.71662,18.25782],[-65.71371,18.25717],[-65.71208,18.25553],[-65.70999,18.25656],[-65.70587,18.25646],[-65.70248,18.2595],[-65.70037,18.25685],[-65.69734,18.25678],[-65.69506,18.255],[-65.69341,18.25077],[-65.68844,18.2516],[-65.68478,18.25388],[-65.68219,18.25186],[-65.68296,18.24894],[-65.68372,18.24741],[-65.68639,18.24637],[-65.68699,18.24482],[-65.68996,18.24259],[-65.6899,18.2415],[-65.68305,18.24708],[-65.67795,18.25284],[-65.67531,18.25336],[-65.6756,18.25449],[-65.6731,18.25684],[-65.67339,18.25822],[-65.67224,18.25993],[-65.66389,18.25719],[-65.6536,18.2621],[-65.64814,18.26193],[-65.64749,18.2656],[-65.65135,18.27051],[-65.65177,18.27577],[-65.65412,18.27876],[-65.6556,18.2799],[-65.66234,18.28108],[-65.66922,18.27843],[-65.67492,18.28337],[-65.67475,18.27972],[-65.67926,18.27459],[-65.68322,18.27569],[-65.68992,18.28094],[-65.69072,18.28312],[-65.69501,18.28568],[-65.69871,18.28248],[-65.70019,18.28001],[-65.70148,18.2797],[-65.7002,18.27585],[-65.70227,18.27621],[-65.70225,18.27522],[-65.69989,18.27308],[-65.7011,18.27191],[-65.70316,18.27087],[-65.70414,18.2727],[-65.70579,18.27258],[-65.70931,18.27026],[-65.71418,18.2698],[-65.7154,18.26785],[-65.71716,18.26765],[-65.71918,18.26905],[-65.71934,18.27047],[-65.72795,18.27167],[-65.73259,18.27488],[-65.73762,18.27375],[-65.73829,18.27506],[-65.73785,18.27728],[-65.74067,18.27998],[-65.7386,18.28076],[-65.7372,18.28271],[-65.73893,18.28344],[-65.74141,18.28767],[-65.74364,18.2884],[-65.74547,18.29119],[-65.74922,18.29384],[-65.7522,18.29468],[-65.75359,18.29676],[-65.75886,18.2906],[-65.76236,18.28864],[-65.76683,18.28]]]},"properties":{"TRACTCE":"160202","GEOID":"72037160202","NAME":"1602.02","NAMELSAD":"Census Tract 1602.02","COUNTYFP":"037"}},
{"type":"Feature","geometry":{"type":"Polygon","coordinates":[[[-65.63636,18.28458],[-65.6382,18.28451],[-65.64043,18.28284],[-65.64122,18.28326],[-65.64112,18.28223],[-65.64605,18.28163],[-65.64922,18.28295],[-65.65043,18.28213],[-65.65091,18.28284],[-65.65421,18.28271],[-65.65733,18.28469],[-65.66085,18.28497],[-65.66254,18.28574],[-65.66246,18.28656],[-65.66627,18.28808],[-65.66844,18.28473],[-65.67492,18.28337],[-65.66922,18.27843],[-65.66234,18.28108],[-65.6556,18.2799],[-65.65412,18.27876],[-65.65177,18.27577],[-65.65135,18.27051],[-65.64749,18.2656],[-65.64814,18.26193],[-65.64367,18.26142],[-65.63804,18.2686],[-65.63636,18.28458]]]},"properties":{"TRACTCE":"160201","GEOID":"72037160201","NAME":"1602.01","NAMELSAD":"Census Tract 1602.01","COUNTYFP":"037"}},
{"type":"Feature","geometry":{"type":"Polygon","coordinates":[[[-65.75359,18.29676],[-65.7522,18.29468],[-65.74922,18.29384],[-65.74547,18.29119],[-65.74364,18.2884],[-65.74141,18.28767],[-65.73893,18.28344],[-65.7372,18.28271],[-65.7386,18.28076],[-65.74067,18.27998],[-65.73785,18.27728],[-65.73829,18.27506],[-65.73762,18.27375],[-65.73259,18.27488],[-65.72795,18.27167],[-65.71934,18.27047],[-65.71918,18.26905],[-65.71716,18.26765],[-65.7154,18.26785],[-65.71418,18.2698],[-65.70931,18.27026],[-65.70579,18.27258],[-65.70414,18.2727],[-65.70316,18.27087],[-65.7011,18.27191],[-65.69989,18.27308],[-65.70225,18.27522],[-65.70227,18.27621],[-65.7002,18.27585],[-65.70148,18.2797],[-65.70019,18.28001],[-65.69871,18.28248],[-65.69501,18.28568],[-65.69072,18.28312],[-65.68992,18.28094],[-65.68322,18.27569],[-65.67926,18.27459],[-65.67475,18.27972],[-65.67492,18.28337],[-65.66844,18.28473],[-65.66627,18.28808],[-65.66246,18.28656],[-65.66254,18.28574],[-65.66085,18.28497],[-65.65733,18.28469],[-65.65421,18.28271],[-65.65091,18.28284],[-65.65043,18.28213],[-65.64922,18.28295],[-65.64605,18.28163],[-65.64112,18.28223],[-65.64122,18.28326],[-65.64043,18.28284],[-65.6382,18.28451],[-65.63636,18.28458],[-65.63437,18.28358],[-65.63149,18.28479],[-65.6246,18.28775],[-65.6246,18.28798],[-65.63774,18.29148],[-65.63974,18.2943],[-65.64578,18.29795],[-65.64955,18.30495],[-65.65044,18.31464],[-65.65189,18.3178],[-65.65376,18.31666],[-65.6555,18.31276],[-65.65858,18.31285],[-65.66044,18.31126],[-65.66245,18.31113],[-65.66918,18.31391],[-65.67695,18.31204],[-65.67762,18.30949],[-65.67946,18.30852],[-65.67916,18.30705],[-65.68007,18.3062],[-65.6797,18.30843],[-65.68066,18.30811],[-65.68233,18.30946],[-65.68185,18.31592],[-65.68417,18.32375],[-65.68545,18.32378],[-65.68665,18.32257],[-65.68939,18.32351],[-65.69544,18.32499],[-65.69885,18.32406],[-65.70143,18.32131],[-65.70393,18.32083],[-65.70496,18.31855],[-65.70449,18.30935],[-65.70817,18.30793],[-65.7092,18.30656],[-65.71946,18.30658],[-65.72077,18.30408],[-65.72049,18.29606],[-65.72481,18.29512],[-65.72552,18.29208],[-65.73159,18.29019],[-65.73207,18.28817],[-65.73334,18.28803],[-65.73765,18.29629],[-65.73926,18.2957],[-65.74339,18.29945],[-65.75011,18.30129],[-65.75359,18.29676]]]},"properties":{"TRACTCE":"150602","GEOID":"72053150602","NAME":"1506.02","NAMELSAD":"Census Tract 1506.02","COUNTYFP":"053"}},
{"type":"Feature","geometry":{"type":"Polygon","coordinates":[[[-65.64487,18.32445],[-65.6466,18.32418],[-65.64709,18.32229],[-65.6503,18.32194],[-65.65184,18.32009],[-65.65127,18.31828],[-65.65189,18.3178],[-65.65044,18.31464],[-65.64955,18.30495],[-65.64578,18.29795],[-65.63974,18.2943],[-65.63774,18.29148],[-65.6246,18.28798],[-65.6246,18.32812],[-65.62868,18.32812],[-65.62994,18.32899],[-65.62975,18.33066],[-65.63071,18.33096],[-65.63381,18.3266],[-65.63825,18.32754],[-65.64238,18.32592],[-65.64191,18.32483],[-65.64337,18.32381],[-65.64487,18.32445]]]},"properties":{"TRACTCE":"150601","GEOID":"72053150601","NAME":"1506.01","NAMELSAD":"Census Tract 1506.01","COUNTYFP":"053"}},
{"type":"Feature","geometry":{"type":"Polygon","coordinates":[[[-66.15188,18.44704],[-66.15002,18.44319],[-66.1522,18.44237],[-66.15214,18.4388],[-66.14959,18.43869],[-66.14947,18.43683],[-66.13869,18.43899],[-66.13912,18.44368],[-66.13685,18.44669],[-66.13969,18.45087],[-66.14144,18.44876],[-66.14249,18.44956],[-66.14664,18.44632],[-66.15186,18.44708],[-66.15188,18.44704]]]},"properties":{"TRACTCE":"980005","GEOID":"72033980005","NAME":"9800.05","NAMELSAD":"Census Tract 9800.05","COUNTYFP":"033"}},
{"type":"Feature","geometry":{"type":"Polygon","coordinates":[[[-66.15954,18.44566],[-66.16069,18.44659],[-66.15915,18.45007],[-66.16102,18.44933],[-66.16231,18.44766],[-66.16003,18.43492],[-66.16105,18.4315],[-66.16007,18.42551],[-66.15854,18.42156],[-66.15742,18.42171],[-66.15548,18.42198],[-66.15702,18.4269],[-66.15954,18.44566]]]},"properties":{"TRACTCE":"980002","GEOID":"72033980002","NAME":"9800.02","NAMELSAD":"Census Tract 9800.02","COUNTYFP":"033"}},
{"type":"Feature","geometry":{"type":"Polygon","coordinates":[[[-66.40194,18.18962],[-66.40053,18.18819],[-66.4009,18.18607],[-66.4033,18.18454],[-66.40355,18.18228],[-66.40507,18.1806],[-66.40463,18.17841],[-66.4016,18.17611],[-66.40284,18.17398],[-66.40461,18.1733],[-66.40566,18.17425],[-66.40916,18.17415],[-66.41003,18.17482],[-66.40898,18.17273],[-66.40633,18.17041],[-66.40572,18.16549],[-66.40425,18.16733],[-66.40167,18.16672],[-66.40118,18.16474],[-66.39214,18.16642],[-66.38916,18.17018],[-66.38895,18.1725],[-66.38491,18.17224],[-66.38352,18.17307],[-66.38211,18.17226],[-66.3793,18.17331],[-66.37812,18.1725],[-66.37644,18.17285],[-66.37461,18.1749],[-66.37377,18.17369],[-66.37204,18.17695],[-66.37379,18.18411],[-66.37071,18.18584],[-66.36567,18.18535],[-66.36478,18.18692],[-66.36766,18.19469],[-66.36732,18.19693],[-66.36373,18.20066],[-66.36088,18.19988],[-66.35597,18.19378],[-66.35601,18.19222],[-66.35463,18.19193],[-66.35395,18.19214],[-66.35429,18.19328],[-66.3522,18.19323],[-66.35161,18.19423],[-66.35209,18.19744],[-66.353,18.19837],[-66.35065,18.20555],[-66.35254,18.21047],[-66.35155,18.21846],[-66.35373,18.2186],[-66.35274,18.22056],[-66.35449,18.22286],[-66.35341,18.2261],[-66.35214,18.22497],[-66.35167,18.22586],[-66.35366,18.22711],[-66.35432,18.22953],[-66.35601,18.2296],[-66.35697,18.22796],[-66.3592,18.22953],[-66.36051,18.22845],[-66.36254,18.22825],[-66.36429,18.23102],[-66.36618,18.23192],[-66.36574,18.23031],[-66.3673,18.22988],[-66.3677,18.22842],[-66.36925,18.22777],[-66.36897,18.23181],[-66.3731,18.23279],[-66.37443,18.23209],[-66.3752,18.23368],[-66.37679,18.23218],[-66.37897,18.22741],[-66.37807,18.22545],[-66.37527,18.22469],[-66.37433,18.22229],[-66.37645,18.22282],[-66.38097,18.22226],[-66.38233,18.2193],[-66.38387,18.21902],[-66.3842,18.21665],[-66.38761,18.21482],[-66.39365,18.21409],[-66.39354,18.21282],[-66.3911,18.21054],[-66.39108,18.2087],[-66.38931,18.20589],[-66.38598,18.20619],[-66.38247,18.20445],[-66.38108,18.20352],[-66.38103,18.20107],[-66.38381,18.20112],[-66.38531,18.19976],[-66.38551,18.19852],[-66.38359,18.19603],[-66.38374,18.19412],[-66.38885,18.19005],[-66.39381,18.18871],[-66.39652,18.18943],[-66.39791,18.18744],[-66.40098,18.19015],[-66.40194,18.18962]]]},"properties":{"TRACTCE":"955001","GEOID":"72107955001","NAME":"9550.01","NAMELSAD":"Census Tract 9550.01","COUNTYFP":"107"}},
{"type":"Feature","geometry":{"type":"Polygon","coordinates":[[[-66.54716,18.15326],[-66.54441,18.1478],[-66.54155,18.14737],[-66.53753,18.14895],[-66.53432,18.1525],[-66.52939,18.15225],[-66.52778,18.15332],[-66.52194,18.15207],[-66.51907,18.15445],[-66.51629,18.15431],[-66.51346,18.15568],[-66.51067,18.15978],[-66.50796,18.16099],[-66.50568,18.16349],[-66.50179,18.16481],[-66.4972,18.16545],[-66.49633,18.16709],[-66.49483,18.16647],[-66.49065,18.16715],[-66.48856,18.16593],[-66.48696,18.16706],[-66.48579,18.16683],[-66.48262,18.16944],[-66.47737,18.17001],[-66.4756,18.17228],[-66.47287,18.17243],[-66.47235,18.17567],[-66.47032,18.17815],[-66.46751,18.17749],[-66.464,18.17885],[-66.46155,18.17715],[-66.45793,18.17654],[-66.45255,18.17843],[-66.44561,18.1753],[-66.44456,18.17667],[-66.43607,18.1755],[-66.43126,18.17351],[-66.42799,18.17094],[-66.42484,18.1708],[-66.42346,18.17207],[-66.4209,18.16632],[-66.41354,18.16329],[-66.41228,18.16426],[-66.40984,18.16302],[-66.40683,18.16404],[-66.40572,18.16549],[-66.40633,18.17041],[-66.40898,18.17273],[-66.41107,18.17202],[-66.4102,18.1731],[-66.41207,18.17712],[-66.41689,18.18148],[-66.41923,18.18139],[-66.42135,18.18305],[-66.42356,18.18167],[-66.42568,18.18203],[-66.43011,18.18713],[-66.43232,18.18859],[-66.4339,18.18754],[-66.4373,18.18914],[-66.43815,18.19195],[-66.44053,18.19232],[-66.44041,18.19329],[-66.44276,18.19517],[-66.44606,18.20193],[-66.446,18.20473],[-66.4485,18.20968],[-66.44701,18.21046],[-66.44746,18.21237],[-66.45155,18.21561],[-66.45481,18.21543],[-66.4547,18.21773],[-66.45701,18.21998],[-66.45754,18.22194],[-66.46057,18.22224],[-66.46216,18.22862],[-66.46448,18.22963],[-66.46386,18.23219],[-66.46179,18.23225],[-66.46193,18.235],[-66.4598,18.23568],[-66.45661,18.2352],[-66.45559,18.23618],[-66.4546,18.23392],[-66.45441,18.23646],[-66.4559,18.23713],[-66.45811,18.23605],[-66.46054,18.23783],[-66.46479,18.23922],[-66.46823,18.23824],[-66.46694,18.23687],[-66.46936,18.23496],[-66.46741,18.23426],[-66.47113,18.23362],[-66.47164,18.2361],[-66.47507,18.2372],[-66.4751,18.23869],[-66.47209,18.24444],[-66.47204,18.24597],[-66.47253,18.24526],[-66.474,18.24604],[-66.47239,18.24705],[-66.47594,18.25016],[-66.48278,18.25258],[-66.48657,18.25305],[-66.48947,18.25238],[-66.49161,18.25327],[-66.49374,18.25208],[-66.4951,18.25281],[-66.49696,18.25233],[-66.49826,18.25459],[-66.50107,18.25684],[-66.50262,18.25061],[-66.50593,18.25063],[-66.50825,18.24916],[-66.51221,18.24282],[-66.50993,18.24069],[-66.50975,18.23886],[-66.50769,18.2384],[-66.50693,18.23686],[-66.50873,18.23029],[-66.50971,18.22966],[-66.51223,18.23048],[-66.5179,18.2299],[-66.51678,18.22863],[-66.51771,18.22593],[-66.51539,18.21503],[-66.51241,18.21084],[-66.51413,18.20755],[-66.51229,18.20634],[-66.51278,18.20332],[-66.51116,18.19897],[-66.51262,18.19708],[-66.51328,18.1935],[-66.51465,18.19212],[-66.51361,18.18786],[-66.51525,18.18514],[-66.51278,18.18353],[-66.51311,18.18076],[-66.51081,18.17743],[-66.51143,18.17337],[-66.5126,18.17132],[-66.51189,18.1668],[-66.51291,18.16593],[-66.51532,18.16768],[-66.51795,18.16692],[-66.51992,18.16384],[-66.52264,18.16171],[-66.52659,18.16068],[-66.52716,18.15887],[-66.53097,18.15569],[-66.53256,18.15659],[-66.53378,18.15906],[-66.53607,18.15941],[-66.53724,18.16047],[-66.53893,18.16015],[-66.54313,18.1631],[-66.54321,18.16158],[-66.54484,18.16026],[-66.54415,18.15833],[-66.54683,18.15502],[-66.54716,18.15326]]]},"properties":{"TRACTCE":"954901","GEOID":"72107954901","NAME":"9549.01","NAMELSAD":"Census Tract 9549.01","COUNTYFP":"107"}},
{"type":"Feature","geometry":{"type":"Polygon","coordinates":[[[-66.42745,18.26067],[-66.42577,18.25754],[-66.42822,18.25533],[-66.4279,18.25382],[-66.42538,18.25207],[-66.42332,18.24837],[-66.42118,18.24816],[-66.41838,18.24476],[-66.41686,18.2449],[-66.41478,18.24188],[-66.41275,18.24236],[-66.41239,18.24128],[-66.41046,18.24259],[-66.40982,18.24068],[-66.40926,18.24095],[-66.40886,18.24167],[-66.40986,18.24211],[-66.40792,18.24368],[-66.40853,18.24454],[-66.40724,18.24575],[-66.40733,18.24671],[-66.40858,18.24677],[-66.40525,18.24819],[-66.40411,18.24974],[-66.3981,18.2443],[-66.39302,18.24737],[-66.39183,18.24727],[-66.38975,18.24446],[-66.38459,18.24163],[-66.38085,18.23746],[-66.37942,18.23917],[-66.37763,18.23741],[-66.37558,18.2376],[-66.37718,18.23492],[-66.3752,18.23368],[-66.37443,18.23209],[-66.3731,18.23279],[-66.36897,18.23181],[-66.36925,18.22777],[-66.3677,18.22842],[-66.3673,18.22988],[-66.36574,18.23031],[-66.36618,18.23192],[-66.36429,18.23102],[-66.36254,18.22825],[-66.36051,18.22845],[-66.3592,18.22953],[-66.35697,18.22796],[-66.35601,18.2296],[-66.35432,18.22953],[-66.35366,18.22711],[-66.35167,18.22586],[-66.35214,18.22497],[-66.35118,18.22497],[-66.35028,18.22718],[-66.35161,18.23192],[-66.35079,18.24124],[-66.3522,18.24409],[-66.35307,18.24465],[-66.35384,18.24407],[-66.35799,18.2461],[-66.35801,18.25021],[-66.36412,18.25934],[-66.3728,18.2699],[-66.37551,18.27137],[-66.37844,18.27446],[-66.38263,18.27432],[-66.38322,18.27497],[-66.38245,18.27924],[-66.38055,18.28327],[-66.37743,18.28628],[-66.37871,18.28762],[-66.37835,18.2904],[-66.3791,18.29219],[-66.37771,18.29398],[-66.38403,18.2908],[-66.3849,18.28644],[-66.38872,18.27683],[-66.39096,18.27339],[-66.3928,18.27333],[-66.39821,18.26893],[-66.40943,18.26331],[-66.42745,18.26067]]]},"properties":{"TRACTCE":"954801","GEOID":"72107954801","NAME":"9548.01","NAMELSAD":"Census Tract 9548.01","COUNTYFP":"107"}},
{"type":"Feature","geometry":{"type":"Polygon","coordinates":[[[-66.3981,18.2443],[-66.39745,18.24055],[-66.39951,18.23823],[-66.39743,18.23668],[-66.39521,18.2365],[-66.39463,18.23477],[-66.39346,18.23595],[-66.39187,18.2357],[-66.39287,18.23487],[-66.39195,18.23287],[-66.38849,18.23102],[-66.39057,18.23089],[-66.39053,18.22827],[-66.39263,18.22739],[-66.39207,18.22595],[-66.39297,18.22575],[-66.39351,18.22425],[-66.39364,18.22134],[-66.39742,18.21903],[-66.39719,18.21801],[-66.3954,18.21767],[-66.39601,18.21471],[-66.39365,18.21409],[-66.38761,18.21482],[-66.3842,18.21665],[-66.38387,18.21902],[-66.38233,18.2193],[-66.38097,18.22226],[-66.37645,18.22282],[-66.37433,18.22229],[-66.37527,18.22469],[-66.37807,18.22545],[-66.37897,18.22741],[-66.37679,18.23218],[-66.3752,18.23368],[-66.37718,18.23492],[-66.37558,18.2376],[-66.37763,18.23741],[-66.37942,18.23917],[-66.38085,18.23746],[-66.38459,18.24163],[-66.38975,18.24446],[-66.39183,18.24727],[-66.39302,18.24737],[-66.3981,18.2443]]]},"properties":{"TRACTCE":"955100","GEOID":"72107955100","NAME":"9551","NAMELSAD":"Census Tract 9551","COUNTYFP":"107"}},
{"type":"Feature","geometry":{"type":"Polygon","coordinates":[[[-66.42745,18.26067],[-66.42914,18.26064],[-66.438,18.25585],[-66.43895,18.25636],[-66.4396,18.25852],[-66.4408,18.2579],[-66.44192,18.25912],[-66.44428,18.25757],[-66.44591,18.25814],[-66.44661,18.25719],[-66.45206,18.25611],[-66.4557,18.25773],[-66.45382,18.25597],[-66.4552,18.25254],[-66.45452,18.25173],[-66.45312,18.25241],[-66.45281,18.25028],[-66.44978,18.24935],[-66.44957,18.24597],[-66.45036,18.24533],[-66.4485,18.24411],[-66.44986,18.24005],[-66.44655,18.23174],[-66.43806,18.22865],[-66.43361,18.22934],[-66.42503,18.22749],[-66.4236,18.22745],[-66.4222,18.22872],[-66.41903,18.2277],[-66.41169,18.22976],[-66.40945,18.22842],[-66.40804,18.22856],[-66.40569,18.2319],[-66.40378,18.2319],[-66.40283,18.23291],[-66.40082,18.2326],[-66.4013,18.23553],[-66.39951,18.23823],[-66.39745,18.24055],[-66.3981,18.2443],[-66.40411,18.24974],[-66.40525,18.24819],[-66.40858,18.24677],[-66.40733,18.24671],[-66.40724,18.24575],[-66.40853,18.24454],[-66.40792,18.24368],[-66.40986,18.24211],[-66.40886,18.24167],[-66.40926,18.24095],[-66.40982,18.24068],[-66.41046,18.24259],[-66.41239,18.24128],[-66.41275,18.24236],[-66.41478,18.24188],[-66.41686,18.2449],[-66.41838,18.24476],[-66.42118,18.24816],[-66.42332,18.24837],[-66.42538,18.25207],[-66.4279,18.25382],[-66.42822,18.25533],[-66.42577,18.25754],[-66.42745,18.26067]]]},"properties":{"TRACTCE":"954802","GEOID":"72107954802","NAME":"9548.02","NAMELSAD":"Census Tract 9548.02","COUNTYFP":"107"}},
{"type":"Feature","geometry":{"type":"Polygon","coordinates":[[[-66.47239,18.24705],[-66.474,18.24604],[-66.47253,18.24526],[-66.47204,18.24597],[-66.47209,18.24444],[-66.4751,18.23869],[-66.47507,18.2372],[-66.47164,18.2361],[-66.47113,18.23362],[-66.46741,18.23426],[-66.46936,18.23496],[-66.46694,18.23687],[-66.46823,18.23824],[-66.46479,18.23922],[-66.46054,18.23783],[-66.45811,18.23605],[-66.4559,18.23713],[-66.45441,18.23646],[-66.4546,18.23392],[-66.45559,18.23618],[-66.45661,18.2352],[-66.4598,18.23568],[-66.46193,18.235],[-66.46179,18.23225],[-66.46386,18.23219],[-66.46448,18.22963],[-66.46216,18.22862],[-66.46057,18.22224],[-66.45754,18.22194],[-66.45701,18.21998],[-66.4547,18.21773],[-66.45481,18.21543],[-66.45155,18.21561],[-66.44746,18.21237],[-66.44701,18.21046],[-66.4485,18.20968],[-66.446,18.20473],[-66.44606,18.20193],[-66.44276,18.19517],[-66.44041,18.19329],[-66.44053,18.19232],[-66.43815,18.19195],[-66.4373,18.18914],[-66.4339,18.18754],[-66.43232,18.18859],[-66.43011,18.18713],[-66.42568,18.18203],[-66.42356,18.18167],[-66.42135,18.18305],[-66.41923,18.18139],[-66.41689,18.18148],[-66.41207,18.17712],[-66.4102,18.1731],[-66.41107,18.17202],[-66.40898,18.17273],[-66.41003,18.17482],[-66.40916,18.17415],[-66.40566,18.17425],[-66.40461,18.1733],[-66.40284,18.17398],[-66.4016,18.17611],[-66.40463,18.17841],[-66.40507,18.1806],[-66.40355,18.18228],[-66.4033,18.18454],[-66.4009,18.18607],[-66.40053,18.18819],[-66.40194,18.18962],[-66.40397,18.18995],[-66.40601,18.19349],[-66.40641,18.19559],[-66.40509,18.19648],[-66.40624,18.19885],[-66.41087,18.20082],[-66.41515,18.20391],[-66.41553,18.2059],[-66.4136,18.20736],[-66.41497,18.2109],[-66.41526,18.21798],[-66.41673,18.21947],[-66.41967,18.21911],[-66.42213,18.22048],[-66.42373,18.22011],[-66.42714,18.22132],[-66.42435,18.22545],[-66.42563,18.22623],[-66.42503,18.22749],[-66.43361,18.22934],[-66.43806,18.22865],[-66.44655,18.23174],[-66.44986,18.24005],[-66.4485,18.24411],[-66.45036,18.24533],[-66.44957,18.24597],[-66.44978,18.24935],[-66.45281,18.25028],[-66.45312,18.25241],[-66.45452,18.25173],[-66.45421,18.25094],[-66.45702,18.24951],[-66.46077,18.24912],[-66.46697,18.24567],[-66.47239,18.24705]]]},"properties":{"TRACTCE":"954902","GEOID":"72107954902","NAME":"9549.02","NAMELSAD":"Census Tract 9549.02","COUNTYFP":"107"}},
{"type":"Feature","geometry":{"type":"Polygon","coordinates":[[[-66.51114,18.04996],[-66.51239,18.04508],[-66.51436,18.04527],[-66.51448,18.04458],[-66.50557,18.04287],[-66.50515,18.05249],[-66.511,18.05221],[-66.51114,18.04996]]]},"properties":{"TRACTCE":"710500","GEOID":"72075710500","NAME":"7105","NAMELSAD":"Census Tract 7105","COUNTYFP":"075"}},
{"type":"Feature","geometry":{"type":"Polygon","coordinates":[[[-66.50786,18.02722],[-66.50812,18.02476],[-66.50908,18.02406],[-66.51252,18.02366],[-66.51589,18.02458],[-66.52163,18.02183],[-66.52456,18.02316],[-66.52414,18.01994],[-66.52606,18.01888],[-66.5384,18.02269],[-66.5358,18.01679],[-66.53713,18.0129],[-66.53534,18.01102],[-66.53488,18.0076],[-66.53352,18.00698],[-66.53299,18.00446],[-66.53042,18.00308],[-66.53069,18.0011],[-66.53266,17.99979],[-66.50887,17.99652],[-66.4914,17.99516],[-66.48442,17.99188],[-66.47604,17.99214],[-66.47536,17.9923],[-66.47545,18.01902],[-66.47466,18.022],[-66.47525,18.02356],[-66.47691,18.02291],[-66.47877,18.02445],[-66.47926,18.02623],[-66.4803,18.02489],[-66.48068,18.02661],[-66.48821,18.0269],[-66.48883,18.0262],[-66.50786,18.02722]]]},"properties":{"TRACTCE":"710902","GEOID":"72075710902","NAME":"7109.02","NAMELSAD":"Census Tract 7109.02","COUNTYFP":"075"}},
{"type":"Feature","geometry":{"type":"Polygon","coordinates":[[[-66.55278,18.15228],[-66.55246,18.15075],[-66.55339,18.14911],[-66.56322,18.14359],[-66.5645,18.13863],[-66.56295,18.13736],[-66.56267,18.133],[-66.56352,18.13103],[-66.56541,18.12982],[-66.56445,18.12551],[-66.56196,18.12264],[-66.56238,18.11782],[-66.56171,18.11545],[-66.55787,18.11502],[-66.55577,18.11564],[-66.5546,18.10624],[-66.55114,18.1023],[-66.54907,18.09684],[-66.54959,18.0943],[-66.55228,18.09265],[-66.55356,18.09034],[-66.55336,18.08809],[-66.54777,18.08517],[-66.54739,18.0839],[-66.54554,18.08303],[-66.54419,18.08385],[-66.53498,18.08042],[-66.52182,18.07903],[-66.52116,18.08153],[-66.51868,18.08308],[-66.51825,18.08504],[-66.52222,18.08979],[-66.52103,18.09316],[-66.52179,18.0949],[-66.52453,18.09841],[-66.52655,18.0988],[-66.52884,18.10078],[-66.5276,18.10201],[-66.53014,18.10672],[-66.5299,18.10835],[-66.52715,18.10997],[-66.52578,18.11252],[-66.52552,18.11576],[-66.52649,18.11699],[-66.52668,18.11984],[-66.52331,18.1223],[-66.52674,18.13084],[-66.5277,18.13135],[-66.52823,18.13237],[-66.52797,18.13509],[-66.52642,18.13688],[-66.52695,18.14052],[-66.5234,18.14457],[-66.52183,18.14954],[-66.52194,18.15207],[-66.52778,18.15332],[-66.52939,18.15225],[-66.53432,18.1525],[-66.53753,18.14895],[-66.54155,18.14737],[-66.54441,18.1478],[-66.54716,18.15326],[-66.54914,18.15263],[-66.55062,18.1532],[-66.55278,18.15228]]]},"properties":{"TRACTCE":"710700","GEOID":"72075710700","NAME":"7107","NAMELSAD":"Census Tract 7107","COUNTYFP":"075"}},
{"type":"Feature","geometry":{"type":"Polygon","coordinates":[[[-66.55336,18.08809],[-66.55541,18.08626],[-66.55551,18.08456],[-66.55046,18.08039],[-66.55022,18.07573],[-66.54526,18.06875],[-66.5463,18.063],[-66.5442,18.05976],[-66.54387,18.05768],[-66.54609,18.05369],[-66.54424,18.05153],[-66.54297,18.05043],[-66.54207,18.04549],[-66.53734,18.04129],[-66.53325,18.04254],[-66.53076,18.0413],[-66.52582,18.04088],[-66.52201,18.04262],[-66.52261,18.04487],[-66.52148,18.04669],[-66.51445,18.05094],[-66.51114,18.04996],[-66.511,18.05221],[-66.51142,18.05434],[-66.5138,18.05417],[-66.51668,18.05592],[-66.51896,18.06096],[-66.51267,18.0638],[-66.50805,18.06403],[-66.50732,18.06567],[-66.50953,18.06917],[-66.50914,18.0702],[-66.50664,18.07108],[-66.50761,18.0737],[-66.51017,18.07374],[-66.51305,18.07515],[-66.51578,18.07463],[-66.51799,18.07572],[-66.5201,18.07549],[-66.52117,18.07644],[-66.52182,18.07903],[-66.53498,18.08042],[-66.54419,18.08385],[-66.54554,18.08303],[-66.54739,18.0839],[-66.54777,18.08517],[-66.55336,18.08809]]]},"properties":{"TRACTCE":"710800","GEOID":"72075710800","NAME":"7108","NAMELSAD":"Census Tract 7108","COUNTYFP":"075"}},
{"type":"Feature","geometry":{"type":"Polygon","coordinates":[[[-66.40494,17.96128],[-66.40563,17.95555],[-66.40892,17.95631],[-66.41059,17.95525],[-66.41346,17.94782],[-66.40034,17.94383],[-66.38936,17.93797],[-66.38744,17.93607],[-66.38731,17.91778],[-66.33534,17.91849],[-66.34663,17.93562],[-66.35809,17.96063],[-66.36019,17.962],[-66.36381,17.9624],[-66.36464,17.96432],[-66.36592,17.96464],[-66.36426,17.96743],[-66.36549,17.96912],[-66.36735,17.96841],[-66.36755,17.96916],[-66.37031,17.96866],[-66.37153,17.97646],[-66.37045,17.98444],[-66.37134,17.98509],[-66.36651,17.99161],[-66.38351,18.01362],[-66.38494,18.01414],[-66.38961,18.00984],[-66.39069,18.01094],[-66.39124,18.00799],[-66.39367,18.00513],[-66.39489,18.00204],[-66.39824,17.99997],[-66.39935,17.99803],[-66.40321,17.99698],[-66.4069,17.99206],[-66.41039,17.9896],[-66.40313,17.98737],[-66.39931,17.98514],[-66.40338,17.98057],[-66.40351,17.97695],[-66.39613,17.97448],[-66.39717,17.97316],[-66.39758,17.96988],[-66.39579,17.96554],[-66.39858,17.96458],[-66.39945,17.96166],[-66.40278,17.96049],[-66.40494,17.96128]]]},"properties":{"TRACTCE":"953600","GEOID":"72133953600","NAME":"9536","NAMELSAD":"Census Tract 9536","COUNTYFP":"133"}},
{"type":"Feature","geometry":{"type":"Polygon","coordinates":[[[-66.1317,18.43539],[-66.13025,18.43373],[-66.12571,18.43518],[-66.12647,18.43292],[-66.12356,18.43434],[-66.12532,18.43906],[-66.12865,18.43778],[-66.1317,18.43539]]]},"properties":{"TRACTCE":"020426","GEOID":"72033020426","NAME":"204.26","NAMELSAD":"Census Tract 204.26","COUNTYFP":"033"}},
{"type":"Feature","geometry":{"type":"Polygon","coordinates":[[[-66.16117,18.36954],[-66.16157,18.36993],[-66.16317,18.3684],[-66.16543,18.36482],[-66.16083,18.36161],[-66.15878,18.36169],[-66.15943,18.36676],[-66.15875,18.36721],[-66.16117,18.36954]]]},"properties":{"TRACTCE":"031632","GEOID":"72021031632","NAME":"316.32","NAMELSAD":"Census Tract 316.32","COUNTYFP":"021"}},
{"type":"Feature","geometry":{"type":"Polygon","coordinates":[[[-66.21031,18.30302],[-66.21011,18.29816],[-66.2088,18.29698],[-66.20864,18.29541],[-66.21148,18.29173],[-66.2087,18.28718],[-66.20925,18.28487],[-66.20651,18.27966],[-66.20613,18.27666],[-66.20535,18.2756],[-66.20128,18.27628],[-66.19976,18.27441],[-66.2008,18.27148],[-66.199,18.27],[-66.19532,18.2697],[-66.19325,18.26814],[-66.19377,18.26484],[-66.19295,18.26056],[-66.19068,18.25884],[-66.18886,18.26023],[-66.18855,18.26219],[-66.18725,18.263],[-66.18431,18.26834],[-66.17856,18.27209],[-66.17707,18.27454],[-66.1771,18.27619],[-66.17269,18.27832],[-66.17487,18.29012],[-66.17454,18.29387],[-66.18139,18.29352],[-66.1831,18.29485],[-66.18291,18.29659],[-66.18412,18.29728],[-66.18623,18.29656],[-66.18656,18.29415],[-66.18775,18.29342],[-66.19049,18.29246],[-66.19192,18.29356],[-66.19283,18.29236],[-66.19421,18.2948],[-66.19573,18.29479],[-66.19496,18.29641],[-66.19584,18.29776],[-66.19761,18.29859],[-66.19831,18.29779],[-66.19885,18.29899],[-66.20022,18.29862],[-66.20175,18.29958],[-66.204,18.29827],[-66.20509,18.29896],[-66.20602,18.30261],[-66.21031,18.30302]]]},"properties":{"TRACTCE":"032100","GEOID":"72021032100","NAME":"321","NAMELSAD":"Census Tract 321","COUNTYFP":"021"}},
{"type":"Feature","geometry":{"type":"Polygon","coordinates":[[[-66.17326,18.39206],[-66.17476,18.38974],[-66.17185,18.38747],[-66.17129,18.38704],[-66.16669,18.39241],[-66.1676,18.39315],[-66.16723,18.39409],[-66.17024,18.39275],[-66.17075,18.39605],[-66.1737,18.39662],[-66.17326,18.39206]]]},"properties":{"TRACTCE":"030903","GEOID":"72021030903","NAME":"309.03","NAMELSAD":"Census Tract 309.03","COUNTYFP":"021"}},
{"type":"Feature","geometry":{"type":"Polygon","coordinates":[[[-66.17953,18.38507],[-66.18479,18.38311],[-66.18564,18.38172],[-66.18231,18.37956],[-66.17647,18.37821],[-66.17754,18.38288],[-66.17809,18.38265],[-66.17953,18.38507]]]},"properties":{"TRACTCE":"031202","GEOID":"72021031202","NAME":"312.02","NAMELSAD":"Census Tract 312.02","COUNTYFP":"021"}},
{"type":"Feature","geometry":{"type":"Polygon","coordinates":[[[-65.65895,18.33389],[-65.66142,18.33127],[-65.66055,18.33038],[-65.66238,18.32877],[-65.66026,18.32626],[-65.65841,18.32421],[-65.65554,18.32417],[-65.65189,18.3178],[-65.65127,18.31828],[-65.65184,18.32009],[-65.6503,18.32194],[-65.64709,18.32229],[-65.6466,18.32418],[-65.64487,18.32445],[-65.64525,18.32751],[-65.64664,18.32991],[-65.65085,18.32835],[-65.65237,18.32884],[-65.6529,18.32768],[-65.65462,18.33035],[-65.65895,18.33389]]]},"properties":{"TRACTCE":"150302","GEOID":"72053150302","NAME":"1503.02","NAMELSAD":"Census Tract 1503.02","COUNTYFP":"053"}},
{"type":"Feature","geometry":{"type":"Polygon","coordinates":[[[-66.45458,17.97799],[-66.45545,17.97402],[-66.4534,17.96685],[-66.43701,17.96253],[-66.43714,17.95881],[-66.42643,17.95432],[-66.42679,17.96606],[-66.41939,17.97244],[-66.41879,17.97475],[-66.41977,17.97532],[-66.41552,17.97854],[-66.41039,17.9896],[-66.4069,17.99206],[-66.40321,17.99698],[-66.39935,17.99803],[-66.39824,17.99997],[-66.39489,18.00204],[-66.39367,18.00513],[-66.39124,18.00799],[-66.39069,18.01094],[-66.38961,18.00984],[-66.38494,18.01414],[-66.38351,18.01362],[-66.37933,18.01556],[-66.37723,18.01519],[-66.37462,18.01625],[-66.37105,18.01876],[-66.36963,18.02534],[-66.36661,18.03154],[-66.36102,18.03707],[-66.36649,18.03559],[-66.37176,18.03262],[-66.37773,18.03464],[-66.38069,18.03748],[-66.38488,18.03883],[-66.38519,18.03789],[-66.38618,18.03968],[-66.38814,18.04019],[-66.39228,18.03901],[-66.39518,18.03704],[-66.42699,18.04263],[-66.42727,18.04033],[-66.42605,18.03945],[-66.42703,18.03739],[-66.42598,18.03107],[-66.42533,18.03025],[-66.42395,18.03166],[-66.42327,18.03132],[-66.4245,18.02813],[-66.42213,18.02592],[-66.42295,18.02453],[-66.42115,18.02146],[-66.42129,18.01863],[-66.42413,18.01531],[-66.4254,18.01193],[-66.42833,18.01211],[-66.42749,18.00969],[-66.43103,18.00992],[-66.43471,18.00705],[-66.43564,18.00312],[-66.43474,17.99685],[-66.43703,17.9923],[-66.43815,17.99167],[-66.43785,17.99435],[-66.43982,17.99506],[-66.44332,17.98983],[-66.44681,17.98762],[-66.45458,17.97799]]]},"properties":{"TRACTCE":"953500","GEOID":"72133953500","NAME":"9535","NAMELSAD":"Census Tract 9535","COUNTYFP":"133"}},
{"type":"Feature","geometry":{"type":"Polygon","coordinates":[[[-66.40351,17.97695],[-66.40494,17.96128],[-66.40278,17.96049],[-66.39945,17.96166],[-66.39858,17.96458],[-66.39579,17.96554],[-66.39758,17.96988],[-66.39717,17.97316],[-66.39613,17.97448],[-66.40351,17.97695]]]},"properties":{"TRACTCE":"953700","GEOID":"72133953700","NAME":"9537","NAMELSAD":"Census Tract 9537","COUNTYFP":"133"}},
{"type":"Feature","geometry":{"type":"Polygon","coordinates":[[[-66.41039,17.9896],[-66.41552,17.97854],[-66.41977,17.97532],[-66.41879,17.97475],[-66.41939,17.97244],[-66.42679,17.96606],[-66.42643,17.95432],[-66.42631,17.94785],[-66.41667,17.94848],[-66.41346,17.94782],[-66.41059,17.95525],[-66.40892,17.95631],[-66.40563,17.95555],[-66.40494,17.96128],[-66.40351,17.97695],[-66.40338,17.98057],[-66.39931,17.98514],[-66.40313,17.98737],[-66.41039,17.9896]]]},"properties":{"TRACTCE":"953800","GEOID":"72133953800","NAME":"9538","NAMELSAD":"Census Tract 9538","COUNTYFP":"133"}},
{"type":"Feature","geometry":{"type":"Polygon","coordinates":[[[-66.42643,17.95432],[-66.43714,17.95881],[-66.43701,17.96253],[-66.4534,17.96685],[-66.43999,17.9205],[-66.42457,17.88194],[-66.41739,17.87668],[-66.40577,17.87192],[-66.39415,17.86954],[-66.38812,17.86922],[-66.37021,17.87037],[-66.36265,17.87302],[-66.3664,17.87302],[-66.35851,17.87632],[-66.3498,17.87625],[-66.34036,17.87788],[-66.32322,17.87767],[-66.32943,17.91847],[-66.33534,17.91849],[-66.38731,17.91778],[-66.38744,17.93607],[-66.38936,17.93797],[-66.40034,17.94383],[-66.41346,17.94782],[-66.41667,17.94848],[-66.42631,17.94785],[-66.42643,17.95432]]]},"properties":{"TRACTCE":"990000","GEOID":"72133990000","NAME":"9900","NAMELSAD":"Census Tract 9900","COUNTYFP":"133"}},
{"type":"Feature","geometry":{"type":"Polygon","coordinates":[[[-66.38351,18.01362],[-66.36651,17.99161],[-66.37134,17.98509],[-66.37045,17.98444],[-66.37153,17.97646],[-66.37031,17.96866],[-66.36755,17.96916],[-66.36735,17.96841],[-66.36549,17.96912],[-66.36426,17.96743],[-66.36592,17.96464],[-66.36464,17.96432],[-66.36381,17.9624],[-66.36019,17.962],[-66.35809,17.96063],[-66.34663,17.93562],[-66.33534,17.91849],[-66.32943,17.91847],[-66.3368,17.96692],[-66.33801,17.97875],[-66.34007,17.982],[-66.33985,17.9832],[-66.33752,17.98378],[-66.34144,17.98534],[-66.34261,17.99356],[-66.33873,17.99782],[-66.33792,18.00205],[-66.33498,18.00545],[-66.33513,18.00866],[-66.33162,18.0129],[-66.33124,18.01589],[-66.33229,18.01692],[-66.33214,18.01865],[-66.33557,18.02159],[-66.33564,18.02261],[-66.34039,18.02304],[-66.34346,18.02479],[-66.34771,18.0256],[-66.34914,18.02873],[-66.34882,18.0308],[-66.35178,18.03127],[-66.35443,18.03322],[-66.35649,18.03686],[-66.36102,18.03707],[-66.36661,18.03154],[-66.36963,18.02534],[-66.37105,18.01876],[-66.37462,18.01625],[-66.37723,18.01519],[-66.37933,18.01556],[-66.38351,18.01362]]]},"properties":{"TRACTCE":"953300","GEOID":"72133953300","NAME":"9533","NAMELSAD":"Census Tract 9533","COUNTYFP":"133"}},
{"type":"Feature","geometry":{"type":"Polygon","coordinates":[[[-66.06725,18.40739],[-66.06522,18.40745],[-66.06518,18.4067],[-66.06767,18.40662],[-66.06765,18.40596],[-66.06516,18.40604],[-66.06502,18.40216],[-66.06289,18.40158],[-66.06095,18.39925],[-66.05737,18.39736],[-66.05594,18.39439],[-66.05541,18.39468],[-66.05323,18.39666],[-66.05561,18.39763],[-66.05636,18.40213],[-66.05846,18.40271],[-66.06034,18.40567],[-66.06293,18.40753],[-66.06401,18.41002],[-66.06481,18.40988],[-66.06725,18.40739]]]},"properties":{"TRACTCE":"008601","GEOID":"72127008601","NAME":"86.01","NAMELSAD":"Census Tract 86.01","COUNTYFP":"127"}},
{"type":"Feature","geometry":{"type":"Polygon","coordinates":[[[-66.15742,18.42171],[-66.15445,18.40995],[-66.1554,18.40701],[-66.15712,18.40517],[-66.15348,18.40396],[-66.15087,18.40641],[-66.14786,18.40225],[-66.13999,18.39642],[-66.13923,18.39673],[-66.13203,18.39905],[-66.12407,18.3991],[-66.12523,18.40159],[-66.12661,18.40109],[-66.12801,18.40275],[-66.12492,18.40593],[-66.12387,18.40825],[-66.12418,18.40964],[-66.12128,18.41439],[-66.12509,18.41857],[-66.13011,18.42083],[-66.13227,18.42048],[-66.13058,18.42355],[-66.13118,18.42441],[-66.13169,18.42386],[-66.13158,18.42466],[-66.13567,18.42201],[-66.13549,18.4231],[-66.14709,18.42298],[-66.15548,18.42198],[-66.15742,18.42171]]]},"properties":{"TRACTCE":"030101","GEOID":"72021030101","NAME":"301.01","NAMELSAD":"Census Tract 301.01","COUNTYFP":"021"}},
{"type":"Feature","geometry":{"type":"Polygon","coordinates":[[[-66.13999,18.39642],[-66.14369,18.39534],[-66.14374,18.394],[-66.14702,18.38879],[-66.14309,18.38328],[-66.13866,18.38297],[-66.13608,18.38394],[-66.13738,18.3879],[-66.13682,18.39033],[-66.1384,18.39209],[-66.13759,18.39344],[-66.13999,18.39642]]]},"properties":{"TRACTCE":"030200","GEOID":"72021030200","NAME":"302","NAMELSAD":"Census Tract 302","COUNTYFP":"021"}},
{"type":"Feature","geometry":{"type":"Polygon","coordinates":[[[-65.74858,18.32552],[-65.74943,18.32326],[-65.75154,18.32284],[-65.75196,18.32059],[-65.75795,18.3185],[-65.75794,18.31695],[-65.75943,18.31539],[-65.75995,18.31106],[-65.76131,18.30964],[-65.76249,18.30609],[-65.76129,18.3025],[-65.75808,18.2977],[-65.75886,18.2906],[-65.75359,18.29676],[-65.75011,18.30129],[-65.74339,18.29945],[-65.73926,18.2957],[-65.73765,18.29629],[-65.73334,18.28803],[-65.73207,18.28817],[-65.73159,18.29019],[-65.72552,18.29208],[-65.72481,18.29512],[-65.72049,18.29606],[-65.72077,18.30408],[-65.71946,18.30658],[-65.7092,18.30656],[-65.70817,18.30793],[-65.70449,18.30935],[-65.70496,18.31855],[-65.70393,18.32083],[-65.70143,18.32131],[-65.69885,18.32406],[-65.69544,18.32499],[-65.68939,18.32351],[-65.69137,18.32675],[-65.69074,18.32782],[-65.69243,18.33258],[-65.69129,18.33686],[-65.69222,18.34104],[-65.69545,18.33897],[-65.69789,18.33913],[-65.70192,18.33477],[-65.70309,18.33482],[-65.70606,18.34238],[-65.70542,18.34336],[-65.70672,18.34453],[-65.70622,18.34629],[-65.7077,18.34778],[-65.71218,18.34926],[-65.71594,18.34933],[-65.71848,18.35125],[-65.72659,18.35105],[-65.73809,18.33867],[-65.73738,18.33191],[-65.73817,18.33176],[-65.74045,18.33444],[-65.74232,18.33519],[-65.74061,18.33038],[-65.74156,18.32788],[-65.74479,18.3259],[-65.74858,18.32552]]]},"properties":{"TRACTCE":"140102","GEOID":"72089140102","NAME":"1401.02","NAMELSAD":"Census Tract 1401.02","COUNTYFP":"089"}},
{"type":"Feature","geometry":{"type":"Polygon","coordinates":[[[-65.76351,18.37237],[-65.76421,18.37092],[-65.76639,18.36957],[-65.76745,18.36721],[-65.77051,18.36593],[-65.76886,18.36114],[-65.76865,18.35641],[-65.76466,18.3544],[-65.76239,18.35071],[-65.75692,18.34639],[-65.75634,18.3432],[-65.75377,18.34206],[-65.75458,18.33888],[-65.75406,18.33504],[-65.7563,18.33387],[-65.75639,18.32938],[-65.75536,18.32838],[-65.74872,18.32668],[-65.74858,18.32552],[-65.74479,18.3259],[-65.74156,18.32788],[-65.74061,18.33038],[-65.74232,18.33519],[-65.74045,18.33444],[-65.73817,18.33176],[-65.73738,18.33191],[-65.73809,18.33867],[-65.72659,18.35105],[-65.72641,18.35461],[-65.72231,18.35913],[-65.72287,18.36386],[-65.72876,18.36264],[-65.73484,18.35697],[-65.73463,18.35828],[-65.73274,18.35932],[-65.73307,18.36152],[-65.73141,18.3663],[-65.73138,18.37343],[-65.72927,18.37806],[-65.72722,18.37665],[-65.72458,18.37831],[-65.72575,18.38179],[-65.73191,18.38128],[-65.73353,18.38226],[-65.73406,18.38563],[-65.74208,18.38319],[-65.74858,18.38707],[-65.74961,18.38538],[-65.75198,18.38381],[-65.7535,18.38033],[-65.76064,18.37822],[-65.76125,18.37484],[-65.76351,18.37237]]]},"properties":{"TRACTCE":"140300","GEOID":"72089140300","NAME":"1403","NAMELSAD":"Census Tract 1403","COUNTYFP":"089"}},
{"type":"Feature","geometry":{"type":"Polygon","coordinates":[[[-65.72575,18.38179],[-65.72458,18.37831],[-65.72722,18.37665],[-65.72927,18.37806],[-65.73138,18.37343],[-65.73141,18.3663],[-65.73307,18.36152],[-65.73274,18.35932],[-65.73463,18.35828],[-65.73484,18.35697],[-65.72876,18.36264],[-65.72287,18.36386],[-65.71968,18.36872],[-65.72222,18.37078],[-65.71928,18.37493],[-65.72074,18.37773],[-65.72026,18.37841],[-65.72261,18.38048],[-65.72575,18.38179]]]},"properties":{"TRACTCE":"140202","GEOID":"72089140202","NAME":"1402.02","NAMELSAD":"Census Tract 1402.02","COUNTYFP":"089"}},
{"type":"Feature","geometry":{"type":"Polygon","coordinates":[[[-65.72287,18.36386],[-65.72231,18.35913],[-65.72641,18.35461],[-65.72659,18.35105],[-65.71848,18.35125],[-65.71594,18.34933],[-65.71218,18.34926],[-65.7077,18.34778],[-65.70622,18.34629],[-65.70672,18.34453],[-65.70542,18.34336],[-65.70606,18.34238],[-65.70309,18.33482],[-65.70192,18.33477],[-65.69789,18.33913],[-65.69545,18.33897],[-65.69222,18.34104],[-65.69129,18.33686],[-65.69243,18.33258],[-65.69074,18.32782],[-65.69137,18.32675],[-65.68939,18.32351],[-65.68665,18.32257],[-65.68545,18.32378],[-65.68417,18.32375],[-65.68592,18.32999],[-65.68318,18.33202],[-65.68066,18.33623],[-65.68042,18.33892],[-65.67901,18.33932],[-65.67799,18.34271],[-65.6792,18.34361],[-65.67952,18.34639],[-65.66892,18.36417],[-65.67146,18.36492],[-65.67562,18.37043],[-65.69772,18.37113],[-65.70492,18.37414],[-65.70829,18.37836],[-65.71256,18.3747],[-65.71237,18.37362],[-65.70987,18.37204],[-65.71121,18.36972],[-65.7137,18.36879],[-65.71613,18.37172],[-65.71719,18.37168],[-65.71968,18.36872],[-65.72287,18.36386]]]},"properties":{"TRACTCE":"140101","GEOID":"72089140101","NAME":"1401.01","NAMELSAD":"Census Tract 1401.01","COUNTYFP":"089"}},
{"type":"Feature","geometry":{"type":"Polygon","coordinates":[[[-66.90157,18.4883],[-66.90152,18.48694],[-66.90118,18.45925],[-66.89353,18.4613],[-66.88405,18.46753],[-66.87456,18.4722],[-66.86572,18.47433],[-66.86138,18.47436],[-66.85755,18.47331],[-66.85415,18.47576],[-66.85307,18.47759],[-66.85274,18.47854],[-66.85194,18.48303],[-66.85454,18.48299],[-66.85468,18.48742],[-66.85859,18.48919],[-66.85715,18.49512],[-66.86895,18.4958],[-66.88764,18.49259],[-66.89447,18.48966],[-66.89797,18.48966],[-66.90157,18.4883]]]},"properties":{"TRACTCE":"320200","GEOID":"72027320200","NAME":"3202","NAMELSAD":"Census Tract 3202","COUNTYFP":"027"}},
{"type":"Feature","geometry":{"type":"Polygon","coordinates":[[[-66.89929,18.39739],[-66.90104,18.38522],[-66.89893,18.36612],[-66.89475,18.36613],[-66.89331,18.36712],[-66.89099,18.36815],[-66.88551,18.36709],[-66.88507,18.36595],[-66.88233,18.36469],[-66.88086,18.363],[-66.88063,18.3605],[-66.87724,18.35801],[-66.87688,18.35677],[-66.86298,18.356],[-66.85474,18.35534],[-66.85088,18.35373],[-66.84846,18.35368],[-66.84645,18.35116],[-66.83788,18.34884],[-66.82891,18.34457],[-66.82408,18.34328],[-66.81891,18.35298],[-66.8212,18.35713],[-66.81962,18.35977],[-66.82007,18.36131],[-66.81801,18.36177],[-66.81587,18.36404],[-66.81434,18.3708],[-66.81451,18.3759],[-66.81236,18.38464],[-66.81572,18.3842],[-66.81754,18.37911],[-66.81918,18.37868],[-66.82108,18.37477],[-66.82664,18.37546],[-66.83276,18.37052],[-66.83299,18.36719],[-66.835,18.3681],[-66.83774,18.37223],[-66.83898,18.37275],[-66.84093,18.3777],[-66.84382,18.3781],[-66.84517,18.38024],[-66.84721,18.38039],[-66.84878,18.3822],[-66.85334,18.3838],[-66.85584,18.3879],[-66.85788,18.38518],[-66.86251,18.38656],[-66.8717,18.38246],[-66.87225,18.38141],[-66.87452,18.3818],[-66.87883,18.37913],[-66.8798,18.37732],[-66.88069,18.37855],[-66.88009,18.38153],[-66.88115,18.38309],[-66.88346,18.38469],[-66.88586,18.3847],[-66.89025,18.38787],[-66.89242,18.39312],[-66.8963,18.39489],[-66.89788,18.39674],[-66.89756,18.39815],[-66.89929,18.39739]]]},"properties":{"TRACTCE":"320600","GEOID":"72027320600","NAME":"3206","NAMELSAD":"Census Tract 3206","COUNTYFP":"027"}},
{"type":"Feature","geometry":{"type":"Polygon","coordinates":[[[-66.21293,18.39452],[-66.21439,18.38939],[-66.21708,18.38585],[-66.21737,18.38429],[-66.21579,18.38439],[-66.21257,18.38363],[-66.20847,18.38037],[-66.20813,18.37627],[-66.20665,18.37488],[-66.20639,18.37577],[-66.20482,18.37527],[-66.19777,18.37673],[-66.19727,18.3859],[-66.19698,18.38929],[-66.21293,18.39452]]]},"properties":{"TRACTCE":"510101","GEOID":"72135510101","NAME":"5101.01","NAMELSAD":"Census Tract 5101.01","COUNTYFP":"135"}},
{"type":"Feature","geometry":{"type":"Polygon","coordinates":[[[-66.21583,18.22913],[-66.21655,18.22955],[-66.21827,18.22619],[-66.21932,18.22689],[-66.22008,18.22608],[-66.22126,18.22659],[-66.22559,18.22324],[-66.22679,18.22422],[-66.22739,18.22364],[-66.23108,18.22411],[-66.2324,18.22575],[-66.23529,18.22311],[-66.24581,18.22316],[-66.23891,18.21619],[-66.23938,18.21459],[-66.24253,18.21433],[-66.24383,18.21301],[-66.24446,18.21075],[-66.24318,18.20878],[-66.24203,18.20803],[-66.23102,18.21174],[-66.23299,18.21467],[-66.2317,18.21592],[-66.22454,18.21772],[-66.22491,18.22337],[-66.22193,18.22465],[-66.21642,18.22473],[-66.21558,18.2257],[-66.21583,18.22913]]]},"properties":{"TRACTCE":"951900","GEOID":"72045951900","NAME":"9519","NAMELSAD":"Census Tract 9519","COUNTYFP":"045"}},
{"type":"Feature","geometry":{"type":"Polygon","coordinates":[[[-66.26647,18.24527],[-66.26845,18.24133],[-66.26581,18.23679],[-66.26643,18.23505],[-66.26533,18.23355],[-66.27099,18.21743],[-66.26666,18.20738],[-66.26447,18.20572],[-66.26355,18.18496],[-66.25665,18.18277],[-66.25555,18.18367],[-66.25526,18.18717],[-66.25444,18.18692],[-66.25386,18.18795],[-66.25213,18.18726],[-66.25077,18.18918],[-66.25091,18.19062],[-66.24842,18.19152],[-66.24669,18.1911],[-66.24406,18.19348],[-66.24193,18.19225],[-66.24056,18.19261],[-66.23779,18.19093],[-66.2356,18.19141],[-66.2361,18.19924],[-66.23756,18.19978],[-66.24022,18.19901],[-66.24179,18.20106],[-66.23985,18.20374],[-66.2387,18.20138],[-66.23756,18.20157],[-66.23545,18.20448],[-66.231,18.20821],[-66.23102,18.21174],[-66.24203,18.20803],[-66.24318,18.20878],[-66.24446,18.21075],[-66.24383,18.21301],[-66.24253,18.21433],[-66.23938,18.21459],[-66.23891,18.21619],[-66.24581,18.22316],[-66.23529,18.22311],[-66.2324,18.22575],[-66.23108,18.22411],[-66.22739,18.22364],[-66.22679,18.22422],[-66.22559,18.22324],[-66.22126,18.22659],[-66.22008,18.22608],[-66.21932,18.22689],[-66.21827,18.22619],[-66.21655,18.22955],[-66.21583,18.22913],[-66.21381,18.23256],[-66.21399,18.23485],[-66.21556,18.23617],[-66.2254,18.23741],[-66.22869,18.23895],[-66.23605,18.2393],[-66.23662,18.2406],[-66.24012,18.24273],[-66.24349,18.24066],[-66.24612,18.2408],[-66.24651,18.24171],[-66.25356,18.24147],[-66.25643,18.24416],[-66.25713,18.24746],[-66.25793,18.24767],[-66.26276,18.24635],[-66.26594,18.24692],[-66.26647,18.24527]]]},"properties":{"TRACTCE":"951800","GEOID":"72045951800","NAME":"9518","NAMELSAD":"Census Tract 9518","COUNTYFP":"045"}},
{"type":"Feature","geometry":{"type":"Polygon","coordinates":[[[-66.21642,18.22473],[-66.22193,18.22465],[-66.22491,18.22337],[-66.22454,18.21772],[-66.2317,18.21592],[-66.23299,18.21467],[-66.23102,18.21174],[-66.2182,18.21713],[-66.21568,18.22148],[-66.21642,18.22473]]]},"properties":{"TRACTCE":"952000","GEOID":"72045952000","NAME":"9520","NAMELSAD":"Census Tract 9520","COUNTYFP":"045"}},
{"type":"Feature","geometry":{"type":"Polygon","coordinates":[[[-66.25713,18.24746],[-66.25643,18.24416],[-66.25356,18.24147],[-66.24651,18.24171],[-66.24612,18.2408],[-66.24349,18.24066],[-66.24012,18.24273],[-66.23662,18.2406],[-66.23605,18.2393],[-66.22869,18.23895],[-66.2254,18.23741],[-66.21556,18.23617],[-66.21399,18.23485],[-66.21217,18.2376],[-66.20851,18.23948],[-66.20728,18.23699],[-66.20332,18.23523],[-66.20277,18.23351],[-66.2004,18.23189],[-66.19707,18.23175],[-66.1946,18.23324],[-66.19364,18.23183],[-66.19117,18.23315],[-66.18818,18.23305],[-66.18557,18.23424],[-66.18178,18.23322],[-66.1791,18.23418],[-66.17906,18.2355],[-66.17667,18.23461],[-66.1789,18.23766],[-66.17832,18.2386],[-66.17926,18.24244],[-66.17796,18.24382],[-66.17825,18.24631],[-66.18131,18.24751],[-66.18185,18.24977],[-66.18375,18.25036],[-66.18484,18.25231],[-66.1873,18.25379],[-66.19068,18.25884],[-66.19295,18.26056],[-66.19377,18.26484],[-66.19325,18.26814],[-66.19532,18.2697],[-66.199,18.27],[-66.2008,18.27148],[-66.19976,18.27441],[-66.20128,18.27628],[-66.20535,18.2756],[-66.20613,18.27666],[-66.20987,18.2771],[-66.21088,18.27503],[-66.21328,18.27541],[-66.21911,18.27425],[-66.22,18.2706],[-66.22229,18.26811],[-66.22274,18.26505],[-66.22508,18.26449],[-66.22711,18.26237],[-66.22913,18.26261],[-66.22882,18.25869],[-66.22789,18.2576],[-66.22809,18.25403],[-66.23262,18.25511],[-66.23867,18.25393],[-66.242,18.25472],[-66.24333,18.2511],[-66.2454,18.24911],[-66.24817,18.24825],[-66.25154,18.25006],[-66.25502,18.24764],[-66.25713,18.24746]]]},"properties":{"TRACTCE":"951700","GEOID":"72045951700","NAME":"9517","NAMELSAD":"Census Tract 9517","COUNTYFP":"045"}},
{"type":"Feature","geometry":{"type":"Polygon","coordinates":[[[-67.14876,18.4825],[-67.15127,18.47831],[-67.15074,18.47754],[-67.14136,18.47886],[-67.13317,18.47675],[-67.13469,18.47377],[-67.13512,18.467],[-67.1327,18.46395],[-67.13219,18.4595],[-67.12866,18.4602],[-67.12317,18.46675],[-67.12342,18.46923],[-67.12119,18.47531],[-67.11782,18.47836],[-67.11742,18.48243],[-67.12971,18.48125],[-67.14876,18.4825]]]},"properties":{"TRACTCE":"400501","GEOID":"72005400501","NAME":"4005.01","NAMELSAD":"Census Tract 4005.01","COUNTYFP":"005"}},
{"type":"Feature","geometry":{"type":"Polygon","coordinates":[[[-66.65801,18.02575],[-66.65966,18.02417],[-66.6629,18.0246],[-66.65956,18.01964],[-66.65699,18.01364],[-66.65482,18.0131],[-66.64964,18.00844],[-66.64675,18.00943],[-66.64829,18.01026],[-66.64876,18.01471],[-66.65109,18.01667],[-66.65071,18.01837],[-66.65801,18.02575]]]},"properties":{"TRACTCE":"073005","GEOID":"72113073005","NAME":"730.05","NAMELSAD":"Census Tract 730.05","COUNTYFP":"113"}},
{"type":"Feature","geometry":{"type":"Polygon","coordinates":[[[-66.63239,18.00008],[-66.63361,17.99617],[-66.62998,17.99613],[-66.61963,17.99587],[-66.61961,18.0035],[-66.62694,18.00338],[-66.62848,18.00409],[-66.63239,18.00008]]]},"properties":{"TRACTCE":"071500","GEOID":"72113071500","NAME":"715","NAMELSAD":"Census Tract 715","COUNTYFP":"113"}},
{"type":"Feature","geometry":{"type":"Polygon","coordinates":[[[-66.16942,18.40554],[-66.16983,18.39902],[-66.16764,18.39911],[-66.16488,18.40052],[-66.16185,18.39827],[-66.15895,18.40096],[-66.15815,18.40023],[-66.15901,18.40267],[-66.15712,18.40517],[-66.16024,18.40544],[-66.16442,18.40468],[-66.16942,18.40554]]]},"properties":{"TRACTCE":"031005","GEOID":"72021031005","NAME":"310.05","NAMELSAD":"Census Tract 310.05","COUNTYFP":"021"}},
{"type":"Feature","geometry":{"type":"Polygon","coordinates":[[[-66.18334,18.3959],[-66.18045,18.39396],[-66.17908,18.39165],[-66.17326,18.39206],[-66.1737,18.39662],[-66.17896,18.40032],[-66.17663,18.40201],[-66.17728,18.40259],[-66.18007,18.40327],[-66.18044,18.40166],[-66.18229,18.40038],[-66.18259,18.39584],[-66.18334,18.3959]]]},"properties":{"TRACTCE":"030902","GEOID":"72021030902","NAME":"309.02","NAMELSAD":"Census Tract 309.02","COUNTYFP":"021"}},
{"type":"Feature","geometry":{"type":"Polygon","coordinates":[[[-66.17908,18.39165],[-66.18153,18.38934],[-66.17953,18.38507],[-66.1767,18.38567],[-66.17641,18.38677],[-66.17336,18.3857],[-66.17185,18.38747],[-66.17476,18.38974],[-66.17326,18.39206],[-66.17908,18.39165]]]},"properties":{"TRACTCE":"030904","GEOID":"72021030904","NAME":"309.04","NAMELSAD":"Census Tract 309.04","COUNTYFP":"021"}},
{"type":"Feature","geometry":{"type":"Polygon","coordinates":[[[-66.17734,18.4052],[-66.17728,18.40259],[-66.17663,18.40201],[-66.17324,18.39931],[-66.16983,18.39902],[-66.16942,18.40554],[-66.1684,18.40965],[-66.17181,18.40893],[-66.17734,18.4052]]]},"properties":{"TRACTCE":"031004","GEOID":"72021031004","NAME":"310.04","NAMELSAD":"Census Tract 310.04","COUNTYFP":"021"}},
{"type":"Feature","geometry":{"type":"MultiPolygon","coordinates":[[[[-67.19822,18.26704],[-67.18432,18.24801],[-67.18361,18.24801],[-67.17989,18.22804],[-67.1723,18.22881],[-67.1726,18.231],[-67.17107,18.2314],[-67.17115,18.2328],[-67.16943,18.23545],[-67.17056,18.24358],[-67.17246,18.24322],[-67.17287,18.24511],[-67.17398,18.24487],[-67.17443,18.24644],[-67.17165,18.24761],[-67.16919,18.24725],[-67.16072,18.24886],[-67.16083,18.27078],[-67.16161,18.27265],[-67.16223,18.27208],[-67.1649,18.27031],[-67.17388,18.26782],[-67.1926,18.26681],[-67.19822,18.26704]]],[[[-67.49201,18.38906],[-67.48926,18.38128],[-67.48026,18.37678],[-67.47616,18.37645],[-67.47414,18.37908],[-67.47022,18.38045],[-67.46942,18.38256],[-67.46956,18.38439],[-67.47531,18.39318],[-67.48073,18.39494],[-67.48462,18.39466],[-67.48626,18.39258],[-67.4911,18.39067],[-67.49201,18.38906]]],[[[-67.95063,18.08728],[-67.9518,18.08421],[-67.94887,18.08011],[-67.94652,18.07772],[-67.93883,18.07409],[-67.93715,18.0709],[-67.92484,18.06066],[-67.9125,18.05729],[-67.90195,18.05149],[-67.89375,18.04842],[-67.8832,18.04842],[-67.87851,18.04944],[-67.87441,18.05217],[-67.87072,18.05285],[-67.8672,18.05661],[-67.85786,18.06066],[-67.85258,18.06699],[-67.85024,18.06699],[-67.84731,18.0704],[-67.84731,18.07278],[-67.84555,18.07586],[-67.84321,18.07756],[-67.8391,18.07858],[-67.83676,18.08131],[-67.835,18.08883],[-67.83442,18.10385],[-67.835,18.11478],[-67.84086,18.11989],[-67.83969,18.12301],[-67.84203,18.12555],[-67.85024,18.12624],[-67.85786,18.12301],[-67.86251,18.12286],[-67.87072,18.12013],[-67.87502,18.11732],[-67.88264,18.11664],[-67.88909,18.11903],[-67.90374,18.12245],[-67.91253,18.1221],[-67.92601,18.11937],[-67.93656,18.11494],[-67.93949,18.10879],[-67.94008,18.0996],[-67.94447,18.09513],[-67.94595,18.09035],[-67.95063,18.08728]]],[[[-67.95619,18.15816],[-67.95554,18.15559],[-67.94941,18.15348],[-67.94607,18.1546],[-67.94336,18.15856],[-67.94419,18.16323],[-67.94781,18.16462],[-67.95055,18.16456],[-67.95478,18.16269],[-67.95619,18.15816]]]]},"properties":{"TRACTCE":"081524","GEOID":"72097081524","NAME":"815.24","NAMELSAD":"Census Tract 815.24","COUNTYFP":"097"}},
{"type":"Feature","geometry":{"type":"Polygon","coordinates":[[[-67.15641,18.20773],[-67.1554,18.20408],[-67.15636,18.20205],[-67.15212,18.20163],[-67.1524,18.20027],[-67.14884,18.19885],[-67.14853,18.19988],[-67.145,18.19938],[-67.14341,18.20153],[-67.14662,18.20391],[-67.14528,18.20627],[-67.14969,18.2082],[-67.1518,18.20808],[-67.15641,18.20773]]]},"properties":{"TRACTCE":"082300","GEOID":"72097082300","NAME":"823","NAMELSAD":"Census Tract 823","COUNTYFP":"097"}},
{"type":"Feature","geometry":{"type":"Polygon","coordinates":[[[-67.17989,18.22804],[-67.17841,18.22221],[-67.16511,18.21692],[-67.16181,18.21414],[-67.15664,18.21427],[-67.15744,18.21636],[-67.1549,18.21962],[-67.15509,18.21979],[-67.15844,18.22295],[-67.16019,18.22657],[-67.16072,18.24886],[-67.16919,18.24725],[-67.17165,18.24761],[-67.17443,18.24644],[-67.17398,18.24487],[-67.17287,18.24511],[-67.17246,18.24322],[-67.17056,18.24358],[-67.16943,18.23545],[-67.17115,18.2328],[-67.17107,18.2314],[-67.1726,18.231],[-67.1723,18.22881],[-67.17989,18.22804]]]},"properties":{"TRACTCE":"081523","GEOID":"72097081523","NAME":"815.23","NAMELSAD":"Census Tract 815.23","COUNTYFP":"097"}},
{"type":"Feature","geometry":{"type":"Polygon","coordinates":[[[-67.14386,18.19924],[-67.14444,18.19539],[-67.14254,18.19484],[-67.1431,18.1929],[-67.14127,18.1924],[-67.14058,18.1948],[-67.13917,18.19478],[-67.13923,18.19595],[-67.13661,18.19507],[-67.13515,18.19767],[-67.13639,18.19972],[-67.13972,18.2],[-67.14021,18.19858],[-67.14386,18.19924]]]},"properties":{"TRACTCE":"082200","GEOID":"72097082200","NAME":"822","NAMELSAD":"Census Tract 822","COUNTYFP":"097"}},
{"type":"Feature","geometry":{"type":"Polygon","coordinates":[[[-65.80959,18.13529],[-65.81335,18.13385],[-65.81795,18.12863],[-65.82007,18.12754],[-65.82001,18.12333],[-65.82166,18.11945],[-65.82218,18.11181],[-65.81934,18.11052],[-65.81697,18.10798],[-65.81471,18.10865],[-65.81176,18.10738],[-65.81006,18.10766],[-65.80978,18.10525],[-65.80599,18.10307],[-65.80082,18.10275],[-65.79019,18.09876],[-65.7856,18.09618],[-65.7852,18.10074],[-65.78361,18.10422],[-65.77385,18.11529],[-65.80443,18.13555],[-65.80429,18.1342],[-65.80751,18.13415],[-65.80959,18.13529]]]},"properties":{"TRACTCE":"180901","GEOID":"72069180901","NAME":"1809.01","NAMELSAD":"Census Tract 1809.01","COUNTYFP":"069"}},
{"type":"Feature","geometry":{"type":"Polygon","coordinates":[[[-66.12461,17.98166],[-66.12573,17.97967],[-66.12172,17.97608],[-66.1098,17.9745],[-66.11029,17.97976],[-66.10963,17.98075],[-66.1078,17.98055],[-66.10818,17.98357],[-66.11789,17.98305],[-66.11732,17.98357],[-66.11793,17.98619],[-66.11888,17.98697],[-66.1212,17.9833],[-66.12461,17.98166]]]},"properties":{"TRACTCE":"270600","GEOID":"72057270600","NAME":"2706","NAMELSAD":"Census Tract 2706","COUNTYFP":"057"}},
{"type":"Feature","geometry":{"type":"Polygon","coordinates":[[[-66.12573,17.97967],[-66.12845,17.97334],[-66.13368,17.96951],[-66.12915,17.96622],[-66.11801,17.96524],[-66.11464,17.96575],[-66.11095,17.96869],[-66.1099,17.97175],[-66.1098,17.9745],[-66.12172,17.97608],[-66.12573,17.97967]]]},"properties":{"TRACTCE":"270800","GEOID":"72057270800","NAME":"2708","NAMELSAD":"Census Tract 2708","COUNTYFP":"057"}},
{"type":"Feature","geometry":{"type":"Polygon","coordinates":[[[-66.49177,18.41346],[-66.49447,18.40934],[-66.49411,18.40459],[-66.49512,18.39911],[-66.49636,18.39759],[-66.49396,18.39634],[-66.49398,18.39457],[-66.49193,18.39301],[-66.49116,18.39088],[-66.49315,18.39001],[-66.49532,18.38704],[-66.49455,18.38353],[-66.49147,18.37795],[-66.48677,18.37702],[-66.48626,18.37084],[-66.48343,18.36604],[-66.47335,18.3676],[-66.4689,18.36981],[-66.46694,18.37183],[-66.46321,18.37147],[-66.45158,18.37221],[-66.4438,18.37103],[-66.44557,18.3756],[-66.44539,18.38075],[-66.44899,18.38721],[-66.44899,18.38911],[-66.44198,18.40214],[-66.43941,18.41037],[-66.44042,18.42966],[-66.47476,18.42438],[-66.47605,18.42166],[-66.4806,18.41819],[-66.48429,18.41693],[-66.49117,18.41122],[-66.49177,18.41346]]]},"properties":{"TRACTCE":"570800","GEOID":"72091570800","NAME":"5708","NAMELSAD":"Census Tract 5708","COUNTYFP":"091"}},
{"type":"Feature","geometry":{"type":"Polygon","coordinates":[[[-67.13563,18.25147],[-67.13757,18.24604],[-67.13363,18.24342],[-67.13339,18.2396],[-67.13211,18.23682],[-67.1326,18.23483],[-67.13157,18.23361],[-67.1323,18.2311],[-67.13166,18.2294],[-67.12964,18.22771],[-67.12397,18.22539],[-67.12416,18.22311],[-67.12006,18.21953],[-67.11946,18.21756],[-67.11527,18.21664],[-67.11656,18.21487],[-67.11643,18.21289],[-67.12035,18.20998],[-67.11811,18.20874],[-67.11787,18.20725],[-67.11749,18.20846],[-67.11661,18.20783],[-67.11534,18.20863],[-67.11376,18.20777],[-67.11336,18.20878],[-67.1118,18.20791],[-67.11214,18.20969],[-67.10999,18.20822],[-67.10911,18.20893],[-67.10828,18.21157],[-67.10935,18.21545],[-67.10588,18.21755],[-67.10355,18.21718],[-67.10327,18.22014],[-67.10086,18.2203],[-67.09842,18.22392],[-67.09414,18.22614],[-67.09191,18.22862],[-67.0887,18.22652],[-67.07998,18.22601],[-67.0742,18.22347],[-67.07359,18.233],[-67.07393,18.23633],[-67.07539,18.23645],[-67.07532,18.23771],[-67.07122,18.241],[-67.06843,18.24037],[-67.06744,18.24635],[-67.07093,18.24887],[-67.07376,18.24762],[-67.07545,18.24854],[-67.08056,18.2544],[-67.082,18.25495],[-67.08696,18.24914],[-67.09148,18.24971],[-67.09223,18.24911],[-67.09426,18.24954],[-67.09669,18.25253],[-67.09951,18.2529],[-67.10242,18.25145],[-67.10646,18.25277],[-67.10924,18.24942],[-67.11226,18.24808],[-67.11468,18.24741],[-67.11897,18.24839],[-67.12305,18.24281],[-67.12462,18.24445],[-67.12771,18.24561],[-67.13018,18.2456],[-67.13127,18.24466],[-67.13144,18.2456],[-67.13374,18.24641],[-67.13578,18.24585],[-67.13624,18.24828],[-67.13413,18.2493],[-67.13563,18.25147]]]},"properties":{"TRACTCE":"081601","GEOID":"72097081601","NAME":"816.01","NAMELSAD":"Census Tract 816.01","COUNTYFP":"097"}},
{"type":"Feature","geometry":{"type":"Polygon","coordinates":[[[-67.13605,18.20153],[-67.13591,18.19973],[-67.12825,18.19846],[-67.12404,18.19758],[-67.12069,18.19893],[-67.11789,18.19462],[-67.11416,18.19382],[-67.11203,18.19523],[-67.11532,18.19466],[-67.11558,18.19622],[-67.11707,18.19539],[-67.11653,18.19696],[-67.11866,18.19872],[-67.12031,18.20246],[-67.12189,18.20346],[-67.12216,18.20535],[-67.12448,18.20665],[-67.12543,18.20601],[-67.12555,18.20704],[-67.12671,18.2073],[-67.13,18.20378],[-67.13077,18.20545],[-67.13208,18.20455],[-67.13492,18.20167],[-67.13605,18.20153]]]},"properties":{"TRACTCE":"080800","GEOID":"72097080800","NAME":"808","NAMELSAD":"Census Tract 808","COUNTYFP":"097"}},
{"type":"Feature","geometry":{"type":"Polygon","coordinates":[[[-67.16161,18.27265],[-67.16083,18.27078],[-67.16072,18.24886],[-67.16019,18.22657],[-67.15844,18.22295],[-67.15509,18.21979],[-67.1555,18.22303],[-67.15188,18.22492],[-67.15054,18.23087],[-67.14874,18.23131],[-67.14876,18.22996],[-67.14523,18.23113],[-67.14386,18.22985],[-67.14051,18.22972],[-67.14013,18.23157],[-67.14136,18.23428],[-67.14366,18.23573],[-67.14319,18.23934],[-67.14675,18.2474],[-67.13757,18.24604],[-67.13563,18.25147],[-67.13695,18.25398],[-67.13797,18.25372],[-67.13771,18.2577],[-67.13839,18.25743],[-67.13806,18.2592],[-67.13907,18.25921],[-67.13777,18.26082],[-67.13664,18.26025],[-67.13528,18.26109],[-67.13492,18.26294],[-67.13622,18.26257],[-67.13486,18.2638],[-67.13566,18.26496],[-67.13844,18.26552],[-67.13996,18.26458],[-67.14064,18.26674],[-67.14243,18.267],[-67.14123,18.26826],[-67.1419,18.27028],[-67.14331,18.27044],[-67.14249,18.26865],[-67.14387,18.26767],[-67.14501,18.27099],[-67.14908,18.27168],[-67.15065,18.27036],[-67.14845,18.26978],[-67.14862,18.26879],[-67.15014,18.26835],[-67.1516,18.2693],[-67.15305,18.26869],[-67.15417,18.27041],[-67.15306,18.27185],[-67.15475,18.27199],[-67.15534,18.27326],[-67.15931,18.27354],[-67.16161,18.27265]]]},"properties":{"TRACTCE":"081522","GEOID":"72097081522","NAME":"815.22","NAMELSAD":"Census Tract 815.22","COUNTYFP":"097"}},
{"type":"Feature","geometry":{"type":"MultiPolygon","coordinates":[[[[-67.2542,18.25264],[-67.24745,18.24989],[-67.23046,18.24656],[-67.22506,18.22865],[-67.22124,18.22122],[-67.21424,18.21135],[-67.2184,18.20675],[-67.22566,18.19615],[-67.18498,18.17083],[-67.17258,18.18533],[-67.16324,18.19227],[-67.15969,18.19491],[-67.15861,18.19722],[-67.15636,18.20205],[-67.1554,18.20408],[-67.15641,18.20773],[-67.1617,18.21164],[-67.16181,18.21414],[-67.16511,18.21692],[-67.17841,18.22221],[-67.17989,18.22804],[-67.18361,18.24801],[-67.18432,18.24801],[-67.19822,18.26704],[-67.24356,18.26892],[-67.2542,18.25264]]],[[[-67.54302,18.38612],[-67.54244,18.37765],[-67.54052,18.36877],[-67.53599,18.35828],[-67.52832,18.34913],[-67.51351,18.33713],[-67.50229,18.33116],[-67.49426,18.3279],[-67.48861,18.32671],[-67.47214,18.32609],[-67.46033,18.32873],[-67.454,18.33126],[-67.44523,18.33644],[-67.43157,18.34733],[-67.42562,18.35451],[-67.41992,18.36668],[-67.41804,18.373],[-67.41757,18.38013],[-67.41863,18.38996],[-67.42503,18.40685],[-67.43409,18.41716],[-67.45164,18.43059],[-67.46203,18.43574],[-67.47301,18.43814],[-67.48141,18.43861],[-67.49185,18.4373],[-67.49963,18.43531],[-67.50687,18.43248],[-67.52393,18.42176],[-67.53178,18.41448],[-67.53749,18.40634],[-67.54112,18.39645],[-67.54302,18.38612]],[[-67.49201,18.38906],[-67.4911,18.39067],[-67.48626,18.39258],[-67.48462,18.39466],[-67.48073,18.39494],[-67.47531,18.39318],[-67.46956,18.38439],[-67.46942,18.38256],[-67.47022,18.38045],[-67.47414,18.37908],[-67.47616,18.37645],[-67.48026,18.37678],[-67.48926,18.38128],[-67.49201,18.38906]]],[[[-67.99869,18.17076],[-67.99792,18.14401],[-67.99668,18.13507],[-67.99514,18.12921],[-67.98615,18.11919],[-67.98692,18.1093],[-67.99591,18.09491],[-67.99783,18.08933],[-67.9983,18.08376],[-67.99342,18.06241],[-67.988,18.05221],[-67.98284,18.04581],[-67.97614,18.03959],[-67.94583,18.01754],[-67.93544,18.01295],[-67.92942,18.01129],[-67.92727,18.0087],[-67.92293,18.00608],[-67.91469,18.0029],[-67.90089,17.99948],[-67.89178,18.00059],[-67.88639,17.99943],[-67.87957,17.99946],[-67.87463,18.00083],[-67.87463,17.99977],[-67.87139,18.00031],[-67.86258,18.00323],[-67.83848,18.01385],[-67.83005,18.0196],[-67.82244,18.02643],[-67.79733,18.05865],[-67.79356,18.0671],[-67.79151,18.07467],[-67.78981,18.09036],[-67.79199,18.10746],[-67.79459,18.11587],[-67.79946,18.12806],[-67.80532,18.1369],[-67.81126,18.14389],[-67.82575,18.15778],[-67.83441,18.16365],[-67.84332,18.16753],[-67.85244,18.17011],[-67.86082,18.17083],[-67.87463,18.16878],[-67.87996,18.16697],[-67.88556,18.16384],[-67.89267,18.16679],[-67.89493,18.16667],[-67.89761,18.17594],[-67.90149,18.18406],[-67.90876,18.19311],[-67.91617,18.2001],[-67.92721,18.20627],[-67.93694,18.20937],[-67.94479,18.21004],[-67.95592,18.21023],[-67.96425,18.20786],[-67.97366,18.2036],[-67.98254,18.19748],[-67.99451,18.18504],[-67.99724,18.1799],[-67.99869,18.17076]],[[-67.95619,18.15816],[-67.95478,18.16269],[-67.95055,18.16456],[-67.94781,18.16462],[-67.94419,18.16323],[-67.94336,18.15856],[-67.94607,18.1546],[-67.94941,18.15348],[-67.95554,18.15559],[-67.95619,18.15816]],[[-67.95063,18.08728],[-67.94595,18.09035],[-67.94447,18.09513],[-67.94008,18.0996],[-67.93949,18.10879],[-67.93656,18.11494],[-67.92601,18.11937],[-67.91253,18.1221],[-67.90374,18.12245],[-67.88909,18.11903],[-67.88264,18.11664],[-67.87502,18.11732],[-67.87072,18.12013],[-67.86251,18.12286],[-67.85786,18.12301],[-67.85024,18.12624],[-67.84203,18.12555],[-67.83969,18.12301],[-67.84086,18.11989],[-67.835,18.11478],[-67.83442,18.10385],[-67.835,18.08883],[-67.83676,18.08131],[-67.8391,18.07858],[-67.84321,18.07756],[-67.84555,18.07586],[-67.84731,18.07278],[-67.84731,18.0704],[-67.85024,18.06699],[-67.85258,18.06699],[-67.85786,18.06066],[-67.8672,18.05661],[-67.87072,18.05285],[-67.87441,18.05217],[-67.87851,18.04944],[-67.8832,18.04842],[-67.89375,18.04842],[-67.90195,18.05149],[-67.9125,18.05729],[-67.92484,18.06066],[-67.93715,18.0709],[-67.93883,18.07409],[-67.94652,18.07772],[-67.94887,18.08011],[-67.9518,18.08421],[-67.95063,18.08728]]]]},"properties":{"TRACTCE":"990000","GEOID":"72097990000","NAME":"9900","NAMELSAD":"Census Tract 9900","COUNTYFP":"097"}},
{"type":"Feature","geometry":{"type":"Polygon","coordinates":[[[-67.16181,18.21414],[-67.1617,18.21164],[-67.15641,18.20773],[-67.1518,18.20808],[-67.15113,18.21296],[-67.15457,18.2149],[-67.15664,18.21427],[-67.16181,18.21414]]]},"properties":{"TRACTCE":"080300","GEOID":"72097080300","NAME":"803","NAMELSAD":"Census Tract 803","COUNTYFP":"097"}},
{"type":"Feature","geometry":{"type":"Polygon","coordinates":[[[-65.99152,18.37664],[-65.9915,18.37237],[-65.98985,18.37057],[-65.98911,18.37244],[-65.98765,18.37338],[-65.9869,18.37167],[-65.98261,18.37143],[-65.98025,18.37449],[-65.98116,18.37751],[-65.98305,18.37711],[-65.98367,18.37818],[-65.98226,18.38348],[-65.98339,18.38247],[-65.98474,18.38284],[-65.98619,18.38206],[-65.98584,18.38151],[-65.98817,18.38023],[-65.98915,18.37775],[-65.9915,18.377],[-65.99152,18.37664]]]},"properties":{"TRACTCE":"050503","GEOID":"72031050503","NAME":"505.03","NAMELSAD":"Census Tract 505.03","COUNTYFP":"031"}},
{"type":"Feature","geometry":{"type":"Polygon","coordinates":[[[-65.96755,18.42533],[-65.9668,18.41828],[-65.96591,18.41848],[-65.96535,18.41565],[-65.96175,18.41575],[-65.96183,18.41884],[-65.95743,18.41896],[-65.95599,18.40644],[-65.95444,18.40578],[-65.94978,18.40719],[-65.94828,18.40299],[-65.94869,18.40204],[-65.94592,18.40109],[-65.94103,18.39792],[-65.93505,18.39567],[-65.93279,18.39564],[-65.93104,18.39417],[-65.92978,18.39591],[-65.92676,18.39678],[-65.92682,18.39804],[-65.92413,18.40158],[-65.91901,18.40019],[-65.91928,18.40299],[-65.92008,18.41118],[-65.92414,18.41148],[-65.92837,18.41295],[-65.92617,18.4156],[-65.93086,18.42277],[-65.9304,18.42848],[-65.9326,18.42842],[-65.93806,18.43036],[-65.95035,18.43527],[-65.95367,18.43748],[-65.95721,18.43347],[-65.96106,18.43326],[-65.96351,18.43435],[-65.96522,18.43258],[-65.9672,18.43238],[-65.96755,18.42533]]]},"properties":{"TRACTCE":"050811","GEOID":"72031050811","NAME":"508.11","NAMELSAD":"Census Tract 508.11","COUNTYFP":"031"}},
{"type":"Feature","geometry":{"type":"Polygon","coordinates":[[[-65.95587,18.37331],[-65.95624,18.37074],[-65.95737,18.3703],[-65.95722,18.36759],[-65.95216,18.36848],[-65.94985,18.3701],[-65.94887,18.36524],[-65.94406,18.36038],[-65.93767,18.35695],[-65.93805,18.36343],[-65.93526,18.36755],[-65.93424,18.36778],[-65.93349,18.36978],[-65.93384,18.37301],[-65.93556,18.37587],[-65.93811,18.37755],[-65.93838,18.37895],[-65.94019,18.38057],[-65.93991,18.38129],[-65.94601,18.38158],[-65.9463,18.38396],[-65.94817,18.38439],[-65.95165,18.38146],[-65.95239,18.37768],[-65.95161,18.37579],[-65.95031,18.37301],[-65.95131,18.3701],[-65.9538,18.36992],[-65.95456,18.37329],[-65.95587,18.37331]]]},"properties":{"TRACTCE":"050902","GEOID":"72031050902","NAME":"509.02","NAMELSAD":"Census Tract 509.02","COUNTYFP":"031"}},
{"type":"Feature","geometry":{"type":"Polygon","coordinates":[[[-65.9668,18.41828],[-65.96595,18.41072],[-65.96715,18.4061],[-65.95937,18.40634],[-65.95599,18.40644],[-65.95743,18.41896],[-65.96183,18.41884],[-65.96175,18.41575],[-65.96535,18.41565],[-65.96591,18.41848],[-65.9668,18.41828]]]},"properties":{"TRACTCE":"050821","GEOID":"72031050821","NAME":"508.21","NAMELSAD":"Census Tract 508.21","COUNTYFP":"031"}},
{"type":"Feature","geometry":{"type":"Polygon","coordinates":[[[-65.97862,18.4272],[-65.98202,18.42683],[-65.98123,18.42364],[-65.98834,18.42213],[-65.98648,18.4165],[-65.97795,18.41898],[-65.97862,18.4272]]]},"properties":{"TRACTCE":"050231","GEOID":"72031050231","NAME":"502.31","NAMELSAD":"Census Tract 502.31","COUNTYFP":"031"}},
{"type":"Feature","geometry":{"type":"Polygon","coordinates":[[[-65.98205,18.35849],[-65.98083,18.35368],[-65.97557,18.3527],[-65.97541,18.34931],[-65.97417,18.3484],[-65.97278,18.34416],[-65.96971,18.34341],[-65.96975,18.34043],[-65.96698,18.33976],[-65.96903,18.33736],[-65.96983,18.33409],[-65.96815,18.33286],[-65.96706,18.3299],[-65.96242,18.32863],[-65.96335,18.32562],[-65.96187,18.3231],[-65.95885,18.32267],[-65.9566,18.31831],[-65.95432,18.31784],[-65.95272,18.31623],[-65.95246,18.31706],[-65.95348,18.32161],[-65.95276,18.32536],[-65.95353,18.32684],[-65.94963,18.33329],[-65.94959,18.33498],[-65.9508,18.33602],[-65.94959,18.33645],[-65.94798,18.33953],[-65.94713,18.34111],[-65.94549,18.34038],[-65.94478,18.34172],[-65.94681,18.34175],[-65.94661,18.34435],[-65.94817,18.34386],[-65.94781,18.34623],[-65.94949,18.3505],[-65.94624,18.35248],[-65.94774,18.35327],[-65.94786,18.35486],[-65.94903,18.35313],[-65.94999,18.35431],[-65.9486,18.35742],[-65.94406,18.36038],[-65.94887,18.36524],[-65.94985,18.3701],[-65.95216,18.36848],[-65.95722,18.36759],[-65.95737,18.3703],[-65.95624,18.37074],[-65.95587,18.37331],[-65.95989,18.37345],[-65.96207,18.37482],[-65.96453,18.37234],[-65.96439,18.36974],[-65.96344,18.36628],[-65.96619,18.36049],[-65.9694,18.36062],[-65.97465,18.36322],[-65.97756,18.36201],[-65.98205,18.35849]]]},"properties":{"TRACTCE":"050901","GEOID":"72031050901","NAME":"509.01","NAMELSAD":"Census Tract 509.01","COUNTYFP":"031"}},
{"type":"Feature","geometry":{"type":"Polygon","coordinates":[[[-65.94406,18.36038],[-65.9486,18.35742],[-65.94999,18.35431],[-65.94903,18.35313],[-65.94786,18.35486],[-65.94774,18.35327],[-65.94624,18.35248],[-65.94949,18.3505],[-65.94781,18.34623],[-65.94817,18.34386],[-65.94661,18.34435],[-65.94681,18.34175],[-65.94478,18.34172],[-65.94549,18.34038],[-65.94713,18.34111],[-65.94798,18.33953],[-65.93722,18.34049],[-65.93033,18.3401],[-65.93109,18.33826],[-65.9295,18.33331],[-65.92556,18.33055],[-65.9261,18.32672],[-65.92263,18.32539],[-65.92177,18.3228],[-65.91851,18.3243],[-65.91631,18.32373],[-65.91521,18.32491],[-65.91281,18.32485],[-65.91031,18.32797],[-65.90929,18.32792],[-65.90583,18.33171],[-65.90678,18.33304],[-65.90624,18.33735],[-65.90935,18.34063],[-65.908,18.34365],[-65.91005,18.34553],[-65.9112,18.34383],[-65.91322,18.34316],[-65.91367,18.34466],[-65.91448,18.3448],[-65.91617,18.3428],[-65.91724,18.34479],[-65.91971,18.34487],[-65.91935,18.34656],[-65.92007,18.34588],[-65.92126,18.34669],[-65.92106,18.34585],[-65.92196,18.34558],[-65.9248,18.34818],[-65.92351,18.34876],[-65.92329,18.35156],[-65.92458,18.35306],[-65.92456,18.355],[-65.92746,18.35604],[-65.92855,18.3581],[-65.92999,18.366],[-65.93,18.36944],[-65.93189,18.37301],[-65.93414,18.37614],[-65.93556,18.37587],[-65.93384,18.37301],[-65.93349,18.36978],[-65.93424,18.36778],[-65.93526,18.36755],[-65.93805,18.36343],[-65.93767,18.35695],[-65.94406,18.36038]]]},"properties":{"TRACTCE":"051102","GEOID":"72031051102","NAME":"511.02","NAMELSAD":"Census Tract 511.02","COUNTYFP":"031"}},
{"type":"Feature","geometry":{"type":"Polygon","coordinates":[[[-66.09319,18.38947],[-66.09225,18.38894],[-66.09263,18.38485],[-66.09145,18.38469],[-66.09145,18.38284],[-66.08709,18.38274],[-66.08487,18.38363],[-66.08513,18.38678],[-66.08377,18.38688],[-66.08324,18.38932],[-66.0839,18.39316],[-66.08573,18.39302],[-66.08478,18.39065],[-66.09269,18.39073],[-66.09319,18.38947]]]},"properties":{"TRACTCE":"008202","GEOID":"72127008202","NAME":"82.02","NAMELSAD":"Census Tract 82.02","COUNTYFP":"127"}},
{"type":"Feature","geometry":{"type":"Polygon","coordinates":[[[-66.08288,18.40165],[-66.09439,18.39729],[-66.09285,18.39755],[-66.09195,18.3946],[-66.08862,18.39488],[-66.08822,18.39499],[-66.0881,18.39616],[-66.08229,18.4],[-66.08288,18.40165]]]},"properties":{"TRACTCE":"008300","GEOID":"72127008300","NAME":"83","NAMELSAD":"Census Tract 83","COUNTYFP":"127"}},
{"type":"Feature","geometry":{"type":"Polygon","coordinates":[[[-66.08229,18.4],[-66.0881,18.39616],[-66.08822,18.39499],[-66.08573,18.39302],[-66.0839,18.39316],[-66.08324,18.38932],[-66.08247,18.38972],[-66.08246,18.38878],[-66.07964,18.3872],[-66.08156,18.38668],[-66.07388,18.38332],[-66.07175,18.38426],[-66.07132,18.39077],[-66.07296,18.39108],[-66.0712,18.39531],[-66.07188,18.39923],[-66.07557,18.39876],[-66.07651,18.39635],[-66.08095,18.39955],[-66.08134,18.4003],[-66.08229,18.4]]]},"properties":{"TRACTCE":"008400","GEOID":"72127008400","NAME":"84","NAMELSAD":"Census Tract 84","COUNTYFP":"127"}},
{"type":"Feature","geometry":{"type":"Polygon","coordinates":[[[-66.07513,18.40698],[-66.07485,18.40493],[-66.07676,18.404],[-66.07802,18.40093],[-66.08095,18.39955],[-66.07651,18.39635],[-66.07557,18.39876],[-66.07188,18.39923],[-66.06905,18.40584],[-66.06891,18.40844],[-66.06988,18.41028],[-66.07011,18.41035],[-66.07135,18.40744],[-66.07513,18.40698]]]},"properties":{"TRACTCE":"008500","GEOID":"72127008500","NAME":"85","NAMELSAD":"Census Tract 85","COUNTYFP":"127"}},
{"type":"Feature","geometry":{"type":"Polygon","coordinates":[[[-66.70402,18.26607],[-66.70355,18.26195],[-66.70556,18.25777],[-66.70518,18.25643],[-66.70339,18.25644],[-66.70394,18.2558],[-66.70273,18.25477],[-66.70254,18.25348],[-66.70101,18.25478],[-66.70025,18.25452],[-66.69994,18.25609],[-66.69799,18.25511],[-66.69709,18.25355],[-66.69682,18.25421],[-66.69565,18.25304],[-66.69097,18.25148],[-66.68976,18.2535],[-66.6877,18.25482],[-66.68871,18.25916],[-66.68479,18.25814],[-66.69245,18.26611],[-66.69649,18.26864],[-66.69874,18.26905],[-66.70308,18.26887],[-66.70291,18.26712],[-66.70402,18.26607]]]},"properties":{"TRACTCE":"957500","GEOID":"72141957500","NAME":"9575","NAMELSAD":"Census Tract 9575","COUNTYFP":"141"}},
{"type":"Feature","geometry":{"type":"Polygon","coordinates":[[[-66.07188,18.39923],[-66.0712,18.39531],[-66.07296,18.39108],[-66.07132,18.39077],[-66.07175,18.38426],[-66.0695,18.38343],[-66.06756,18.38556],[-66.06797,18.38808],[-66.06619,18.39021],[-66.06609,18.39176],[-66.06829,18.39448],[-66.06618,18.40215],[-66.06502,18.40216],[-66.06516,18.40604],[-66.06765,18.40596],[-66.06767,18.40662],[-66.06518,18.4067],[-66.06522,18.40745],[-66.06725,18.40739],[-66.06905,18.40584],[-66.07188,18.39923]]]},"properties":{"TRACTCE":"008602","GEOID":"72127008602","NAME":"86.02","NAMELSAD":"Census Tract 86.02","COUNTYFP":"127"}},
{"type":"Feature","geometry":{"type":"Polygon","coordinates":[[[-66.50732,18.06567],[-66.50805,18.06403],[-66.51267,18.0638],[-66.51896,18.06096],[-66.51668,18.05592],[-66.5138,18.05417],[-66.51142,18.05434],[-66.511,18.05221],[-66.50515,18.05249],[-66.50116,18.05175],[-66.50221,18.05603],[-66.50531,18.05786],[-66.50744,18.06146],[-66.50154,18.06387],[-66.50014,18.06631],[-66.50119,18.06754],[-66.50244,18.066],[-66.50549,18.06567],[-66.50635,18.0668],[-66.50732,18.06567]]]},"properties":{"TRACTCE":"710600","GEOID":"72075710600","NAME":"7106","NAMELSAD":"Census Tract 7106","COUNTYFP":"075"}},
{"type":"Feature","geometry":{"type":"Polygon","coordinates":[[[-66.53734,18.04129],[-66.53832,18.03735],[-66.54246,18.03246],[-66.5389,18.02551],[-66.54073,18.02292],[-66.5384,18.02269],[-66.52606,18.01888],[-66.52414,18.01994],[-66.52456,18.02316],[-66.52163,18.02183],[-66.51589,18.02458],[-66.51252,18.02366],[-66.50908,18.02406],[-66.50812,18.02476],[-66.50786,18.02722],[-66.50747,18.0304],[-66.50937,18.03342],[-66.51533,18.03915],[-66.52201,18.04262],[-66.52582,18.04088],[-66.53076,18.0413],[-66.53325,18.04254],[-66.53734,18.04129]]]},"properties":{"TRACTCE":"710901","GEOID":"72075710901","NAME":"7109.01","NAMELSAD":"Census Tract 7109.01","COUNTYFP":"075"}},
{"type":"Feature","geometry":{"type":"Polygon","coordinates":[[[-66.15712,18.40517],[-66.15901,18.40267],[-66.15815,18.40023],[-66.15895,18.40096],[-66.16185,18.39827],[-66.16488,18.40052],[-66.16764,18.39911],[-66.16288,18.39753],[-66.16048,18.39652],[-66.15804,18.39621],[-66.15582,18.39607],[-66.15444,18.39359],[-66.14805,18.39103],[-66.14702,18.38879],[-66.14374,18.394],[-66.14369,18.39534],[-66.13999,18.39642],[-66.14786,18.40225],[-66.15087,18.40641],[-66.15348,18.40396],[-66.15712,18.40517]]]},"properties":{"TRACTCE":"030300","GEOID":"72021030300","NAME":"303","NAMELSAD":"Census Tract 303","COUNTYFP":"021"}},
{"type":"Feature","geometry":{"type":"Polygon","coordinates":[[[-66.17663,18.40201],[-66.17896,18.40032],[-66.1737,18.39662],[-66.17075,18.39605],[-66.17024,18.39275],[-66.16723,18.39409],[-66.16492,18.39567],[-66.16493,18.39665],[-66.16288,18.39753],[-66.16764,18.39911],[-66.16983,18.39902],[-66.17324,18.39931],[-66.17663,18.40201]]]},"properties":{"TRACTCE":"030901","GEOID":"72021030901","NAME":"309.01","NAMELSAD":"Census Tract 309.01","COUNTYFP":"021"}},
{"type":"Feature","geometry":{"type":"Polygon","coordinates":[[[-66.32393,18.41844],[-66.33446,18.41753],[-66.34094,18.42513],[-66.34238,18.42394],[-66.34193,18.42339],[-66.33782,18.41926],[-66.33668,18.41541],[-66.3314,18.41204],[-66.3314,18.40957],[-66.32972,18.40961],[-66.32779,18.40585],[-66.32691,18.40652],[-66.32637,18.40358],[-66.31997,18.40323],[-66.31909,18.40197],[-66.32052,18.4065],[-66.31935,18.4096],[-66.31925,18.4133],[-66.32201,18.41318],[-66.32393,18.41844]]]},"properties":{"TRACTCE":"550400","GEOID":"72143550400","NAME":"5504","NAMELSAD":"Census Tract 5504","COUNTYFP":"143"}},
{"type":"Feature","geometry":{"type":"Polygon","coordinates":[[[-66.30153,18.42748],[-66.30924,18.42593],[-66.31044,18.42409],[-66.31236,18.4238],[-66.31228,18.42225],[-66.32294,18.42319],[-66.32393,18.41844],[-66.32201,18.41318],[-66.31925,18.4133],[-66.31935,18.4096],[-66.31564,18.40926],[-66.31389,18.40991],[-66.31172,18.4113],[-66.31295,18.41392],[-66.31102,18.41409],[-66.3087,18.41364],[-66.30388,18.41064],[-66.30167,18.41796],[-66.29976,18.42077],[-66.29961,18.42371],[-66.30042,18.42526],[-66.30153,18.42748]]]},"properties":{"TRACTCE":"550500","GEOID":"72143550500","NAME":"5505","NAMELSAD":"Census Tract 5505","COUNTYFP":"143"}},
{"type":"Feature","geometry":{"type":"Polygon","coordinates":[[[-66.68731,17.9929],[-66.68677,17.99149],[-66.68837,17.98881],[-66.69196,17.98684],[-66.69178,17.98501],[-66.6932,17.98333],[-66.6981,17.98162],[-66.6991,17.97765],[-66.6873,17.97454],[-66.6778,17.97416],[-66.67133,17.97504],[-66.66278,17.98056],[-66.66627,17.98159],[-66.66891,17.98608],[-66.67182,17.98807],[-66.67445,17.98821],[-66.68147,17.99248],[-66.68731,17.9929]]]},"properties":{"TRACTCE":"980001","GEOID":"72113980001","NAME":"9800.01","NAMELSAD":"Census Tract 9800.01","COUNTYFP":"113"}},
{"type":"Feature","geometry":{"type":"Polygon","coordinates":[[[-66.18791,18.36599],[-66.18852,18.36469],[-66.18569,18.36387],[-66.17563,18.36517],[-66.17676,18.36929],[-66.1742,18.37174],[-66.17351,18.37454],[-66.17501,18.37543],[-66.17607,18.37252],[-66.17952,18.37016],[-66.18126,18.37029],[-66.18618,18.36613],[-66.18791,18.36599]]]},"properties":{"TRACTCE":"031307","GEOID":"72021031307","NAME":"313.07","NAMELSAD":"Census Tract 313.07","COUNTYFP":"021"}},
{"type":"Feature","geometry":{"type":"Polygon","coordinates":[[[-66.59772,17.98561],[-66.59865,17.97313],[-66.60333,17.94695],[-66.60002,17.94724],[-66.5892,17.96892],[-66.59094,17.98806],[-66.58796,17.99186],[-66.58214,18.0056],[-66.57602,18.00727],[-66.57493,18.00946],[-66.56973,18.00889],[-66.56184,18.01934],[-66.56375,18.01967],[-66.56634,18.01931],[-66.56919,18.01572],[-66.57623,18.01407],[-66.58024,18.01454],[-66.57968,18.01754],[-66.58152,18.01774],[-66.58458,18.01456],[-66.58519,18.01504],[-66.5858,18.01445],[-66.58454,18.01246],[-66.58713,18.01179],[-66.58982,18.00983],[-66.59014,18.00731],[-66.59257,18.00595],[-66.59395,17.99716],[-66.59668,17.98645],[-66.59772,17.98561]]]},"properties":{"TRACTCE":"072202","GEOID":"72113072202","NAME":"722.02","NAMELSAD":"Census Tract 722.02","COUNTYFP":"113"}},
{"type":"Feature","geometry":{"type":"Polygon","coordinates":[[[-66.59939,18.04183],[-66.59702,18.03982],[-66.59759,18.03784],[-66.60071,18.03764],[-66.6034,18.03599],[-66.59593,18.02877],[-66.58253,18.03914],[-66.58227,18.03935],[-66.58534,18.04257],[-66.58453,18.04595],[-66.5862,18.04491],[-66.58682,18.03958],[-66.58969,18.03784],[-66.59067,18.04281],[-66.59277,18.04561],[-66.59939,18.04183]]]},"properties":{"TRACTCE":"072701","GEOID":"72113072701","NAME":"727.01","NAMELSAD":"Census Tract 727.01","COUNTYFP":"113"}},
{"type":"Feature","geometry":{"type":"Polygon","coordinates":[[[-66.11836,18.45493],[-66.1097,18.4472],[-66.10845,18.44535],[-66.10834,18.44248],[-66.08941,18.4429],[-66.08527,18.44116],[-66.08209,18.44535],[-66.08094,18.44423],[-66.08061,18.44151],[-66.07718,18.4464],[-66.07862,18.44742],[-66.0829,18.45001],[-66.08696,18.45283],[-66.08625,18.45871],[-66.08629,18.45902],[-66.09755,18.4602],[-66.10573,18.4611],[-66.11836,18.45493]],[[-66.10667,18.45629],[-66.10499,18.45974],[-66.08964,18.45816],[-66.08953,18.45724],[-66.09354,18.4567],[-66.09655,18.45362],[-66.09873,18.45507],[-66.10241,18.45466],[-66.1024,18.45385],[-66.10374,18.45317],[-66.10444,18.45377],[-66.10334,18.45407],[-66.10514,18.45401],[-66.10667,18.45629]]]},"properties":{"TRACTCE":"004200","GEOID":"72127004200","NAME":"42","NAMELSAD":"Census Tract 42","COUNTYFP":"127"}},
{"type":"Feature","geometry":{"type":"Polygon","coordinates":[[[-67.14595,18.14327],[-67.14534,18.14221],[-67.13474,18.13629],[-67.13411,18.1374],[-67.13146,18.13686],[-67.12926,18.1386],[-67.12809,18.14264],[-67.12619,18.14344],[-67.12994,18.14554],[-67.13075,18.14746],[-67.1327,18.14803],[-67.13384,18.14733],[-67.13811,18.15068],[-67.13999,18.15123],[-67.14127,18.14937],[-67.14084,18.14792],[-67.14595,18.14327]]]},"properties":{"TRACTCE":"820400","GEOID":"72067820400","NAME":"8204","NAMELSAD":"Census Tract 8204","COUNTYFP":"067"}},
{"type":"Feature","geometry":{"type":"Polygon","coordinates":[[[-67.15973,18.15323],[-67.15852,18.15192],[-67.15642,18.15156],[-67.15597,18.15008],[-67.15359,18.14935],[-67.15398,18.1453],[-67.15243,18.14572],[-67.15107,18.14481],[-67.15163,18.14204],[-67.1501,18.1421],[-67.14948,18.14343],[-67.14858,18.14079],[-67.14666,18.14099],[-67.14632,18.13963],[-67.14188,18.13778],[-67.14048,18.13505],[-67.1406,18.13308],[-67.13955,18.13399],[-67.13878,18.13306],[-67.13708,18.13337],[-67.13621,18.1328],[-67.13625,18.13137],[-67.13399,18.13234],[-67.13319,18.12986],[-67.13513,18.12967],[-67.13606,18.12787],[-67.13472,18.1255],[-67.13535,18.12486],[-67.13472,18.12357],[-67.13337,18.12292],[-67.13215,18.12051],[-67.13116,18.12101],[-67.12959,18.12067],[-67.12928,18.11973],[-67.12836,18.11999],[-67.12616,18.11514],[-67.12416,18.11462],[-67.12391,18.1138],[-67.12196,18.11411],[-67.11951,18.11186],[-67.11601,18.11138],[-67.10563,18.1055],[-67.10475,18.106],[-67.10283,18.10509],[-67.10049,18.1064],[-67.09713,18.10732],[-67.09369,18.10681],[-67.09053,18.10479],[-67.08783,18.10618],[-67.08728,18.10395],[-67.08627,18.10505],[-67.08667,18.10663],[-67.08105,18.10672],[-67.07901,18.11011],[-67.08098,18.11153],[-67.0778,18.11315],[-67.07781,18.11585],[-67.07953,18.117],[-67.08368,18.11905],[-67.09212,18.12537],[-67.09376,18.1246],[-67.11147,18.13272],[-67.11823,18.13447],[-67.11951,18.13639],[-67.12094,18.13733],[-67.12284,18.14063],[-67.12105,18.14266],[-67.12252,18.14594],[-67.1233,18.1458],[-67.12369,18.14364],[-67.12619,18.14344],[-67.12809,18.14264],[-67.12926,18.1386],[-67.13146,18.13686],[-67.13411,18.1374],[-67.13474,18.13629],[-67.14534,18.14221],[-67.14595,18.14327],[-67.14729,18.14821],[-67.15041,18.15413],[-67.15177,18.15371],[-67.15765,18.1562],[-67.15973,18.15323]]]},"properties":{"TRACTCE":"820300","GEOID":"72067820300","NAME":"8203","NAMELSAD":"Census Tract 8203","COUNTYFP":"067"}},
{"type":"Feature","geometry":{"type":"Polygon","coordinates":[[[-67.15041,18.15413],[-67.14729,18.14821],[-67.14595,18.14327],[-67.14084,18.14792],[-67.14127,18.14937],[-67.13999,18.15123],[-67.14074,18.15257],[-67.14464,18.1536],[-67.14489,18.15428],[-67.14732,18.15516],[-67.15041,18.15413]]]},"properties":{"TRACTCE":"820500","GEOID":"72067820500","NAME":"8205","NAMELSAD":"Census Tract 8205","COUNTYFP":"067"}},
{"type":"Feature","geometry":{"type":"Polygon","coordinates":[[[-65.64608,18.44222],[-65.66834,18.3659],[-65.66378,18.36663],[-65.65742,18.36982],[-65.65417,18.37439],[-65.65262,18.37478],[-65.65216,18.3773],[-65.64974,18.37938],[-65.64937,18.38377],[-65.64845,18.38472],[-65.64141,18.38511],[-65.63921,18.38229],[-65.63893,18.38016],[-65.63636,18.37847],[-65.63706,18.37362],[-65.63543,18.37356],[-65.63108,18.37759],[-65.63173,18.38085],[-65.63124,18.38312],[-65.6295,18.38503],[-65.6301,18.38658],[-65.62836,18.38854],[-65.62357,18.39112],[-65.61769,18.39066],[-65.61463,18.38869],[-65.61418,18.39182],[-65.61709,18.39747],[-65.61702,18.40404],[-65.61424,18.4057],[-65.61081,18.40594],[-65.60835,18.40502],[-65.60699,18.40306],[-65.60688,18.40119],[-65.60307,18.40015],[-65.59687,18.40274],[-65.59306,18.39995],[-65.59426,18.39643],[-65.59099,18.39623],[-65.57913,18.3892],[-65.57554,18.38848],[-65.57368,18.38652],[-65.56987,18.38642],[-65.56498,18.38383],[-65.56291,18.38177],[-65.55943,18.38115],[-65.55671,18.37639],[-65.55159,18.37774],[-65.54879,18.37576],[-65.54724,18.37269],[-65.54866,18.37109],[-65.55177,18.36912],[-65.56937,18.3636],[-65.5761,18.3593],[-65.57739,18.35672],[-65.57934,18.35512],[-65.57882,18.35315],[-65.57506,18.35635],[-65.56691,18.35635],[-65.56148,18.35008],[-65.56044,18.34713],[-65.5607,18.34419],[-65.56316,18.33743],[-65.56316,18.33485],[-65.56057,18.33399],[-65.55086,18.33731],[-65.54051,18.34615],[-65.53637,18.36052],[-65.53637,18.36482],[-65.53145,18.36679],[-65.52459,18.36617],[-65.52291,18.36335],[-65.52537,18.35635],[-65.51563,18.35133],[-65.4996,18.36991],[-65.46913,18.39641],[-65.4721,18.39816],[-65.47913,18.39926],[-65.48256,18.40164],[-65.4925,18.40369],[-65.5486,18.42865],[-65.58668,18.44333],[-65.62461,18.45126],[-65.63514,18.44815],[-65.64608,18.44222]]]},"properties":{"TRACTCE":"990103","GEOID":"72053990103","NAME":"9901.03","NAMELSAD":"Census Tract 9901.03","COUNTYFP":"053"}},
{"type":"Feature","geometry":{"type":"Polygon","coordinates":[[[-65.65742,18.36982],[-65.65612,18.3644],[-65.65904,18.36091],[-65.65837,18.35919],[-65.65954,18.35841],[-65.66049,18.35921],[-65.66119,18.35795],[-65.66,18.35563],[-65.65237,18.35633],[-65.65076,18.35873],[-65.64867,18.35911],[-65.64758,18.3603],[-65.64519,18.35822],[-65.64103,18.35777],[-65.64149,18.35235],[-65.63794,18.35023],[-65.63673,18.34863],[-65.6366,18.34676],[-65.63358,18.34679],[-65.63331,18.34594],[-65.63341,18.3468],[-65.6246,18.34693],[-65.6246,18.32812],[-65.6246,18.28798],[-65.6246,18.28775],[-65.53177,18.34098],[-65.51958,18.34675],[-65.51563,18.35133],[-65.52537,18.35635],[-65.52291,18.36335],[-65.52459,18.36617],[-65.53145,18.36679],[-65.53637,18.36482],[-65.53637,18.36052],[-65.54051,18.34615],[-65.55086,18.33731],[-65.56057,18.33399],[-65.56316,18.33485],[-65.56316,18.33743],[-65.5607,18.34419],[-65.56044,18.34713],[-65.56148,18.35008],[-65.56691,18.35635],[-65.57506,18.35635],[-65.57882,18.35315],[-65.57934,18.35512],[-65.57739,18.35672],[-65.5761,18.3593],[-65.56937,18.3636],[-65.55177,18.36912],[-65.54866,18.37109],[-65.54724,18.37269],[-65.54879,18.37576],[-65.55159,18.37774],[-65.55671,18.37639],[-65.55943,18.38115],[-65.56291,18.38177],[-65.56498,18.38383],[-65.56987,18.38642],[-65.57368,18.38652],[-65.57554,18.38848],[-65.57913,18.3892],[-65.59099,18.39623],[-65.59426,18.39643],[-65.59306,18.39995],[-65.59687,18.40274],[-65.60307,18.40015],[-65.60688,18.40119],[-65.60699,18.40306],[-65.60835,18.40502],[-65.61081,18.40594],[-65.61424,18.4057],[-65.61702,18.40404],[-65.61709,18.39747],[-65.61418,18.39182],[-65.61463,18.38869],[-65.61769,18.39066],[-65.62357,18.39112],[-65.62836,18.38854],[-65.6301,18.38658],[-65.6295,18.38503],[-65.63124,18.38312],[-65.63173,18.38085],[-65.63108,18.37759],[-65.63543,18.37356],[-65.63706,18.37362],[-65.63636,18.37847],[-65.63893,18.38016],[-65.63921,18.38229],[-65.64141,18.38511],[-65.64845,18.38472],[-65.64937,18.38377],[-65.64974,18.37938],[-65.65216,18.3773],[-65.65262,18.37478],[-65.65417,18.37439],[-65.65742,18.36982]]]},"properties":{"TRACTCE":"150106","GEOID":"72053150106","NAME":"1501.06","NAMELSAD":"Census Tract 1501.06","COUNTYFP":"053"}},
{"type":"Feature","geometry":{"type":"Polygon","coordinates":[[[-66.62849,18.21461],[-66.6303,18.21471],[-66.63256,18.21341],[-66.63302,18.21157],[-66.63673,18.20766],[-66.63962,18.20726],[-66.63833,18.2031],[-66.63994,18.20086],[-66.64063,18.19707],[-66.64292,18.19617],[-66.64389,18.19433],[-66.64192,18.19286],[-66.64154,18.19092],[-66.64234,18.18932],[-66.6409,18.18729],[-66.64217,18.18346],[-66.64334,18.18297],[-66.64514,18.184],[-66.6477,18.18399],[-66.65228,18.18262],[-66.6505,18.17369],[-66.65175,18.17342],[-66.65449,18.1697],[-66.65157,18.16951],[-66.65129,18.16531],[-66.64957,18.16297],[-66.65037,18.16068],[-66.64947,18.15886],[-66.64313,18.15675],[-66.6426,18.1545],[-66.63979,18.15474],[-66.6381,18.15254],[-66.63272,18.15056],[-66.63206,18.14966],[-66.63095,18.15125],[-66.63214,18.15342],[-66.63031,18.15503],[-66.62869,18.15863],[-66.62709,18.15857],[-66.62585,18.15702],[-66.62354,18.15647],[-66.62108,18.15789],[-66.61774,18.15774],[-66.6154,18.15894],[-66.61302,18.15898],[-66.61155,18.1611],[-66.60892,18.16195],[-66.6079,18.16413],[-66.60437,18.16626],[-66.60104,18.16544],[-66.5991,18.16741],[-66.59878,18.16994],[-66.5976,18.1711],[-66.59618,18.1714],[-66.5941,18.1705],[-66.591,18.17248],[-66.58955,18.17195],[-66.58869,18.16961],[-66.58616,18.16945],[-66.58457,18.16839],[-66.58103,18.16813],[-66.58005,18.16732],[-66.57775,18.16817],[-66.57639,18.16751],[-66.57411,18.16812],[-66.57232,18.16606],[-66.57205,18.16391],[-66.56801,18.16221],[-66.56667,18.15888],[-66.5613,18.15759],[-66.56142,18.15507],[-66.55986,18.15386],[-66.55278,18.15228],[-66.55062,18.1532],[-66.54914,18.15263],[-66.54716,18.15326],[-66.54683,18.15502],[-66.54415,18.15833],[-66.54484,18.16026],[-66.54321,18.16158],[-66.54313,18.1631],[-66.54081,18.16571],[-66.54162,18.16666],[-66.54141,18.16892],[-66.53758,18.1736],[-66.53879,18.17638],[-66.53714,18.17602],[-66.53545,18.17725],[-66.53296,18.1764],[-66.53102,18.18014],[-66.53342,18.18321],[-66.53377,18.18523],[-66.53672,18.18863],[-66.53591,18.19247],[-66.53318,18.19586],[-66.53261,18.19789],[-66.53272,18.20052],[-66.53643,18.20629],[-66.53811,18.20374],[-66.54226,18.20405],[-66.54406,18.20313],[-66.54942,18.20439],[-66.55246,18.20354],[-66.55397,18.20462],[-66.55695,18.20328],[-66.55793,18.20166],[-66.56,18.20282],[-66.56316,18.20109],[-66.56884,18.2],[-66.57116,18.2036],[-66.57104,18.20831],[-66.57616,18.20907],[-66.57765,18.21004],[-66.5779,18.21512],[-66.57926,18.21605],[-66.57867,18.21526],[-66.57966,18.21439],[-66.58491,18.21662],[-66.58537,18.21796],[-66.58731,18.21875],[-66.58803,18.22091],[-66.59033,18.21831],[-66.59458,18.21723],[-66.59881,18.21366],[-66.60341,18.21531],[-66.60793,18.21438],[-66.61083,18.21821],[-66.6134,18.21951],[-66.61608,18.21666],[-66.61528,18.21346],[-66.61592,18.21126],[-66.62001,18.20831],[-66.62169,18.20404],[-66.62653,18.20208],[-66.62915,18.20272],[-66.62834,18.20536],[-66.62614,18.207],[-66.62718,18.20915],[-66.62711,18.21138],[-66.62885,18.2119],[-66.62849,18.21461]]]},"properties":{"TRACTCE":"956200","GEOID":"72073956200","NAME":"9562","NAMELSAD":"Census Tract 9562","COUNTYFP":"073"}},
{"type":"Feature","geometry":{"type":"Polygon","coordinates":[[[-66.15377,18.43871],[-66.15395,18.43433],[-66.14694,18.43596],[-66.14199,18.4366],[-66.14172,18.43465],[-66.1381,18.43481],[-66.13869,18.43899],[-66.14947,18.43683],[-66.14959,18.43869],[-66.15214,18.4388],[-66.15377,18.43871]]]},"properties":{"TRACTCE":"020422","GEOID":"72033020422","NAME":"204.22","NAMELSAD":"Census Tract 204.22","COUNTYFP":"033"}},
{"type":"Feature","geometry":{"type":"Polygon","coordinates":[[[-66.52674,18.13084],[-66.52331,18.1223],[-66.52668,18.11984],[-66.52649,18.11699],[-66.52552,18.11576],[-66.52578,18.11252],[-66.52715,18.10997],[-66.5299,18.10835],[-66.53014,18.10672],[-66.5276,18.10201],[-66.52884,18.10078],[-66.52655,18.0988],[-66.52453,18.09841],[-66.52179,18.0949],[-66.52103,18.09316],[-66.52222,18.08979],[-66.51825,18.08504],[-66.50738,18.08097],[-66.50488,18.08242],[-66.50218,18.08555],[-66.50178,18.08741],[-66.50553,18.0916],[-66.50578,18.09312],[-66.50188,18.09578],[-66.50291,18.0991],[-66.50656,18.10235],[-66.50195,18.10648],[-66.50431,18.10807],[-66.50514,18.10971],[-66.50598,18.11021],[-66.50633,18.11321],[-66.50876,18.11656],[-66.513,18.1199],[-66.51485,18.12015],[-66.51421,18.12112],[-66.51526,18.12256],[-66.51772,18.12317],[-66.51812,18.12592],[-66.51741,18.12669],[-66.51886,18.12676],[-66.51841,18.12783],[-66.52038,18.12938],[-66.51967,18.13077],[-66.52239,18.12971],[-66.5221,18.12841],[-66.52353,18.12723],[-66.52447,18.12855],[-66.52537,18.12798],[-66.52613,18.13107],[-66.52674,18.13084]]]},"properties":{"TRACTCE":"720502","GEOID":"72149720502","NAME":"7205.02","NAMELSAD":"Census Tract 7205.02","COUNTYFP":"149"}},
{"type":"Feature","geometry":{"type":"Polygon","coordinates":[[[-66.50514,18.10971],[-66.50431,18.10807],[-66.50195,18.10648],[-66.50656,18.10235],[-66.50291,18.0991],[-66.50188,18.09578],[-66.49696,18.09639],[-66.49248,18.09815],[-66.48872,18.09982],[-66.491,18.10271],[-66.48957,18.1068],[-66.48512,18.11065],[-66.48489,18.112],[-66.47806,18.11457],[-66.47706,18.11704],[-66.47298,18.12053],[-66.47129,18.11993],[-66.46956,18.12177],[-66.46822,18.1194],[-66.46078,18.11934],[-66.45943,18.11763],[-66.45756,18.11725],[-66.45776,18.11902],[-66.45663,18.12118],[-66.4586,18.12327],[-66.45815,18.12413],[-66.45569,18.12474],[-66.45424,18.12703],[-66.45491,18.13489],[-66.45698,18.13844],[-66.45501,18.14111],[-66.4559,18.14236],[-66.4584,18.14249],[-66.45891,18.14366],[-66.45985,18.14191],[-66.46102,18.14277],[-66.46226,18.14233],[-66.46281,18.13999],[-66.46716,18.13911],[-66.46938,18.13629],[-66.47252,18.13601],[-66.47391,18.13448],[-66.47813,18.13333],[-66.48366,18.12923],[-66.4861,18.12987],[-66.49037,18.12753],[-66.48969,18.12576],[-66.49048,18.12464],[-66.49438,18.12496],[-66.49819,18.12476],[-66.501,18.1229],[-66.50334,18.11658],[-66.50541,18.11348],[-66.50514,18.10971]]]},"properties":{"TRACTCE":"720300","GEOID":"72149720300","NAME":"7203","NAMELSAD":"Census Tract 7203","COUNTYFP":"149"}},
{"type":"Feature","geometry":{"type":"Polygon","coordinates":[[[-66.49248,18.09815],[-66.49306,18.09643],[-66.48794,18.09438],[-66.48671,18.09232],[-66.485,18.09142],[-66.48471,18.08983],[-66.48213,18.08833],[-66.4791,18.08743],[-66.47581,18.08783],[-66.46977,18.08549],[-66.46263,18.08491],[-66.45454,18.08131],[-66.45066,18.08354],[-66.44794,18.08341],[-66.44386,18.08492],[-66.44342,18.08419],[-66.43694,18.08463],[-66.43034,18.08216],[-66.4296,18.08459],[-66.43118,18.0854],[-66.42898,18.08918],[-66.42916,18.09112],[-66.42544,18.09385],[-66.42426,18.0967],[-66.42168,18.09735],[-66.42136,18.09845],[-66.42677,18.10191],[-66.42776,18.11066],[-66.42964,18.11217],[-66.43077,18.11561],[-66.42696,18.11841],[-66.4263,18.12483],[-66.42408,18.12921],[-66.4245,18.13208],[-66.42358,18.13206],[-66.42264,18.13435],[-66.42077,18.1341],[-66.42141,18.13608],[-66.42052,18.13911],[-66.41872,18.13993],[-66.42022,18.14329],[-66.41931,18.14499],[-66.42478,18.15285],[-66.42769,18.15522],[-66.42872,18.15506],[-66.4283,18.15604],[-66.42945,18.15677],[-66.42845,18.15834],[-66.42885,18.16463],[-66.43267,18.17252],[-66.43457,18.17354],[-66.43917,18.17292],[-66.4402,18.17452],[-66.44456,18.17667],[-66.44561,18.1753],[-66.45255,18.17843],[-66.45793,18.17654],[-66.46155,18.17715],[-66.464,18.17885],[-66.46751,18.17749],[-66.47032,18.17815],[-66.47235,18.17567],[-66.47287,18.17243],[-66.4756,18.17228],[-66.47737,18.17001],[-66.47521,18.16775],[-66.47285,18.16682],[-66.47212,18.16469],[-66.46963,18.16216],[-66.46913,18.15808],[-66.47128,18.15763],[-66.47074,18.15616],[-66.47285,18.14323],[-66.46795,18.14112],[-66.46773,18.13974],[-66.46683,18.1404],[-66.46716,18.13911],[-66.46281,18.13999],[-66.46226,18.14233],[-66.46102,18.14277],[-66.45985,18.14191],[-66.45891,18.14366],[-66.4584,18.14249],[-66.4559,18.14236],[-66.45501,18.14111],[-66.45698,18.13844],[-66.45491,18.13489],[-66.45424,18.12703],[-66.45569,18.12474],[-66.45815,18.12413],[-66.4586,18.12327],[-66.45663,18.12118],[-66.45776,18.11902],[-66.45756,18.11725],[-66.45943,18.11763],[-66.46078,18.11934],[-66.46822,18.1194],[-66.46956,18.12177],[-66.47129,18.11993],[-66.47298,18.12053],[-66.47706,18.11704],[-66.47806,18.11457],[-66.48489,18.112],[-66.48512,18.11065],[-66.48957,18.1068],[-66.491,18.10271],[-66.48872,18.09982],[-66.49248,18.09815]]]},"properties":{"TRACTCE":"720100","GEOID":"72149720100","NAME":"7201","NAMELSAD":"Census Tract 7201","COUNTYFP":"149"}},
{"type":"Feature","geometry":{"type":"Polygon","coordinates":[[[-66.49486,18.132],[-66.50096,18.12799],[-66.49924,18.12544],[-66.49716,18.12663],[-66.49376,18.12597],[-66.49438,18.12496],[-66.49048,18.12464],[-66.48969,18.12576],[-66.49037,18.12753],[-66.4861,18.12987],[-66.48366,18.12923],[-66.48587,18.13169],[-66.48771,18.13118],[-66.49288,18.133],[-66.49486,18.132]]]},"properties":{"TRACTCE":"720400","GEOID":"72149720400","NAME":"7204","NAMELSAD":"Census Tract 7204","COUNTYFP":"149"}},
{"type":"Feature","geometry":{"type":"Polygon","coordinates":[[[-67.20433,18.08113],[-67.20422,18.07869],[-67.20206,18.07306],[-67.20139,18.06657],[-67.1967,18.06652],[-67.19125,18.06428],[-67.19067,18.06507],[-67.1886,18.06513],[-67.18664,18.06734],[-67.18464,18.06782],[-67.18426,18.06889],[-67.18038,18.06946],[-67.18055,18.07108],[-67.18227,18.07059],[-67.18224,18.07573],[-67.18224,18.08197],[-67.18805,18.08469],[-67.18855,18.0867],[-67.18968,18.08535],[-67.19213,18.08463],[-67.19473,18.08579],[-67.19523,18.08439],[-67.19761,18.08425],[-67.20433,18.08113]]]},"properties":{"TRACTCE":"830504","GEOID":"72023830504","NAME":"8305.04","NAMELSAD":"Census Tract 8305.04","COUNTYFP":"023"}},
{"type":"Feature","geometry":{"type":"Polygon","coordinates":[[[-67.12825,18.19846],[-67.12885,18.19731],[-67.13106,18.19712],[-67.13168,18.1948],[-67.12619,18.19112],[-67.12455,18.19057],[-67.12494,18.19182],[-67.12022,18.18936],[-67.11582,18.18525],[-67.10803,18.18462],[-67.10771,18.18386],[-67.10578,18.18427],[-67.09886,18.18117],[-67.09118,18.17902],[-67.0887,18.18043],[-67.08763,18.18026],[-67.08746,18.17928],[-67.08477,18.18023],[-67.08338,18.18512],[-67.0853,18.18638],[-67.08479,18.18774],[-67.08191,18.18855],[-67.08213,18.18966],[-67.0803,18.19071],[-67.0804,18.19223],[-67.08124,18.19246],[-67.08065,18.19541],[-67.08141,18.1976],[-67.07929,18.19995],[-67.07427,18.1964],[-67.06933,18.1955],[-67.06759,18.19612],[-67.0655,18.19501],[-67.0634,18.19653],[-67.05904,18.19701],[-67.05479,18.19938],[-67.05597,18.2022],[-67.0574,18.20116],[-67.05869,18.20396],[-67.06053,18.2052],[-67.05935,18.20619],[-67.05734,18.21224],[-67.05849,18.21313],[-67.05778,18.214],[-67.05911,18.21432],[-67.05915,18.21573],[-67.05998,18.21621],[-67.0597,18.2182],[-67.06186,18.21885],[-67.06394,18.22113],[-67.06774,18.22171],[-67.06779,18.22258],[-67.07175,18.22152],[-67.07074,18.22044],[-67.07189,18.21963],[-67.07143,18.21896],[-67.07278,18.21665],[-67.072,18.21655],[-67.07841,18.21536],[-67.08032,18.2171],[-67.08426,18.21378],[-67.08512,18.21206],[-67.08464,18.21117],[-67.08561,18.2105],[-67.08235,18.20731],[-67.08319,18.20034],[-67.08542,18.20039],[-67.0863,18.19952],[-67.08754,18.20013],[-67.08795,18.20154],[-67.08993,18.20053],[-67.09198,18.20146],[-67.09699,18.20048],[-67.09753,18.20098],[-67.0969,18.20203],[-67.09822,18.20435],[-67.10098,18.20466],[-67.10047,18.2058],[-67.10455,18.20512],[-67.10529,18.20671],[-67.10663,18.2064],[-67.10873,18.20734],[-67.10911,18.20893],[-67.10999,18.20822],[-67.11214,18.20969],[-67.1118,18.20791],[-67.11336,18.20878],[-67.11376,18.20777],[-67.11534,18.20863],[-67.11661,18.20783],[-67.11749,18.20846],[-67.11787,18.20725],[-67.11842,18.20689],[-67.12012,18.20863],[-67.12158,18.20812],[-67.12248,18.20883],[-67.12328,18.20686],[-67.12448,18.20665],[-67.12216,18.20535],[-67.12189,18.20346],[-67.12031,18.20246],[-67.11866,18.19872],[-67.11653,18.19696],[-67.11707,18.19539],[-67.11558,18.19622],[-67.11532,18.19466],[-67.11203,18.19523],[-67.11416,18.19382],[-67.11789,18.19462],[-67.12069,18.19893],[-67.12404,18.19758],[-67.12825,18.19846]]]},"properties":{"TRACTCE":"081800","GEOID":"72097081800","NAME":"818","NAMELSAD":"Census Tract 818","COUNTYFP":"097"}},
{"type":"Feature","geometry":{"type":"Polygon","coordinates":[[[-67.06744,18.24635],[-67.06843,18.24037],[-67.07122,18.241],[-67.07532,18.23771],[-67.07539,18.23645],[-67.07393,18.23633],[-67.07359,18.233],[-67.0742,18.22347],[-67.07998,18.22601],[-67.0887,18.22652],[-67.09191,18.22862],[-67.09414,18.22614],[-67.09842,18.22392],[-67.10086,18.2203],[-67.10327,18.22014],[-67.10355,18.21718],[-67.10588,18.21755],[-67.10935,18.21545],[-67.10828,18.21157],[-67.10911,18.20893],[-67.10873,18.20734],[-67.10663,18.2064],[-67.10529,18.20671],[-67.10455,18.20512],[-67.10047,18.2058],[-67.10098,18.20466],[-67.09822,18.20435],[-67.0969,18.20203],[-67.09753,18.20098],[-67.09699,18.20048],[-67.09198,18.20146],[-67.08993,18.20053],[-67.08795,18.20154],[-67.08754,18.20013],[-67.0863,18.19952],[-67.08542,18.20039],[-67.08319,18.20034],[-67.08235,18.20731],[-67.08561,18.2105],[-67.08464,18.21117],[-67.08512,18.21206],[-67.08426,18.21378],[-67.08032,18.2171],[-67.07841,18.21536],[-67.072,18.21655],[-67.07278,18.21665],[-67.07143,18.21896],[-67.07189,18.21963],[-67.07074,18.22044],[-67.07175,18.22152],[-67.06779,18.22258],[-67.06774,18.22171],[-67.06394,18.22113],[-67.06186,18.21885],[-67.0597,18.2182],[-67.05998,18.21621],[-67.05915,18.21573],[-67.05911,18.21432],[-67.05778,18.214],[-67.05849,18.21313],[-67.05734,18.21224],[-67.05562,18.21334],[-67.05454,18.21273],[-67.05319,18.21403],[-67.05399,18.21517],[-67.0516,18.21651],[-67.0497,18.21623],[-67.05033,18.21449],[-67.0489,18.21379],[-67.04743,18.21453],[-67.04726,18.21343],[-67.04523,18.21394],[-67.04373,18.2156],[-67.04202,18.21481],[-67.0414,18.21608],[-67.03972,18.21587],[-67.03794,18.21295],[-67.03646,18.21364],[-67.03594,18.21946],[-67.0373,18.22019],[-67.03724,18.22182],[-67.04,18.22229],[-67.04077,18.22364],[-67.04593,18.22445],[-67.04692,18.22662],[-67.05035,18.22748],[-67.05209,18.2306],[-67.0517,18.2348],[-67.0546,18.23947],[-67.05675,18.24028],[-67.05692,18.24273],[-67.05592,18.24536],[-67.05744,18.24614],[-67.0621,18.24488],[-67.06632,18.2474],[-67.06744,18.24635]]]},"properties":{"TRACTCE":"081602","GEOID":"72097081602","NAME":"816.02","NAMELSAD":"Census Tract 816.02","COUNTYFP":"097"}},
{"type":"Feature","geometry":{"type":"Polygon","coordinates":[[[-67.1323,18.2311],[-67.13688,18.22858],[-67.14065,18.22337],[-67.14026,18.21818],[-67.14111,18.21709],[-67.14096,18.21401],[-67.13591,18.20927],[-67.13697,18.20672],[-67.13208,18.20455],[-67.13077,18.20545],[-67.13,18.20378],[-67.12671,18.2073],[-67.12555,18.20704],[-67.12543,18.20601],[-67.12448,18.20665],[-67.12328,18.20686],[-67.12248,18.20883],[-67.12158,18.20812],[-67.12012,18.20863],[-67.11842,18.20689],[-67.11787,18.20725],[-67.11811,18.20874],[-67.12035,18.20998],[-67.11643,18.21289],[-67.11656,18.21487],[-67.11527,18.21664],[-67.11946,18.21756],[-67.12006,18.21953],[-67.12416,18.22311],[-67.12397,18.22539],[-67.12964,18.22771],[-67.13166,18.2294],[-67.1323,18.2311]]]},"properties":{"TRACTCE":"081700","GEOID":"72097081700","NAME":"817","NAMELSAD":"Census Tract 817","COUNTYFP":"097"}},
{"type":"Feature","geometry":{"type":"Polygon","coordinates":[[[-67.11313,18.17045],[-67.11312,18.15994],[-67.11124,18.1598],[-67.10869,18.15991],[-67.10534,18.15728],[-67.1038,18.15802],[-67.10083,18.15673],[-67.09813,18.15872],[-67.09687,18.1564],[-67.09435,18.1553],[-67.09291,18.15215],[-67.08948,18.15146],[-67.08723,18.14951],[-67.08636,18.14983],[-67.08731,18.15571],[-67.08407,18.15943],[-67.0859,18.16269],[-67.08449,18.16308],[-67.08462,18.16475],[-67.08228,18.16799],[-67.07849,18.16755],[-67.07218,18.17305],[-67.06731,18.17309],[-67.06635,18.17189],[-67.06452,18.17297],[-67.06375,18.17203],[-67.06054,18.17378],[-67.0598,18.17307],[-67.06027,18.17182],[-67.05798,18.17325],[-67.05514,18.17253],[-67.05383,18.17353],[-67.05371,18.17194],[-67.05216,18.17261],[-67.05146,18.17405],[-67.05114,18.17752],[-67.04995,18.17642],[-67.04879,18.17747],[-67.04538,18.1763],[-67.04082,18.17802],[-67.04182,18.18057],[-67.03904,18.18132],[-67.03826,18.18061],[-67.03388,18.18091],[-67.03401,18.18282],[-67.03665,18.18295],[-67.03466,18.18546],[-67.03147,18.18488],[-67.02742,18.18568],[-67.02379,18.18466],[-67.02312,18.18605],[-67.02,18.18661],[-67.01821,18.1879],[-67.01739,18.1899],[-67.01984,18.19547],[-67.02069,18.19827],[-67.01883,18.20449],[-67.02514,18.2056],[-67.02878,18.2089],[-67.03316,18.20831],[-67.03296,18.21809],[-67.03594,18.21946],[-67.03646,18.21364],[-67.03794,18.21295],[-67.03972,18.21587],[-67.0414,18.21608],[-67.04202,18.21481],[-67.04373,18.2156],[-67.04523,18.21394],[-67.04726,18.21343],[-67.04743,18.21453],[-67.0489,18.21379],[-67.05033,18.21449],[-67.0497,18.21623],[-67.0516,18.21651],[-67.05399,18.21517],[-67.05319,18.21403],[-67.05454,18.21273],[-67.05562,18.21334],[-67.05734,18.21224],[-67.05935,18.20619],[-67.06053,18.2052],[-67.05869,18.20396],[-67.0574,18.20116],[-67.05597,18.2022],[-67.05479,18.19938],[-67.05904,18.19701],[-67.0634,18.19653],[-67.0655,18.19501],[-67.06759,18.19612],[-67.06933,18.1955],[-67.07427,18.1964],[-67.07929,18.19995],[-67.08141,18.1976],[-67.08065,18.19541],[-67.08124,18.19246],[-67.0804,18.19223],[-67.0803,18.19071],[-67.08213,18.18966],[-67.08191,18.18855],[-67.08479,18.18774],[-67.0853,18.18638],[-67.08338,18.18512],[-67.08477,18.18023],[-67.08746,18.17928],[-67.08763,18.18026],[-67.0887,18.18043],[-67.09118,18.17902],[-67.09886,18.18117],[-67.09983,18.17919],[-67.09931,18.17717],[-67.10588,18.17821],[-67.11313,18.17045]]]},"properties":{"TRACTCE":"081900","GEOID":"72097081900","NAME":"819","NAMELSAD":"Census Tract 819","COUNTYFP":"097"}},
{"type":"Feature","geometry":{"type":"Polygon","coordinates":[[[-67.13781,18.18688],[-67.1368,18.18513],[-67.13452,18.18374],[-67.13383,18.18066],[-67.13177,18.18057],[-67.13137,18.17876],[-67.1212,18.16762],[-67.11591,18.16777],[-67.11313,18.17045],[-67.10588,18.17821],[-67.09931,18.17717],[-67.09983,18.17919],[-67.09886,18.18117],[-67.10578,18.18427],[-67.10771,18.18386],[-67.10803,18.18462],[-67.11582,18.18525],[-67.12022,18.18936],[-67.12494,18.19182],[-67.12455,18.19057],[-67.12619,18.19112],[-67.13168,18.1948],[-67.13515,18.19767],[-67.13661,18.19507],[-67.13775,18.19125],[-67.13632,18.18892],[-67.13781,18.18688]]]},"properties":{"TRACTCE":"082022","GEOID":"72097082022","NAME":"820.22","NAMELSAD":"Census Tract 820.22","COUNTYFP":"097"}},
{"type":"Feature","geometry":{"type":"Polygon","coordinates":[[[-66.98334,18.05252],[-66.98355,18.05023],[-66.98233,18.04784],[-66.98324,18.04644],[-66.98209,18.04282],[-66.98267,18.0412],[-66.96836,18.03855],[-66.96567,18.03676],[-66.96037,18.03652],[-66.95931,18.03504],[-66.95927,18.03215],[-66.9588,18.03245],[-66.95312,18.03375],[-66.94721,18.03351],[-66.93858,18.03006],[-66.93592,18.03155],[-66.93537,18.03102],[-66.93524,18.03214],[-66.93604,18.03665],[-66.9371,18.03853],[-66.93837,18.03901],[-66.93807,18.04058],[-66.9395,18.04177],[-66.93855,18.04354],[-66.94028,18.04868],[-66.93847,18.05385],[-66.94096,18.05392],[-66.94412,18.05714],[-66.94224,18.05758],[-66.94201,18.05985],[-66.93953,18.05955],[-66.93796,18.06555],[-66.93604,18.0688],[-66.93962,18.07143],[-66.94315,18.07147],[-66.95439,18.07472],[-66.95486,18.06956],[-66.95569,18.06833],[-66.95784,18.06791],[-66.9584,18.06771],[-66.96082,18.07138],[-66.96552,18.0758],[-66.96952,18.07845],[-66.97551,18.07931],[-66.98109,18.08004],[-66.98187,18.05644],[-66.98334,18.05252]]]},"properties":{"TRACTCE":"960700","GEOID":"72121960700","NAME":"9607","NAMELSAD":"Census Tract 9607","COUNTYFP":"121"}},
{"type":"Feature","geometry":{"type":"Polygon","coordinates":[[[-66.96116,18.08172],[-66.96357,18.08503],[-66.96386,18.08677],[-66.966,18.08896],[-66.96766,18.08764],[-66.97314,18.08854],[-66.97577,18.08409],[-66.97551,18.07931],[-66.96952,18.07845],[-66.96552,18.0758],[-66.96171,18.07989],[-66.96116,18.08172]]]},"properties":{"TRACTCE":"960400","GEOID":"72121960400","NAME":"9604","NAMELSAD":"Census Tract 9604","COUNTYFP":"121"}},
{"type":"Feature","geometry":{"type":"Polygon","coordinates":[[[-66.93604,18.0688],[-66.93796,18.06555],[-66.93953,18.05955],[-66.94201,18.05985],[-66.94224,18.05758],[-66.94412,18.05714],[-66.94096,18.05392],[-66.93847,18.05385],[-66.94028,18.04868],[-66.93855,18.04354],[-66.9395,18.04177],[-66.93807,18.04058],[-66.93837,18.03901],[-66.9371,18.03853],[-66.93604,18.03665],[-66.93524,18.03214],[-66.93537,18.03102],[-66.93592,18.03155],[-66.93858,18.03006],[-66.93636,18.02949],[-66.9342,18.03059],[-66.93081,18.03058],[-66.92556,18.02874],[-66.92435,18.02742],[-66.92259,18.0273],[-66.91733,18.02726],[-66.91093,18.02395],[-66.90673,18.02484],[-66.90511,18.0266],[-66.901,18.0263],[-66.90073,18.02455],[-66.89513,18.02333],[-66.89376,18.02566],[-66.89041,18.02365],[-66.88483,18.0251],[-66.88702,18.03021],[-66.88748,18.03408],[-66.89076,18.0365],[-66.89084,18.03541],[-66.89272,18.0356],[-66.89418,18.03477],[-66.89574,18.03672],[-66.90103,18.03985],[-66.89769,18.04257],[-66.89817,18.04309],[-66.89893,18.04249],[-66.89847,18.04424],[-66.90021,18.04784],[-66.90203,18.04674],[-66.90591,18.04776],[-66.90794,18.04986],[-66.91534,18.04997],[-66.92134,18.05266],[-66.92203,18.05364],[-66.92129,18.05521],[-66.9226,18.05741],[-66.92646,18.0589],[-66.92987,18.06333],[-66.93604,18.0688]]]},"properties":{"TRACTCE":"960800","GEOID":"72121960800","NAME":"9608","NAMELSAD":"Census Tract 9608","COUNTYFP":"121"}},
{"type":"Feature","geometry":{"type":"Polygon","coordinates":[[[-66.97786,18.1438],[-66.9746,18.14235],[-66.97176,18.13873],[-66.97051,18.13335],[-66.97062,18.12805],[-66.97707,18.12451],[-66.97907,18.12171],[-66.97998,18.11612],[-66.98159,18.11304],[-66.98128,18.11144],[-66.98413,18.10697],[-66.98356,18.10533],[-66.98515,18.10338],[-66.98409,18.10172],[-66.98299,18.09411],[-66.98358,18.08838],[-66.98109,18.08004],[-66.97551,18.07931],[-66.97577,18.08409],[-66.97314,18.08854],[-66.96766,18.08764],[-66.966,18.08896],[-66.96386,18.08677],[-66.96357,18.08503],[-66.96116,18.08172],[-66.95798,18.08133],[-66.95747,18.0873],[-66.96105,18.0928],[-66.95824,18.0939],[-66.95676,18.09282],[-66.95729,18.09161],[-66.95666,18.09112],[-66.95553,18.09446],[-66.95482,18.09335],[-66.9532,18.09365],[-66.95167,18.09205],[-66.95019,18.09191],[-66.95045,18.09264],[-66.94826,18.0907],[-66.94675,18.09138],[-66.95462,18.07512],[-66.95577,18.07537],[-66.95439,18.07472],[-66.94315,18.07147],[-66.93962,18.07143],[-66.93604,18.0688],[-66.92987,18.06333],[-66.92646,18.0589],[-66.9226,18.05741],[-66.92129,18.05521],[-66.92203,18.05364],[-66.92134,18.05266],[-66.91534,18.04997],[-66.90794,18.04986],[-66.90591,18.04776],[-66.90203,18.04674],[-66.90021,18.04784],[-66.9027,18.05294],[-66.90088,18.05455],[-66.90328,18.05555],[-66.90417,18.05841],[-66.90333,18.06206],[-66.90646,18.0624],[-66.90739,18.06422],[-66.9092,18.06504],[-66.90999,18.06856],[-66.90933,18.07057],[-66.91291,18.07485],[-66.91336,18.08005],[-66.91215,18.08035],[-66.91416,18.08474],[-66.9175,18.08801],[-66.91954,18.09216],[-66.91867,18.09464],[-66.91602,18.09602],[-66.91559,18.09717],[-66.91587,18.09985],[-66.91756,18.10238],[-66.9207,18.10347],[-66.92073,18.10552],[-66.91475,18.10694],[-66.91459,18.10965],[-66.91275,18.11093],[-66.91162,18.11354],[-66.91355,18.11551],[-66.91267,18.12189],[-66.91632,18.12477],[-66.91835,18.13163],[-66.91784,18.13322],[-66.9197,18.13478],[-66.92057,18.13885],[-66.92469,18.14275],[-66.92652,18.15127],[-66.92746,18.15143],[-66.93005,18.14894],[-66.93412,18.15032],[-66.93523,18.14825],[-66.93731,18.14864],[-66.93906,18.14786],[-66.9434,18.14901],[-66.94547,18.14775],[-66.94684,18.14816],[-66.95209,18.14611],[-66.95364,18.14662],[-66.96042,18.14591],[-66.96399,18.14829],[-66.96558,18.14578],[-66.97187,18.14154],[-66.97786,18.1438]]]},"properties":{"TRACTCE":"960300","GEOID":"72121960300","NAME":"9603","NAMELSAD":"Census Tract 9603","COUNTYFP":"121"}},
{"type":"Feature","geometry":{"type":"Polygon","coordinates":[[[-66.032,18.43405],[-66.03372,18.43437],[-66.0345,18.43679],[-66.03699,18.43635],[-66.03978,18.43711],[-66.04048,18.4363],[-66.04199,18.43772],[-66.04327,18.43501],[-66.04502,18.43486],[-66.04416,18.43235],[-66.04405,18.43203],[-66.03808,18.43194],[-66.03676,18.43119],[-66.03858,18.42943],[-66.04066,18.42987],[-66.04169,18.42826],[-66.03914,18.42802],[-66.02973,18.4278],[-66.032,18.43405]]]},"properties":{"TRACTCE":"003501","GEOID":"72127003501","NAME":"35.01","NAMELSAD":"Census Tract 35.01","COUNTYFP":"127"}},
{"type":"Feature","geometry":{"type":"Polygon","coordinates":[[[-66.09868,18.41797],[-66.09785,18.41601],[-66.0998,18.41381],[-66.09981,18.41201],[-66.09494,18.4135],[-66.0889,18.41372],[-66.08522,18.4139],[-66.08617,18.41648],[-66.08912,18.41578],[-66.09014,18.41777],[-66.09528,18.41856],[-66.09868,18.41797]]]},"properties":{"TRACTCE":"007100","GEOID":"72127007100","NAME":"71","NAMELSAD":"Census Tract 71","COUNTYFP":"127"}},
{"type":"Feature","geometry":{"type":"Polygon","coordinates":[[[-66.09981,18.41201],[-66.09799,18.41007],[-66.09498,18.40582],[-66.09497,18.40402],[-66.09672,18.40043],[-66.09858,18.40111],[-66.09722,18.39922],[-66.08715,18.40337],[-66.08865,18.40836],[-66.0889,18.41372],[-66.09494,18.4135],[-66.09981,18.41201]]]},"properties":{"TRACTCE":"007300","GEOID":"72127007300","NAME":"73","NAMELSAD":"Census Tract 73","COUNTYFP":"127"}},
{"type":"Feature","geometry":{"type":"Polygon","coordinates":[[[-66.08865,18.40836],[-66.08715,18.40337],[-66.08384,18.40442],[-66.07898,18.40596],[-66.07948,18.40876],[-66.08267,18.41178],[-66.08391,18.41227],[-66.08578,18.40919],[-66.08726,18.40798],[-66.08865,18.40836]]]},"properties":{"TRACTCE":"007500","GEOID":"72127007500","NAME":"75","NAMELSAD":"Census Tract 75","COUNTYFP":"127"}},
{"type":"Feature","geometry":{"type":"Polygon","coordinates":[[[-66.08384,18.40442],[-66.08288,18.40165],[-66.08229,18.4],[-66.08134,18.4003],[-66.08095,18.39955],[-66.07802,18.40093],[-66.07676,18.404],[-66.07485,18.40493],[-66.07513,18.40698],[-66.07898,18.40596],[-66.08384,18.40442]]]},"properties":{"TRACTCE":"007600","GEOID":"72127007600","NAME":"76","NAMELSAD":"Census Tract 76","COUNTYFP":"127"}},
{"type":"Feature","geometry":{"type":"Polygon","coordinates":[[[-66.10442,18.38961],[-66.09945,18.38919],[-66.09478,18.39021],[-66.09319,18.38947],[-66.09269,18.39073],[-66.09266,18.39158],[-66.08862,18.39488],[-66.09195,18.3946],[-66.09285,18.39755],[-66.09439,18.39729],[-66.09722,18.39922],[-66.10271,18.39436],[-66.10274,18.39226],[-66.10442,18.38961]]]},"properties":{"TRACTCE":"007800","GEOID":"72127007800","NAME":"78","NAMELSAD":"Census Tract 78","COUNTYFP":"127"}},
{"type":"Feature","geometry":{"type":"Polygon","coordinates":[[[-66.10861,18.39876],[-66.10758,18.39284],[-66.10806,18.38864],[-66.10747,18.3868],[-66.10587,18.38658],[-66.10442,18.38961],[-66.10274,18.39226],[-66.10271,18.39436],[-66.09722,18.39922],[-66.09858,18.40111],[-66.10134,18.40202],[-66.10596,18.40197],[-66.10849,18.39888],[-66.10861,18.39876]]]},"properties":{"TRACTCE":"007900","GEOID":"72127007900","NAME":"79","NAMELSAD":"Census Tract 79","COUNTYFP":"127"}},
{"type":"Feature","geometry":{"type":"Polygon","coordinates":[[[-66.10587,18.38658],[-66.10476,18.38416],[-66.10653,18.38314],[-66.1063,18.38258],[-66.10258,18.37968],[-66.10086,18.37982],[-66.10101,18.38198],[-66.09956,18.38529],[-66.09798,18.38656],[-66.09527,18.38675],[-66.09478,18.39021],[-66.09945,18.38919],[-66.10442,18.38961],[-66.10587,18.38658]]]},"properties":{"TRACTCE":"008001","GEOID":"72127008001","NAME":"80.01","NAMELSAD":"Census Tract 80.01","COUNTYFP":"127"}},
{"type":"Feature","geometry":{"type":"Polygon","coordinates":[[[-66.76811,18.42065],[-66.7678,18.41579],[-66.77014,18.40803],[-66.76772,18.39463],[-66.76711,18.39183],[-66.72888,18.38346],[-66.73036,18.38481],[-66.72854,18.38822],[-66.72976,18.39207],[-66.72845,18.39392],[-66.73258,18.39561],[-66.73261,18.40002],[-66.72862,18.40143],[-66.72932,18.40453],[-66.72453,18.42145],[-66.7317,18.42497],[-66.73626,18.42618],[-66.7427,18.42538],[-66.74609,18.42622],[-66.75045,18.42457],[-66.75473,18.42504],[-66.75851,18.424],[-66.76648,18.42402],[-66.76811,18.42065]]]},"properties":{"TRACTCE":"301700","GEOID":"72013301700","NAME":"3017","NAMELSAD":"Census Tract 3017","COUNTYFP":"013"}},
{"type":"Feature","geometry":{"type":"Polygon","coordinates":[[[-66.67026,18.43851],[-66.67184,18.43682],[-66.67913,18.43278],[-66.6822,18.42915],[-66.68417,18.42414],[-66.68735,18.42185],[-66.68561,18.42237],[-66.68286,18.42166],[-66.67987,18.4175],[-66.68042,18.40985],[-66.6752,18.40907],[-66.67127,18.4111],[-66.65509,18.43326],[-66.65203,18.43659],[-66.64803,18.43792],[-66.64672,18.44165],[-66.65362,18.44093],[-66.65626,18.43959],[-66.66069,18.43917],[-66.66172,18.43816],[-66.67026,18.43851]]]},"properties":{"TRACTCE":"302000","GEOID":"72013302000","NAME":"3020","NAMELSAD":"Census Tract 3020","COUNTYFP":"013"}},
{"type":"Feature","geometry":{"type":"Polygon","coordinates":[[[-66.68042,18.40985],[-66.67921,18.40408],[-66.67399,18.40323],[-66.66608,18.39963],[-66.66178,18.40016],[-66.65179,18.40486],[-66.64429,18.40326],[-66.63428,18.40252],[-66.6215,18.40408],[-66.62134,18.40946],[-66.62068,18.41704],[-66.62292,18.41669],[-66.62725,18.41389],[-66.62897,18.4158],[-66.62953,18.43026],[-66.62843,18.43525],[-66.62672,18.43715],[-66.63219,18.43635],[-66.63724,18.43685],[-66.64482,18.43536],[-66.64724,18.43627],[-66.64803,18.43792],[-66.65203,18.43659],[-66.65509,18.43326],[-66.67127,18.4111],[-66.6752,18.40907],[-66.68042,18.40985]]]},"properties":{"TRACTCE":"302100","GEOID":"72013302100","NAME":"3021","NAMELSAD":"Census Tract 3021","COUNTYFP":"013"}},
{"type":"Feature","geometry":{"type":"Polygon","coordinates":[[[-66.06646,17.95912],[-66.06637,17.95789],[-66.06136,17.95731],[-66.0548,17.95519],[-66.05272,17.95373],[-66.04881,17.94847],[-66.04412,17.95177],[-66.04051,17.95224],[-66.03907,17.95615],[-66.03771,17.95751],[-66.03323,17.95815],[-66.0257,17.97008],[-66.01841,17.9759],[-66.02366,17.98514],[-66.02397,17.9903],[-66.02797,17.99449],[-66.03114,17.99611],[-66.03268,17.99281],[-66.03627,17.98913],[-66.0396,17.9901],[-66.03959,17.98622],[-66.04683,17.98607],[-66.04803,17.98497],[-66.05571,17.98424],[-66.05589,17.98348],[-66.06193,17.96459],[-66.06646,17.95912]]]},"properties":{"TRACTCE":"280202","GEOID":"72015280202","NAME":"2802.02","NAMELSAD":"Census Tract 2802.02","COUNTYFP":"015"}},
{"type":"Feature","geometry":{"type":"Polygon","coordinates":[[[-66.07828,18.41638],[-66.07797,18.41505],[-66.07528,18.41297],[-66.07011,18.41035],[-66.06988,18.41028],[-66.0707,18.41999],[-66.07261,18.41906],[-66.07828,18.41638]]]},"properties":{"TRACTCE":"980101","GEOID":"72127980101","NAME":"9801.01","NAMELSAD":"Census Tract 9801.01","COUNTYFP":"127"}},
{"type":"Feature","geometry":{"type":"Polygon","coordinates":[[[-66.01707,18.41864],[-66.01999,18.41988],[-66.01809,18.41288],[-66.01355,18.41265],[-66.01341,18.41078],[-66.01498,18.4092],[-66.01483,18.40648],[-66.01425,18.40486],[-66.00541,18.40453],[-66.00904,18.40696],[-66.0075,18.40883],[-66.00963,18.4105],[-66.00735,18.41327],[-66.00799,18.41344],[-66.0121,18.41719],[-66.01707,18.41864]]]},"properties":{"TRACTCE":"005215","GEOID":"72127005215","NAME":"52.15","NAMELSAD":"Census Tract 52.15","COUNTYFP":"127"}},
{"type":"Feature","geometry":{"type":"Polygon","coordinates":[[[-66.06646,17.95912],[-66.06846,17.9625],[-66.06965,17.96311],[-66.0645,17.90483],[-66.0498,17.89775],[-66.04178,17.89577],[-66.01889,17.89413],[-66.00841,17.89595],[-66.00281,17.89809],[-65.98755,17.90892],[-66.01416,17.96674],[-66.01841,17.9759],[-66.0257,17.97008],[-66.03323,17.95815],[-66.03771,17.95751],[-66.03907,17.95615],[-66.04051,17.95224],[-66.04412,17.95177],[-66.04881,17.94847],[-66.05272,17.95373],[-66.0548,17.95519],[-66.06136,17.95731],[-66.06637,17.95789],[-66.06646,17.95912]]]},"properties":{"TRACTCE":"991500","GEOID":"72015991500","NAME":"9915","NAMELSAD":"Census Tract 9915","COUNTYFP":"015"}},
{"type":"Feature","geometry":{"type":"Polygon","coordinates":[[[-66.05378,18.36247],[-66.05405,18.35932],[-66.05381,18.35574],[-66.05118,18.35605],[-66.04962,18.3551],[-66.04569,18.35591],[-66.04362,18.354],[-66.04328,18.35246],[-66.04026,18.35472],[-66.04136,18.35664],[-66.0414,18.35881],[-66.04396,18.36156],[-66.04332,18.36471],[-66.04556,18.3648],[-66.04894,18.36357],[-66.05378,18.36247]]]},"properties":{"TRACTCE":"010032","GEOID":"72127010032","NAME":"100.32","NAMELSAD":"Census Tract 100.32","COUNTYFP":"127"}},
{"type":"Feature","geometry":{"type":"Polygon","coordinates":[[[-66.19688,18.40537],[-66.19762,18.40376],[-66.19535,18.39673],[-66.19708,18.39392],[-66.19552,18.39127],[-66.19709,18.39077],[-66.19698,18.38929],[-66.19583,18.38916],[-66.19289,18.39105],[-66.19273,18.39386],[-66.18754,18.3924],[-66.18911,18.39482],[-66.18862,18.39763],[-66.18732,18.39764],[-66.18816,18.39875],[-66.18643,18.39879],[-66.188,18.39979],[-66.18648,18.40029],[-66.19278,18.40108],[-66.19213,18.40276],[-66.189,18.40555],[-66.19688,18.40537]]]},"properties":{"TRACTCE":"031035","GEOID":"72021031035","NAME":"310.35","NAMELSAD":"Census Tract 310.35","COUNTYFP":"021"}},
{"type":"Feature","geometry":{"type":"Polygon","coordinates":[[[-65.92834,18.14285],[-65.92648,18.13915],[-65.92396,18.13985],[-65.92207,18.13916],[-65.92054,18.13716],[-65.92119,18.13595],[-65.92445,18.13567],[-65.92537,18.13462],[-65.92491,18.13339],[-65.9258,18.13004],[-65.92521,18.12881],[-65.92634,18.12767],[-65.92573,18.12673],[-65.92673,18.12408],[-65.92747,18.12201],[-65.92623,18.11996],[-65.92136,18.12056],[-65.92078,18.12129],[-65.91927,18.12095],[-65.9174,18.12235],[-65.91443,18.12233],[-65.91276,18.12378],[-65.90933,18.12396],[-65.90745,18.12615],[-65.90089,18.12586],[-65.89863,18.12365],[-65.89447,18.12409],[-65.89312,18.1225],[-65.88938,18.12128],[-65.88407,18.12288],[-65.88257,18.11998],[-65.87857,18.11774],[-65.87762,18.11817],[-65.87437,18.12832],[-65.87147,18.13004],[-65.86749,18.13813],[-65.86543,18.13829],[-65.86285,18.14034],[-65.86117,18.14592],[-65.86176,18.14702],[-65.86426,18.14722],[-65.86558,18.14633],[-65.87056,18.14761],[-65.87314,18.14033],[-65.87568,18.13856],[-65.88051,18.13864],[-65.88004,18.14032],[-65.88191,18.14439],[-65.8861,18.14821],[-65.88865,18.14675],[-65.89113,18.1479],[-65.89288,18.14647],[-65.89814,18.14582],[-65.89987,18.14703],[-65.90245,18.14722],[-65.90426,18.14623],[-65.90502,18.14434],[-65.9059,18.14437],[-65.90725,18.14901],[-65.9062,18.15008],[-65.90558,18.15329],[-65.90789,18.15608],[-65.90597,18.1593],[-65.90651,18.16016],[-65.90507,18.15995],[-65.90359,18.16213],[-65.90433,18.16351],[-65.90331,18.16385],[-65.90407,18.16654],[-65.90308,18.16836],[-65.9006,18.16883],[-65.90157,18.17095],[-65.90047,18.17175],[-65.90455,18.17227],[-65.90505,18.17473],[-65.90695,18.17307],[-65.90984,18.17385],[-65.91048,18.17475],[-65.91615,18.16429],[-65.91647,18.16094],[-65.91845,18.15711],[-65.92608,18.1442],[-65.92834,18.14285]]]},"properties":{"TRACTCE":"190302","GEOID":"72085190302","NAME":"1903.02","NAMELSAD":"Census Tract 1903.02","COUNTYFP":"085"}},
{"type":"Feature","geometry":{"type":"Polygon","coordinates":[[[-65.87476,18.21591],[-65.87395,18.21345],[-65.87566,18.21104],[-65.87341,18.21033],[-65.87245,18.20825],[-65.86912,18.20678],[-65.86853,18.2034],[-65.86533,18.19947],[-65.86507,18.19794],[-65.86372,18.1989],[-65.86444,18.19752],[-65.86097,18.19509],[-65.861,18.19408],[-65.85878,18.19436],[-65.85685,18.19291],[-65.85689,18.19192],[-65.85532,18.19175],[-65.8552,18.18922],[-65.8537,18.18818],[-65.8512,18.18312],[-65.85003,18.18322],[-65.84888,18.18576],[-65.84387,18.1849],[-65.8418,18.18999],[-65.83862,18.18925],[-65.83818,18.18679],[-65.83446,18.18708],[-65.83328,18.18818],[-65.83157,18.18736],[-65.8295,18.1883],[-65.82774,18.18789],[-65.82572,18.19241],[-65.82606,18.20041],[-65.83139,18.21422],[-65.82917,18.22861],[-65.82216,18.2447],[-65.81725,18.25233],[-65.81661,18.25685],[-65.81719,18.2584],[-65.81565,18.26187],[-65.81987,18.26768],[-65.82377,18.26874],[-65.82422,18.27305],[-65.82717,18.27334],[-65.82885,18.27216],[-65.83172,18.27174],[-65.83639,18.27525],[-65.83859,18.27369],[-65.84032,18.26503],[-65.8421,18.2644],[-65.84629,18.25808],[-65.85262,18.25497],[-65.85322,18.25071],[-65.85173,18.2494],[-65.85182,18.24801],[-65.85804,18.24207],[-65.86556,18.22841],[-65.86777,18.2224],[-65.86916,18.22096],[-65.86876,18.21953],[-65.87097,18.21944],[-65.87476,18.21591]]]},"properties":{"TRACTCE":"190101","GEOID":"72085190101","NAME":"1901.01","NAMELSAD":"Census Tract 1901.01","COUNTYFP":"085"}},
{"type":"Feature","geometry":{"type":"Polygon","coordinates":[[[-65.86876,18.18348],[-65.86562,18.18268],[-65.86713,18.18038],[-65.86372,18.17524],[-65.86726,18.175],[-65.86836,18.17194],[-65.86963,18.17223],[-65.87056,18.17031],[-65.86446,18.1661],[-65.85789,18.16296],[-65.85491,18.16957],[-65.85672,18.17341],[-65.85481,18.17692],[-65.85397,18.17726],[-65.8505,18.1758],[-65.84727,18.17635],[-65.84657,18.17793],[-65.84598,18.18035],[-65.84662,18.1813],[-65.8497,18.18059],[-65.85092,18.18172],[-65.85218,18.18116],[-65.85363,18.18188],[-65.85986,18.18148],[-65.86111,18.18239],[-65.86036,18.18333],[-65.86087,18.1854],[-65.86672,18.18707],[-65.86742,18.19036],[-65.86876,18.18348]]]},"properties":{"TRACTCE":"190201","GEOID":"72085190201","NAME":"1902.01","NAMELSAD":"Census Tract 1902.01","COUNTYFP":"085"}},
{"type":"Feature","geometry":{"type":"Polygon","coordinates":[[[-65.87682,18.17517],[-65.87843,18.1741],[-65.87916,18.17167],[-65.88,18.16708],[-65.87901,18.1649],[-65.88025,18.16055],[-65.87975,18.15926],[-65.88082,18.15759],[-65.88027,18.15699],[-65.87688,18.15678],[-65.87444,18.15542],[-65.87365,18.15589],[-65.8706,18.1647],[-65.87256,18.16876],[-65.87056,18.17031],[-65.86963,18.17223],[-65.86836,18.17194],[-65.86726,18.175],[-65.86372,18.17524],[-65.86713,18.18038],[-65.86562,18.18268],[-65.86876,18.18348],[-65.8696,18.18366],[-65.87086,18.18014],[-65.87339,18.17689],[-65.87682,18.17517]]]},"properties":{"TRACTCE":"190202","GEOID":"72085190202","NAME":"1902.02","NAMELSAD":"Census Tract 1902.02","COUNTYFP":"085"}},
{"type":"Feature","geometry":{"type":"Polygon","coordinates":[[[-65.96774,18.25658],[-65.97217,18.24904],[-65.96271,18.25006],[-65.94542,18.2465],[-65.9455,18.24766],[-65.94734,18.24811],[-65.9452,18.2495],[-65.94623,18.2524],[-65.94789,18.25083],[-65.95019,18.25269],[-65.95332,18.25759],[-65.95381,18.25983],[-65.95501,18.26073],[-65.95717,18.26027],[-65.95784,18.2565],[-65.95984,18.25639],[-65.96078,18.25838],[-65.95994,18.25994],[-65.9606,18.26073],[-65.96286,18.26006],[-65.96428,18.25838],[-65.96478,18.25598],[-65.96774,18.25658]]]},"properties":{"TRACTCE":"210503","GEOID":"72063210503","NAME":"2105.03","NAMELSAD":"Census Tract 2105.03","COUNTYFP":"063"}},
{"type":"Feature","geometry":{"type":"Polygon","coordinates":[[[-66.68691,18.47736],[-66.69231,18.47786],[-66.69748,18.4771],[-66.69707,18.47564],[-66.69781,18.4747],[-66.7054,18.47029],[-66.70397,18.46768],[-66.70823,18.46874],[-66.71237,18.46715],[-66.71093,18.46375],[-66.70684,18.46199],[-66.70769,18.45924],[-66.70468,18.45742],[-66.70312,18.4553],[-66.70212,18.45272],[-66.70252,18.44862],[-66.69944,18.44511],[-66.6977,18.44427],[-66.69715,18.44152],[-66.69691,18.44333],[-66.69792,18.44487],[-66.69341,18.44526],[-66.69463,18.44099],[-66.69078,18.44111],[-66.69031,18.43938],[-66.68484,18.4386],[-66.68475,18.44129],[-66.68625,18.44122],[-66.68647,18.44651],[-66.68471,18.44719],[-66.6776,18.44692],[-66.67576,18.44445],[-66.67107,18.44081],[-66.67026,18.43851],[-66.66172,18.43816],[-66.66069,18.43917],[-66.65626,18.43959],[-66.65362,18.44093],[-66.64672,18.44165],[-66.64607,18.44744],[-66.64617,18.46462],[-66.65431,18.46093],[-66.65859,18.46162],[-66.66314,18.46487],[-66.66664,18.4651],[-66.67034,18.46682],[-66.68691,18.47736]]]},"properties":{"TRACTCE":"300302","GEOID":"72013300302","NAME":"3003.02","NAMELSAD":"Census Tract 3003.02","COUNTYFP":"013"}},
{"type":"Feature","geometry":{"type":"Polygon","coordinates":[[[-66.64617,18.46462],[-66.64607,18.44744],[-66.64409,18.44563],[-66.64058,18.44481],[-66.63931,18.44773],[-66.63968,18.44907],[-66.63511,18.44975],[-66.63457,18.45098],[-66.63361,18.45112],[-66.63442,18.44589],[-66.63321,18.44602],[-66.63249,18.44197],[-66.62964,18.4414],[-66.62633,18.44566],[-66.62137,18.44679],[-66.61663,18.4509],[-66.6153,18.45474],[-66.61282,18.45538],[-66.61323,18.4581],[-66.60022,18.45722],[-66.59575,18.45776],[-66.59141,18.45966],[-66.58491,18.45882],[-66.58081,18.45947],[-66.57987,18.46796],[-66.58177,18.46629],[-66.58439,18.46676],[-66.58885,18.47318],[-66.59136,18.47672],[-66.59365,18.47824],[-66.60498,18.47837],[-66.61077,18.47939],[-66.61415,18.48112],[-66.61795,18.48085],[-66.62151,18.47978],[-66.62772,18.47619],[-66.63659,18.47728],[-66.64403,18.47682],[-66.64395,18.47128],[-66.64604,18.46899],[-66.64556,18.46582],[-66.64617,18.46462]]]},"properties":{"TRACTCE":"300101","GEOID":"72013300101","NAME":"3001.01","NAMELSAD":"Census Tract 3001.01","COUNTYFP":"013"}},
{"type":"Feature","geometry":{"type":"Polygon","coordinates":[[[-66.69715,18.44152],[-66.69818,18.4403],[-66.70074,18.44164],[-66.70226,18.4409],[-66.69762,18.43391],[-66.70129,18.43226],[-66.70197,18.43019],[-66.70379,18.42841],[-66.70328,18.4269],[-66.70011,18.42151],[-66.69646,18.42131],[-66.69379,18.42459],[-66.6906,18.42636],[-66.68986,18.42549],[-66.69038,18.42232],[-66.68735,18.42185],[-66.68417,18.42414],[-66.6822,18.42915],[-66.67913,18.43278],[-66.67184,18.43682],[-66.67026,18.43851],[-66.67107,18.44081],[-66.67576,18.44445],[-66.6776,18.44692],[-66.68471,18.44719],[-66.68647,18.44651],[-66.68625,18.44122],[-66.68475,18.44129],[-66.68484,18.4386],[-66.69031,18.43938],[-66.69078,18.44111],[-66.69463,18.44099],[-66.69341,18.44526],[-66.69792,18.44487],[-66.69691,18.44333],[-66.69715,18.44152]]]},"properties":{"TRACTCE":"300301","GEOID":"72013300301","NAME":"3003.01","NAMELSAD":"Census Tract 3003.01","COUNTYFP":"013"}},
{"type":"Feature","geometry":{"type":"Polygon","coordinates":[[[-66.67589,18.03874],[-66.6723,18.03556],[-66.67135,18.03518],[-66.66933,18.03614],[-66.66975,18.0341],[-66.66492,18.03417],[-66.66271,18.03343],[-66.66185,18.03463],[-66.65915,18.03142],[-66.65801,18.02575],[-66.65071,18.01837],[-66.64663,18.01381],[-66.64831,18.01995],[-66.64749,18.02247],[-66.64761,18.03159],[-66.65131,18.03638],[-66.65146,18.03986],[-66.65301,18.04419],[-66.65669,18.04684],[-66.66919,18.04416],[-66.67589,18.03874]]]},"properties":{"TRACTCE":"073004","GEOID":"72113073004","NAME":"730.04","NAMELSAD":"Census Tract 730.04","COUNTYFP":"113"}},
{"type":"Feature","geometry":{"type":"Polygon","coordinates":[[[-66.44018,18.43924],[-66.44042,18.42966],[-66.43361,18.43084],[-66.43087,18.43242],[-66.41501,18.43153],[-66.4111,18.43277],[-66.40793,18.43538],[-66.40632,18.4357],[-66.40817,18.44105],[-66.40692,18.44241],[-66.40437,18.44311],[-66.40423,18.44611],[-66.41175,18.44404],[-66.44018,18.43924]]]},"properties":{"TRACTCE":"560801","GEOID":"72145560801","NAME":"5608.01","NAMELSAD":"Census Tract 5608.01","COUNTYFP":"145"}},
{"type":"Feature","geometry":{"type":"Polygon","coordinates":[[[-66.44042,18.42966],[-66.43941,18.41037],[-66.44198,18.40214],[-66.43655,18.39913],[-66.42129,18.39705],[-66.4202,18.40103],[-66.41548,18.40236],[-66.41505,18.40439],[-66.41707,18.40569],[-66.41982,18.411],[-66.41869,18.41447],[-66.41177,18.42534],[-66.40794,18.42868],[-66.40665,18.43037],[-66.40632,18.4357],[-66.40793,18.43538],[-66.4111,18.43277],[-66.41501,18.43153],[-66.43087,18.43242],[-66.43361,18.43084],[-66.44042,18.42966]]]},"properties":{"TRACTCE":"560802","GEOID":"72145560802","NAME":"5608.02","NAMELSAD":"Census Tract 5608.02","COUNTYFP":"145"}},
{"type":"Feature","geometry":{"type":"Polygon","coordinates":[[[-66.04565,18.01112],[-66.05236,18.01381],[-66.05474,18.01391],[-66.0562,18.0109],[-66.05913,18.00833],[-66.05875,17.99999],[-66.06059,17.99578],[-66.05959,17.99519],[-66.06132,17.99046],[-66.06127,17.98605],[-66.05589,17.98348],[-66.05571,17.98424],[-66.04803,17.98497],[-66.04683,17.98607],[-66.03959,17.98622],[-66.0396,17.9901],[-66.03627,17.98913],[-66.03268,17.99281],[-66.03114,17.99611],[-66.03315,17.9976],[-66.03479,17.9974],[-66.03518,17.99852],[-66.03772,17.99843],[-66.03845,18.00065],[-66.03978,18.00421],[-66.04463,18.0065],[-66.04693,18.0091],[-66.04565,18.01112]]]},"properties":{"TRACTCE":"280102","GEOID":"72015280102","NAME":"2801.02","NAMELSAD":"Census Tract 2801.02","COUNTYFP":"015"}},
{"type":"Feature","geometry":{"type":"Polygon","coordinates":[[[-66.05288,18.43263],[-66.05269,18.4272],[-66.05106,18.42711],[-66.04877,18.42703],[-66.04735,18.42926],[-66.05288,18.43263]]]},"properties":{"TRACTCE":"004500","GEOID":"72127004500","NAME":"45","NAMELSAD":"Census Tract 45","COUNTYFP":"127"}},
{"type":"Feature","geometry":{"type":"Polygon","coordinates":[[[-66.01386,18.39698],[-66.01381,18.39326],[-66.0103,18.39322],[-66.01024,18.39709],[-66.01386,18.39698]]]},"properties":{"TRACTCE":"005402","GEOID":"72127005402","NAME":"54.02","NAMELSAD":"Census Tract 54.02","COUNTYFP":"127"}},
{"type":"Feature","geometry":{"type":"Polygon","coordinates":[[[-66.01386,18.39261],[-66.01685,18.39303],[-66.02004,18.39234],[-66.02197,18.38998],[-66.02494,18.39],[-66.02415,18.38825],[-66.02629,18.38829],[-66.02683,18.38622],[-66.02582,18.38508],[-66.02733,18.38466],[-66.02672,18.38211],[-66.02529,18.3798],[-66.01694,18.37836],[-66.01379,18.37889],[-66.01392,18.37995],[-66.01251,18.38057],[-66.01262,18.38733],[-66.01387,18.38758],[-66.01386,18.39261]]]},"properties":{"TRACTCE":"005403","GEOID":"72127005403","NAME":"54.03","NAMELSAD":"Census Tract 54.03","COUNTYFP":"127"}},
{"type":"Feature","geometry":{"type":"Polygon","coordinates":[[[-66.0889,18.41372],[-66.08865,18.40836],[-66.08726,18.40798],[-66.08578,18.40919],[-66.08391,18.41227],[-66.08267,18.41178],[-66.08179,18.41252],[-66.08152,18.41485],[-66.08522,18.4139],[-66.0889,18.41372]]]},"properties":{"TRACTCE":"007400","GEOID":"72127007400","NAME":"74","NAMELSAD":"Census Tract 74","COUNTYFP":"127"}},
{"type":"Feature","geometry":{"type":"Polygon","coordinates":[[[-66.06833,18.44611],[-66.06448,18.44317],[-66.06325,18.44421],[-66.06257,18.44838],[-66.06338,18.44856],[-66.06277,18.45192],[-66.06389,18.45207],[-66.06594,18.44989],[-66.06833,18.44611]]]},"properties":{"TRACTCE":"001600","GEOID":"72127001600","NAME":"16","NAMELSAD":"Census Tract 16","COUNTYFP":"127"}},
{"type":"Feature","geometry":{"type":"Polygon","coordinates":[[[-66.0782,18.33869],[-66.07854,18.33507],[-66.07775,18.33365],[-66.07966,18.33126],[-66.08009,18.32893],[-66.07578,18.3263],[-66.0746,18.32264],[-66.06876,18.3191],[-66.06742,18.31367],[-66.06574,18.31379],[-66.06393,18.31184],[-66.06165,18.31299],[-66.06275,18.30912],[-66.06237,18.30305],[-66.05984,18.30192],[-66.05958,18.30359],[-66.05725,18.30237],[-66.0565,18.30453],[-66.05353,18.30294],[-66.05294,18.30379],[-66.04919,18.29834],[-66.04775,18.29792],[-66.04534,18.29942],[-66.04794,18.30264],[-66.04703,18.30425],[-66.04783,18.30689],[-66.04692,18.30941],[-66.04484,18.31149],[-66.05072,18.31471],[-66.05153,18.31638],[-66.05897,18.31456],[-66.0607,18.3161],[-66.06111,18.31783],[-66.05961,18.31827],[-66.05937,18.32057],[-66.0609,18.32238],[-66.05919,18.3222],[-66.05824,18.32351],[-66.05843,18.33112],[-66.05758,18.33199],[-66.05926,18.33333],[-66.05825,18.33465],[-66.05966,18.33853],[-66.05859,18.33842],[-66.0583,18.33999],[-66.06006,18.3436],[-66.06618,18.34854],[-66.06627,18.34643],[-66.06906,18.34461],[-66.07014,18.34494],[-66.07109,18.34335],[-66.07393,18.34407],[-66.07411,18.34516],[-66.07634,18.34412],[-66.07885,18.34499],[-66.07978,18.34175],[-66.0782,18.33869]]]},"properties":{"TRACTCE":"010100","GEOID":"72127010100","NAME":"101","NAMELSAD":"Census Tract 101","COUNTYFP":"127"}},
{"type":"Feature","geometry":{"type":"Polygon","coordinates":[[[-66.09722,18.39922],[-66.09439,18.39729],[-66.08288,18.40165],[-66.08384,18.40442],[-66.08715,18.40337],[-66.09722,18.39922]]]},"properties":{"TRACTCE":"007700","GEOID":"72127007700","NAME":"77","NAMELSAD":"Census Tract 77","COUNTYFP":"127"}},
{"type":"Feature","geometry":{"type":"Polygon","coordinates":[[[-66.08062,18.45288],[-66.08144,18.45326],[-66.0829,18.45001],[-66.07862,18.44742],[-66.07777,18.44937],[-66.08124,18.45126],[-66.08062,18.45288]]]},"properties":{"TRACTCE":"002002","GEOID":"72127002002","NAME":"20.02","NAMELSAD":"Census Tract 20.02","COUNTYFP":"127"}},
{"type":"Feature","geometry":{"type":"Polygon","coordinates":[[[-66.97512,18.27467],[-66.97941,18.27603],[-66.9828,18.27459],[-66.98552,18.27471],[-66.98976,18.27689],[-66.99425,18.27571],[-66.99822,18.27756],[-67.00157,18.27611],[-67.00566,18.27911],[-67.00688,18.2791],[-67.006,18.27847],[-67.0065,18.27592],[-67.00533,18.27516],[-67.00539,18.27321],[-67.00443,18.27276],[-67.00533,18.27142],[-67.00326,18.27056],[-67.00233,18.26929],[-67.0033,18.26832],[-67.00168,18.26817],[-67.00016,18.26637],[-67.00204,18.26471],[-67.00079,18.26308],[-67.00645,18.26121],[-67.00224,18.25752],[-67.00131,18.25527],[-67.00009,18.25763],[-66.99894,18.25644],[-66.99646,18.25649],[-66.99734,18.2547],[-66.99639,18.25346],[-66.99962,18.25251],[-66.99967,18.25114],[-66.99827,18.25084],[-66.9984,18.25241],[-66.98994,18.25175],[-66.98904,18.24764],[-66.98812,18.24873],[-66.98721,18.24848],[-66.98583,18.24704],[-66.98687,18.24654],[-66.98658,18.2458],[-66.98526,18.2456],[-66.98473,18.24438],[-66.98436,18.24522],[-66.98168,18.24617],[-66.98154,18.24731],[-66.97996,18.24692],[-66.97836,18.24776],[-66.9778,18.24851],[-66.97892,18.2497],[-66.97674,18.25148],[-66.97414,18.25191],[-66.97367,18.25342],[-66.97494,18.25367],[-66.9746,18.25516],[-66.97604,18.25534],[-66.97611,18.256],[-66.97501,18.25624],[-66.97146,18.26038],[-66.97248,18.26078],[-66.97263,18.26306],[-66.97133,18.26375],[-66.96965,18.26292],[-66.96938,18.26364],[-66.97043,18.26862],[-66.97289,18.27368],[-66.97512,18.27467]]]},"properties":{"TRACTCE":"959800","GEOID":"72083959800","NAME":"9598","NAMELSAD":"Census Tract 9598","COUNTYFP":"083"}},
{"type":"Feature","geometry":{"type":"Polygon","coordinates":[[[-67.082,18.25495],[-67.08056,18.2544],[-67.07545,18.24854],[-67.07376,18.24762],[-67.07093,18.24887],[-67.06744,18.24635],[-67.06632,18.2474],[-67.0621,18.24488],[-67.05744,18.24614],[-67.05592,18.24536],[-67.05692,18.24273],[-67.05675,18.24028],[-67.0546,18.23947],[-67.0517,18.2348],[-67.05209,18.2306],[-67.05035,18.22748],[-67.04692,18.22662],[-67.04593,18.22445],[-67.04077,18.22364],[-67.04,18.22229],[-67.03724,18.22182],[-67.0373,18.22019],[-67.03594,18.21946],[-67.03296,18.21809],[-67.03316,18.20831],[-67.02878,18.2089],[-67.02514,18.2056],[-67.01883,18.20449],[-67.02069,18.19827],[-67.01984,18.19547],[-67.0038,18.1935],[-67.00266,18.1959],[-67.00066,18.1976],[-66.99613,18.19742],[-66.99122,18.19999],[-66.98899,18.20545],[-66.98667,18.20493],[-66.98062,18.20631],[-66.97911,18.20766],[-66.98153,18.20807],[-66.98643,18.21071],[-66.98827,18.21008],[-66.98561,18.21521],[-66.98675,18.21671],[-66.98635,18.21793],[-66.98924,18.22088],[-66.9892,18.22623],[-66.99062,18.22803],[-66.99026,18.23172],[-66.99122,18.23204],[-66.9896,18.23278],[-66.98928,18.23446],[-66.99084,18.23408],[-66.98848,18.23789],[-66.9868,18.23717],[-66.98594,18.23772],[-66.98583,18.23992],[-66.9844,18.241],[-66.98391,18.24311],[-66.98515,18.24387],[-66.98429,18.24423],[-66.98436,18.24522],[-66.98473,18.24438],[-66.98526,18.2456],[-66.98658,18.2458],[-66.98687,18.24654],[-66.98583,18.24704],[-66.98721,18.24848],[-66.98812,18.24873],[-66.98904,18.24764],[-66.98994,18.25175],[-66.9984,18.25241],[-66.99827,18.25084],[-66.99967,18.25114],[-66.99962,18.25251],[-66.99639,18.25346],[-66.99734,18.2547],[-66.99646,18.25649],[-66.99894,18.25644],[-67.00009,18.25763],[-67.00131,18.25527],[-67.00224,18.25752],[-67.00645,18.26121],[-67.00079,18.26308],[-67.00204,18.26471],[-67.00016,18.26637],[-67.00168,18.26817],[-67.0033,18.26832],[-67.00233,18.26929],[-67.00326,18.27056],[-67.00533,18.27142],[-67.00443,18.27276],[-67.00539,18.27321],[-67.00533,18.27516],[-67.0065,18.27592],[-67.006,18.27847],[-67.00688,18.2791],[-67.0111,18.27868],[-67.01292,18.27943],[-67.01575,18.27721],[-67.01781,18.27683],[-67.01881,18.27736],[-67.02003,18.28044],[-67.02229,18.28166],[-67.02416,18.28131],[-67.02527,18.27924],[-67.02746,18.27852],[-67.0291,18.27892],[-67.03026,18.28101],[-67.0328,18.28207],[-67.03798,18.28026],[-67.03924,18.28301],[-67.03812,18.28415],[-67.03343,18.28513],[-67.03107,18.28872],[-67.03252,18.29003],[-67.0362,18.28798],[-67.03793,18.28971],[-67.0394,18.28764],[-67.0392,18.28558],[-67.04088,18.28222],[-67.03958,18.27983],[-67.04074,18.27671],[-67.04023,18.27199],[-67.04207,18.27082],[-67.04455,18.27107],[-67.05178,18.26838],[-67.052,18.26605],[-67.05679,18.26741],[-67.06183,18.27008],[-67.06483,18.26155],[-67.07224,18.25461],[-67.0743,18.25454],[-67.07621,18.25774],[-67.0784,18.25893],[-67.082,18.25495]]]},"properties":{"TRACTCE":"959900","GEOID":"72083959900","NAME":"9599","NAMELSAD":"Census Tract 9599","COUNTYFP":"083"}},
{"type":"Feature","geometry":{"type":"Polygon","coordinates":[[[-66.98436,18.24522],[-66.98429,18.24423],[-66.98515,18.24387],[-66.98391,18.24311],[-66.9844,18.241],[-66.98583,18.23992],[-66.98594,18.23772],[-66.9868,18.23717],[-66.98848,18.23789],[-66.99084,18.23408],[-66.98928,18.23446],[-66.9896,18.23278],[-66.99122,18.23204],[-66.99026,18.23172],[-66.99062,18.22803],[-66.9892,18.22623],[-66.98924,18.22088],[-66.98635,18.21793],[-66.98675,18.21671],[-66.98561,18.21521],[-66.98827,18.21008],[-66.98643,18.21071],[-66.98153,18.20807],[-66.97911,18.20766],[-66.97747,18.20777],[-66.97519,18.20576],[-66.97422,18.2062],[-66.97379,18.20494],[-66.97212,18.20524],[-66.97108,18.20447],[-66.96877,18.20685],[-66.96699,18.20666],[-66.95829,18.20446],[-66.95901,18.20196],[-66.95834,18.19968],[-66.95698,18.20033],[-66.95306,18.20004],[-66.95087,18.2016],[-66.94657,18.2016],[-66.94562,18.20094],[-66.94586,18.19937],[-66.89796,18.18774],[-66.90481,18.20819],[-66.91286,18.23301],[-66.91075,18.23953],[-66.90702,18.24595],[-66.90761,18.24762],[-66.90563,18.25192],[-66.90724,18.25309],[-66.90854,18.25207],[-66.91261,18.25428],[-66.91812,18.25588],[-66.91947,18.25919],[-66.92244,18.25746],[-66.92423,18.26049],[-66.93049,18.25838],[-66.92977,18.25693],[-66.92784,18.25688],[-66.92755,18.25557],[-66.92895,18.25416],[-66.93212,18.25339],[-66.93359,18.25881],[-66.93833,18.25873],[-66.93878,18.26244],[-66.94,18.26247],[-66.94201,18.26029],[-66.94317,18.26069],[-66.94301,18.26266],[-66.9409,18.2658],[-66.94408,18.26825],[-66.94503,18.27166],[-66.94595,18.2733],[-66.94751,18.27239],[-66.94771,18.27072],[-66.94635,18.26888],[-66.94876,18.2667],[-66.94987,18.26693],[-66.95073,18.26963],[-66.95391,18.2716],[-66.95783,18.27197],[-66.96162,18.27015],[-66.96508,18.27126],[-66.96523,18.26599],[-66.96725,18.26363],[-66.96938,18.26364],[-66.96965,18.26292],[-66.97133,18.26375],[-66.97263,18.26306],[-66.97248,18.26078],[-66.97146,18.26038],[-66.97501,18.25624],[-66.97611,18.256],[-66.97604,18.25534],[-66.9746,18.25516],[-66.97494,18.25367],[-66.97367,18.25342],[-66.97414,18.25191],[-66.97674,18.25148],[-66.97892,18.2497],[-66.9778,18.24851],[-66.97836,18.24776],[-66.97996,18.24692],[-66.98154,18.24731],[-66.98168,18.24617],[-66.98436,18.24522]]]},"properties":{"TRACTCE":"959700","GEOID":"72083959700","NAME":"9597","NAMELSAD":"Census Tract 9597","COUNTYFP":"083"}},
{"type":"Feature","geometry":{"type":"Polygon","coordinates":[[[-65.87957,18.28933],[-65.87856,18.28855],[-65.87844,18.28223],[-65.88002,18.27764],[-65.87811,18.27568],[-65.87869,18.27417],[-65.87786,18.27324],[-65.87789,18.27043],[-65.87511,18.26731],[-65.87487,18.2645],[-65.87396,18.2642],[-65.87467,18.26294],[-65.8712,18.26145],[-65.86504,18.26231],[-65.86348,18.26074],[-65.85939,18.26071],[-65.85497,18.25952],[-65.85249,18.25737],[-65.85262,18.25497],[-65.84629,18.25808],[-65.8421,18.2644],[-65.84032,18.26503],[-65.83859,18.27369],[-65.83639,18.27525],[-65.83891,18.27693],[-65.84162,18.27726],[-65.84202,18.27909],[-65.84579,18.27882],[-65.84629,18.28163],[-65.84945,18.28232],[-65.85578,18.28621],[-65.8572,18.28811],[-65.85917,18.28891],[-65.86217,18.29339],[-65.86824,18.29386],[-65.87666,18.29267],[-65.87637,18.29071],[-65.87957,18.28933]]]},"properties":{"TRACTCE":"100800","GEOID":"72029100800","NAME":"1008","NAMELSAD":"Census Tract 1008","COUNTYFP":"029"}},
{"type":"Feature","geometry":{"type":"Polygon","coordinates":[[[-65.91485,18.38247],[-65.91626,18.38171],[-65.91659,18.38011],[-65.91476,18.37899],[-65.91501,18.38003],[-65.91415,18.37998],[-65.91309,18.37887],[-65.9163,18.37695],[-65.91085,18.37621],[-65.9071,18.37637],[-65.89975,18.37487],[-65.89239,18.37841],[-65.89163,18.38064],[-65.89289,18.38079],[-65.8935,18.382],[-65.89439,18.3819],[-65.89403,18.38122],[-65.89627,18.38181],[-65.8958,18.38339],[-65.89802,18.38377],[-65.89983,18.38695],[-65.90315,18.38887],[-65.90244,18.3899],[-65.90361,18.39329],[-65.90265,18.39395],[-65.90483,18.3941],[-65.90602,18.39535],[-65.9051,18.39541],[-65.90502,18.39748],[-65.90975,18.40097],[-65.91278,18.39564],[-65.9132,18.38986],[-65.91096,18.38833],[-65.90477,18.38712],[-65.90378,18.38501],[-65.90844,18.38273],[-65.91485,18.38247]]]},"properties":{"TRACTCE":"100200","GEOID":"72029100200","NAME":"1002","NAMELSAD":"Census Tract 1002","COUNTYFP":"029"}},
{"type":"Feature","geometry":{"type":"Polygon","coordinates":[[[-65.90547,18.30888],[-65.9093,18.30859],[-65.91079,18.30692],[-65.90935,18.30217],[-65.90969,18.29943],[-65.90749,18.29792],[-65.90638,18.29855],[-65.90601,18.29793],[-65.90847,18.29535],[-65.91053,18.29521],[-65.91129,18.29403],[-65.91309,18.29412],[-65.9128,18.29521],[-65.91351,18.29573],[-65.91508,18.29526],[-65.91563,18.2942],[-65.91565,18.29242],[-65.91334,18.28718],[-65.91168,18.28722],[-65.91122,18.28565],[-65.9096,18.28545],[-65.90942,18.27595],[-65.90739,18.27376],[-65.90727,18.2721],[-65.9087,18.27122],[-65.9121,18.2719],[-65.91854,18.27013],[-65.91046,18.26493],[-65.90678,18.26562],[-65.90435,18.26512],[-65.9031,18.26353],[-65.89648,18.2611],[-65.88922,18.26176],[-65.8867,18.26039],[-65.88579,18.26078],[-65.8857,18.25973],[-65.8833,18.25761],[-65.87822,18.25603],[-65.874,18.25274],[-65.87012,18.25356],[-65.86767,18.25314],[-65.86623,18.25579],[-65.86156,18.25693],[-65.85926,18.25589],[-65.85789,18.25668],[-65.85262,18.25497],[-65.85249,18.25737],[-65.85497,18.25952],[-65.85939,18.26071],[-65.86348,18.26074],[-65.86504,18.26231],[-65.8712,18.26145],[-65.87467,18.26294],[-65.87396,18.2642],[-65.87487,18.2645],[-65.87511,18.26731],[-65.87789,18.27043],[-65.87786,18.27324],[-65.87869,18.27417],[-65.87811,18.27568],[-65.88002,18.27764],[-65.87844,18.28223],[-65.87856,18.28855],[-65.87957,18.28933],[-65.88246,18.29092],[-65.88502,18.29119],[-65.8856,18.2945],[-65.88684,18.29527],[-65.88837,18.29831],[-65.88739,18.30215],[-65.88942,18.30851],[-65.88901,18.31248],[-65.89268,18.31293],[-65.89498,18.31542],[-65.89758,18.3145],[-65.90207,18.3154],[-65.90341,18.31426],[-65.9041,18.31537],[-65.90568,18.31551],[-65.90627,18.31462],[-65.90437,18.31035],[-65.90547,18.30888]]]},"properties":{"TRACTCE":"100700","GEOID":"72029100700","NAME":"1007","NAMELSAD":"Census Tract 1007","COUNTYFP":"029"}},
{"type":"Feature","geometry":{"type":"Polygon","coordinates":[[[-66.08709,18.38274],[-66.09115,18.37799],[-66.08696,18.37648],[-66.08773,18.37358],[-66.08563,18.37025],[-66.08117,18.36722],[-66.07354,18.37512],[-66.06815,18.3826],[-66.0695,18.38343],[-66.07175,18.38426],[-66.07388,18.38332],[-66.08156,18.38668],[-66.07964,18.3872],[-66.08246,18.38878],[-66.08247,18.38972],[-66.08324,18.38932],[-66.08377,18.38688],[-66.08513,18.38678],[-66.08487,18.38363],[-66.08709,18.38274]]]},"properties":{"TRACTCE":"009800","GEOID":"72127009800","NAME":"98","NAMELSAD":"Census Tract 98","COUNTYFP":"127"}},
{"type":"Feature","geometry":{"type":"Polygon","coordinates":[[[-66.09033,18.37473],[-66.09244,18.37226],[-66.09233,18.36941],[-66.09084,18.36797],[-66.08995,18.3662],[-66.09187,18.36377],[-66.09181,18.36116],[-66.09025,18.36104],[-66.08952,18.35949],[-66.08731,18.35861],[-66.08513,18.36291],[-66.08117,18.36722],[-66.08563,18.37025],[-66.08773,18.37358],[-66.09033,18.37473]]]},"properties":{"TRACTCE":"009901","GEOID":"72127009901","NAME":"99.01","NAMELSAD":"Census Tract 99.01","COUNTYFP":"127"}},
{"type":"Feature","geometry":{"type":"Polygon","coordinates":[[[-66.08117,18.36722],[-66.08513,18.36291],[-66.08731,18.35861],[-66.08518,18.35743],[-66.0859,18.35539],[-66.08474,18.35497],[-66.08411,18.35328],[-66.08242,18.35304],[-66.0801,18.35046],[-66.07843,18.34674],[-66.07885,18.34499],[-66.07634,18.34412],[-66.07411,18.34516],[-66.07393,18.34407],[-66.07109,18.34335],[-66.07014,18.34494],[-66.06906,18.34461],[-66.07019,18.35025],[-66.07008,18.35881],[-66.07746,18.35816],[-66.08016,18.35642],[-66.08037,18.36262],[-66.08187,18.36436],[-66.08034,18.36694],[-66.08117,18.36722]]]},"properties":{"TRACTCE":"009903","GEOID":"72127009903","NAME":"99.03","NAMELSAD":"Census Tract 99.03","COUNTYFP":"127"}},
{"type":"Feature","geometry":{"type":"Polygon","coordinates":[[[-66.07008,18.35881],[-66.07019,18.35025],[-66.06906,18.34461],[-66.06627,18.34643],[-66.06618,18.34854],[-66.06731,18.35378],[-66.06668,18.35591],[-66.06527,18.35666],[-66.06537,18.35951],[-66.07008,18.35881]]]},"properties":{"TRACTCE":"009904","GEOID":"72127009904","NAME":"99.04","NAMELSAD":"Census Tract 99.04","COUNTYFP":"127"}},
{"type":"Feature","geometry":{"type":"Polygon","coordinates":[[[-66.19931,18.46497],[-66.19988,18.46168],[-66.19589,18.45428],[-66.2109,18.44642],[-66.2113,18.43891],[-66.21235,18.43889],[-66.20593,18.4375],[-66.20153,18.43898],[-66.19637,18.43721],[-66.19606,18.43853],[-66.19176,18.4384],[-66.19184,18.44086],[-66.18974,18.44284],[-66.18975,18.4449],[-66.18917,18.44558],[-66.18715,18.44494],[-66.18662,18.44757],[-66.1887,18.4494],[-66.18786,18.45573],[-66.1887,18.46336],[-66.19476,18.46398],[-66.19894,18.46663],[-66.19931,18.46497]]]},"properties":{"TRACTCE":"121400","GEOID":"72137121400","NAME":"1214","NAMELSAD":"Census Tract 1214","COUNTYFP":"137"}},
{"type":"Feature","geometry":{"type":"Polygon","coordinates":[[[-66.03494,18.33347],[-66.03596,18.32791],[-66.03536,18.3259],[-66.03645,18.32326],[-66.0355,18.31984],[-66.03729,18.31752],[-66.04096,18.31555],[-66.0407,18.31267],[-66.04153,18.31234],[-66.04086,18.31143],[-66.0384,18.31165],[-66.03548,18.30958],[-66.03186,18.30886],[-66.03012,18.3099],[-66.02707,18.3102],[-66.02478,18.30902],[-66.02175,18.30503],[-66.02019,18.30754],[-66.01648,18.30873],[-66.01586,18.31045],[-66.02071,18.31434],[-66.02141,18.31782],[-66.01966,18.3186],[-66.01642,18.318],[-66.01266,18.32104],[-66.0124,18.32295],[-66.01595,18.32663],[-66.01538,18.33289],[-66.01388,18.33492],[-66.00901,18.33483],[-66.00377,18.34203],[-66.02374,18.34741],[-66.02434,18.34612],[-66.02544,18.34804],[-66.02734,18.34686],[-66.02607,18.34454],[-66.02854,18.34306],[-66.0288,18.3413],[-66.02978,18.34127],[-66.03367,18.34451],[-66.03553,18.34437],[-66.03368,18.33589],[-66.03494,18.33347]]]},"properties":{"TRACTCE":"060302","GEOID":"72139060302","NAME":"603.02","NAMELSAD":"Census Tract 603.02","COUNTYFP":"139"}},
{"type":"Feature","geometry":{"type":"Polygon","coordinates":[[[-66.0325,18.3557],[-66.03453,18.35393],[-66.03469,18.3514],[-66.03642,18.34824],[-66.03676,18.34546],[-66.03553,18.34437],[-66.03367,18.34451],[-66.02978,18.34127],[-66.0288,18.3413],[-66.02854,18.34306],[-66.02607,18.34454],[-66.02734,18.34686],[-66.02544,18.34804],[-66.02434,18.34612],[-66.02374,18.34741],[-66.00377,18.34203],[-66.00147,18.34382],[-66.00083,18.3454],[-66.00256,18.34893],[-66.00538,18.35052],[-66.00692,18.35079],[-66.01034,18.35353],[-66.01367,18.35106],[-66.01788,18.35118],[-66.02025,18.35223],[-66.02114,18.35453],[-66.02516,18.35556],[-66.02534,18.35433],[-66.02791,18.35377],[-66.0325,18.3557]]]},"properties":{"TRACTCE":"060301","GEOID":"72139060301","NAME":"603.01","NAMELSAD":"Census Tract 603.01","COUNTYFP":"139"}},
{"type":"Feature","geometry":{"type":"Polygon","coordinates":[[[-66.03556,18.36846],[-66.034,18.36189],[-66.03473,18.35871],[-66.03449,18.35684],[-66.0325,18.3557],[-66.02791,18.35377],[-66.02534,18.35433],[-66.02516,18.35556],[-66.02114,18.35453],[-66.02518,18.35813],[-66.02814,18.35961],[-66.02944,18.36172],[-66.03129,18.36277],[-66.03212,18.36539],[-66.03556,18.36846]]]},"properties":{"TRACTCE":"060213","GEOID":"72139060213","NAME":"602.13","NAMELSAD":"Census Tract 602.13","COUNTYFP":"139"}},
{"type":"Feature","geometry":{"type":"Polygon","coordinates":[[[-66.032,18.37326],[-66.03467,18.36979],[-66.02522,18.37011],[-66.02257,18.37023],[-66.01824,18.37197],[-66.02161,18.37484],[-66.02529,18.3798],[-66.032,18.37326]]]},"properties":{"TRACTCE":"060212","GEOID":"72139060212","NAME":"602.12","NAMELSAD":"Census Tract 602.12","COUNTYFP":"139"}},
{"type":"Feature","geometry":{"type":"Polygon","coordinates":[[[-66.01251,18.38057],[-66.01392,18.37995],[-66.01379,18.37889],[-66.01694,18.37836],[-66.02529,18.3798],[-66.02161,18.37484],[-66.01824,18.37197],[-66.01522,18.37018],[-66.01404,18.37124],[-66.00866,18.37257],[-66.00755,18.37696],[-66.00273,18.37918],[-66.00689,18.37889],[-66.0094,18.37968],[-66.01028,18.37916],[-66.01251,18.38057]]]},"properties":{"TRACTCE":"060102","GEOID":"72139060102","NAME":"601.02","NAMELSAD":"Census Tract 601.02","COUNTYFP":"139"}},
{"type":"Feature","geometry":{"type":"Polygon","coordinates":[[[-67.18906,18.10759],[-67.20233,18.09528],[-67.20433,18.08113],[-67.19761,18.08425],[-67.19523,18.08439],[-67.19473,18.08579],[-67.19213,18.08463],[-67.18968,18.08535],[-67.18855,18.0867],[-67.18805,18.08469],[-67.18224,18.08197],[-67.18224,18.07573],[-67.15913,18.07973],[-67.16072,18.08431],[-67.16224,18.08496],[-67.16278,18.08652],[-67.16188,18.08694],[-67.16089,18.09151],[-67.16394,18.09618],[-67.16814,18.09925],[-67.16979,18.10217],[-67.17697,18.10431],[-67.17873,18.10303],[-67.18213,18.10412],[-67.18253,18.1036],[-67.18906,18.10759]]]},"properties":{"TRACTCE":"830503","GEOID":"72023830503","NAME":"8305.03","NAMELSAD":"Census Tract 8305.03","COUNTYFP":"023"}},
{"type":"Feature","geometry":{"type":"Polygon","coordinates":[[[-66.13999,18.39642],[-66.13759,18.39344],[-66.1384,18.39209],[-66.13682,18.39033],[-66.13738,18.3879],[-66.13608,18.38394],[-66.12123,18.38475],[-66.12581,18.39461],[-66.12964,18.39436],[-66.13923,18.39673],[-66.13999,18.39642]]]},"properties":{"TRACTCE":"030105","GEOID":"72021030105","NAME":"301.05","NAMELSAD":"Census Tract 301.05","COUNTYFP":"021"}},
{"type":"Feature","geometry":{"type":"Polygon","coordinates":[[[-65.39736,18.33314],[-65.39565,18.33009],[-65.39565,18.32735],[-65.38869,18.32124],[-65.38554,18.32274],[-65.38239,18.32162],[-65.37675,18.31775],[-65.37308,18.31751],[-65.36861,18.31564],[-65.36192,18.31514],[-65.35995,18.31601],[-65.35733,18.31165],[-65.35089,18.30766],[-65.34394,18.30754],[-65.3425,18.30542],[-65.34302,18.29919],[-65.33607,18.29894],[-65.33357,18.29371],[-65.32884,18.29259],[-65.32569,18.29296],[-65.32294,18.2942],[-65.32268,18.29632],[-65.31664,18.29757],[-65.31244,18.29645],[-65.30811,18.29695],[-65.30601,18.29196],[-65.3026,18.29059],[-65.29971,18.29059],[-65.29761,18.28897],[-65.29722,18.28648],[-65.29315,18.28336],[-65.29288,18.2795],[-65.29092,18.27975],[-65.29105,18.27738],[-65.2858,18.27352],[-65.28186,18.27539],[-65.28121,18.27751],[-65.27832,18.2785],[-65.27871,18.28075],[-65.27727,18.28324],[-65.27819,18.28536],[-65.27596,18.28791],[-65.27557,18.29227],[-65.26887,18.2929],[-65.269,18.29115],[-65.26717,18.28729],[-65.26283,18.28542],[-65.25903,18.28604],[-65.25654,18.28816],[-65.25654,18.28991],[-65.25365,18.29003],[-65.25155,18.2919],[-65.25168,18.29439],[-65.24695,18.29439],[-65.24564,18.29614],[-65.2463,18.29963],[-65.24262,18.30025],[-65.24079,18.30224],[-65.24001,18.30679],[-65.2404,18.31364],[-65.23817,18.31402],[-65.2362,18.31252],[-65.2345,18.30941],[-65.23161,18.30754],[-65.22111,18.30679],[-65.21743,18.31314],[-65.21835,18.31514],[-65.22097,18.31601],[-65.21717,18.31962],[-65.21769,18.32324],[-65.21901,18.32498],[-65.22623,18.3266],[-65.22925,18.32648],[-65.23148,18.32461],[-65.23646,18.32473],[-65.23686,18.3266],[-65.23843,18.32797],[-65.24119,18.32835],[-65.24014,18.33065],[-65.23239,18.33414],[-65.22399,18.33539],[-65.22478,18.34012],[-65.22767,18.34174],[-65.23318,18.34286],[-65.23239,18.34897],[-65.23436,18.35021],[-65.23712,18.35071],[-65.24093,18.34934],[-65.24237,18.34635],[-65.24198,18.34299],[-65.24775,18.34037],[-65.24881,18.34411],[-65.25708,18.34648],[-65.26824,18.34473],[-65.27257,18.33888],[-65.27519,18.33701],[-65.28242,18.33476],[-65.28452,18.33464],[-65.28714,18.34124],[-65.29305,18.34025],[-65.29843,18.33514],[-65.30132,18.33489],[-65.30303,18.3375],[-65.3092,18.34199],[-65.31248,18.34174],[-65.3155,18.33788],[-65.31813,18.3375],[-65.32075,18.33788],[-65.3222,18.33987],[-65.32731,18.34199],[-65.3306,18.34436],[-65.33335,18.34822],[-65.33519,18.35283],[-65.33992,18.35395],[-65.3432,18.3557],[-65.34438,18.3628],[-65.36245,18.36305],[-65.3698,18.36629],[-65.37334,18.36467],[-65.37347,18.35595],[-65.36914,18.35694],[-65.35195,18.34934],[-65.34932,18.34498],[-65.34683,18.34349],[-65.34053,18.33564],[-65.33961,18.33302],[-65.33659,18.32928],[-65.33488,18.32417],[-65.33554,18.32156],[-65.3337,18.31832],[-65.33462,18.31695],[-65.33751,18.31458],[-65.34184,18.31321],[-65.34539,18.31508],[-65.34946,18.3157],[-65.35037,18.32181],[-65.35234,18.32392],[-65.36074,18.32068],[-65.36927,18.32006],[-65.37151,18.32343],[-65.37137,18.32666],[-65.37571,18.32916],[-65.37794,18.32866],[-65.38004,18.32978],[-65.38581,18.32816],[-65.38844,18.32941],[-65.38752,18.33402],[-65.38805,18.33676],[-65.38923,18.33913],[-65.39146,18.34025],[-65.3954,18.33838],[-65.3971,18.33626],[-65.39736,18.33314]]]},"properties":{"TRACTCE":"950500","GEOID":"72049950500","NAME":"9505","NAMELSAD":"Census Tract 9505","COUNTYFP":"049"}},
{"type":"Feature","geometry":{"type":"Polygon","coordinates":[[[-66.07163,17.99093],[-66.07238,17.97834],[-66.06976,17.9741],[-66.0709,17.97093],[-66.0697,17.96369],[-66.06965,17.96311],[-66.06846,17.9625],[-66.06646,17.95912],[-66.06193,17.96459],[-66.05589,17.98348],[-66.06127,17.98605],[-66.07163,17.99093]]]},"properties":{"TRACTCE":"280201","GEOID":"72015280201","NAME":"2802.01","NAMELSAD":"Census Tract 2802.01","COUNTYFP":"015"}},
{"type":"Feature","geometry":{"type":"Polygon","coordinates":[[[-66.01425,18.40486],[-66.01386,18.39698],[-66.01024,18.39709],[-66.00691,18.39717],[-66.00694,18.40403],[-66.00545,18.40394],[-66.00541,18.40453],[-66.01425,18.40486]]]},"properties":{"TRACTCE":"005214","GEOID":"72127005214","NAME":"52.14","NAMELSAD":"Census Tract 52.14","COUNTYFP":"127"}},
{"type":"Feature","geometry":{"type":"Polygon","coordinates":[[[-66.08062,18.42275],[-66.08175,18.42133],[-66.08034,18.41842],[-66.07658,18.42001],[-66.07799,18.42291],[-66.08062,18.42275]]]},"properties":{"TRACTCE":"004306","GEOID":"72127004306","NAME":"43.06","NAMELSAD":"Census Tract 43.06","COUNTYFP":"127"}},
{"type":"Feature","geometry":{"type":"Polygon","coordinates":[[[-66.08062,18.42275],[-66.07799,18.42291],[-66.07658,18.42001],[-66.08034,18.41842],[-66.07828,18.41638],[-66.07261,18.41906],[-66.07166,18.42141],[-66.07368,18.42653],[-66.07609,18.42715],[-66.07816,18.42551],[-66.08062,18.42275]]]},"properties":{"TRACTCE":"980103","GEOID":"72127980103","NAME":"9801.03","NAMELSAD":"Census Tract 9801.03","COUNTYFP":"127"}},
{"type":"Feature","geometry":{"type":"Polygon","coordinates":[[[-65.88828,17.98505],[-65.8874,17.98931],[-65.88885,17.99062],[-65.8885,17.99205],[-65.8901,17.99224],[-65.88956,17.99323],[-65.8902,17.99355],[-65.89293,17.99262],[-65.89472,17.99714],[-65.89191,17.99936],[-65.89178,18.00136],[-65.89579,18.00143],[-65.89728,18.00334],[-65.89723,18.00438],[-65.89488,18.00374],[-65.89452,18.00483],[-65.89519,18.01047],[-65.89302,18.01378],[-65.89376,18.01414],[-65.89682,18.01046],[-65.9029,18.00973],[-65.90148,18.00826],[-65.90483,18.00446],[-65.90212,18.00244],[-65.9034,18.00097],[-65.90221,17.99707],[-65.89619,17.99011],[-65.89384,17.98563],[-65.88828,17.98505]]]},"properties":{"TRACTCE":"951600","GEOID":"72095951600","NAME":"9516","NAMELSAD":"Census Tract 9516","COUNTYFP":"095"}},
{"type":"Feature","geometry":{"type":"Polygon","coordinates":[[[-65.98852,18.05894],[-65.98912,18.05692],[-65.9879,18.05483],[-65.98519,18.05046],[-65.98558,18.04521],[-65.98221,18.04127],[-65.98238,18.04041],[-65.98019,18.04044],[-65.98004,18.0385],[-65.9819,18.03484],[-65.97833,18.03228],[-65.97565,18.03286],[-65.97442,18.02784],[-65.97163,18.02422],[-65.96748,18.02554],[-65.96613,18.02798],[-65.96296,18.02899],[-65.95959,18.02813],[-65.95883,18.02624],[-65.95299,18.02345],[-65.9534,18.02051],[-65.95272,18.01938],[-65.95524,18.01703],[-65.95337,18.00685],[-65.94876,18.00459],[-65.9482,18.0016],[-65.94589,17.99759],[-65.94463,17.99691],[-65.94407,17.9946],[-65.94276,17.99342],[-65.94312,17.99253],[-65.93792,17.99204],[-65.93466,17.99632],[-65.93457,17.9981],[-65.92974,18.00213],[-65.92595,18.00854],[-65.92685,18.009],[-65.92436,18.01512],[-65.92414,18.01951],[-65.92287,18.02122],[-65.91742,18.02287],[-65.91827,18.024],[-65.91561,18.02766],[-65.91746,18.0319],[-65.91744,18.03427],[-65.92195,18.0346],[-65.92513,18.03683],[-65.92801,18.03627],[-65.93112,18.03731],[-65.93387,18.03682],[-65.93518,18.04072],[-65.94147,18.04085],[-65.94314,18.04384],[-65.94905,18.04602],[-65.95228,18.04482],[-65.95317,18.04694],[-65.95539,18.04783],[-65.95827,18.05211],[-65.96358,18.05477],[-65.97256,18.05273],[-65.97374,18.05445],[-65.97345,18.05662],[-65.97556,18.05841],[-65.97713,18.05825],[-65.97779,18.06109],[-65.97917,18.06057],[-65.98046,18.06124],[-65.98356,18.05876],[-65.98544,18.05963],[-65.98852,18.05894]]]},"properties":{"TRACTCE":"951500","GEOID":"72095951500","NAME":"9515","NAMELSAD":"Census Tract 9515","COUNTYFP":"095"}},
{"type":"Feature","geometry":{"type":"Polygon","coordinates":[[[-66.18338,18.44401],[-66.18561,18.44227],[-66.18486,18.44062],[-66.18587,18.44081],[-66.18576,18.43696],[-66.18199,18.43752],[-66.1829,18.43434],[-66.18214,18.43363],[-66.18235,18.43178],[-66.17633,18.43164],[-66.17624,18.43524],[-66.1787,18.43528],[-66.17863,18.43765],[-66.1777,18.4401],[-66.17962,18.44123],[-66.18338,18.44401]]]},"properties":{"TRACTCE":"121002","GEOID":"72137121002","NAME":"1210.02","NAMELSAD":"Census Tract 1210.02","COUNTYFP":"137"}},
{"type":"Feature","geometry":{"type":"Polygon","coordinates":[[[-66.25181,18.45162],[-66.25128,18.44475],[-66.23847,18.44606],[-66.23901,18.44272],[-66.23746,18.4409],[-66.23617,18.44125],[-66.23393,18.43997],[-66.23153,18.44055],[-66.22861,18.43906],[-66.22715,18.43858],[-66.22746,18.43766],[-66.22619,18.43699],[-66.22233,18.43797],[-66.22115,18.44017],[-66.21235,18.43889],[-66.2113,18.43891],[-66.2109,18.44642],[-66.19589,18.45428],[-66.19988,18.46168],[-66.19931,18.46497],[-66.20556,18.46357],[-66.21114,18.46554],[-66.21461,18.465],[-66.23053,18.45439],[-66.2317,18.45281],[-66.23072,18.45065],[-66.23167,18.44974],[-66.24096,18.45568],[-66.24431,18.45485],[-66.24816,18.45121],[-66.25181,18.45162]]]},"properties":{"TRACTCE":"121702","GEOID":"72137121702","NAME":"1217.02","NAMELSAD":"Census Tract 1217.02","COUNTYFP":"137"}},
{"type":"Feature","geometry":{"type":"Polygon","coordinates":[[[-65.90693,17.97751],[-65.90272,17.97255],[-65.8733,17.93795],[-65.87012,17.9379],[-65.85253,17.94149],[-65.84587,17.94527],[-65.83459,17.95438],[-65.82785,17.9624],[-65.81645,17.9655],[-65.84775,18.00768],[-65.84827,18.00838],[-65.85081,18.00575],[-65.85676,18.00198],[-65.86057,18.00183],[-65.86642,18.00297],[-65.87034,18.00226],[-65.87579,17.99273],[-65.88075,17.98759],[-65.88164,17.98481],[-65.88556,17.98349],[-65.88828,17.98505],[-65.89384,17.98563],[-65.90693,17.97751]]]},"properties":{"TRACTCE":"990000","GEOID":"72095990000","NAME":"9900","NAMELSAD":"Census Tract 9900","COUNTYFP":"095"}},
{"type":"Feature","geometry":{"type":"Polygon","coordinates":[[[-66.23641,18.4267],[-66.23992,18.42885],[-66.24336,18.42669],[-66.24728,18.42118],[-66.2461,18.41821],[-66.23635,18.41868],[-66.23641,18.4267]]]},"properties":{"TRACTCE":"122201","GEOID":"72137122201","NAME":"1222.01","NAMELSAD":"Census Tract 1222.01","COUNTYFP":"137"}},
{"type":"Feature","geometry":{"type":"Polygon","coordinates":[[[-66.19092,18.38744],[-66.18963,18.38624],[-66.19151,18.38054],[-66.18844,18.37964],[-66.1892,18.3786],[-66.18746,18.37756],[-66.18661,18.37556],[-66.18578,18.37592],[-66.18646,18.37875],[-66.18564,18.38172],[-66.18479,18.38311],[-66.17953,18.38507],[-66.18153,18.38934],[-66.18368,18.39033],[-66.18623,18.39025],[-66.18754,18.38716],[-66.19092,18.38744]]]},"properties":{"TRACTCE":"031125","GEOID":"72021031125","NAME":"311.25","NAMELSAD":"Census Tract 311.25","COUNTYFP":"021"}},
{"type":"Feature","geometry":{"type":"Polygon","coordinates":[[[-66.50515,18.05249],[-66.50557,18.04287],[-66.49724,18.04135],[-66.49693,18.043],[-66.49777,18.04331],[-66.49707,18.04553],[-66.49551,18.04598],[-66.49447,18.048],[-66.49289,18.04585],[-66.49358,18.047],[-66.493,18.04985],[-66.49495,18.05123],[-66.50116,18.05175],[-66.50515,18.05249]]]},"properties":{"TRACTCE":"710400","GEOID":"72075710400","NAME":"7104","NAMELSAD":"Census Tract 7104","COUNTYFP":"075"}},
{"type":"Feature","geometry":{"type":"Polygon","coordinates":[[[-66.53252,18.53548],[-66.53328,18.48561],[-66.52916,18.48797],[-66.52622,18.48823],[-66.50832,18.48233],[-66.50645,18.48077],[-66.50172,18.48056],[-66.49963,18.48127],[-66.49052,18.47861],[-66.48492,18.47693],[-66.47229,18.47265],[-66.45544,18.47248],[-66.45176,18.47311],[-66.44928,18.47409],[-66.44682,18.47666],[-66.44253,18.48634],[-66.44101,18.48867],[-66.43872,18.4895],[-66.4387,18.48993],[-66.43675,18.54081],[-66.45295,18.53896],[-66.45804,18.53725],[-66.46824,18.53238],[-66.47856,18.52442],[-66.48965,18.52702],[-66.49501,18.52747],[-66.51515,18.53375],[-66.52452,18.53536],[-66.53252,18.53548]]]},"properties":{"TRACTCE":"990025","GEOID":"72091990025","NAME":"9900.25","NAMELSAD":"Census Tract 9900.25","COUNTYFP":"091"}},
{"type":"Feature","geometry":{"type":"Polygon","coordinates":[[[-66.48492,18.47693],[-66.48546,18.47238],[-66.48236,18.47008],[-66.48569,18.4698],[-66.48629,18.46818],[-66.4876,18.46795],[-66.48798,18.46585],[-66.48416,18.46581],[-66.48384,18.46055],[-66.48211,18.45582],[-66.48216,18.4484],[-66.47992,18.44709],[-66.48428,18.44281],[-66.48564,18.43933],[-66.4885,18.43756],[-66.48783,18.43227],[-66.48494,18.43256],[-66.47844,18.43221],[-66.47565,18.43284],[-66.45001,18.43953],[-66.44018,18.43924],[-66.43875,18.44129],[-66.43904,18.44748],[-66.43977,18.44749],[-66.43959,18.45867],[-66.43949,18.46225],[-66.43872,18.4895],[-66.44101,18.48867],[-66.44253,18.48634],[-66.44682,18.47666],[-66.44928,18.47409],[-66.45176,18.47311],[-66.45544,18.47248],[-66.47229,18.47265],[-66.48492,18.47693]]]},"properties":{"TRACTCE":"570100","GEOID":"72091570100","NAME":"5701","NAMELSAD":"Census Tract 5701","COUNTYFP":"091"}},
{"type":"Feature","geometry":{"type":"Polygon","coordinates":[[[-66.52634,18.42908],[-66.52702,18.42787],[-66.52658,18.42656],[-66.52953,18.4247],[-66.53313,18.424],[-66.53472,18.42197],[-66.54357,18.41877],[-66.54213,18.41634],[-66.54314,18.41355],[-66.54308,18.40542],[-66.53974,18.39888],[-66.53798,18.39781],[-66.53768,18.39498],[-66.53568,18.39391],[-66.53372,18.38741],[-66.53157,18.38669],[-66.53053,18.38501],[-66.53172,18.38337],[-66.53133,18.36814],[-66.53154,18.36467],[-66.53399,18.36098],[-66.53324,18.35668],[-66.53362,18.35133],[-66.52928,18.35026],[-66.5283,18.35056],[-66.5276,18.35288],[-66.52332,18.35492],[-66.519,18.35444],[-66.51874,18.357],[-66.51615,18.35905],[-66.51178,18.362],[-66.50831,18.36248],[-66.50666,18.36353],[-66.50063,18.36487],[-66.49926,18.36405],[-66.49481,18.36644],[-66.49068,18.36545],[-66.48343,18.36604],[-66.48626,18.37084],[-66.48677,18.37702],[-66.49147,18.37795],[-66.49455,18.38353],[-66.49532,18.38704],[-66.49315,18.39001],[-66.49116,18.39088],[-66.49193,18.39301],[-66.49398,18.39457],[-66.49396,18.39634],[-66.49636,18.39759],[-66.49512,18.39911],[-66.49411,18.40459],[-66.49447,18.40934],[-66.49177,18.41346],[-66.49023,18.42095],[-66.49206,18.4233],[-66.49661,18.42664],[-66.49552,18.42866],[-66.51519,18.42776],[-66.52634,18.42908]]]},"properties":{"TRACTCE":"570700","GEOID":"72091570700","NAME":"5707","NAMELSAD":"Census Tract 5707","COUNTYFP":"091"}},
{"type":"Feature","geometry":{"type":"Polygon","coordinates":[[[-66.40616,18.45003],[-66.40423,18.44611],[-66.40437,18.44311],[-66.39224,18.44526],[-66.39193,18.44661],[-66.38739,18.44637],[-66.38571,18.45185],[-66.38427,18.45163],[-66.38456,18.44971],[-66.38219,18.44922],[-66.38226,18.44805],[-66.38469,18.44836],[-66.38428,18.44694],[-66.3823,18.44744],[-66.38172,18.44605],[-66.37707,18.44582],[-66.37429,18.44568],[-66.37517,18.44985],[-66.37464,18.45184],[-66.37084,18.45388],[-66.36793,18.4575],[-66.36682,18.45753],[-66.36438,18.46056],[-66.36412,18.46332],[-66.3613,18.46718],[-66.35781,18.46921],[-66.35958,18.4755],[-66.36028,18.47518],[-66.36094,18.47641],[-66.36246,18.4761],[-66.36434,18.47792],[-66.36538,18.47731],[-66.36663,18.47781],[-66.36701,18.47623],[-66.36826,18.47691],[-66.36966,18.47616],[-66.37105,18.47764],[-66.37352,18.47689],[-66.37546,18.47905],[-66.3769,18.48284],[-66.37851,18.48406],[-66.38242,18.48244],[-66.38588,18.48291],[-66.38588,18.48095],[-66.38717,18.4796],[-66.38885,18.4787],[-66.39294,18.47852],[-66.39586,18.47565],[-66.40169,18.45163],[-66.4038,18.45178],[-66.40616,18.45003]]]},"properties":{"TRACTCE":"560300","GEOID":"72145560300","NAME":"5603","NAMELSAD":"Census Tract 5603","COUNTYFP":"145"}},
{"type":"Feature","geometry":{"type":"Polygon","coordinates":[[[-66.40437,18.44311],[-66.40692,18.44241],[-66.40817,18.44105],[-66.40632,18.4357],[-66.40665,18.43037],[-66.40794,18.42868],[-66.40028,18.42889],[-66.39204,18.4274],[-66.39132,18.43508],[-66.39029,18.43753],[-66.38614,18.43865],[-66.38377,18.44127],[-66.38796,18.44247],[-66.38821,18.44408],[-66.39196,18.44441],[-66.39224,18.44526],[-66.40437,18.44311]]]},"properties":{"TRACTCE":"560701","GEOID":"72145560701","NAME":"5607.01","NAMELSAD":"Census Tract 5607.01","COUNTYFP":"145"}},
{"type":"Feature","geometry":{"type":"Polygon","coordinates":[[[-66.40794,18.42868],[-66.41177,18.42534],[-66.41869,18.41447],[-66.41982,18.411],[-66.41707,18.40569],[-66.41505,18.40439],[-66.41548,18.40236],[-66.41434,18.4021],[-66.41558,18.39866],[-66.41432,18.3973],[-66.41313,18.39845],[-66.41091,18.39788],[-66.40725,18.39958],[-66.40502,18.39861],[-66.40251,18.39878],[-66.39942,18.40555],[-66.39399,18.41116],[-66.38354,18.41453],[-66.3788,18.4129],[-66.37476,18.41616],[-66.37484,18.42367],[-66.37955,18.42645],[-66.37898,18.42734],[-66.37966,18.42812],[-66.38227,18.42767],[-66.38317,18.42893],[-66.38158,18.43434],[-66.3823,18.43924],[-66.38132,18.44147],[-66.38162,18.44318],[-66.38364,18.44301],[-66.38377,18.44127],[-66.38614,18.43865],[-66.39029,18.43753],[-66.39132,18.43508],[-66.39204,18.4274],[-66.40028,18.42889],[-66.40794,18.42868]]]},"properties":{"TRACTCE":"560702","GEOID":"72145560702","NAME":"5607.02","NAMELSAD":"Census Tract 5607.02","COUNTYFP":"145"}},
{"type":"Feature","geometry":{"type":"Polygon","coordinates":[[[-66.37855,18.49486],[-66.3783,18.48918],[-66.37913,18.48622],[-66.37707,18.48582],[-66.37851,18.48406],[-66.3769,18.48284],[-66.37546,18.47905],[-66.37352,18.47689],[-66.37105,18.47764],[-66.36966,18.47616],[-66.36826,18.47691],[-66.36701,18.47623],[-66.36663,18.47781],[-66.36538,18.47731],[-66.36434,18.47792],[-66.36246,18.4761],[-66.36094,18.47641],[-66.36028,18.47518],[-66.35958,18.4755],[-66.35781,18.46921],[-66.3613,18.46718],[-66.36412,18.46332],[-66.36438,18.46056],[-66.36682,18.45753],[-66.36793,18.4575],[-66.37084,18.45388],[-66.37464,18.45184],[-66.37517,18.44985],[-66.37429,18.44568],[-66.36879,18.4436],[-66.36721,18.441],[-66.3649,18.44073],[-66.36202,18.43598],[-66.36276,18.43303],[-66.3622,18.43176],[-66.36051,18.43105],[-66.36042,18.42949],[-66.35881,18.42975],[-66.35833,18.4288],[-66.35737,18.43021],[-66.35546,18.43016],[-66.35564,18.4294],[-66.35466,18.42891],[-66.35407,18.43079],[-66.35318,18.43047],[-66.35064,18.44282],[-66.34834,18.44771],[-66.34845,18.45144],[-66.34892,18.4607],[-66.34969,18.48804],[-66.34974,18.48935],[-66.35768,18.48964],[-66.36611,18.49159],[-66.37181,18.4944],[-66.37855,18.49486]]]},"properties":{"TRACTCE":"560100","GEOID":"72145560100","NAME":"5601","NAMELSAD":"Census Tract 5601","COUNTYFP":"145"}},
{"type":"Feature","geometry":{"type":"Polygon","coordinates":[[[-66.39224,18.44526],[-66.39196,18.44441],[-66.38821,18.44408],[-66.38796,18.44247],[-66.38377,18.44127],[-66.38364,18.44301],[-66.38162,18.44318],[-66.37707,18.44582],[-66.38172,18.44605],[-66.3823,18.44744],[-66.38428,18.44694],[-66.38469,18.44836],[-66.38226,18.44805],[-66.38219,18.44922],[-66.38456,18.44971],[-66.38427,18.45163],[-66.38571,18.45185],[-66.38739,18.44637],[-66.39193,18.44661],[-66.39224,18.44526]]]},"properties":{"TRACTCE":"560500","GEOID":"72145560500","NAME":"5605","NAMELSAD":"Census Tract 5605","COUNTYFP":"145"}},
{"type":"Feature","geometry":{"type":"Polygon","coordinates":[[[-66.41556,18.49865],[-66.41802,18.48612],[-66.42039,18.48372],[-66.42015,18.48143],[-66.41848,18.48123],[-66.41847,18.47759],[-66.4097,18.47784],[-66.40955,18.4801],[-66.40517,18.48112],[-66.39978,18.48086],[-66.39937,18.49056],[-66.39679,18.4927],[-66.39829,18.49371],[-66.39562,18.49343],[-66.39497,18.49869],[-66.41556,18.49865]]]},"properties":{"TRACTCE":"560201","GEOID":"72145560201","NAME":"5602.01","NAMELSAD":"Census Tract 5602.01","COUNTYFP":"145"}},
{"type":"Feature","geometry":{"type":"Polygon","coordinates":[[[-66.3788,18.4129],[-66.37979,18.40962],[-66.38408,18.40391],[-66.38284,18.40328],[-66.38302,18.40015],[-66.38199,18.39886],[-66.37776,18.3981],[-66.37641,18.39555],[-66.36753,18.39258],[-66.36428,18.38982],[-66.36019,18.40697],[-66.3589,18.42103],[-66.3543,18.42555],[-66.35096,18.42641],[-66.34769,18.4294],[-66.34808,18.43022],[-66.34937,18.42914],[-66.35078,18.43087],[-66.35144,18.42982],[-66.35318,18.43047],[-66.35407,18.43079],[-66.35466,18.42891],[-66.35564,18.4294],[-66.35546,18.43016],[-66.35737,18.43021],[-66.35833,18.4288],[-66.35881,18.42975],[-66.36042,18.42949],[-66.36051,18.43105],[-66.3622,18.43176],[-66.36276,18.43303],[-66.36202,18.43598],[-66.3649,18.44073],[-66.36721,18.441],[-66.36879,18.4436],[-66.37429,18.44568],[-66.37707,18.44582],[-66.38162,18.44318],[-66.38132,18.44147],[-66.3823,18.43924],[-66.38158,18.43434],[-66.38317,18.42893],[-66.38227,18.42767],[-66.37966,18.42812],[-66.37898,18.42734],[-66.37955,18.42645],[-66.37484,18.42367],[-66.37476,18.41616],[-66.3788,18.4129]]]},"properties":{"TRACTCE":"560600","GEOID":"72145560600","NAME":"5606","NAMELSAD":"Census Tract 5606","COUNTYFP":"145"}},
{"type":"Feature","geometry":{"type":"Polygon","coordinates":[[[-66.44198,18.40214],[-66.44899,18.38911],[-66.44899,18.38721],[-66.44539,18.38075],[-66.44557,18.3756],[-66.4438,18.37103],[-66.44047,18.37222],[-66.43631,18.37094],[-66.42842,18.37066],[-66.42823,18.37068],[-66.42527,18.37498],[-66.42186,18.37781],[-66.41788,18.37791],[-66.41716,18.37748],[-66.41711,18.37436],[-66.4159,18.37301],[-66.40465,18.36529],[-66.401,18.36371],[-66.40163,18.36532],[-66.40082,18.36799],[-66.3968,18.36997],[-66.39679,18.37154],[-66.39558,18.37189],[-66.39271,18.3661],[-66.39119,18.36643],[-66.39119,18.36476],[-66.38873,18.36255],[-66.39038,18.36093],[-66.39036,18.35914],[-66.38945,18.35797],[-66.38826,18.35161],[-66.38625,18.34936],[-66.3869,18.34738],[-66.38592,18.34473],[-66.38409,18.34449],[-66.38159,18.34248],[-66.37706,18.34425],[-66.37813,18.34755],[-66.37636,18.34994],[-66.37606,18.35494],[-66.37308,18.35792],[-66.37268,18.36056],[-66.37402,18.36381],[-66.37238,18.36774],[-66.37324,18.37194],[-66.37208,18.37301],[-66.36978,18.38169],[-66.36636,18.38515],[-66.36428,18.38982],[-66.36753,18.39258],[-66.37641,18.39555],[-66.37776,18.3981],[-66.38199,18.39886],[-66.38302,18.40015],[-66.38284,18.40328],[-66.38408,18.40391],[-66.37979,18.40962],[-66.3788,18.4129],[-66.38354,18.41453],[-66.39399,18.41116],[-66.39942,18.40555],[-66.40251,18.39878],[-66.40502,18.39861],[-66.40725,18.39958],[-66.41091,18.39788],[-66.41313,18.39845],[-66.41432,18.3973],[-66.41558,18.39866],[-66.41434,18.4021],[-66.41548,18.40236],[-66.4202,18.40103],[-66.42129,18.39705],[-66.43655,18.39913],[-66.44198,18.40214]]]},"properties":{"TRACTCE":"560900","GEOID":"72145560900","NAME":"5609","NAMELSAD":"Census Tract 5609","COUNTYFP":"145"}},
{"type":"Feature","geometry":{"type":"Polygon","coordinates":[[[-66.43959,18.45867],[-66.43977,18.44749],[-66.43904,18.44748],[-66.43875,18.44129],[-66.44018,18.43924],[-66.41175,18.44404],[-66.40423,18.44611],[-66.40616,18.45003],[-66.40725,18.45099],[-66.40803,18.45503],[-66.41095,18.45473],[-66.41195,18.45351],[-66.41198,18.44977],[-66.41757,18.44762],[-66.42122,18.44455],[-66.4292,18.45422],[-66.43767,18.4549],[-66.43721,18.45866],[-66.43959,18.45867]]]},"properties":{"TRACTCE":"560402","GEOID":"72145560402","NAME":"5604.02","NAMELSAD":"Census Tract 5604.02","COUNTYFP":"145"}},
{"type":"Feature","geometry":{"type":"Polygon","coordinates":[[[-66.01355,18.42719],[-66.0142,18.42527],[-66.01367,18.42247],[-66.01037,18.4238],[-65.98928,18.42776],[-65.99088,18.42931],[-65.99873,18.43149],[-65.998,18.43114],[-65.99961,18.43134],[-65.99972,18.42932],[-66.00223,18.42879],[-66.00226,18.4273],[-66.01355,18.42719]]]},"properties":{"TRACTCE":"050105","GEOID":"72031050105","NAME":"501.05","NAMELSAD":"Census Tract 501.05","COUNTYFP":"031"}},
{"type":"Feature","geometry":{"type":"Polygon","coordinates":[[[-65.97673,18.44233],[-65.97659,18.44141],[-65.97756,18.44184],[-65.97835,18.4411],[-65.97894,18.43816],[-65.97616,18.43844],[-65.97544,18.43309],[-65.97588,18.43202],[-65.97742,18.43237],[-65.9794,18.43095],[-65.97862,18.4272],[-65.97589,18.4274],[-65.96755,18.42533],[-65.9672,18.43238],[-65.9709,18.44037],[-65.97414,18.4407],[-65.97673,18.44233]]]},"properties":{"TRACTCE":"050211","GEOID":"72031050211","NAME":"502.11","NAMELSAD":"Census Tract 502.11","COUNTYFP":"031"}},
{"type":"Feature","geometry":{"type":"Polygon","coordinates":[[[-67.1999,18.3957],[-67.19865,18.39102],[-67.19597,18.39154],[-67.19506,18.38639],[-67.1922,18.38259],[-67.19016,18.38066],[-67.18395,18.37797],[-67.17962,18.37743],[-67.17689,18.37915],[-67.17763,18.38173],[-67.17572,18.38562],[-67.1681,18.38899],[-67.16526,18.39113],[-67.16756,18.3932],[-67.16667,18.39624],[-67.17154,18.39784],[-67.17088,18.40278],[-67.18165,18.4079],[-67.19195,18.40253],[-67.1999,18.3957]]]},"properties":{"TRACTCE":"430200","GEOID":"72003430200","NAME":"4302","NAMELSAD":"Census Tract 4302","COUNTYFP":"003"}},
{"type":"Feature","geometry":{"type":"Polygon","coordinates":[[[-66.21925,18.40387],[-66.22162,18.39868],[-66.22106,18.39721],[-66.21293,18.39452],[-66.19698,18.38929],[-66.19851,18.39021],[-66.20101,18.39436],[-66.20261,18.3952],[-66.2016,18.39661],[-66.20372,18.39732],[-66.20361,18.40048],[-66.20613,18.40024],[-66.20769,18.40426],[-66.21419,18.40316],[-66.21925,18.40387]]]},"properties":{"TRACTCE":"122001","GEOID":"72137122001","NAME":"1220.01","NAMELSAD":"Census Tract 1220.01","COUNTYFP":"137"}},
{"type":"Feature","geometry":{"type":"Polygon","coordinates":[[[-66.03535,18.36968],[-66.03556,18.36846],[-66.03212,18.36539],[-66.03129,18.36277],[-66.02944,18.36172],[-66.0276,18.36288],[-66.0225,18.36343],[-66.02435,18.36812],[-66.02522,18.37011],[-66.03467,18.36979],[-66.03535,18.36968]]]},"properties":{"TRACTCE":"060222","GEOID":"72139060222","NAME":"602.22","NAMELSAD":"Census Tract 602.22","COUNTYFP":"139"}},
{"type":"Feature","geometry":{"type":"Polygon","coordinates":[[[-65.98913,18.33782],[-65.99013,18.33706],[-65.98825,18.33503],[-65.99164,18.33221],[-65.99425,18.33196],[-65.99525,18.33041],[-65.99481,18.32926],[-65.99633,18.32969],[-65.99601,18.32802],[-65.998,18.32697],[-65.99793,18.32612],[-66.00034,18.32662],[-66.00077,18.32541],[-66.00219,18.32592],[-66.00393,18.32487],[-66.00255,18.32402],[-66.00347,18.32275],[-66.00263,18.32026],[-66.00361,18.31952],[-66.00275,18.31876],[-66.00316,18.31528],[-66.00212,18.31491],[-66.00286,18.31204],[-66.0012,18.30932],[-66.00271,18.30853],[-66.00276,18.30755],[-65.99717,18.30609],[-65.99523,18.30664],[-65.99177,18.30949],[-65.98606,18.31118],[-65.96815,18.31015],[-65.96824,18.3121],[-65.96968,18.31225],[-65.96908,18.31378],[-65.97048,18.31546],[-65.97233,18.31542],[-65.97257,18.31671],[-65.97373,18.31728],[-65.97263,18.32047],[-65.97474,18.32079],[-65.97431,18.32262],[-65.97816,18.32471],[-65.97958,18.32721],[-65.9825,18.32818],[-65.98282,18.32959],[-65.9839,18.32996],[-65.98344,18.33127],[-65.98597,18.33304],[-65.98565,18.33454],[-65.98657,18.33608],[-65.98913,18.33782]]]},"properties":{"TRACTCE":"060501","GEOID":"72139060501","NAME":"605.01","NAMELSAD":"Census Tract 605.01","COUNTYFP":"139"}},
{"type":"Feature","geometry":{"type":"Polygon","coordinates":[[[-65.98657,18.33608],[-65.98565,18.33454],[-65.98597,18.33304],[-65.98344,18.33127],[-65.9839,18.32996],[-65.98282,18.32959],[-65.9825,18.32818],[-65.97958,18.32721],[-65.97816,18.32471],[-65.97431,18.32262],[-65.97474,18.32079],[-65.97263,18.32047],[-65.97373,18.31728],[-65.97257,18.31671],[-65.97233,18.31542],[-65.97048,18.31546],[-65.96908,18.31378],[-65.96968,18.31225],[-65.96824,18.3121],[-65.96815,18.31015],[-65.96766,18.30966],[-65.96866,18.30725],[-65.96736,18.30697],[-65.96756,18.30568],[-65.96624,18.3054],[-65.96283,18.2997],[-65.96076,18.30003],[-65.95897,18.29763],[-65.95411,18.29456],[-65.95026,18.29551],[-65.94837,18.2943],[-65.94243,18.29347],[-65.94304,18.29452],[-65.94226,18.29693],[-65.9436,18.29907],[-65.94012,18.30026],[-65.941,18.30191],[-65.94035,18.30327],[-65.94206,18.30418],[-65.93896,18.3093],[-65.94206,18.3122],[-65.94497,18.31132],[-65.94798,18.31171],[-65.95048,18.31556],[-65.95272,18.31623],[-65.95432,18.31784],[-65.9566,18.31831],[-65.95885,18.32267],[-65.96187,18.3231],[-65.96335,18.32562],[-65.96242,18.32863],[-65.96706,18.3299],[-65.9687,18.33141],[-65.97191,18.33216],[-65.97335,18.33369],[-65.98095,18.33669],[-65.98657,18.33608]]]},"properties":{"TRACTCE":"060502","GEOID":"72139060502","NAME":"605.02","NAMELSAD":"Census Tract 605.02","COUNTYFP":"139"}},
{"type":"Feature","geometry":{"type":"Polygon","coordinates":[[[-67.21459,18.38892],[-67.21328,18.38364],[-67.20658,18.38229],[-67.1997,18.38291],[-67.20003,18.38038],[-67.19277,18.37849],[-67.18619,18.37721],[-67.18395,18.37797],[-67.19016,18.38066],[-67.1922,18.38259],[-67.19506,18.38639],[-67.19597,18.39154],[-67.19865,18.39102],[-67.1999,18.3957],[-67.21131,18.38948],[-67.21459,18.38892]]]},"properties":{"TRACTCE":"430300","GEOID":"72003430300","NAME":"4303","NAMELSAD":"Census Tract 4303","COUNTYFP":"003"}},
{"type":"Feature","geometry":{"type":"Polygon","coordinates":[[[-67.16355,18.41748],[-67.1679,18.4143],[-67.18165,18.4079],[-67.17088,18.40278],[-67.17154,18.39784],[-67.16667,18.39624],[-67.16756,18.3932],[-67.16526,18.39113],[-67.1681,18.38899],[-67.17572,18.38562],[-67.17763,18.38173],[-67.17689,18.37915],[-67.17962,18.37743],[-67.17734,18.37632],[-67.17362,18.37391],[-67.1682,18.37369],[-67.16693,18.37204],[-67.16048,18.36854],[-67.15739,18.36798],[-67.15451,18.36975],[-67.15124,18.37019],[-67.14761,18.36984],[-67.14732,18.37275],[-67.14579,18.3723],[-67.14375,18.36967],[-67.14051,18.36848],[-67.13972,18.3689],[-67.13858,18.36767],[-67.13378,18.36949],[-67.12925,18.36629],[-67.128,18.3662],[-67.12643,18.3712],[-67.13069,18.373],[-67.13082,18.37549],[-67.12937,18.37806],[-67.13029,18.38107],[-67.13167,18.38253],[-67.13157,18.38372],[-67.13217,18.38779],[-67.13221,18.38939],[-67.13376,18.38812],[-67.13314,18.38712],[-67.13558,18.38593],[-67.13851,18.38688],[-67.14126,18.38914],[-67.14075,18.39193],[-67.14275,18.39085],[-67.14417,18.3915],[-67.14493,18.39308],[-67.14634,18.39176],[-67.14804,18.39388],[-67.15012,18.3922],[-67.15381,18.395],[-67.15626,18.39354],[-67.15632,18.3957],[-67.15466,18.39716],[-67.15564,18.39847],[-67.15358,18.39936],[-67.15508,18.39957],[-67.15589,18.40201],[-67.1576,18.40329],[-67.15712,18.40763],[-67.15933,18.40808],[-67.15868,18.40987],[-67.15702,18.40985],[-67.15693,18.41095],[-67.15777,18.41068],[-67.15636,18.41249],[-67.15946,18.41034],[-67.16217,18.40989],[-67.16064,18.41277],[-67.15845,18.41415],[-67.1619,18.41655],[-67.16355,18.41748]]]},"properties":{"TRACTCE":"430100","GEOID":"72003430100","NAME":"4301","NAMELSAD":"Census Tract 4301","COUNTYFP":"003"}},
{"type":"Feature","geometry":{"type":"Polygon","coordinates":[[[-66.09527,18.38675],[-66.09546,18.38235],[-66.0935,18.38051],[-66.09461,18.37705],[-66.09108,18.37529],[-66.09033,18.37473],[-66.08773,18.37358],[-66.08696,18.37648],[-66.09115,18.37799],[-66.08709,18.38274],[-66.09145,18.38284],[-66.09145,18.38469],[-66.09263,18.38485],[-66.09225,18.38894],[-66.09319,18.38947],[-66.09478,18.39021],[-66.09527,18.38675]]]},"properties":{"TRACTCE":"008100","GEOID":"72127008100","NAME":"81","NAMELSAD":"Census Tract 81","COUNTYFP":"127"}},
{"type":"Feature","geometry":{"type":"Polygon","coordinates":[[[-67.11742,18.48243],[-67.11782,18.47836],[-67.11003,18.47976],[-67.10737,18.48459],[-67.10189,18.48753],[-67.09068,18.48942],[-67.08453,18.49529],[-67.08494,18.49751],[-67.08532,18.49902],[-67.08738,18.49951],[-67.08932,18.50332],[-67.09185,18.50355],[-67.0961,18.50651],[-67.09585,18.51032],[-67.0975,18.51217],[-67.10293,18.51299],[-67.10363,18.51672],[-67.1124,18.5164],[-67.11239,18.50797],[-67.11126,18.50244],[-67.11381,18.50236],[-67.11359,18.50082],[-67.11527,18.50072],[-67.11593,18.49457],[-67.11725,18.49373],[-67.11655,18.48958],[-67.11741,18.48659],[-67.11648,18.48606],[-67.11742,18.48243]]]},"properties":{"TRACTCE":"400100","GEOID":"72005400100","NAME":"4001","NAMELSAD":"Census Tract 4001","COUNTYFP":"005"}},
{"type":"Feature","geometry":{"type":"Polygon","coordinates":[[[-67.14742,18.5057],[-67.14778,18.48558],[-67.14876,18.4825],[-67.12971,18.48125],[-67.11742,18.48243],[-67.11648,18.48606],[-67.11741,18.48659],[-67.11655,18.48958],[-67.11725,18.49373],[-67.11593,18.49457],[-67.11527,18.50072],[-67.11359,18.50082],[-67.11381,18.50236],[-67.11126,18.50244],[-67.11239,18.50797],[-67.1124,18.5164],[-67.11477,18.51684],[-67.11855,18.51585],[-67.12462,18.51575],[-67.12462,18.51456],[-67.12775,18.51425],[-67.13401,18.51116],[-67.13945,18.51069],[-67.14742,18.5057]]]},"properties":{"TRACTCE":"400300","GEOID":"72005400300","NAME":"4003","NAMELSAD":"Census Tract 4003","COUNTYFP":"005"}},
{"type":"Feature","geometry":{"type":"Polygon","coordinates":[[[-67.10497,18.56656],[-67.13916,18.55895],[-67.16047,18.55254],[-67.1686,18.54847],[-67.17551,18.54371],[-67.20002,18.52328],[-67.20574,18.51713],[-67.20982,18.51104],[-67.21649,18.498],[-67.22163,18.498],[-67.22272,18.48982],[-67.22134,18.47616],[-67.21713,18.46141],[-67.21291,18.45126],[-67.20794,18.44228],[-67.16355,18.41748],[-67.1619,18.41655],[-67.1588,18.42281],[-67.15873,18.4312],[-67.15947,18.43747],[-67.16162,18.44291],[-67.16601,18.45556],[-67.17005,18.46097],[-67.17184,18.46516],[-67.17325,18.4768],[-67.17145,18.48368],[-67.16753,18.49091],[-67.1651,18.49281],[-67.15776,18.49496],[-67.15144,18.50253],[-67.14742,18.5057],[-67.13945,18.51069],[-67.13401,18.51116],[-67.12775,18.51425],[-67.12462,18.51456],[-67.12462,18.51575],[-67.11855,18.51585],[-67.11477,18.51684],[-67.1124,18.5164],[-67.10363,18.51672],[-67.10366,18.51715],[-67.10497,18.56656]]]},"properties":{"TRACTCE":"990000","GEOID":"72005990000","NAME":"9900","NAMELSAD":"Census Tract 9900","COUNTYFP":"005"}},
{"type":"Feature","geometry":{"type":"Polygon","coordinates":[[[-66.06289,18.40158],[-66.06496,18.39548],[-66.06469,18.39354],[-66.06564,18.3929],[-66.06497,18.39142],[-66.06148,18.39142],[-66.05859,18.39308],[-66.05747,18.39231],[-66.05795,18.3908],[-66.06051,18.38913],[-66.05833,18.38802],[-66.05849,18.38705],[-66.05983,18.38686],[-66.05877,18.38585],[-66.0566,18.38376],[-66.05348,18.3829],[-66.05253,18.3806],[-66.05123,18.38139],[-66.05224,18.38291],[-66.05202,18.38419],[-66.05359,18.3899],[-66.05601,18.39242],[-66.05541,18.39468],[-66.05594,18.39439],[-66.05737,18.39736],[-66.06095,18.39925],[-66.06289,18.40158]]]},"properties":{"TRACTCE":"980000","GEOID":"72127980000","NAME":"9800","NAMELSAD":"Census Tract 9800","COUNTYFP":"127"}},
{"type":"Feature","geometry":{"type":"Polygon","coordinates":[[[-65.81235,18.35924],[-65.81579,18.3563],[-65.81755,18.35754],[-65.81913,18.35362],[-65.82193,18.35417],[-65.8223,18.35245],[-65.82433,18.35251],[-65.82425,18.34854],[-65.8233,18.3465],[-65.8253,18.34623],[-65.82473,18.34444],[-65.82586,18.34341],[-65.82578,18.34085],[-65.82889,18.34103],[-65.82921,18.33977],[-65.82801,18.33733],[-65.82531,18.33475],[-65.82725,18.33175],[-65.82303,18.32811],[-65.82522,18.32045],[-65.82222,18.31253],[-65.82248,18.31065],[-65.82099,18.30923],[-65.82207,18.30781],[-65.82193,18.30614],[-65.8195,18.30382],[-65.81458,18.30204],[-65.8133,18.30235],[-65.81175,18.30001],[-65.81098,18.30106],[-65.8081,18.29997],[-65.80654,18.29783],[-65.80306,18.29664],[-65.80317,18.29513],[-65.80201,18.2937],[-65.79922,18.2929],[-65.7992,18.28992],[-65.80048,18.28989],[-65.79934,18.28891],[-65.79846,18.28975],[-65.79672,18.28893],[-65.79554,18.28951],[-65.79414,18.29204],[-65.79433,18.29477],[-65.79275,18.29649],[-65.78886,18.2945],[-65.78486,18.294],[-65.77979,18.28676],[-65.77423,18.2817],[-65.76683,18.28],[-65.76236,18.28864],[-65.75886,18.2906],[-65.75808,18.2977],[-65.76129,18.3025],[-65.76249,18.30609],[-65.76131,18.30964],[-65.75995,18.31106],[-65.75943,18.31539],[-65.75794,18.31695],[-65.75795,18.3185],[-65.75196,18.32059],[-65.75154,18.32284],[-65.74943,18.32326],[-65.74858,18.32552],[-65.74872,18.32668],[-65.75536,18.32838],[-65.75639,18.32938],[-65.7563,18.33387],[-65.75406,18.33504],[-65.75458,18.33888],[-65.75377,18.34206],[-65.75634,18.3432],[-65.75692,18.34639],[-65.76239,18.35071],[-65.76466,18.3544],[-65.76865,18.35641],[-65.76886,18.36114],[-65.77051,18.36593],[-65.76745,18.36721],[-65.76639,18.36957],[-65.76421,18.37092],[-65.76351,18.37237],[-65.77017,18.37017],[-65.77002,18.36918],[-65.77499,18.36718],[-65.77944,18.36862],[-65.78149,18.36826],[-65.78439,18.3631],[-65.78745,18.36094],[-65.78743,18.36011],[-65.78551,18.35932],[-65.78587,18.35815],[-65.79446,18.35516],[-65.79852,18.35282],[-65.79957,18.35343],[-65.79973,18.35681],[-65.80467,18.35983],[-65.80559,18.36003],[-65.80856,18.35791],[-65.81235,18.35924]]]},"properties":{"TRACTCE":"130602","GEOID":"72119130602","NAME":"1306.02","NAMELSAD":"Census Tract 1306.02","COUNTYFP":"119"}},
{"type":"Feature","geometry":{"type":"Polygon","coordinates":[[[-65.80341,18.41283],[-65.80348,18.41071],[-65.80792,18.40445],[-65.8138,18.40285],[-65.81073,18.39744],[-65.81046,18.39515],[-65.81333,18.39118],[-65.81657,18.39142],[-65.81678,18.38742],[-65.82048,18.38523],[-65.82146,18.38243],[-65.82406,18.3797],[-65.82369,18.37652],[-65.81961,18.3747],[-65.81247,18.37435],[-65.79327,18.37834],[-65.79313,18.38046],[-65.7942,18.38108],[-65.79373,18.37897],[-65.79604,18.37865],[-65.79761,18.381],[-65.79529,18.3816],[-65.79502,18.38353],[-65.79619,18.38415],[-65.79524,18.3856],[-65.79218,18.38354],[-65.7923,18.38182],[-65.79179,18.38152],[-65.79137,18.38271],[-65.78979,18.38235],[-65.78745,18.38012],[-65.78425,18.38349],[-65.77981,18.38213],[-65.78114,18.38581],[-65.77956,18.38707],[-65.78198,18.38868],[-65.78289,18.39075],[-65.78193,18.3914],[-65.77669,18.38925],[-65.77356,18.3849],[-65.77122,18.38385],[-65.76958,18.38387],[-65.76883,18.38469],[-65.76718,18.38379],[-65.76733,18.38706],[-65.76414,18.39364],[-65.75882,18.39908],[-65.761,18.40225],[-65.76359,18.40134],[-65.7686,18.40402],[-65.76866,18.40571],[-65.76617,18.41032],[-65.76671,18.41416],[-65.76929,18.41851],[-65.77439,18.41752],[-65.77655,18.41465],[-65.78654,18.41898],[-65.78651,18.42232],[-65.79039,18.42542],[-65.79327,18.42428],[-65.80341,18.41283]]]},"properties":{"TRACTCE":"130102","GEOID":"72119130102","NAME":"1301.02","NAMELSAD":"Census Tract 1301.02","COUNTYFP":"119"}},
{"type":"Feature","geometry":{"type":"Polygon","coordinates":[[[-65.86271,18.35575],[-65.86216,18.35097],[-65.86489,18.34946],[-65.8646,18.34856],[-65.85217,18.34793],[-65.85261,18.35433],[-65.85043,18.3569],[-65.85099,18.35837],[-65.84962,18.36016],[-65.85022,18.36237],[-65.84901,18.36318],[-65.85247,18.36503],[-65.85334,18.3695],[-65.85125,18.37102],[-65.85188,18.3723],[-65.85145,18.37301],[-65.8524,18.37359],[-65.85136,18.37448],[-65.85202,18.3757],[-65.85166,18.37851],[-65.85014,18.38017],[-65.84385,18.38477],[-65.84851,18.38636],[-65.84808,18.39599],[-65.84547,18.40333],[-65.8524,18.40078],[-65.85474,18.39775],[-65.85657,18.38994],[-65.85998,18.38326],[-65.85964,18.38195],[-65.85789,18.37584],[-65.85958,18.37443],[-65.85877,18.37373],[-65.8593,18.37217],[-65.85859,18.37187],[-65.85822,18.3687],[-65.85718,18.3691],[-65.8572,18.36666],[-65.86109,18.36162],[-65.86266,18.36137],[-65.86298,18.35857],[-65.86397,18.35824],[-65.86271,18.35575]]]},"properties":{"TRACTCE":"130402","GEOID":"72119130402","NAME":"1304.02","NAMELSAD":"Census Tract 1304.02","COUNTYFP":"119"}},
{"type":"Feature","geometry":{"type":"Polygon","coordinates":[[[-65.75882,18.39908],[-65.76414,18.39364],[-65.76733,18.38706],[-65.76718,18.38379],[-65.76883,18.38469],[-65.76958,18.38387],[-65.77122,18.38385],[-65.77356,18.3849],[-65.77669,18.38925],[-65.78193,18.3914],[-65.78289,18.39075],[-65.78198,18.38868],[-65.77956,18.38707],[-65.78114,18.38581],[-65.77981,18.38213],[-65.78425,18.38349],[-65.78745,18.38012],[-65.78979,18.38235],[-65.79137,18.38271],[-65.79179,18.38152],[-65.7923,18.38182],[-65.79218,18.38354],[-65.79524,18.3856],[-65.79619,18.38415],[-65.79502,18.38353],[-65.79529,18.3816],[-65.79761,18.381],[-65.79604,18.37865],[-65.79373,18.37897],[-65.7942,18.38108],[-65.79313,18.38046],[-65.79327,18.37834],[-65.78823,18.37692],[-65.78029,18.37095],[-65.77869,18.36876],[-65.77944,18.36862],[-65.77499,18.36718],[-65.77002,18.36918],[-65.77017,18.37017],[-65.76351,18.37237],[-65.76125,18.37484],[-65.76064,18.37822],[-65.7535,18.38033],[-65.75198,18.38381],[-65.74961,18.38538],[-65.75184,18.39104],[-65.75551,18.39434],[-65.75882,18.39908]]]},"properties":{"TRACTCE":"130101","GEOID":"72119130101","NAME":"1301.01","NAMELSAD":"Census Tract 1301.01","COUNTYFP":"119"}},
{"type":"Feature","geometry":{"type":"Polygon","coordinates":[[[-65.86745,18.3782],[-65.86827,18.37621],[-65.87205,18.37496],[-65.87256,18.37543],[-65.87318,18.37467],[-65.87264,18.37415],[-65.87416,18.37306],[-65.87287,18.36947],[-65.87395,18.36751],[-65.87362,18.36583],[-65.87666,18.36314],[-65.87678,18.36162],[-65.87468,18.359],[-65.87587,18.35649],[-65.87253,18.35643],[-65.87238,18.35712],[-65.86932,18.35814],[-65.8695,18.35611],[-65.86271,18.35575],[-65.86397,18.35824],[-65.86298,18.35857],[-65.86266,18.36137],[-65.86109,18.36162],[-65.8572,18.36666],[-65.85718,18.3691],[-65.85822,18.3687],[-65.85859,18.37187],[-65.8593,18.37217],[-65.85877,18.37373],[-65.85958,18.37443],[-65.85789,18.37584],[-65.85964,18.38195],[-65.86358,18.38124],[-65.86586,18.3802],[-65.86745,18.3782]]]},"properties":{"TRACTCE":"130401","GEOID":"72119130401","NAME":"1304.01","NAMELSAD":"Census Tract 1304.01","COUNTYFP":"119"}},
{"type":"Feature","geometry":{"type":"Polygon","coordinates":[[[-65.80531,18.47825],[-65.82678,18.42782],[-65.82102,18.42422],[-65.82012,18.42529],[-65.8198,18.42061],[-65.81596,18.41296],[-65.80832,18.41216],[-65.80341,18.41283],[-65.79327,18.42428],[-65.79039,18.42542],[-65.78651,18.42232],[-65.78654,18.41898],[-65.77655,18.41465],[-65.77439,18.41752],[-65.76929,18.41851],[-65.76671,18.41416],[-65.76617,18.41032],[-65.76866,18.40571],[-65.7686,18.40402],[-65.76359,18.40134],[-65.761,18.40225],[-65.75882,18.39908],[-65.75551,18.39434],[-65.75184,18.39104],[-65.74961,18.38538],[-65.74858,18.38707],[-65.71382,18.44402],[-65.71581,18.44722],[-65.72366,18.45445],[-65.7327,18.45957],[-65.74331,18.4638],[-65.74961,18.4647],[-65.74961,18.46951],[-65.75358,18.472],[-65.77732,18.4766],[-65.80531,18.47825]]]},"properties":{"TRACTCE":"992700","GEOID":"72119992700","NAME":"9927","NAMELSAD":"Census Tract 9927","COUNTYFP":"119"}},
{"type":"Feature","geometry":{"type":"Polygon","coordinates":[[[-66.06667,18.37191],[-66.06686,18.36964],[-66.06508,18.36925],[-66.06338,18.36706],[-66.06034,18.36883],[-66.0588,18.37042],[-66.0591,18.37618],[-66.06062,18.3759],[-66.0626,18.37808],[-66.06341,18.37794],[-66.06434,18.37801],[-66.06578,18.37603],[-66.06667,18.37191]]]},"properties":{"TRACTCE":"009603","GEOID":"72127009603","NAME":"96.03","NAMELSAD":"Census Tract 96.03","COUNTYFP":"127"}},
{"type":"Feature","geometry":{"type":"Polygon","coordinates":[[[-66.06994,18.37087],[-66.07008,18.35881],[-66.06537,18.35951],[-66.06589,18.36067],[-66.06338,18.36706],[-66.06508,18.36925],[-66.06686,18.36964],[-66.06667,18.37191],[-66.06994,18.37087]]]},"properties":{"TRACTCE":"009614","GEOID":"72127009614","NAME":"96.14","NAMELSAD":"Census Tract 96.14","COUNTYFP":"127"}},
{"type":"Feature","geometry":{"type":"Polygon","coordinates":[[[-66.08034,18.36694],[-66.08187,18.36436],[-66.08037,18.36262],[-66.08016,18.35642],[-66.07746,18.35816],[-66.07008,18.35881],[-66.06994,18.37087],[-66.07716,18.36743],[-66.08034,18.36694]]]},"properties":{"TRACTCE":"009624","GEOID":"72127009624","NAME":"96.24","NAMELSAD":"Census Tract 96.24","COUNTYFP":"127"}},
{"type":"Feature","geometry":{"type":"Polygon","coordinates":[[[-66.03978,18.4059],[-66.04015,18.40407],[-66.03737,18.40073],[-66.03353,18.4008],[-66.03361,18.3979],[-66.03145,18.39766],[-66.03051,18.39757],[-66.03039,18.39956],[-66.0313,18.39968],[-66.03104,18.40454],[-66.03056,18.40893],[-66.03624,18.40838],[-66.03637,18.40221],[-66.03978,18.4059]]]},"properties":{"TRACTCE":"005601","GEOID":"72127005601","NAME":"56.01","NAMELSAD":"Census Tract 56.01","COUNTYFP":"127"}},
{"type":"Feature","geometry":{"type":"Polygon","coordinates":[[[-66.03145,18.39766],[-66.0313,18.39499],[-66.03113,18.39177],[-66.02641,18.39231],[-66.02563,18.39342],[-66.02638,18.39596],[-66.02768,18.40463],[-66.03104,18.40454],[-66.0313,18.39968],[-66.03039,18.39956],[-66.03051,18.39757],[-66.03145,18.39766]]]},"properties":{"TRACTCE":"005602","GEOID":"72127005602","NAME":"56.02","NAMELSAD":"Census Tract 56.02","COUNTYFP":"127"}},
{"type":"Feature","geometry":{"type":"Polygon","coordinates":[[[-66.05266,18.40788],[-66.05205,18.40294],[-66.05217,18.40148],[-66.04193,18.4013],[-66.04107,18.40499],[-66.03994,18.4065],[-66.03978,18.4059],[-66.03637,18.40221],[-66.03624,18.40838],[-66.03901,18.40829],[-66.03969,18.41027],[-66.03811,18.41188],[-66.03934,18.41271],[-66.03873,18.41548],[-66.04018,18.41557],[-66.04036,18.41639],[-66.04314,18.41624],[-66.04345,18.41148],[-66.04394,18.4082],[-66.05266,18.40788]]]},"properties":{"TRACTCE":"005800","GEOID":"72127005800","NAME":"58","NAMELSAD":"Census Tract 58","COUNTYFP":"127"}},
{"type":"Feature","geometry":{"type":"Polygon","coordinates":[[[-66.04036,18.41639],[-66.04018,18.41557],[-66.03873,18.41548],[-66.03934,18.41271],[-66.03811,18.41188],[-66.03688,18.41409],[-66.03639,18.41575],[-66.03712,18.41993],[-66.03949,18.41743],[-66.03997,18.41777],[-66.04036,18.41639]]]},"properties":{"TRACTCE":"005900","GEOID":"72127005900","NAME":"59","NAMELSAD":"Census Tract 59","COUNTYFP":"127"}},
{"type":"Feature","geometry":{"type":"Polygon","coordinates":[[[-66.04222,18.42367],[-66.04433,18.42251],[-66.04314,18.41624],[-66.04036,18.41639],[-66.03997,18.41777],[-66.03949,18.41743],[-66.03712,18.41993],[-66.03839,18.4213],[-66.03988,18.42023],[-66.04222,18.42367]]]},"properties":{"TRACTCE":"006000","GEOID":"72127006000","NAME":"60","NAMELSAD":"Census Tract 60","COUNTYFP":"127"}},
{"type":"Feature","geometry":{"type":"Polygon","coordinates":[[[-66.05536,18.41594],[-66.05266,18.40788],[-66.04394,18.4082],[-66.04345,18.41148],[-66.04914,18.4125],[-66.04893,18.41362],[-66.05066,18.41349],[-66.05066,18.41422],[-66.05175,18.41689],[-66.05536,18.41594]]]},"properties":{"TRACTCE":"006102","GEOID":"72127006102","NAME":"61.02","NAMELSAD":"Census Tract 61.02","COUNTYFP":"127"}},
{"type":"Feature","geometry":{"type":"Polygon","coordinates":[[[-66.05175,18.41689],[-66.05066,18.41422],[-66.05001,18.4143],[-66.04947,18.41731],[-66.0478,18.41699],[-66.04562,18.42149],[-66.04433,18.42251],[-66.0464,18.42484],[-66.04775,18.4236],[-66.04704,18.42316],[-66.05021,18.41734],[-66.05175,18.41689]]]},"properties":{"TRACTCE":"006200","GEOID":"72127006200","NAME":"62","NAMELSAD":"Census Tract 62","COUNTYFP":"127"}},
{"type":"Feature","geometry":{"type":"Polygon","coordinates":[[[-67.16324,18.19227],[-67.15998,18.18751],[-67.16146,18.18409],[-67.1607,18.18181],[-67.16118,18.17868],[-67.15888,18.17774],[-67.15852,18.17502],[-67.15621,18.17259],[-67.15043,18.17131],[-67.15101,18.17332],[-67.15111,18.18647],[-67.15087,18.18934],[-67.15069,18.19144],[-67.15321,18.19231],[-67.15861,18.19722],[-67.15969,18.19491],[-67.16324,18.19227]]]},"properties":{"TRACTCE":"082102","GEOID":"72097082102","NAME":"821.02","NAMELSAD":"Census Tract 821.02","COUNTYFP":"097"}},
{"type":"Feature","geometry":{"type":"Polygon","coordinates":[[[-67.15111,18.18647],[-67.15101,18.17332],[-67.14245,18.17388],[-67.14061,18.17108],[-67.13651,18.17057],[-67.1373,18.17804],[-67.13873,18.17983],[-67.14165,18.17829],[-67.14113,18.18241],[-67.14321,18.18297],[-67.14303,18.18404],[-67.14713,18.18299],[-67.1472,18.18407],[-67.15111,18.18647]]]},"properties":{"TRACTCE":"082103","GEOID":"72097082103","NAME":"821.03","NAMELSAD":"Census Tract 821.03","COUNTYFP":"097"}},
{"type":"Feature","geometry":{"type":"Polygon","coordinates":[[[-67.14303,18.18404],[-67.14321,18.18297],[-67.14113,18.18241],[-67.14165,18.17829],[-67.13873,18.17983],[-67.1386,18.18152],[-67.13411,18.17927],[-67.13383,18.18066],[-67.13452,18.18374],[-67.1368,18.18513],[-67.13781,18.18688],[-67.13887,18.18715],[-67.14061,18.18569],[-67.14279,18.18557],[-67.14303,18.18404]]]},"properties":{"TRACTCE":"082104","GEOID":"72097082104","NAME":"821.04","NAMELSAD":"Census Tract 821.04","COUNTYFP":"097"}},
{"type":"Feature","geometry":{"type":"Polygon","coordinates":[[[-66.81081,18.49453],[-66.81065,18.48807],[-66.80777,18.48008],[-66.80891,18.47918],[-66.80882,18.47798],[-66.80723,18.47734],[-66.80475,18.47344],[-66.80337,18.46792],[-66.79943,18.46764],[-66.79975,18.46193],[-66.79316,18.46112],[-66.79307,18.46488],[-66.79081,18.46633],[-66.78571,18.46636],[-66.78422,18.46926],[-66.77796,18.46757],[-66.77387,18.46854],[-66.77119,18.46802],[-66.76917,18.46906],[-66.76835,18.4711],[-66.76806,18.47805],[-66.76455,18.48508],[-66.76457,18.48832],[-66.7826,18.49424],[-66.79568,18.49638],[-66.80484,18.49597],[-66.81081,18.49453]]]},"properties":{"TRACTCE":"310100","GEOID":"72065310100","NAME":"3101","NAMELSAD":"Census Tract 3101","COUNTYFP":"065"}},
{"type":"Feature","geometry":{"type":"Polygon","coordinates":[[[-67.24938,18.41892],[-67.28049,18.41206],[-67.30272,18.40156],[-67.30748,18.39729],[-67.31415,18.38881],[-67.31869,18.38103],[-67.32325,18.36388],[-67.32341,18.3577],[-67.32205,18.35142],[-67.31991,18.34319],[-67.31604,18.33422],[-67.30661,18.31809],[-67.29939,18.30901],[-67.2938,18.29641],[-67.28596,18.28217],[-67.27593,18.26775],[-67.26973,18.26139],[-67.26133,18.25604],[-67.2542,18.25264],[-67.24356,18.26892],[-67.22753,18.29338],[-67.22692,18.29431],[-67.23422,18.29698],[-67.23756,18.29991],[-67.24281,18.31049],[-67.25157,18.32298],[-67.25495,18.32953],[-67.25867,18.33722],[-67.26146,18.34064],[-67.26595,18.34592],[-67.27197,18.35661],[-67.27306,18.3621],[-67.2718,18.36608],[-67.26939,18.36865],[-67.26326,18.37181],[-67.24017,18.37887],[-67.24044,18.38004],[-67.24938,18.41892]]]},"properties":{"TRACTCE":"990400","GEOID":"72117990400","NAME":"9904","NAMELSAD":"Census Tract 9904","COUNTYFP":"117"}},
{"type":"Feature","geometry":{"type":"Polygon","coordinates":[[[-66.15395,18.43433],[-66.15658,18.43443],[-66.15654,18.43314],[-66.15375,18.43315],[-66.152,18.43114],[-66.14897,18.43294],[-66.14786,18.43038],[-66.14516,18.43141],[-66.14694,18.43596],[-66.15395,18.43433]]]},"properties":{"TRACTCE":"020425","GEOID":"72033020425","NAME":"204.25","NAMELSAD":"Census Tract 204.25","COUNTYFP":"033"}},
{"type":"Feature","geometry":{"type":"Polygon","coordinates":[[[-66.15188,18.44704],[-66.15472,18.4424],[-66.15498,18.43879],[-66.15377,18.43871],[-66.15214,18.4388],[-66.1522,18.44237],[-66.15002,18.44319],[-66.15188,18.44704]]]},"properties":{"TRACTCE":"980004","GEOID":"72033980004","NAME":"9800.04","NAMELSAD":"Census Tract 9800.04","COUNTYFP":"033"}},
{"type":"Feature","geometry":{"type":"Polygon","coordinates":[[[-66.14715,18.45391],[-66.14838,18.45109],[-66.15186,18.44708],[-66.14664,18.44632],[-66.14249,18.44956],[-66.14144,18.44876],[-66.13969,18.45087],[-66.13685,18.44669],[-66.13332,18.44252],[-66.12923,18.44058],[-66.12505,18.43915],[-66.12311,18.43985],[-66.12345,18.44311],[-66.1283,18.44407],[-66.13198,18.44592],[-66.13626,18.45085],[-66.13742,18.45339],[-66.14708,18.45412],[-66.14715,18.45391]]]},"properties":{"TRACTCE":"020423","GEOID":"72033020423","NAME":"204.23","NAMELSAD":"Census Tract 204.23","COUNTYFP":"033"}},
{"type":"Feature","geometry":{"type":"Polygon","coordinates":[[[-66.98409,18.10172],[-66.988,18.09723],[-66.99201,18.09919],[-66.99274,18.09849],[-66.99559,18.09918],[-66.99819,18.10192],[-67.00299,18.10387],[-67.00581,18.1019],[-67.00865,18.10129],[-67.00827,18.09743],[-67.00999,18.09479],[-67.01166,18.09424],[-67.01375,18.0953],[-67.01672,18.09461],[-67.01749,18.0942],[-67.01718,18.0911],[-67.02092,18.09123],[-67.02224,18.08877],[-67.02453,18.08705],[-67.01677,18.0812],[-67.01145,18.07932],[-67.01273,18.07636],[-67.01008,18.07666],[-67.00763,18.07569],[-67.01511,18.0741],[-67.01533,18.06816],[-67.01642,18.06475],[-67.01514,18.06328],[-67.0139,18.05865],[-67.01159,18.05901],[-67.00965,18.05894],[-67.00774,18.06021],[-67.00213,18.05512],[-66.99878,18.0547],[-66.9973,18.05344],[-66.99569,18.05352],[-66.99527,18.05256],[-66.99249,18.05241],[-66.99054,18.0542],[-66.98334,18.05252],[-66.98187,18.05644],[-66.98109,18.08004],[-66.98358,18.08838],[-66.98299,18.09411],[-66.98409,18.10172]]]},"properties":{"TRACTCE":"840300","GEOID":"72125840300","NAME":"8403","NAMELSAD":"Census Tract 8403","COUNTYFP":"125"}},
{"type":"Feature","geometry":{"type":"Polygon","coordinates":[[[-67.03497,18.07991],[-67.03307,18.07935],[-67.03299,18.07622],[-67.03511,18.07575],[-67.03349,18.07468],[-67.03249,18.07156],[-67.03296,18.0699],[-67.0359,18.06797],[-67.04126,18.06823],[-67.04311,18.06707],[-67.04271,18.06437],[-67.03956,18.06142],[-67.03939,18.05969],[-67.03619,18.05782],[-67.03509,18.05848],[-67.02717,18.05879],[-67.02681,18.06096],[-67.01605,18.05859],[-67.01505,18.05772],[-67.01294,18.05758],[-67.01159,18.05901],[-67.0139,18.05865],[-67.01514,18.06328],[-67.01642,18.06475],[-67.01533,18.06816],[-67.01511,18.0741],[-67.00763,18.07569],[-67.01008,18.07666],[-67.01273,18.07636],[-67.01145,18.07932],[-67.01677,18.0812],[-67.02453,18.08705],[-67.02888,18.09045],[-67.03497,18.07991]]]},"properties":{"TRACTCE":"840400","GEOID":"72125840400","NAME":"8404","NAMELSAD":"Census Tract 8404","COUNTYFP":"125"}},
{"type":"Feature","geometry":{"type":"Polygon","coordinates":[[[-67.09869,18.07154],[-67.09912,18.06736],[-67.10295,18.06594],[-67.10459,18.06325],[-67.10709,18.06201],[-67.10632,18.06062],[-67.10765,18.05995],[-67.10904,18.05609],[-67.10383,18.05703],[-67.10186,18.05797],[-67.10089,18.0596],[-67.09923,18.05888],[-67.09552,18.06082],[-67.09258,18.06031],[-67.08824,18.0613],[-67.08487,18.05908],[-67.08196,18.06171],[-67.08004,18.06133],[-67.07913,18.06287],[-67.07757,18.06339],[-67.07352,18.06261],[-67.06829,18.0664],[-67.06531,18.06392],[-67.06444,18.06471],[-67.05661,18.06309],[-67.0532,18.06362],[-67.05247,18.0649],[-67.05055,18.07053],[-67.05707,18.07341],[-67.05752,18.0774],[-67.06065,18.08018],[-67.06266,18.08662],[-67.07017,18.09292],[-67.06102,18.09316],[-67.05357,18.09496],[-67.05109,18.09647],[-67.04921,18.09618],[-67.05037,18.0976],[-67.04832,18.10125],[-67.06146,18.10651],[-67.07966,18.11752],[-67.07953,18.117],[-67.07781,18.11585],[-67.0778,18.11315],[-67.08098,18.11153],[-67.07901,18.11011],[-67.08105,18.10672],[-67.08667,18.10663],[-67.08627,18.10505],[-67.08728,18.10395],[-67.08783,18.10618],[-67.09053,18.10479],[-67.09369,18.10681],[-67.09713,18.10732],[-67.10049,18.1064],[-67.09938,18.10574],[-67.10303,18.10431],[-67.10271,18.09956],[-67.10404,18.0988],[-67.10433,18.09331],[-67.10317,18.09297],[-67.10313,18.09204],[-67.10516,18.08866],[-67.10477,18.08539],[-67.10586,18.08401],[-67.1047,18.0817],[-67.10612,18.07969],[-67.1055,18.07575],[-67.10604,18.07449],[-67.10557,18.07386],[-67.10159,18.07451],[-67.10043,18.07238],[-67.09869,18.07154]]]},"properties":{"TRACTCE":"840600","GEOID":"72125840600","NAME":"8406","NAMELSAD":"Census Tract 8406","COUNTYFP":"125"}},
{"type":"Feature","geometry":{"type":"Polygon","coordinates":[[[-67.04832,18.10125],[-67.05037,18.0976],[-67.04921,18.09618],[-67.05109,18.09647],[-67.05357,18.09496],[-67.06102,18.09316],[-67.07017,18.09292],[-67.06266,18.08662],[-67.05463,18.08296],[-67.03937,18.08113],[-67.03497,18.07991],[-67.02888,18.09045],[-67.038,18.09698],[-67.048,18.10113],[-67.04832,18.10125]]]},"properties":{"TRACTCE":"840500","GEOID":"72125840500","NAME":"8405","NAMELSAD":"Census Tract 8405","COUNTYFP":"125"}},
{"type":"Feature","geometry":{"type":"Polygon","coordinates":[[[-67.02021,18.16577],[-67.02196,18.16404],[-67.02905,18.16131],[-67.03371,18.16217],[-67.03624,18.16119],[-67.03777,18.15935],[-67.03692,18.15764],[-67.03501,18.15885],[-67.03412,18.15798],[-67.0348,18.15567],[-67.03893,18.15299],[-67.03693,18.15094],[-67.03535,18.15104],[-67.03382,18.14779],[-67.03199,18.14772],[-67.03245,18.14638],[-67.03177,18.14546],[-67.03359,18.14364],[-67.03415,18.14145],[-67.03654,18.13932],[-67.03702,18.13682],[-67.0392,18.13425],[-67.04311,18.13379],[-67.04378,18.13284],[-67.04417,18.13211],[-67.04322,18.13076],[-67.04401,18.13055],[-67.04472,18.12681],[-67.04415,18.12399],[-67.0474,18.12126],[-67.04874,18.12181],[-67.04849,18.12068],[-67.05057,18.11836],[-67.051,18.11305],[-67.05217,18.11159],[-67.05111,18.11101],[-67.05187,18.11024],[-67.05119,18.10603],[-67.04842,18.10485],[-67.0476,18.10332],[-67.048,18.10113],[-67.038,18.09698],[-67.02888,18.09045],[-67.02453,18.08705],[-67.02224,18.08877],[-67.02092,18.09123],[-67.01718,18.0911],[-67.01749,18.0942],[-67.01672,18.09461],[-67.01375,18.0953],[-67.01166,18.09424],[-67.00999,18.09479],[-67.00827,18.09743],[-67.00865,18.10129],[-67.00581,18.1019],[-67.00299,18.10387],[-66.99819,18.10192],[-66.99559,18.09918],[-66.99274,18.09849],[-66.99201,18.09919],[-66.988,18.09723],[-66.98409,18.10172],[-66.98515,18.10338],[-66.98356,18.10533],[-66.98413,18.10697],[-66.98128,18.11144],[-66.98159,18.11304],[-66.97998,18.11612],[-66.97907,18.12171],[-66.97707,18.12451],[-66.97062,18.12805],[-66.97051,18.13335],[-66.97176,18.13873],[-66.9746,18.14235],[-66.97786,18.1438],[-66.97997,18.1445],[-66.98147,18.14653],[-66.98581,18.14938],[-66.98784,18.14961],[-66.98901,18.14845],[-66.99081,18.15077],[-66.9929,18.15078],[-66.99453,18.15477],[-66.99631,18.15627],[-66.99962,18.15727],[-67.00496,18.15736],[-67.00703,18.15901],[-67.00947,18.15871],[-67.00981,18.16078],[-67.01256,18.1626],[-67.01384,18.16587],[-67.01803,18.16521],[-67.02021,18.16577]]]},"properties":{"TRACTCE":"840100","GEOID":"72125840100","NAME":"8401","NAMELSAD":"Census Tract 8401","COUNTYFP":"125"}},
{"type":"Feature","geometry":{"type":"Polygon","coordinates":[[[-67.08636,18.14983],[-67.08466,18.14943],[-67.08402,18.14819],[-67.08585,18.14437],[-67.088,18.14591],[-67.08716,18.14853],[-67.08932,18.14896],[-67.09144,18.14788],[-67.09253,18.14618],[-67.09101,18.1422],[-67.09391,18.14231],[-67.09273,18.13736],[-67.09414,18.13476],[-67.09089,18.13163],[-67.09266,18.12767],[-67.09073,18.12615],[-67.09212,18.12537],[-67.08368,18.11905],[-67.07953,18.117],[-67.07966,18.11752],[-67.06146,18.10651],[-67.04832,18.10125],[-67.048,18.10113],[-67.0476,18.10332],[-67.04842,18.10485],[-67.05119,18.10603],[-67.05187,18.11024],[-67.05111,18.11101],[-67.05217,18.11159],[-67.051,18.11305],[-67.05057,18.11836],[-67.04849,18.12068],[-67.04874,18.12181],[-67.0474,18.12126],[-67.04415,18.12399],[-67.04472,18.12681],[-67.04401,18.13055],[-67.04322,18.13076],[-67.04417,18.13211],[-67.04378,18.13284],[-67.04311,18.13379],[-67.0392,18.13425],[-67.03702,18.13682],[-67.03654,18.13932],[-67.03415,18.14145],[-67.03359,18.14364],[-67.03177,18.14546],[-67.03245,18.14638],[-67.03199,18.14772],[-67.03382,18.14779],[-67.03535,18.15104],[-67.03693,18.15094],[-67.03893,18.15299],[-67.0348,18.15567],[-67.03412,18.15798],[-67.03501,18.15885],[-67.03692,18.15764],[-67.03777,18.15935],[-67.03624,18.16119],[-67.03371,18.16217],[-67.02905,18.16131],[-67.02196,18.16404],[-67.02021,18.16577],[-67.02414,18.16556],[-67.03007,18.1675],[-67.04073,18.16851],[-67.04249,18.16966],[-67.04391,18.16917],[-67.04516,18.17046],[-67.04747,18.1711],[-67.04708,18.17255],[-67.04829,18.17194],[-67.04934,18.17368],[-67.05146,18.17405],[-67.05216,18.17261],[-67.05371,18.17194],[-67.05383,18.17353],[-67.05514,18.17253],[-67.05798,18.17325],[-67.06027,18.17182],[-67.0598,18.17307],[-67.06054,18.17378],[-67.06375,18.17203],[-67.06452,18.17297],[-67.06635,18.17189],[-67.06731,18.17309],[-67.07218,18.17305],[-67.07849,18.16755],[-67.08228,18.16799],[-67.08462,18.16475],[-67.08449,18.16308],[-67.0859,18.16269],[-67.08407,18.15943],[-67.08731,18.15571],[-67.08636,18.14983]]]},"properties":{"TRACTCE":"840200","GEOID":"72125840200","NAME":"8402","NAMELSAD":"Census Tract 8402","COUNTYFP":"125"}},
{"type":"Feature","geometry":{"type":"Polygon","coordinates":[[[-66.19727,18.3859],[-66.19777,18.37673],[-66.19705,18.37686],[-66.19317,18.3803],[-66.19151,18.38054],[-66.18963,18.38624],[-66.19092,18.38744],[-66.19673,18.38693],[-66.19727,18.3859]]]},"properties":{"TRACTCE":"031124","GEOID":"72021031124","NAME":"311.24","NAMELSAD":"Census Tract 311.24","COUNTYFP":"021"}},
{"type":"Feature","geometry":{"type":"Polygon","coordinates":[[[-66.50179,18.16481],[-66.50146,18.16407],[-66.49886,18.16397],[-66.49781,18.16242],[-66.49728,18.16287],[-66.4973,18.15955],[-66.49823,18.15884],[-66.49915,18.15275],[-66.50054,18.15079],[-66.49772,18.14376],[-66.49734,18.13713],[-66.49565,18.13675],[-66.49667,18.13404],[-66.49486,18.132],[-66.49288,18.133],[-66.48771,18.13118],[-66.48587,18.13169],[-66.48366,18.12923],[-66.47813,18.13333],[-66.47391,18.13448],[-66.47252,18.13601],[-66.46938,18.13629],[-66.46716,18.13911],[-66.46683,18.1404],[-66.46773,18.13974],[-66.46795,18.14112],[-66.47285,18.14323],[-66.47074,18.15616],[-66.47128,18.15763],[-66.46913,18.15808],[-66.46963,18.16216],[-66.47212,18.16469],[-66.47285,18.16682],[-66.47521,18.16775],[-66.47737,18.17001],[-66.48262,18.16944],[-66.48579,18.16683],[-66.48696,18.16706],[-66.48856,18.16593],[-66.49065,18.16715],[-66.49483,18.16647],[-66.49633,18.16709],[-66.4972,18.16545],[-66.50179,18.16481]]]},"properties":{"TRACTCE":"720503","GEOID":"72149720503","NAME":"7205.03","NAMELSAD":"Census Tract 7205.03","COUNTYFP":"149"}},
{"type":"Feature","geometry":{"type":"Polygon","coordinates":[[[-66.26707,18.36672],[-66.27023,18.36526],[-66.27299,18.36164],[-66.27514,18.36203],[-66.27658,18.36099],[-66.27607,18.35895],[-66.27355,18.35658],[-66.27432,18.35553],[-66.27363,18.35384],[-66.26961,18.35412],[-66.26931,18.35573],[-66.26767,18.3565],[-66.26453,18.35598],[-66.26413,18.35522],[-66.26142,18.35677],[-66.26009,18.3552],[-66.25941,18.35625],[-66.25706,18.35688],[-66.2567,18.36075],[-66.25458,18.36344],[-66.25422,18.36566],[-66.25253,18.36695],[-66.25411,18.36972],[-66.25356,18.37199],[-66.24904,18.37015],[-66.2453,18.37116],[-66.24681,18.37516],[-66.24751,18.37672],[-66.249,18.3796],[-66.24941,18.38322],[-66.25233,18.38224],[-66.25263,18.37874],[-66.25515,18.378],[-66.25469,18.38179],[-66.25319,18.38509],[-66.25344,18.39162],[-66.25415,18.39238],[-66.25498,18.39011],[-66.25719,18.39021],[-66.25794,18.38756],[-66.26015,18.38711],[-66.26369,18.38811],[-66.26575,18.38612],[-66.26749,18.38663],[-66.27027,18.3857],[-66.26996,18.38415],[-66.2716,18.38374],[-66.27309,18.38234],[-66.27315,18.38099],[-66.27234,18.38008],[-66.26924,18.37958],[-66.27023,18.37736],[-66.26969,18.3753],[-66.27055,18.37427],[-66.26769,18.37134],[-66.26707,18.36672]]]},"properties":{"TRACTCE":"510400","GEOID":"72135510400","NAME":"5104","NAMELSAD":"Census Tract 5104","COUNTYFP":"135"}},
{"type":"Feature","geometry":{"type":"Polygon","coordinates":[[[-66.31485,18.15209],[-66.31432,18.15032],[-66.31674,18.14018],[-66.31587,18.13851],[-66.31262,18.13774],[-66.31307,18.13628],[-66.31658,18.13332],[-66.32091,18.12601],[-66.31077,18.11817],[-66.2901,18.10216],[-66.29037,18.10719],[-66.28955,18.10887],[-66.2911,18.11424],[-66.28922,18.11439],[-66.28849,18.1154],[-66.28792,18.11821],[-66.28938,18.12106],[-66.28604,18.12691],[-66.28695,18.12914],[-66.28522,18.13001],[-66.27578,18.13067],[-66.27748,18.1331],[-66.27704,18.13529],[-66.27796,18.13556],[-66.27707,18.13652],[-66.27779,18.13751],[-66.28031,18.13977],[-66.28213,18.13894],[-66.28398,18.13959],[-66.2857,18.14392],[-66.28801,18.14615],[-66.28779,18.15201],[-66.28533,18.15254],[-66.28516,18.15365],[-66.28645,18.1533],[-66.28664,18.1555],[-66.28962,18.15619],[-66.29034,18.16132],[-66.29117,18.16141],[-66.292,18.16346],[-66.29125,18.16436],[-66.29241,18.16576],[-66.2934,18.16484],[-66.29815,18.16537],[-66.29953,18.16135],[-66.30012,18.16053],[-66.30112,18.16079],[-66.30159,18.15918],[-66.30425,18.16145],[-66.30658,18.15996],[-66.30988,18.15933],[-66.31518,18.15318],[-66.31485,18.15209]]]},"properties":{"TRACTCE":"250200","GEOID":"72009250200","NAME":"2502","NAMELSAD":"Census Tract 2502","COUNTYFP":"009"}},
{"type":"Feature","geometry":{"type":"Polygon","coordinates":[[[-66.27703,18.17392],[-66.27869,18.17398],[-66.28128,18.17138],[-66.28298,18.17137],[-66.28719,18.16939],[-66.28954,18.16873],[-66.29201,18.16927],[-66.29241,18.16576],[-66.29125,18.16436],[-66.292,18.16346],[-66.29117,18.16141],[-66.29034,18.16132],[-66.28962,18.15619],[-66.28664,18.1555],[-66.28645,18.1533],[-66.28516,18.15365],[-66.28533,18.15254],[-66.28535,18.15139],[-66.28438,18.15149],[-66.28378,18.15277],[-66.28214,18.15098],[-66.28242,18.14824],[-66.27989,18.14932],[-66.27901,18.15095],[-66.27861,18.14959],[-66.27752,18.15014],[-66.2769,18.14935],[-66.27534,18.15155],[-66.26971,18.14602],[-66.26877,18.14603],[-66.26823,18.14437],[-66.26539,18.1441],[-66.2651,18.14538],[-66.26317,18.14512],[-66.26295,18.14423],[-66.26006,18.14502],[-66.25606,18.14447],[-66.25437,18.14637],[-66.25257,18.14649],[-66.25289,18.14725],[-66.25073,18.14788],[-66.24818,18.14591],[-66.24725,18.14726],[-66.24491,18.14815],[-66.23905,18.14709],[-66.23513,18.14288],[-66.23595,18.14034],[-66.23516,18.1392],[-66.23904,18.13654],[-66.24057,18.13085],[-66.23953,18.12944],[-66.23971,18.12664],[-66.23877,18.12717],[-66.23638,18.12585],[-66.23281,18.12757],[-66.23225,18.12588],[-66.23389,18.1232],[-66.22829,18.12308],[-66.22157,18.12927],[-66.22072,18.13136],[-66.21699,18.13603],[-66.21684,18.14166],[-66.21764,18.14231],[-66.2169,18.14322],[-66.22043,18.14317],[-66.21948,18.14516],[-66.21786,18.145],[-66.21646,18.14612],[-66.2169,18.14774],[-66.22581,18.14946],[-66.22788,18.15165],[-66.22407,18.1541],[-66.22893,18.15904],[-66.22792,18.16013],[-66.22564,18.16006],[-66.22402,18.16098],[-66.224,18.16627],[-66.22612,18.16646],[-66.22856,18.1708],[-66.23228,18.17304],[-66.23712,18.17818],[-66.24051,18.18018],[-66.24273,18.18025],[-66.24785,18.1741],[-66.24894,18.17002],[-66.24699,18.1682],[-66.24874,18.16545],[-66.25248,18.16528],[-66.2555,18.16615],[-66.25656,18.17106],[-66.25774,18.16986],[-66.25986,18.17105],[-66.26318,18.17094],[-66.26616,18.17256],[-66.26899,18.17241],[-66.27308,18.17371],[-66.27556,18.17258],[-66.27703,18.17392]]]},"properties":{"TRACTCE":"250100","GEOID":"72009250100","NAME":"2501","NAMELSAD":"Census Tract 2501","COUNTYFP":"009"}},
{"type":"Feature","geometry":{"type":"Polygon","coordinates":[[[-66.28533,18.15254],[-66.28779,18.15201],[-66.28801,18.14615],[-66.2857,18.14392],[-66.28398,18.13959],[-66.28213,18.13894],[-66.28031,18.13977],[-66.27779,18.13751],[-66.2765,18.13623],[-66.27445,18.13613],[-66.27422,18.13777],[-66.27165,18.13965],[-66.27007,18.1431],[-66.26936,18.14209],[-66.26781,18.14202],[-66.26823,18.14437],[-66.26877,18.14603],[-66.26971,18.14602],[-66.27534,18.15155],[-66.2769,18.14935],[-66.27752,18.15014],[-66.27861,18.14959],[-66.27901,18.15095],[-66.27989,18.14932],[-66.28242,18.14824],[-66.28214,18.15098],[-66.28378,18.15277],[-66.28438,18.15149],[-66.28535,18.15139],[-66.28533,18.15254]]]},"properties":{"TRACTCE":"250300","GEOID":"72009250300","NAME":"2503","NAMELSAD":"Census Tract 2503","COUNTYFP":"009"}},
{"type":"Feature","geometry":{"type":"Polygon","coordinates":[[[-66.27779,18.13751],[-66.27707,18.13652],[-66.27796,18.13556],[-66.27704,18.13529],[-66.27748,18.1331],[-66.27578,18.13067],[-66.2758,18.12735],[-66.27478,18.12489],[-66.27113,18.12727],[-66.2685,18.12549],[-66.2629,18.12726],[-66.25962,18.12401],[-66.25879,18.12489],[-66.25328,18.12433],[-66.25793,18.12697],[-66.25909,18.12905],[-66.25854,18.12976],[-66.26185,18.13333],[-66.26269,18.14174],[-66.26436,18.14175],[-66.26295,18.14423],[-66.26317,18.14512],[-66.2651,18.14538],[-66.26539,18.1441],[-66.26823,18.14437],[-66.26781,18.14202],[-66.26936,18.14209],[-66.27007,18.1431],[-66.27165,18.13965],[-66.27422,18.13777],[-66.27445,18.13613],[-66.2765,18.13623],[-66.27779,18.13751]]]},"properties":{"TRACTCE":"250400","GEOID":"72009250400","NAME":"2504","NAMELSAD":"Census Tract 2504","COUNTYFP":"009"}},
{"type":"Feature","geometry":{"type":"Polygon","coordinates":[[[-66.27578,18.13067],[-66.28522,18.13001],[-66.28695,18.12914],[-66.28604,18.12691],[-66.28938,18.12106],[-66.28792,18.11821],[-66.28849,18.1154],[-66.28922,18.11439],[-66.2911,18.11424],[-66.28955,18.10887],[-66.29037,18.10719],[-66.2901,18.10216],[-66.28168,18.0954],[-66.27726,18.09564],[-66.273,18.09113],[-66.27294,18.08659],[-66.27035,18.08701],[-66.26686,18.08545],[-66.26305,18.08564],[-66.25995,18.08261],[-66.25938,18.07761],[-66.25753,18.07588],[-66.24627,18.07679],[-66.24224,18.07715],[-66.24272,18.08019],[-66.24064,18.08222],[-66.23978,18.08469],[-66.24005,18.09319],[-66.2349,18.09421],[-66.23147,18.09589],[-66.22449,18.09534],[-66.22476,18.09841],[-66.22706,18.10224],[-66.22434,18.10398],[-66.22646,18.10816],[-66.22458,18.10982],[-66.22492,18.11293],[-66.22681,18.1168],[-66.22496,18.11836],[-66.2217,18.11909],[-66.22036,18.1208],[-66.21905,18.12777],[-66.22067,18.12894],[-66.22072,18.13136],[-66.22157,18.12927],[-66.22829,18.12308],[-66.23389,18.1232],[-66.23225,18.12588],[-66.23281,18.12757],[-66.23638,18.12585],[-66.23877,18.12717],[-66.23971,18.12664],[-66.24106,18.12914],[-66.24362,18.12975],[-66.24372,18.13118],[-66.24524,18.13111],[-66.24923,18.13358],[-66.24854,18.13116],[-66.2465,18.1306],[-66.24635,18.12745],[-66.24337,18.1257],[-66.24277,18.12277],[-66.24389,18.11922],[-66.24601,18.12001],[-66.24681,18.12195],[-66.24807,18.12268],[-66.25328,18.12433],[-66.25879,18.12489],[-66.25962,18.12401],[-66.2629,18.12726],[-66.2685,18.12549],[-66.27113,18.12727],[-66.27478,18.12489],[-66.2758,18.12735],[-66.27578,18.13067]]]},"properties":{"TRACTCE":"250600","GEOID":"72009250600","NAME":"2506","NAMELSAD":"Census Tract 2506","COUNTYFP":"009"}},
{"type":"Feature","geometry":{"type":"Polygon","coordinates":[[[-66.26295,18.14423],[-66.26436,18.14175],[-66.26269,18.14174],[-66.26185,18.13333],[-66.25854,18.12976],[-66.25909,18.12905],[-66.25793,18.12697],[-66.25328,18.12433],[-66.24807,18.12268],[-66.24681,18.12195],[-66.24601,18.12001],[-66.24389,18.11922],[-66.24277,18.12277],[-66.24337,18.1257],[-66.24635,18.12745],[-66.2465,18.1306],[-66.24854,18.13116],[-66.24923,18.13358],[-66.24524,18.13111],[-66.24372,18.13118],[-66.24362,18.12975],[-66.24106,18.12914],[-66.23971,18.12664],[-66.23953,18.12944],[-66.24057,18.13085],[-66.23904,18.13654],[-66.23516,18.1392],[-66.23595,18.14034],[-66.23513,18.14288],[-66.23905,18.14709],[-66.24491,18.14815],[-66.24725,18.14726],[-66.24818,18.14591],[-66.25073,18.14788],[-66.25289,18.14725],[-66.25257,18.14649],[-66.25437,18.14637],[-66.25606,18.14447],[-66.26006,18.14502],[-66.26295,18.14423]]]},"properties":{"TRACTCE":"250500","GEOID":"72009250500","NAME":"2505","NAMELSAD":"Census Tract 2505","COUNTYFP":"009"}},
{"type":"Feature","geometry":{"type":"Polygon","coordinates":[[[-66.12455,18.46155],[-66.12381,18.4608],[-66.12087,18.46261],[-66.11252,18.46492],[-66.11159,18.46644],[-66.1119,18.46729],[-66.11559,18.46638],[-66.11619,18.4686],[-66.11827,18.46846],[-66.11847,18.46913],[-66.11997,18.46911],[-66.11939,18.46835],[-66.12186,18.46768],[-66.12006,18.46585],[-66.12455,18.46155]]]},"properties":{"TRACTCE":"000506","GEOID":"72127000506","NAME":"5.06","NAMELSAD":"Census Tract 5.06","COUNTYFP":"127"}},
{"type":"Feature","geometry":{"type":"Polygon","coordinates":[[[-67.26146,18.34064],[-67.25867,18.33722],[-67.25495,18.32953],[-67.25017,18.3323],[-67.24848,18.32927],[-67.24574,18.32669],[-67.2407,18.33086],[-67.238,18.33163],[-67.23607,18.33387],[-67.23407,18.33394],[-67.23306,18.33685],[-67.22719,18.33749],[-67.23063,18.3389],[-67.23125,18.34102],[-67.23621,18.34377],[-67.23557,18.34505],[-67.23641,18.34737],[-67.23795,18.34781],[-67.23967,18.34595],[-67.24292,18.35244],[-67.24645,18.34848],[-67.25029,18.34633],[-67.24976,18.34451],[-67.25331,18.34559],[-67.25522,18.34469],[-67.2564,18.34518],[-67.26146,18.34064]]]},"properties":{"TRACTCE":"959500","GEOID":"72117959500","NAME":"9595","NAMELSAD":"Census Tract 9595","COUNTYFP":"117"}},
{"type":"Feature","geometry":{"type":"Polygon","coordinates":[[[-66.24666,18.41111],[-66.24293,18.41008],[-66.24493,18.40599],[-66.23959,18.40386],[-66.23729,18.39917],[-66.23395,18.40148],[-66.22106,18.39721],[-66.22162,18.39868],[-66.21925,18.40387],[-66.22413,18.40475],[-66.23388,18.41058],[-66.24042,18.41163],[-66.24666,18.41111]]]},"properties":{"TRACTCE":"122002","GEOID":"72137122002","NAME":"1220.02","NAMELSAD":"Census Tract 1220.02","COUNTYFP":"137"}},
{"type":"Feature","geometry":{"type":"Polygon","coordinates":[[[-66.18662,18.44757],[-66.18715,18.44494],[-66.18917,18.44558],[-66.18975,18.4449],[-66.18974,18.44284],[-66.19184,18.44086],[-66.19176,18.4384],[-66.19606,18.43853],[-66.19637,18.43721],[-66.18923,18.43352],[-66.18941,18.43675],[-66.18576,18.43696],[-66.18587,18.44081],[-66.18486,18.44062],[-66.18561,18.44227],[-66.18338,18.44401],[-66.18589,18.44723],[-66.18662,18.44757]]]},"properties":{"TRACTCE":"121001","GEOID":"72137121001","NAME":"1210.01","NAMELSAD":"Census Tract 1210.01","COUNTYFP":"137"}},
{"type":"Feature","geometry":{"type":"Polygon","coordinates":[[[-66.22768,18.43159],[-66.22744,18.42961],[-66.22926,18.42818],[-66.22826,18.42796],[-66.23202,18.4222],[-66.22816,18.42298],[-66.21673,18.42281],[-66.21776,18.42494],[-66.20278,18.42404],[-66.20224,18.42277],[-66.20079,18.42381],[-66.19857,18.42197],[-66.19697,18.42221],[-66.19603,18.41952],[-66.19492,18.4177],[-66.19436,18.41921],[-66.19524,18.4197],[-66.19063,18.42143],[-66.18791,18.42618],[-66.18923,18.43352],[-66.19637,18.43721],[-66.20153,18.43898],[-66.20593,18.4375],[-66.21235,18.43889],[-66.22115,18.44017],[-66.22233,18.43797],[-66.22619,18.43699],[-66.22746,18.43766],[-66.22715,18.43858],[-66.22861,18.43906],[-66.22894,18.43561],[-66.22768,18.43159]]]},"properties":{"TRACTCE":"121701","GEOID":"72137121701","NAME":"1217.01","NAMELSAD":"Census Tract 1217.01","COUNTYFP":"137"}},
{"type":"Feature","geometry":{"type":"Polygon","coordinates":[[[-66.05521,18.43764],[-66.05945,18.43781],[-66.05928,18.43619],[-66.05257,18.43433],[-66.05192,18.43651],[-66.05521,18.43764]]]},"properties":{"TRACTCE":"003800","GEOID":"72127003800","NAME":"38","NAMELSAD":"Census Tract 38","COUNTYFP":"127"}},
{"type":"Feature","geometry":{"type":"Polygon","coordinates":[[[-66.42823,18.37068],[-66.42567,18.36983],[-66.42437,18.36759],[-66.42042,18.36432],[-66.4139,18.36176],[-66.40914,18.35637],[-66.41335,18.35128],[-66.41272,18.34841],[-66.41961,18.3435],[-66.42064,18.34079],[-66.42579,18.3381],[-66.42701,18.33633],[-66.42332,18.33524],[-66.42146,18.33763],[-66.41868,18.33799],[-66.41816,18.33737],[-66.41907,18.33599],[-66.41761,18.33553],[-66.41615,18.33618],[-66.41014,18.33545],[-66.40671,18.33111],[-66.40679,18.32906],[-66.40151,18.33025],[-66.39059,18.33163],[-66.38888,18.33078],[-66.38445,18.3257],[-66.37945,18.32431],[-66.38078,18.32732],[-66.37941,18.32977],[-66.38061,18.33298],[-66.37963,18.33443],[-66.37733,18.33542],[-66.37761,18.33681],[-66.37613,18.33907],[-66.37434,18.3365],[-66.37033,18.33454],[-66.37155,18.33081],[-66.3669,18.32758],[-66.36561,18.33202],[-66.36527,18.33323],[-66.37055,18.33715],[-66.37173,18.34049],[-66.37429,18.34263],[-66.37472,18.34419],[-66.37706,18.34425],[-66.38159,18.34248],[-66.38409,18.34449],[-66.38592,18.34473],[-66.3869,18.34738],[-66.38625,18.34936],[-66.38826,18.35161],[-66.38945,18.35797],[-66.39036,18.35914],[-66.39038,18.36093],[-66.38873,18.36255],[-66.39119,18.36476],[-66.39119,18.36643],[-66.39271,18.3661],[-66.39558,18.37189],[-66.39679,18.37154],[-66.3968,18.36997],[-66.40082,18.36799],[-66.40163,18.36532],[-66.401,18.36371],[-66.40465,18.36529],[-66.4159,18.37301],[-66.41711,18.37436],[-66.41716,18.37748],[-66.41788,18.37791],[-66.42186,18.37781],[-66.42527,18.37498],[-66.42823,18.37068]]]},"properties":{"TRACTCE":"955202","GEOID":"72101955202","NAME":"9552.02","NAMELSAD":"Census Tract 9552.02","COUNTYFP":"101"}},
{"type":"Feature","geometry":{"type":"Polygon","coordinates":[[[-66.40151,18.33025],[-66.40238,18.32537],[-66.40005,18.32568],[-66.39962,18.32469],[-66.39653,18.32321],[-66.39472,18.32061],[-66.39096,18.31971],[-66.39013,18.3185],[-66.39169,18.31766],[-66.39534,18.31756],[-66.3982,18.31902],[-66.39574,18.31493],[-66.39688,18.31199],[-66.39387,18.31037],[-66.39442,18.31254],[-66.39021,18.31294],[-66.38777,18.31036],[-66.38895,18.30935],[-66.38856,18.30802],[-66.38384,18.30517],[-66.38301,18.30644],[-66.38105,18.30576],[-66.38115,18.30437],[-66.37892,18.30337],[-66.3759,18.30005],[-66.37302,18.30276],[-66.37246,18.30984],[-66.3669,18.32758],[-66.37155,18.33081],[-66.37033,18.33454],[-66.37434,18.3365],[-66.37613,18.33907],[-66.37761,18.33681],[-66.37733,18.33542],[-66.37963,18.33443],[-66.38061,18.33298],[-66.37941,18.32977],[-66.38078,18.32732],[-66.37945,18.32431],[-66.38445,18.3257],[-66.38888,18.33078],[-66.39059,18.33163],[-66.40151,18.33025]]]},"properties":{"TRACTCE":"955201","GEOID":"72101955201","NAME":"9552.01","NAMELSAD":"Census Tract 9552.01","COUNTYFP":"101"}},
{"type":"Feature","geometry":{"type":"Polygon","coordinates":[[[-66.17239,18.36562],[-66.17346,18.36502],[-66.17339,18.36337],[-66.17554,18.36342],[-66.17703,18.36044],[-66.17811,18.35717],[-66.1776,18.35365],[-66.17508,18.3558],[-66.17215,18.35692],[-66.16753,18.35635],[-66.16876,18.36446],[-66.16832,18.36587],[-66.17239,18.36562]]]},"properties":{"TRACTCE":"031305","GEOID":"72021031305","NAME":"313.05","NAMELSAD":"Census Tract 313.05","COUNTYFP":"021"}},
{"type":"Feature","geometry":{"type":"Polygon","coordinates":[[[-66.62625,18.03575],[-66.62922,18.03064],[-66.62559,18.0291],[-66.62513,18.03058],[-66.61541,18.02785],[-66.61512,18.02975],[-66.61387,18.0279],[-66.61373,18.02815],[-66.6146,18.03187],[-66.61306,18.0333],[-66.61016,18.03357],[-66.60952,18.03681],[-66.61055,18.03795],[-66.61914,18.03812],[-66.61794,18.03683],[-66.62259,18.03542],[-66.62625,18.03575]]]},"properties":{"TRACTCE":"070201","GEOID":"72113070201","NAME":"702.01","NAMELSAD":"Census Tract 702.01","COUNTYFP":"113"}},
{"type":"Feature","geometry":{"type":"Polygon","coordinates":[[[-66.19565,18.47107],[-66.19604,18.47037],[-66.19408,18.46925],[-66.18937,18.47023],[-66.18894,18.47371],[-66.19071,18.47457],[-66.19132,18.47659],[-66.1894,18.47913],[-66.1776,18.47795],[-66.17769,18.47144],[-66.17871,18.47025],[-66.18275,18.46892],[-66.18311,18.46667],[-66.18041,18.45909],[-66.17617,18.45511],[-66.17357,18.45384],[-66.17446,18.45224],[-66.17005,18.4511],[-66.16491,18.45102],[-66.1633,18.45183],[-66.16291,18.45114],[-66.16207,18.45207],[-66.16044,18.4517],[-66.16022,18.45233],[-66.15385,18.45391],[-66.15474,18.45574],[-66.15118,18.45776],[-66.14307,18.46633],[-66.1435,18.46951],[-66.14713,18.47457],[-66.14727,18.47722],[-66.14614,18.48008],[-66.14288,18.4832],[-66.14078,18.48364],[-66.13719,18.48239],[-66.13214,18.47644],[-66.13246,18.47022],[-66.1351,18.4638],[-66.1294,18.46563],[-66.12907,18.48083],[-66.12899,18.5244],[-66.17546,18.52508],[-66.18727,18.52627],[-66.18732,18.498],[-66.19327,18.47527],[-66.19565,18.47107]]]},"properties":{"TRACTCE":"990000","GEOID":"72137990000","NAME":"9900","NAMELSAD":"Census Tract 9900","COUNTYFP":"137"}},
{"type":"Feature","geometry":{"type":"Polygon","coordinates":[[[-66.18786,18.45573],[-66.1887,18.4494],[-66.18662,18.44757],[-66.18589,18.44723],[-66.18314,18.45107],[-66.18518,18.45266],[-66.18786,18.45573]]]},"properties":{"TRACTCE":"120500","GEOID":"72137120500","NAME":"1205","NAMELSAD":"Census Tract 1205","COUNTYFP":"137"}},
{"type":"Feature","geometry":{"type":"Polygon","coordinates":[[[-66.18314,18.45107],[-66.18589,18.44723],[-66.18338,18.44401],[-66.17962,18.44123],[-66.17823,18.44126],[-66.17576,18.44587],[-66.1783,18.44763],[-66.18314,18.45107]]]},"properties":{"TRACTCE":"120600","GEOID":"72137120600","NAME":"1206","NAMELSAD":"Census Tract 1206","COUNTYFP":"137"}},
{"type":"Feature","geometry":{"type":"Polygon","coordinates":[[[-66.17863,18.43765],[-66.1787,18.43528],[-66.17624,18.43524],[-66.17633,18.43164],[-66.17071,18.43153],[-66.16954,18.43071],[-66.16952,18.431],[-66.17003,18.43188],[-66.16788,18.4327],[-66.17031,18.43387],[-66.16983,18.43538],[-66.1677,18.43489],[-66.16521,18.43734],[-66.17863,18.43765]]]},"properties":{"TRACTCE":"120900","GEOID":"72137120900","NAME":"1209","NAMELSAD":"Census Tract 1209","COUNTYFP":"137"}},
{"type":"Feature","geometry":{"type":"Polygon","coordinates":[[[-66.19604,18.47037],[-66.19894,18.46663],[-66.19476,18.46398],[-66.1887,18.46336],[-66.18786,18.45573],[-66.18518,18.45266],[-66.18041,18.45909],[-66.18311,18.46667],[-66.18275,18.46892],[-66.17871,18.47025],[-66.17769,18.47144],[-66.1776,18.47795],[-66.1894,18.47913],[-66.19132,18.47659],[-66.19071,18.47457],[-66.18894,18.47371],[-66.18937,18.47023],[-66.19408,18.46925],[-66.19604,18.47037]]]},"properties":{"TRACTCE":"120400","GEOID":"72137120400","NAME":"1204","NAMELSAD":"Census Tract 1204","COUNTYFP":"137"}},
{"type":"Feature","geometry":{"type":"Polygon","coordinates":[[[-67.14618,18.21172],[-67.14001,18.20593],[-67.14075,18.20269],[-67.13605,18.20153],[-67.13492,18.20167],[-67.13208,18.20455],[-67.13697,18.20672],[-67.13591,18.20927],[-67.14096,18.21401],[-67.14462,18.21163],[-67.14618,18.21172]]]},"properties":{"TRACTCE":"080100","GEOID":"72097080100","NAME":"801","NAMELSAD":"Census Tract 801","COUNTYFP":"097"}},
{"type":"Feature","geometry":{"type":"Polygon","coordinates":[[[-67.1549,18.21962],[-67.15744,18.21636],[-67.15664,18.21427],[-67.15457,18.2149],[-67.15113,18.21296],[-67.1518,18.20808],[-67.14969,18.2082],[-67.14528,18.20627],[-67.14001,18.20593],[-67.14618,18.21172],[-67.1549,18.21962]]]},"properties":{"TRACTCE":"080200","GEOID":"72097080200","NAME":"802","NAMELSAD":"Census Tract 802","COUNTYFP":"097"}},
{"type":"Feature","geometry":{"type":"Polygon","coordinates":[[[-67.14528,18.20627],[-67.14662,18.20391],[-67.14341,18.20153],[-67.145,18.19938],[-67.14386,18.19924],[-67.14021,18.19858],[-67.13972,18.2],[-67.13639,18.19972],[-67.13591,18.19973],[-67.13605,18.20153],[-67.14075,18.20269],[-67.14001,18.20593],[-67.14528,18.20627]]]},"properties":{"TRACTCE":"080600","GEOID":"72097080600","NAME":"806","NAMELSAD":"Census Tract 806","COUNTYFP":"097"}},
{"type":"Feature","geometry":{"type":"Polygon","coordinates":[[[-67.13639,18.19972],[-67.13515,18.19767],[-67.13168,18.1948],[-67.13106,18.19712],[-67.12885,18.19731],[-67.12825,18.19846],[-67.13591,18.19973],[-67.13639,18.19972]]]},"properties":{"TRACTCE":"080900","GEOID":"72097080900","NAME":"809","NAMELSAD":"Census Tract 809","COUNTYFP":"097"}},
{"type":"Feature","geometry":{"type":"Polygon","coordinates":[[[-67.15636,18.20205],[-67.15861,18.19722],[-67.15321,18.19231],[-67.15069,18.19144],[-67.15087,18.18934],[-67.1431,18.1929],[-67.14254,18.19484],[-67.14444,18.19539],[-67.14386,18.19924],[-67.145,18.19938],[-67.14853,18.19988],[-67.14884,18.19885],[-67.1524,18.20027],[-67.15212,18.20163],[-67.15636,18.20205]]]},"properties":{"TRACTCE":"081200","GEOID":"72097081200","NAME":"812","NAMELSAD":"Census Tract 812","COUNTYFP":"097"}},
{"type":"Feature","geometry":{"type":"Polygon","coordinates":[[[-67.08186,18.40166],[-67.08366,18.40024],[-67.08201,18.39487],[-67.0837,18.39414],[-67.08301,18.38582],[-67.08408,18.38517],[-67.08377,18.38139],[-67.08471,18.38075],[-67.0829,18.37959],[-67.07811,18.37837],[-67.07485,18.37426],[-67.0587,18.37708],[-67.05724,18.38175],[-67.05771,18.3824],[-67.05655,18.3828],[-67.0571,18.38408],[-67.05576,18.38437],[-67.05535,18.38834],[-67.05305,18.39047],[-67.05266,18.39161],[-67.05384,18.39112],[-67.05266,18.39282],[-67.05314,18.39401],[-67.05119,18.39657],[-67.06142,18.39824],[-67.06543,18.3973],[-67.07455,18.40271],[-67.07716,18.40242],[-67.07774,18.40107],[-67.08186,18.40166]]]},"properties":{"TRACTCE":"420303","GEOID":"72099420303","NAME":"4203.03","NAMELSAD":"Census Tract 4203.03","COUNTYFP":"099"}},
{"type":"Feature","geometry":{"type":"Polygon","coordinates":[[[-67.05119,18.39657],[-67.05314,18.39401],[-67.05266,18.39282],[-67.05384,18.39112],[-67.05266,18.39161],[-67.05305,18.39047],[-67.05535,18.38834],[-67.05576,18.38437],[-67.0571,18.38408],[-67.05655,18.3828],[-67.05771,18.3824],[-67.05724,18.38175],[-67.0587,18.37708],[-67.05743,18.37701],[-67.05432,18.37389],[-67.04871,18.37188],[-67.04659,18.37233],[-67.0445,18.3685],[-67.04205,18.36678],[-67.04121,18.36438],[-67.04015,18.3642],[-67.04035,18.36543],[-67.03929,18.36561],[-67.03891,18.3676],[-67.04021,18.36877],[-67.03914,18.36922],[-67.03993,18.36956],[-67.03887,18.37037],[-67.0393,18.37213],[-67.03824,18.37272],[-67.03862,18.37523],[-67.0377,18.37555],[-67.03773,18.37782],[-67.03655,18.37932],[-67.03717,18.3811],[-67.03609,18.38056],[-67.0353,18.38158],[-67.03342,18.38194],[-67.03278,18.38586],[-67.03012,18.38732],[-67.02717,18.39338],[-67.03242,18.40447],[-67.03649,18.4039],[-67.03703,18.40003],[-67.04109,18.39733],[-67.03823,18.39359],[-67.03953,18.39202],[-67.04242,18.39144],[-67.04395,18.39227],[-67.04404,18.39159],[-67.05119,18.39657]]]},"properties":{"TRACTCE":"420304","GEOID":"72099420304","NAME":"4203.04","NAMELSAD":"Census Tract 4203.04","COUNTYFP":"099"}},
{"type":"Feature","geometry":{"type":"Polygon","coordinates":[[[-66.32226,18.18926],[-66.31307,18.17813],[-66.30739,18.18079],[-66.30424,18.1802],[-66.30135,18.18101],[-66.30047,18.18206],[-66.30076,18.18396],[-66.29778,18.18389],[-66.29677,18.18418],[-66.29719,18.18671],[-66.30221,18.18745],[-66.30228,18.18633],[-66.30271,18.18739],[-66.30397,18.18651],[-66.30463,18.18731],[-66.30876,18.18864],[-66.31024,18.18765],[-66.31486,18.19098],[-66.31561,18.19058],[-66.31786,18.18873],[-66.31884,18.19038],[-66.32226,18.18926]]]},"properties":{"TRACTCE":"952400","GEOID":"72019952400","NAME":"9524","NAMELSAD":"Census Tract 9524","COUNTYFP":"019"}},
{"type":"Feature","geometry":{"type":"Polygon","coordinates":[[[-65.87762,18.11817],[-65.87734,18.11569],[-65.87101,18.11303],[-65.87154,18.10992],[-65.87021,18.10843],[-65.86544,18.1081],[-65.86383,18.1087],[-65.86321,18.10927],[-65.86355,18.11217],[-65.86105,18.11344],[-65.86032,18.11559],[-65.85711,18.11538],[-65.85585,18.11743],[-65.85113,18.11834],[-65.85029,18.12043],[-65.85075,18.12146],[-65.85235,18.12197],[-65.85203,18.12712],[-65.85084,18.12972],[-65.84837,18.13129],[-65.84732,18.13382],[-65.84275,18.13381],[-65.83159,18.1381],[-65.83339,18.13999],[-65.8382,18.13947],[-65.83881,18.14058],[-65.84067,18.1402],[-65.84248,18.14163],[-65.84435,18.14165],[-65.84506,18.14062],[-65.84874,18.14096],[-65.84775,18.14191],[-65.84801,18.14399],[-65.84678,18.14531],[-65.83309,18.14462],[-65.83917,18.15172],[-65.84007,18.15073],[-65.84195,18.1507],[-65.84147,18.14955],[-65.8437,18.1511],[-65.84546,18.14977],[-65.84846,18.15305],[-65.85213,18.15119],[-65.85245,18.15007],[-65.85694,18.15148],[-65.86171,18.15136],[-65.86176,18.14702],[-65.86117,18.14592],[-65.86285,18.14034],[-65.86543,18.13829],[-65.86749,18.13813],[-65.87147,18.13004],[-65.87437,18.12832],[-65.87762,18.11817]]]},"properties":{"TRACTCE":"180302","GEOID":"72069180302","NAME":"1803.02","NAMELSAD":"Census Tract 1803.02","COUNTYFP":"069"}},
{"type":"Feature","geometry":{"type":"Polygon","coordinates":[[[-66.17405,18.3307],[-66.17812,18.32624],[-66.17724,18.32234],[-66.17984,18.31859],[-66.17823,18.31479],[-66.17933,18.31223],[-66.17911,18.3097],[-66.17544,18.30501],[-66.16988,18.30119],[-66.15855,18.30013],[-66.15501,18.30373],[-66.15368,18.3115],[-66.15511,18.31701],[-66.14712,18.32294],[-66.14973,18.32718],[-66.15003,18.32999],[-66.14912,18.33219],[-66.15095,18.3352],[-66.15101,18.331],[-66.1525,18.32997],[-66.15901,18.33178],[-66.16429,18.33155],[-66.16626,18.33255],[-66.16865,18.33063],[-66.17139,18.33105],[-66.17209,18.332],[-66.17405,18.3307]]]},"properties":{"TRACTCE":"031900","GEOID":"72021031900","NAME":"319","NAMELSAD":"Census Tract 319","COUNTYFP":"021"}},
{"type":"Feature","geometry":{"type":"Polygon","coordinates":[[[-65.75453,18.17732],[-65.75863,18.17505],[-65.76054,18.16698],[-65.76207,18.16727],[-65.76619,18.16361],[-65.77025,18.1649],[-65.77528,18.15701],[-65.78016,18.15729],[-65.78088,18.1558],[-65.78022,18.15075],[-65.77923,18.15119],[-65.776,18.15014],[-65.77129,18.15091],[-65.77138,18.14873],[-65.76933,18.14852],[-65.76863,18.14644],[-65.76279,18.14386],[-65.76297,18.14896],[-65.75762,18.15389],[-65.75008,18.15843],[-65.74961,18.15952],[-65.73916,18.15944],[-65.73585,18.15844],[-65.73597,18.15445],[-65.73502,18.15254],[-65.733,18.15202],[-65.73016,18.15335],[-65.72765,18.15799],[-65.73687,18.17044],[-65.74115,18.17747],[-65.7406,18.1821],[-65.74694,18.18082],[-65.75101,18.17641],[-65.75453,18.17732]]]},"properties":{"TRACTCE":"180100","GEOID":"72069180100","NAME":"1801","NAMELSAD":"Census Tract 1801","COUNTYFP":"069"}},
{"type":"Feature","geometry":{"type":"Polygon","coordinates":[[[-65.83159,18.1381],[-65.84275,18.13381],[-65.84732,18.13382],[-65.84837,18.13129],[-65.85084,18.12972],[-65.85203,18.12712],[-65.85235,18.12197],[-65.85075,18.12146],[-65.85029,18.12043],[-65.85113,18.11834],[-65.84741,18.11713],[-65.84498,18.11511],[-65.84612,18.114],[-65.846,18.11242],[-65.84236,18.1122],[-65.8417,18.11015],[-65.84291,18.10989],[-65.84329,18.10744],[-65.84564,18.10618],[-65.84805,18.10244],[-65.84735,18.10071],[-65.84805,18.09916],[-65.84331,18.09753],[-65.8409,18.09426],[-65.83617,18.09782],[-65.82816,18.10039],[-65.82592,18.1022],[-65.82108,18.10835],[-65.82218,18.11181],[-65.82166,18.11945],[-65.82001,18.12333],[-65.82007,18.12754],[-65.81795,18.12863],[-65.81335,18.13385],[-65.80959,18.13529],[-65.80895,18.13622],[-65.81426,18.1391],[-65.82049,18.14084],[-65.83159,18.1381]]]},"properties":{"TRACTCE":"180800","GEOID":"72069180800","NAME":"1808","NAMELSAD":"Census Tract 1808","COUNTYFP":"069"}},
{"type":"Feature","geometry":{"type":"Polygon","coordinates":[[[-65.79121,18.20433],[-65.79153,18.19769],[-65.78872,18.19607],[-65.78971,18.19554],[-65.78831,18.1946],[-65.78935,18.19419],[-65.78825,18.19314],[-65.79128,18.19059],[-65.79347,18.18986],[-65.79662,18.18509],[-65.79916,18.18395],[-65.80068,18.18162],[-65.80617,18.18247],[-65.80972,18.18409],[-65.81356,18.18354],[-65.81513,18.16169],[-65.81441,18.15833],[-65.8172,18.1576],[-65.81175,18.15507],[-65.81018,18.15704],[-65.80664,18.15439],[-65.80381,18.15533],[-65.80065,18.15284],[-65.80396,18.14387],[-65.7893,18.14883],[-65.78251,18.14839],[-65.78022,18.15075],[-65.78088,18.1558],[-65.78016,18.15729],[-65.77528,18.15701],[-65.77025,18.1649],[-65.76619,18.16361],[-65.76207,18.16727],[-65.76054,18.16698],[-65.75863,18.17505],[-65.75453,18.17732],[-65.76605,18.1821],[-65.7605,18.19558],[-65.76604,18.19856],[-65.76879,18.19799],[-65.77706,18.19962],[-65.78227,18.20163],[-65.78574,18.20409],[-65.79121,18.20433]]]},"properties":{"TRACTCE":"180201","GEOID":"72069180201","NAME":"1802.01","NAMELSAD":"Census Tract 1802.01","COUNTYFP":"069"}},
{"type":"Feature","geometry":{"type":"Polygon","coordinates":[[[-65.85789,18.16296],[-65.86204,18.15594],[-65.86171,18.15136],[-65.85694,18.15148],[-65.85245,18.15007],[-65.85213,18.15119],[-65.84846,18.15305],[-65.84546,18.14977],[-65.8437,18.1511],[-65.84147,18.14955],[-65.84195,18.1507],[-65.84007,18.15073],[-65.83917,18.15172],[-65.83683,18.15109],[-65.83755,18.15663],[-65.83954,18.1604],[-65.84338,18.16429],[-65.8433,18.16758],[-65.84559,18.17438],[-65.84401,18.17677],[-65.84225,18.17711],[-65.84582,18.17833],[-65.84657,18.17793],[-65.84727,18.17635],[-65.8505,18.1758],[-65.85397,18.17726],[-65.85481,18.17692],[-65.85672,18.17341],[-65.85491,18.16957],[-65.85789,18.16296]]]},"properties":{"TRACTCE":"180301","GEOID":"72069180301","NAME":"1803.01","NAMELSAD":"Census Tract 1803.01","COUNTYFP":"069"}},
{"type":"Feature","geometry":{"type":"Polygon","coordinates":[[[-65.7856,18.09618],[-65.78402,18.09022],[-65.78506,18.08831],[-65.79156,18.08641],[-65.79343,18.08332],[-65.7926,18.07655],[-65.79398,18.0699],[-65.79147,18.06996],[-65.73911,18.07078],[-65.73188,18.07534],[-65.72366,18.08504],[-65.71831,18.09714],[-65.7161,18.10627],[-65.70392,18.11231],[-65.69934,18.11611],[-65.70319,18.12302],[-65.72765,18.15799],[-65.73016,18.15335],[-65.733,18.15202],[-65.73502,18.15254],[-65.73597,18.15445],[-65.73585,18.15844],[-65.73916,18.15944],[-65.74961,18.15952],[-65.75008,18.15843],[-65.75762,18.15389],[-65.76297,18.14896],[-65.76279,18.14386],[-65.77415,18.12645],[-65.77604,18.12098],[-65.77448,18.11863],[-65.76987,18.11637],[-65.76963,18.11527],[-65.77028,18.11394],[-65.77162,18.11376],[-65.77385,18.11529],[-65.78361,18.10422],[-65.7852,18.10074],[-65.7856,18.09618]]]},"properties":{"TRACTCE":"991800","GEOID":"72069991800","NAME":"9918","NAMELSAD":"Census Tract 9918","COUNTYFP":"069"}},
{"type":"Feature","geometry":{"type":"Polygon","coordinates":[[[-65.83917,18.15172],[-65.83309,18.14462],[-65.84678,18.14531],[-65.84801,18.14399],[-65.84775,18.14191],[-65.84874,18.14096],[-65.84506,18.14062],[-65.84435,18.14165],[-65.84248,18.14163],[-65.84067,18.1402],[-65.83881,18.14058],[-65.8382,18.13947],[-65.83339,18.13999],[-65.83159,18.1381],[-65.82049,18.14084],[-65.81426,18.1391],[-65.80895,18.13622],[-65.80959,18.13529],[-65.80751,18.13415],[-65.80429,18.1342],[-65.80443,18.13555],[-65.81496,18.14281],[-65.82617,18.14469],[-65.82867,18.14729],[-65.82946,18.14976],[-65.83299,18.14842],[-65.83337,18.15123],[-65.83683,18.15109],[-65.83917,18.15172]]]},"properties":{"TRACTCE":"180700","GEOID":"72069180700","NAME":"1807","NAMELSAD":"Census Tract 1807","COUNTYFP":"069"}},
{"type":"Feature","geometry":{"type":"Polygon","coordinates":[[[-65.83661,18.1753],[-65.8315,18.17288],[-65.82923,18.17323],[-65.8262,18.17507],[-65.82373,18.17468],[-65.82054,18.16876],[-65.82111,18.16709],[-65.81924,18.16555],[-65.81887,18.16247],[-65.81659,18.1599],[-65.81809,18.15837],[-65.8172,18.1576],[-65.81441,18.15833],[-65.81513,18.16169],[-65.81356,18.18354],[-65.80972,18.18409],[-65.80617,18.18247],[-65.80068,18.18162],[-65.79916,18.18395],[-65.79662,18.18509],[-65.79347,18.18986],[-65.79128,18.19059],[-65.78825,18.19314],[-65.78935,18.19419],[-65.78831,18.1946],[-65.78971,18.19554],[-65.78872,18.19607],[-65.79153,18.19769],[-65.79121,18.20433],[-65.79248,18.20676],[-65.79556,18.20572],[-65.79745,18.20364],[-65.79887,18.20416],[-65.79985,18.2026],[-65.80713,18.20538],[-65.81239,18.20451],[-65.81678,18.20501],[-65.8176,18.20586],[-65.81945,18.20559],[-65.81998,18.20441],[-65.82329,18.20281],[-65.82448,18.20033],[-65.82606,18.20041],[-65.82572,18.19241],[-65.82774,18.18789],[-65.8302,18.18525],[-65.83272,18.18431],[-65.83528,18.18003],[-65.83661,18.1753]]]},"properties":{"TRACTCE":"180202","GEOID":"72069180202","NAME":"1802.02","NAMELSAD":"Census Tract 1802.02","COUNTYFP":"069"}},
{"type":"Feature","geometry":{"type":"Polygon","coordinates":[[[-66.17756,18.4193],[-66.17832,18.41919],[-66.18024,18.42136],[-66.18235,18.42178],[-66.18563,18.42144],[-66.18758,18.41956],[-66.18642,18.41947],[-66.18605,18.41592],[-66.18508,18.41564],[-66.18456,18.40446],[-66.18007,18.40327],[-66.17728,18.40259],[-66.17734,18.4052],[-66.17907,18.40671],[-66.17709,18.41739],[-66.17748,18.41872],[-66.17756,18.4193]]]},"properties":{"TRACTCE":"031033","GEOID":"72021031033","NAME":"310.33","NAMELSAD":"Census Tract 310.33","COUNTYFP":"021"}},
{"type":"Feature","geometry":{"type":"Polygon","coordinates":[[[-66.38211,18.17226],[-66.3819,18.17004],[-66.38339,18.16882],[-66.3825,18.16446],[-66.38023,18.16187],[-66.38023,18.15989],[-66.38125,18.15816],[-66.38337,18.15771],[-66.3866,18.1553],[-66.38411,18.14913],[-66.38584,18.1445],[-66.38314,18.13863],[-66.38065,18.13667],[-66.38006,18.13473],[-66.37694,18.13317],[-66.37604,18.13018],[-66.37709,18.12857],[-66.37481,18.12795],[-66.37437,18.12506],[-66.3677,18.1274],[-66.37012,18.12548],[-66.37053,18.11981],[-66.3664,18.11842],[-66.36467,18.11597],[-66.36687,18.11348],[-66.36717,18.11132],[-66.36913,18.11002],[-66.36619,18.1078],[-66.36621,18.10559],[-66.36703,18.10485],[-66.36588,18.10323],[-66.36422,18.10271],[-66.36308,18.09774],[-66.36186,18.09632],[-66.35975,18.09681],[-66.36033,18.10002],[-66.35877,18.10296],[-66.35513,18.1009],[-66.35321,18.10139],[-66.34564,18.10718],[-66.34429,18.11177],[-66.34491,18.11469],[-66.34311,18.11549],[-66.34045,18.11911],[-66.33513,18.12007],[-66.33221,18.1184],[-66.32863,18.11834],[-66.32526,18.11425],[-66.32488,18.11106],[-66.32359,18.11091],[-66.3233,18.10923],[-66.32092,18.10894],[-66.31609,18.11192],[-66.31377,18.11724],[-66.31077,18.11817],[-66.32091,18.12601],[-66.31658,18.13332],[-66.31307,18.13628],[-66.31262,18.13774],[-66.31587,18.13851],[-66.31674,18.14018],[-66.31432,18.15032],[-66.31485,18.15209],[-66.31654,18.15281],[-66.31794,18.15499],[-66.3215,18.15562],[-66.32305,18.1571],[-66.3222,18.15948],[-66.32232,18.1655],[-66.32432,18.16466],[-66.32461,18.1658],[-66.32663,18.16622],[-66.3273,18.16483],[-66.32969,18.16464],[-66.33068,18.16826],[-66.33372,18.16819],[-66.33389,18.16739],[-66.33838,18.16866],[-66.33925,18.16627],[-66.34042,18.1655],[-66.34154,18.16586],[-66.34192,18.16818],[-66.34345,18.1673],[-66.34664,18.16737],[-66.34794,18.1662],[-66.35109,18.16543],[-66.35484,18.16768],[-66.35554,18.16938],[-66.36244,18.17033],[-66.36504,18.1697],[-66.3679,18.17223],[-66.37377,18.17369],[-66.37461,18.1749],[-66.37644,18.17285],[-66.37812,18.1725],[-66.3793,18.17331],[-66.38211,18.17226]]]},"properties":{"TRACTCE":"953900","GEOID":"72043953900","NAME":"9539","NAMELSAD":"Census Tract 9539","COUNTYFP":"043"}},
{"type":"Feature","geometry":{"type":"Polygon","coordinates":[[[-65.85254,18.4017],[-65.8524,18.40078],[-65.84547,18.40333],[-65.84808,18.39599],[-65.84851,18.38636],[-65.84385,18.38477],[-65.85014,18.38017],[-65.8455,18.38029],[-65.83989,18.3788],[-65.83567,18.37898],[-65.83281,18.38003],[-65.83272,18.38392],[-65.83183,18.38411],[-65.83024,18.38801],[-65.82489,18.39172],[-65.82242,18.39613],[-65.82311,18.39945],[-65.82651,18.40668],[-65.82583,18.41005],[-65.8286,18.4212],[-65.82966,18.42241],[-65.83293,18.42042],[-65.83512,18.4148],[-65.83669,18.41431],[-65.84265,18.40868],[-65.84382,18.4057],[-65.84992,18.40351],[-65.85254,18.4017]]]},"properties":{"TRACTCE":"130300","GEOID":"72119130300","NAME":"1303","NAMELSAD":"Census Tract 1303","COUNTYFP":"119"}},
{"type":"Feature","geometry":{"type":"Polygon","coordinates":[[[-65.85014,18.38017],[-65.85166,18.37851],[-65.85202,18.3757],[-65.85136,18.37448],[-65.8524,18.37359],[-65.85145,18.37301],[-65.85188,18.3723],[-65.843,18.37119],[-65.84256,18.37255],[-65.84249,18.37185],[-65.84123,18.37176],[-65.83976,18.37514],[-65.83788,18.37454],[-65.83674,18.37787],[-65.83989,18.3788],[-65.8455,18.38029],[-65.85014,18.38017]]]},"properties":{"TRACTCE":"130500","GEOID":"72119130500","NAME":"1305","NAMELSAD":"Census Tract 1305","COUNTYFP":"119"}},
{"type":"Feature","geometry":{"type":"Polygon","coordinates":[[[-65.98226,18.38348],[-65.98367,18.37818],[-65.98305,18.37711],[-65.98116,18.37751],[-65.98025,18.37449],[-65.98261,18.37143],[-65.98185,18.37037],[-65.97682,18.37236],[-65.97147,18.37248],[-65.97096,18.38095],[-65.97662,18.38318],[-65.97859,18.38227],[-65.98041,18.3836],[-65.98226,18.38348]]]},"properties":{"TRACTCE":"050506","GEOID":"72031050506","NAME":"505.06","NAMELSAD":"Census Tract 505.06","COUNTYFP":"031"}},
{"type":"Feature","geometry":{"type":"Polygon","coordinates":[[[-66.00204,18.38388],[-65.99956,18.38006],[-65.99588,18.37759],[-65.9915,18.377],[-65.98915,18.37775],[-65.98817,18.38023],[-65.98584,18.38151],[-65.98619,18.38206],[-65.98474,18.38284],[-65.98339,18.38247],[-65.98226,18.38348],[-65.98041,18.3836],[-65.97824,18.38455],[-65.97727,18.38844],[-65.97553,18.38785],[-65.97407,18.38883],[-65.97797,18.39165],[-65.98524,18.39688],[-65.99143,18.39863],[-65.99143,18.39848],[-65.99513,18.39715],[-65.99381,18.39355],[-65.9924,18.39421],[-65.99182,18.39246],[-65.9905,18.38943],[-65.99599,18.38639],[-65.99645,18.38531],[-65.99803,18.38741],[-65.99921,18.38661],[-65.99869,18.38519],[-66.00204,18.38388]]]},"properties":{"TRACTCE":"050403","GEOID":"72031050403","NAME":"504.03","NAMELSAD":"Census Tract 504.03","COUNTYFP":"031"}},
{"type":"Feature","geometry":{"type":"Polygon","coordinates":[[[-66.04045,18.44653],[-66.04309,18.44405],[-66.03919,18.44082],[-66.03335,18.43741],[-66.032,18.43405],[-66.02973,18.4278],[-66.02381,18.42308],[-66.01999,18.41988],[-66.01707,18.41864],[-66.01367,18.42247],[-66.0142,18.42527],[-66.01355,18.42719],[-66.01396,18.42913],[-66.01443,18.42585],[-66.01926,18.4293],[-66.01954,18.43061],[-66.02232,18.43333],[-66.02207,18.43418],[-66.02783,18.43935],[-66.02562,18.44166],[-66.0277,18.44311],[-66.02739,18.44375],[-66.03209,18.44521],[-66.03739,18.44909],[-66.0378,18.44854],[-66.03825,18.44637],[-66.04045,18.44653]]]},"properties":{"TRACTCE":"050112","GEOID":"72031050112","NAME":"501.12","NAMELSAD":"Census Tract 501.12","COUNTYFP":"031"}},
{"type":"Feature","geometry":{"type":"Polygon","coordinates":[[[-65.97407,18.38883],[-65.97553,18.38785],[-65.97727,18.38844],[-65.97824,18.38455],[-65.98041,18.3836],[-65.97859,18.38227],[-65.97662,18.38318],[-65.97096,18.38095],[-65.97147,18.37248],[-65.96753,18.37219],[-65.96481,18.36886],[-65.96439,18.36974],[-65.96453,18.37234],[-65.96207,18.37482],[-65.95989,18.37345],[-65.95587,18.37331],[-65.95456,18.37329],[-65.9538,18.36992],[-65.95131,18.3701],[-65.95031,18.37301],[-65.95161,18.37579],[-65.95348,18.37609],[-65.95903,18.37769],[-65.97407,18.38883]]]},"properties":{"TRACTCE":"050505","GEOID":"72031050505","NAME":"505.05","NAMELSAD":"Census Tract 505.05","COUNTYFP":"031"}},
{"type":"Feature","geometry":{"type":"Polygon","coordinates":[[[-66.02739,18.44375],[-66.0277,18.44311],[-66.02562,18.44166],[-66.02783,18.43935],[-66.02207,18.43418],[-66.02232,18.43333],[-66.01954,18.43061],[-66.01926,18.4293],[-66.01443,18.42585],[-66.01396,18.42913],[-66.01476,18.43215],[-66.0188,18.43327],[-66.02228,18.43828],[-66.01353,18.44181],[-66.01605,18.44206],[-66.02507,18.4431],[-66.02739,18.44375]]]},"properties":{"TRACTCE":"050113","GEOID":"72031050113","NAME":"501.13","NAMELSAD":"Census Tract 501.13","COUNTYFP":"031"}},
{"type":"Feature","geometry":{"type":"Polygon","coordinates":[[[-65.99513,18.39715],[-65.99713,18.39683],[-65.99799,18.39535],[-65.99899,18.39586],[-65.99982,18.39486],[-66.00082,18.39518],[-66.00111,18.39415],[-66.00293,18.39482],[-66.00344,18.3921],[-66.00314,18.3914],[-65.9968,18.39282],[-65.99598,18.38956],[-65.99421,18.39056],[-65.99362,18.39199],[-65.99182,18.39246],[-65.9924,18.39421],[-65.99381,18.39355],[-65.99513,18.39715]]]},"properties":{"TRACTCE":"050404","GEOID":"72031050404","NAME":"504.04","NAMELSAD":"Census Tract 504.04","COUNTYFP":"031"}},
{"type":"Feature","geometry":{"type":"Polygon","coordinates":[[[-66.00344,18.3921],[-66.00332,18.38689],[-66.00204,18.38388],[-65.99869,18.38519],[-65.99921,18.38661],[-65.99803,18.38741],[-65.99645,18.38531],[-65.99599,18.38639],[-65.9905,18.38943],[-65.99182,18.39246],[-65.99362,18.39199],[-65.99421,18.39056],[-65.99598,18.38956],[-65.9968,18.39282],[-66.00314,18.3914],[-66.00344,18.3921]]]},"properties":{"TRACTCE":"050405","GEOID":"72031050405","NAME":"504.05","NAMELSAD":"Census Tract 504.05","COUNTYFP":"031"}},
{"type":"Feature","geometry":{"type":"Polygon","coordinates":[[[-66.34892,18.4607],[-66.34845,18.45144],[-66.3457,18.45397],[-66.34229,18.44914],[-66.32996,18.45086],[-66.31742,18.45107],[-66.31545,18.47048],[-66.31465,18.47811],[-66.31456,18.47891],[-66.31886,18.48084],[-66.32181,18.4775],[-66.33119,18.47744],[-66.33121,18.47464],[-66.34096,18.47471],[-66.34287,18.46813],[-66.34662,18.46097],[-66.34892,18.4607]]]},"properties":{"TRACTCE":"550103","GEOID":"72143550103","NAME":"5501.03","NAMELSAD":"Census Tract 5501.03","COUNTYFP":"143"}},
{"type":"Feature","geometry":{"type":"Polygon","coordinates":[[[-66.34229,18.44914],[-66.33744,18.44333],[-66.33256,18.43969],[-66.33216,18.44402],[-66.32969,18.44557],[-66.3273,18.44451],[-66.32627,18.44252],[-66.32328,18.44346],[-66.31408,18.44264],[-66.31742,18.45107],[-66.32996,18.45086],[-66.34229,18.44914]]]},"properties":{"TRACTCE":"550102","GEOID":"72143550102","NAME":"5501.02","NAMELSAD":"Census Tract 5501.02","COUNTYFP":"143"}},
{"type":"Feature","geometry":{"type":"Polygon","coordinates":[[[-66.34969,18.48804],[-66.34892,18.4607],[-66.34662,18.46097],[-66.34287,18.46813],[-66.34096,18.47471],[-66.33121,18.47464],[-66.33119,18.47744],[-66.32181,18.4775],[-66.31886,18.48084],[-66.33639,18.49013],[-66.33891,18.49],[-66.3425,18.48598],[-66.34969,18.48804]]]},"properties":{"TRACTCE":"550101","GEOID":"72143550101","NAME":"5501.01","NAMELSAD":"Census Tract 5501.01","COUNTYFP":"143"}},
{"type":"Feature","geometry":{"type":"Polygon","coordinates":[[[-66.189,18.40555],[-66.19213,18.40276],[-66.19278,18.40108],[-66.18648,18.40029],[-66.188,18.39979],[-66.18643,18.39879],[-66.18816,18.39875],[-66.18732,18.39764],[-66.18862,18.39763],[-66.18911,18.39482],[-66.18754,18.3924],[-66.18618,18.39628],[-66.18334,18.3959],[-66.18259,18.39584],[-66.18229,18.40038],[-66.18044,18.40166],[-66.18007,18.40327],[-66.18456,18.40446],[-66.189,18.40555]]]},"properties":{"TRACTCE":"031034","GEOID":"72021031034","NAME":"310.34","NAMELSAD":"Census Tract 310.34","COUNTYFP":"021"}},
{"type":"Feature","geometry":{"type":"Polygon","coordinates":[[[-66.76296,17.99802],[-66.77549,17.99164],[-66.77546,17.99037],[-66.77412,17.9148],[-66.76731,17.91544],[-66.76189,17.91788],[-66.74633,17.91543],[-66.73854,17.9168],[-66.72378,17.9121],[-66.71524,17.91268],[-66.70534,17.95254],[-66.69988,17.97451],[-66.70756,17.97726],[-66.71155,17.9777],[-66.71163,17.97643],[-66.72744,17.97126],[-66.72729,17.96819],[-66.72953,17.96428],[-66.73295,17.96251],[-66.73845,17.96569],[-66.737,17.97358],[-66.73126,17.97613],[-66.7268,17.97168],[-66.72079,17.97533],[-66.72324,17.97735],[-66.72201,17.98307],[-66.72017,17.98445],[-66.71666,17.98339],[-66.71922,17.98635],[-66.72541,17.98826],[-66.72981,17.98736],[-66.7331,17.97941],[-66.74006,17.97692],[-66.74485,17.98],[-66.7453,17.98344],[-66.74452,17.98477],[-66.74597,17.98556],[-66.74886,17.9819],[-66.74976,17.97888],[-66.74413,17.97751],[-66.74095,17.97581],[-66.74045,17.97157],[-66.74413,17.96945],[-66.74424,17.96617],[-66.74752,17.96086],[-66.75023,17.96055],[-66.75483,17.9623],[-66.75903,17.96543],[-66.75903,17.96754],[-66.75424,17.97086],[-66.75473,17.97223],[-66.76004,17.97276],[-66.76198,17.97366],[-66.76416,17.97761],[-66.76661,17.97723],[-66.76781,17.98088],[-66.76692,17.98487],[-66.76551,17.98663],[-66.7632,17.98756],[-66.7602,17.98747],[-66.75965,17.99021],[-66.76241,17.99173],[-66.76581,17.99217],[-66.76769,17.99477],[-66.75934,17.99781],[-66.76296,17.99802]]]},"properties":{"TRACTCE":"990000","GEOID":"72111990000","NAME":"9900","NAMELSAD":"Census Tract 9900","COUNTYFP":"111"}},
{"type":"Feature","geometry":{"type":"Polygon","coordinates":[[[-66.49052,18.47861],[-66.49318,18.46069],[-66.49696,18.45546],[-66.49646,18.45087],[-66.49933,18.44398],[-66.50095,18.44207],[-66.50027,18.43537],[-66.4978,18.43231],[-66.49441,18.43167],[-66.49344,18.42973],[-66.48783,18.43227],[-66.4885,18.43756],[-66.48564,18.43933],[-66.48428,18.44281],[-66.47992,18.44709],[-66.48216,18.4484],[-66.48211,18.45582],[-66.48384,18.46055],[-66.48416,18.46581],[-66.48798,18.46585],[-66.4876,18.46795],[-66.48629,18.46818],[-66.48569,18.4698],[-66.48236,18.47008],[-66.48546,18.47238],[-66.48492,18.47693],[-66.49052,18.47861]]]},"properties":{"TRACTCE":"570201","GEOID":"72091570201","NAME":"5702.01","NAMELSAD":"Census Tract 5702.01","COUNTYFP":"091"}},
{"type":"Feature","geometry":{"type":"Polygon","coordinates":[[[-66.27866,18.24375],[-66.28144,18.24299],[-66.28124,18.24143],[-66.28408,18.23943],[-66.2865,18.24096],[-66.28849,18.2405],[-66.28917,18.23777],[-66.28865,18.23595],[-66.29109,18.23362],[-66.28974,18.23122],[-66.29023,18.22927],[-66.28796,18.22802],[-66.28788,18.22463],[-66.28449,18.22185],[-66.28703,18.21982],[-66.28581,18.2158],[-66.28947,18.21383],[-66.29298,18.20578],[-66.29649,18.20313],[-66.2958,18.19913],[-66.29619,18.19336],[-66.29408,18.19252],[-66.29335,18.19052],[-66.29068,18.18823],[-66.28795,18.188],[-66.28658,18.18689],[-66.28729,18.18687],[-66.28759,18.18551],[-66.29001,18.18465],[-66.29013,18.18556],[-66.29206,18.18371],[-66.28839,18.18147],[-66.2865,18.17854],[-66.2768,18.17517],[-66.27703,18.17392],[-66.27556,18.17258],[-66.27308,18.17371],[-66.26899,18.17241],[-66.26616,18.17256],[-66.26318,18.17094],[-66.25986,18.17105],[-66.25774,18.16986],[-66.25656,18.17106],[-66.2555,18.16615],[-66.25248,18.16528],[-66.24874,18.16545],[-66.24699,18.1682],[-66.24894,18.17002],[-66.24785,18.1741],[-66.24273,18.18025],[-66.24288,18.183],[-66.24046,18.18479],[-66.24049,18.18563],[-66.24461,18.18858],[-66.24403,18.19103],[-66.24193,18.19225],[-66.24406,18.19348],[-66.24669,18.1911],[-66.24842,18.19152],[-66.25091,18.19062],[-66.25077,18.18918],[-66.25213,18.18726],[-66.25386,18.18795],[-66.25444,18.18692],[-66.25526,18.18717],[-66.25555,18.18367],[-66.25665,18.18277],[-66.26355,18.18496],[-66.26447,18.20572],[-66.26666,18.20738],[-66.27099,18.21743],[-66.26533,18.23355],[-66.26643,18.23505],[-66.26581,18.23679],[-66.26845,18.24133],[-66.26647,18.24527],[-66.27866,18.24375]]]},"properties":{"TRACTCE":"952202","GEOID":"72019952202","NAME":"9522.02","NAMELSAD":"Census Tract 9522.02","COUNTYFP":"019"}},
{"type":"Feature","geometry":{"type":"Polygon","coordinates":[[[-66.34145,18.2392],[-66.34325,18.23671],[-66.34242,18.23457],[-66.34392,18.23033],[-66.34114,18.22902],[-66.34291,18.2267],[-66.3416,18.22266],[-66.339,18.22169],[-66.33795,18.21876],[-66.33443,18.21548],[-66.33655,18.21244],[-66.33182,18.21071],[-66.32745,18.20721],[-66.32582,18.20712],[-66.32265,18.20987],[-66.32151,18.20844],[-66.32066,18.20983],[-66.31984,18.20966],[-66.3187,18.20769],[-66.31898,18.20623],[-66.32105,18.20617],[-66.3231,18.20477],[-66.322,18.20499],[-66.31922,18.20333],[-66.31812,18.20064],[-66.31563,18.19845],[-66.31579,18.19566],[-66.31739,18.1941],[-66.31507,18.19247],[-66.31561,18.19058],[-66.31486,18.19098],[-66.31024,18.18765],[-66.30876,18.18864],[-66.30463,18.18731],[-66.30348,18.18953],[-66.30366,18.19121],[-66.30688,18.19205],[-66.30533,18.19399],[-66.30577,18.1971],[-66.30243,18.20165],[-66.30282,18.20829],[-66.30375,18.21007],[-66.30218,18.2113],[-66.30307,18.21263],[-66.30175,18.21495],[-66.30169,18.22014],[-66.30376,18.22333],[-66.30377,18.22726],[-66.3062,18.22829],[-66.3092,18.23524],[-66.3068,18.23812],[-66.30775,18.24007],[-66.30707,18.24148],[-66.30848,18.24469],[-66.31068,18.24506],[-66.3111,18.24779],[-66.31401,18.24851],[-66.3133,18.24932],[-66.31547,18.24963],[-66.32022,18.24772],[-66.3263,18.24788],[-66.32703,18.24419],[-66.33158,18.24347],[-66.33599,18.2395],[-66.34012,18.23869],[-66.34145,18.2392]]]},"properties":{"TRACTCE":"952302","GEOID":"72019952302","NAME":"9523.02","NAMELSAD":"Census Tract 9523.02","COUNTYFP":"019"}},
{"type":"Feature","geometry":{"type":"Polygon","coordinates":[[[-66.30707,18.24148],[-66.30775,18.24007],[-66.3068,18.23812],[-66.3092,18.23524],[-66.3062,18.22829],[-66.30377,18.22726],[-66.30376,18.22333],[-66.30169,18.22014],[-66.30175,18.21495],[-66.30307,18.21263],[-66.30218,18.2113],[-66.30375,18.21007],[-66.30282,18.20829],[-66.30243,18.20165],[-66.30577,18.1971],[-66.30533,18.19399],[-66.30688,18.19205],[-66.30366,18.19121],[-66.30348,18.18953],[-66.30463,18.18731],[-66.30397,18.18651],[-66.30271,18.18739],[-66.30228,18.18633],[-66.30221,18.18745],[-66.29719,18.18671],[-66.29677,18.18418],[-66.29778,18.18389],[-66.29013,18.18556],[-66.29001,18.18465],[-66.28759,18.18551],[-66.28729,18.18687],[-66.28658,18.18689],[-66.28795,18.188],[-66.29068,18.18823],[-66.29335,18.19052],[-66.29408,18.19252],[-66.29619,18.19336],[-66.2958,18.19913],[-66.29649,18.20313],[-66.29298,18.20578],[-66.28947,18.21383],[-66.28581,18.2158],[-66.28703,18.21982],[-66.28449,18.22185],[-66.28788,18.22463],[-66.28796,18.22802],[-66.29023,18.22927],[-66.28974,18.23122],[-66.29109,18.23362],[-66.28865,18.23595],[-66.28917,18.23777],[-66.28849,18.2405],[-66.2865,18.24096],[-66.28408,18.23943],[-66.28124,18.24143],[-66.28144,18.24299],[-66.27866,18.24375],[-66.2877,18.24463],[-66.29362,18.24649],[-66.29516,18.24542],[-66.29801,18.2457],[-66.30164,18.24474],[-66.30531,18.24158],[-66.30649,18.24097],[-66.30707,18.24148]]]},"properties":{"TRACTCE":"952201","GEOID":"72019952201","NAME":"9522.01","NAMELSAD":"Census Tract 9522.01","COUNTYFP":"019"}},
{"type":"Feature","geometry":{"type":"Polygon","coordinates":[[[-66.35463,18.19193],[-66.35182,18.18997],[-66.35053,18.19006],[-66.35047,18.18892],[-66.34884,18.18738],[-66.34696,18.18881],[-66.34022,18.19045],[-66.33859,18.19223],[-66.33719,18.19119],[-66.33806,18.18979],[-66.33393,18.19029],[-66.33323,18.19112],[-66.32226,18.18926],[-66.31884,18.19038],[-66.31786,18.18873],[-66.31561,18.19058],[-66.31507,18.19247],[-66.31739,18.1941],[-66.31579,18.19566],[-66.31563,18.19845],[-66.31812,18.20064],[-66.31922,18.20333],[-66.322,18.20499],[-66.3231,18.20477],[-66.32105,18.20617],[-66.31898,18.20623],[-66.3187,18.20769],[-66.31984,18.20966],[-66.32066,18.20983],[-66.32151,18.20844],[-66.32265,18.20987],[-66.32582,18.20712],[-66.32745,18.20721],[-66.33182,18.21071],[-66.33655,18.21244],[-66.33443,18.21548],[-66.33795,18.21876],[-66.339,18.22169],[-66.3416,18.22266],[-66.34291,18.2267],[-66.34114,18.22902],[-66.34392,18.23033],[-66.34242,18.23457],[-66.34325,18.23671],[-66.34145,18.2392],[-66.35079,18.24124],[-66.35161,18.23192],[-66.35028,18.22718],[-66.35118,18.22497],[-66.35214,18.22497],[-66.35341,18.2261],[-66.35449,18.22286],[-66.35274,18.22056],[-66.35373,18.2186],[-66.35155,18.21846],[-66.35254,18.21047],[-66.35065,18.20555],[-66.353,18.19837],[-66.35209,18.19744],[-66.35161,18.19423],[-66.3522,18.19323],[-66.35429,18.19328],[-66.35395,18.19214],[-66.35463,18.19193]]]},"properties":{"TRACTCE":"952301","GEOID":"72019952301","NAME":"9523.01","NAMELSAD":"Census Tract 9523.01","COUNTYFP":"019"}},
{"type":"Feature","geometry":{"type":"Polygon","coordinates":[[[-67.07358,18.48789],[-67.06963,18.48613],[-67.06708,18.48378],[-67.06326,18.4844],[-67.06146,18.4807],[-67.05846,18.47998],[-67.05924,18.47598],[-67.05881,18.47042],[-67.05865,18.46881],[-67.0564,18.4688],[-67.05651,18.46095],[-67.03755,18.46648],[-67.03917,18.48156],[-67.04081,18.48417],[-67.04108,18.49193],[-67.03281,18.49635],[-67.03264,18.49496],[-67.02734,18.49522],[-67.02522,18.49975],[-67.02489,18.5006],[-67.03766,18.50037],[-67.0708,18.50029],[-67.07177,18.49989],[-67.07144,18.49552],[-67.07358,18.48789]]]},"properties":{"TRACTCE":"410403","GEOID":"72071410403","NAME":"4104.03","NAMELSAD":"Census Tract 4104.03","COUNTYFP":"071"}},
{"type":"Feature","geometry":{"type":"Polygon","coordinates":[[[-67.02423,18.47021],[-67.02508,18.46643],[-67.02457,18.46228],[-67.01804,18.46161],[-67.01668,18.45851],[-67.01516,18.44417],[-67.01228,18.4378],[-67.01414,18.4333],[-67.01316,18.43282],[-67.01214,18.42964],[-67.00811,18.43139],[-67.00721,18.43292],[-67.00499,18.43264],[-67.00499,18.44238],[-67.00126,18.44329],[-66.99962,18.44255],[-66.99865,18.44327],[-66.9988,18.44734],[-67.00129,18.45408],[-67.00397,18.45682],[-67.00512,18.46007],[-67.00708,18.47205],[-67.01634,18.47274],[-67.02423,18.47021]]]},"properties":{"TRACTCE":"410704","GEOID":"72071410704","NAME":"4107.04","NAMELSAD":"Census Tract 4107.04","COUNTYFP":"071"}},
{"type":"Feature","geometry":{"type":"Polygon","coordinates":[[[-67.02734,18.49522],[-67.03264,18.49496],[-67.03281,18.49635],[-67.04108,18.49193],[-67.04081,18.48417],[-67.03917,18.48156],[-67.03755,18.46648],[-67.03212,18.46809],[-67.02734,18.49522]]]},"properties":{"TRACTCE":"410404","GEOID":"72071410404","NAME":"4104.04","NAMELSAD":"Census Tract 4104.04","COUNTYFP":"071"}},
{"type":"Feature","geometry":{"type":"Polygon","coordinates":[[[-66.08226,18.03296],[-66.08223,18.03093],[-66.08448,18.02831],[-66.08826,18.02626],[-66.08936,18.02455],[-66.09115,18.0248],[-66.09514,18.02205],[-66.09167,18.02113],[-66.0912,18.01758],[-66.0857,18.01293],[-66.08385,18.01292],[-66.08203,18.01027],[-66.08127,18.00446],[-66.07977,18.0018],[-66.0772,18.00013],[-66.07632,18.00049],[-66.07528,17.99619],[-66.07334,17.99606],[-66.07247,17.99511],[-66.07161,17.99373],[-66.07163,17.99093],[-66.06127,17.98605],[-66.06132,17.99046],[-66.05959,17.99519],[-66.06059,17.99578],[-66.05875,17.99999],[-66.05913,18.00833],[-66.0562,18.0109],[-66.05474,18.01391],[-66.05236,18.01381],[-66.04565,18.01112],[-66.04188,18.01709],[-66.04266,18.02206],[-66.04408,18.02282],[-66.04331,18.02519],[-66.04368,18.02945],[-66.04666,18.03194],[-66.04833,18.03577],[-66.05418,18.03761],[-66.05766,18.04047],[-66.07119,18.03708],[-66.07704,18.03704],[-66.07943,18.03385],[-66.08226,18.03296]]]},"properties":{"TRACTCE":"280101","GEOID":"72015280101","NAME":"2801.01","NAMELSAD":"Census Tract 2801.01","COUNTYFP":"015"}},
{"type":"Feature","geometry":{"type":"Polygon","coordinates":[[[-66.64672,18.44165],[-66.64803,18.43792],[-66.64724,18.43627],[-66.64482,18.43536],[-66.63724,18.43685],[-66.63219,18.43635],[-66.62672,18.43715],[-66.62233,18.43825],[-66.61634,18.43683],[-66.61364,18.43945],[-66.61007,18.44013],[-66.60427,18.43938],[-66.59633,18.43572],[-66.58988,18.43791],[-66.58777,18.4376],[-66.58778,18.44119],[-66.58274,18.44166],[-66.58081,18.45947],[-66.58491,18.45882],[-66.59141,18.45966],[-66.59575,18.45776],[-66.60022,18.45722],[-66.61323,18.4581],[-66.61282,18.45538],[-66.6153,18.45474],[-66.61663,18.4509],[-66.62137,18.44679],[-66.62633,18.44566],[-66.62964,18.4414],[-66.63249,18.44197],[-66.63321,18.44602],[-66.63442,18.44589],[-66.63361,18.45112],[-66.63457,18.45098],[-66.63511,18.44975],[-66.63968,18.44907],[-66.63931,18.44773],[-66.64058,18.44481],[-66.64409,18.44563],[-66.64607,18.44744],[-66.64672,18.44165]]]},"properties":{"TRACTCE":"300102","GEOID":"72013300102","NAME":"3001.02","NAMELSAD":"Census Tract 3001.02","COUNTYFP":"013"}},
{"type":"Feature","geometry":{"type":"Polygon","coordinates":[[[-66.62672,18.43715],[-66.62843,18.43525],[-66.62953,18.43026],[-66.62897,18.4158],[-66.62725,18.41389],[-66.62292,18.41669],[-66.62068,18.41704],[-66.62134,18.40946],[-66.60974,18.41355],[-66.60822,18.41235],[-66.60794,18.40916],[-66.60683,18.40851],[-66.60479,18.40278],[-66.60347,18.40191],[-66.59306,18.40752],[-66.591,18.41015],[-66.58761,18.41027],[-66.58648,18.41341],[-66.58394,18.43186],[-66.58324,18.4378],[-66.58414,18.43868],[-66.58777,18.4376],[-66.58988,18.43791],[-66.59633,18.43572],[-66.60427,18.43938],[-66.61007,18.44013],[-66.61364,18.43945],[-66.61634,18.43683],[-66.62233,18.43825],[-66.62672,18.43715]]]},"properties":{"TRACTCE":"302202","GEOID":"72013302202","NAME":"3022.02","NAMELSAD":"Census Tract 3022.02","COUNTYFP":"013"}},
{"type":"Feature","geometry":{"type":"Polygon","coordinates":[[[-66.6215,18.40408],[-66.62086,18.39641],[-66.62227,18.38652],[-66.62137,18.38577],[-66.61863,18.38573],[-66.61216,18.38954],[-66.60616,18.38679],[-66.60315,18.38977],[-66.60077,18.3896],[-66.59837,18.38826],[-66.59657,18.39275],[-66.5962,18.39677],[-66.59475,18.39797],[-66.59098,18.3967],[-66.59328,18.39899],[-66.591,18.41015],[-66.59306,18.40752],[-66.60347,18.40191],[-66.60479,18.40278],[-66.60683,18.40851],[-66.60794,18.40916],[-66.60822,18.41235],[-66.60974,18.41355],[-66.62134,18.40946],[-66.6215,18.40408]]]},"properties":{"TRACTCE":"302201","GEOID":"72013302201","NAME":"3022.01","NAMELSAD":"Census Tract 3022.01","COUNTYFP":"013"}},
{"type":"Feature","geometry":{"type":"Polygon","coordinates":[[[-66.19477,18.4175],[-66.19829,18.4137],[-66.19636,18.40987],[-66.19775,18.40782],[-66.19688,18.40537],[-66.189,18.40555],[-66.18456,18.40446],[-66.18508,18.41564],[-66.18605,18.41592],[-66.18642,18.41947],[-66.18758,18.41956],[-66.19146,18.41825],[-66.19409,18.41869],[-66.19477,18.4175]]]},"properties":{"TRACTCE":"031032","GEOID":"72021031032","NAME":"310.32","NAMELSAD":"Census Tract 310.32","COUNTYFP":"021"}},
{"type":"Feature","geometry":{"type":"Polygon","coordinates":[[[-66.03535,18.24037],[-66.03531,18.23887],[-66.03356,18.23759],[-66.02734,18.23665],[-66.02392,18.23727],[-66.01967,18.23905],[-66.01668,18.24031],[-66.01266,18.23932],[-66.00946,18.24105],[-66.0116,18.24146],[-66.01416,18.24403],[-66.01465,18.24537],[-66.0134,18.24773],[-66.02341,18.25102],[-66.02749,18.24624],[-66.02935,18.24097],[-66.03535,18.24037]]]},"properties":{"TRACTCE":"200600","GEOID":"72025200600","NAME":"2006","NAMELSAD":"Census Tract 2006","COUNTYFP":"025"}},
{"type":"Feature","geometry":{"type":"Polygon","coordinates":[[[-66.01967,18.23905],[-66.01864,18.23422],[-66.01354,18.23199],[-66.01147,18.22958],[-66.00902,18.23142],[-66.00813,18.23638],[-66.00946,18.24105],[-66.01266,18.23932],[-66.01668,18.24031],[-66.01967,18.23905]]]},"properties":{"TRACTCE":"200700","GEOID":"72025200700","NAME":"2007","NAMELSAD":"Census Tract 2007","COUNTYFP":"025"}},
{"type":"Feature","geometry":{"type":"Polygon","coordinates":[[[-66.02799,18.22621],[-66.02679,18.22477],[-66.02226,18.22148],[-66.01898,18.22091],[-66.01896,18.22031],[-66.01721,18.22233],[-66.01577,18.22232],[-66.01529,18.22482],[-66.01345,18.22485],[-66.01368,18.22538],[-66.01347,18.22759],[-66.01147,18.22958],[-66.01354,18.23199],[-66.01864,18.23422],[-66.01967,18.23905],[-66.02392,18.23727],[-66.02363,18.2368],[-66.02143,18.23512],[-66.02263,18.23265],[-66.02,18.2314],[-66.0206,18.23034],[-66.02799,18.22621]]]},"properties":{"TRACTCE":"200800","GEOID":"72025200800","NAME":"2008","NAMELSAD":"Census Tract 2008","COUNTYFP":"025"}},
{"type":"Feature","geometry":{"type":"Polygon","coordinates":[[[-67.15087,18.18934],[-67.15111,18.18647],[-67.1472,18.18407],[-67.14713,18.18299],[-67.14303,18.18404],[-67.14279,18.18557],[-67.14061,18.18569],[-67.13887,18.18715],[-67.13781,18.18688],[-67.13632,18.18892],[-67.13775,18.19125],[-67.13661,18.19507],[-67.13923,18.19595],[-67.13917,18.19478],[-67.14058,18.1948],[-67.14127,18.1924],[-67.1431,18.1929],[-67.15087,18.18934]]]},"properties":{"TRACTCE":"081300","GEOID":"72097081300","NAME":"813","NAMELSAD":"Census Tract 813","COUNTYFP":"097"}},
{"type":"Feature","geometry":{"type":"Polygon","coordinates":[[[-66.07476,18.2676],[-66.07731,18.25651],[-66.07463,18.25426],[-66.07473,18.25332],[-66.07864,18.24817],[-66.06622,18.24256],[-66.06409,18.24271],[-66.06129,18.24239],[-66.05541,18.23556],[-66.05025,18.23313],[-66.04981,18.24261],[-66.05388,18.24543],[-66.05245,18.24752],[-66.04617,18.24613],[-66.04232,18.24097],[-66.04247,18.24488],[-66.04521,18.2497],[-66.04977,18.25512],[-66.05268,18.26388],[-66.0572,18.27061],[-66.07476,18.2676]]]},"properties":{"TRACTCE":"200304","GEOID":"72025200304","NAME":"2003.04","NAMELSAD":"Census Tract 2003.04","COUNTYFP":"025"}},
{"type":"Feature","geometry":{"type":"Polygon","coordinates":[[[-67.05096,18.44419],[-67.03242,18.40447],[-67.02717,18.39338],[-67.02638,18.39205],[-67.02505,18.39206],[-67.02032,18.39491],[-67.01979,18.39423],[-67.01383,18.39513],[-67.01277,18.39431],[-67.00914,18.39513],[-67.00845,18.39425],[-67.00605,18.39423],[-67.00609,18.39821],[-67.00522,18.39966],[-67.00374,18.40016],[-67.00155,18.40468],[-66.99923,18.40499],[-66.99935,18.41133],[-66.99849,18.4147],[-66.9992,18.41675],[-66.99682,18.42038],[-66.99775,18.429],[-66.99651,18.43097],[-66.99774,18.43293],[-66.99546,18.43539],[-66.99639,18.43974],[-66.99865,18.44327],[-66.99962,18.44255],[-67.00126,18.44329],[-67.00499,18.44238],[-67.00499,18.43264],[-67.00721,18.43292],[-67.00811,18.43139],[-67.01214,18.42964],[-67.01316,18.43282],[-67.01414,18.4333],[-67.01228,18.4378],[-67.01516,18.44417],[-67.01668,18.45851],[-67.01804,18.46161],[-67.02457,18.46228],[-67.02839,18.46313],[-67.03092,18.45909],[-67.03372,18.45834],[-67.03359,18.45524],[-67.03486,18.45108],[-67.04499,18.44826],[-67.05096,18.44419]]]},"properties":{"TRACTCE":"410703","GEOID":"72071410703","NAME":"4107.03","NAMELSAD":"Census Tract 4107.03","COUNTYFP":"071"}},
{"type":"Feature","geometry":{"type":"Polygon","coordinates":[[[-66.85422,18.4639],[-66.85798,18.46066],[-66.85915,18.44353],[-66.85416,18.44338],[-66.85447,18.43713],[-66.85314,18.43508],[-66.85448,18.43445],[-66.85465,18.4331],[-66.84888,18.43186],[-66.84765,18.43898],[-66.8462,18.43958],[-66.84473,18.43782],[-66.84266,18.43847],[-66.84292,18.43688],[-66.84149,18.43566],[-66.83596,18.43524],[-66.83505,18.43391],[-66.83488,18.43073],[-66.83094,18.43134],[-66.82799,18.43076],[-66.82704,18.43241],[-66.82756,18.43341],[-66.82689,18.43316],[-66.82894,18.43545],[-66.82798,18.43747],[-66.82573,18.43833],[-66.82623,18.44361],[-66.82479,18.4469],[-66.82671,18.44779],[-66.826,18.44856],[-66.82699,18.44979],[-66.82555,18.45084],[-66.82595,18.45451],[-66.82541,18.45522],[-66.82666,18.45567],[-66.82576,18.45639],[-66.82631,18.45752],[-66.831,18.45869],[-66.83053,18.45928],[-66.83298,18.46275],[-66.83254,18.46367],[-66.85422,18.4639]]]},"properties":{"TRACTCE":"320402","GEOID":"72027320402","NAME":"3204.02","NAMELSAD":"Census Tract 3204.02","COUNTYFP":"027"}},
{"type":"Feature","geometry":{"type":"Polygon","coordinates":[[[-66.22285,18.0022],[-66.22129,18.00058],[-66.22181,17.99911],[-66.21987,17.99594],[-66.23071,17.99646],[-66.2334,17.96688],[-66.22692,17.9643],[-66.22069,17.95686],[-66.22038,17.95559],[-66.22221,17.95238],[-66.2188,17.94774],[-66.20961,17.95318],[-66.20626,17.9534],[-66.2061,17.96945],[-66.20566,18.01171],[-66.21025,18.01284],[-66.2119,18.0124],[-66.21409,18.01085],[-66.21524,18.00778],[-66.22048,18.00686],[-66.22285,18.0022]]]},"properties":{"TRACTCE":"952901","GEOID":"72123952901","NAME":"9529.01","NAMELSAD":"Census Tract 9529.01","COUNTYFP":"123"}},
{"type":"Feature","geometry":{"type":"Polygon","coordinates":[[[-66.29016,17.98358],[-66.29096,17.98186],[-66.28799,17.97958],[-66.28912,17.97424],[-66.26059,17.96804],[-66.2606,17.96541],[-66.26566,17.96458],[-66.2656,17.96268],[-66.25429,17.96153],[-66.25415,17.96246],[-66.24962,17.96237],[-66.24616,17.96484],[-66.23995,17.96711],[-66.2334,17.96688],[-66.23071,17.99646],[-66.21987,17.99594],[-66.22181,17.99911],[-66.22129,18.00058],[-66.22285,18.0022],[-66.22622,17.99853],[-66.24998,17.99921],[-66.2693,17.9816],[-66.27521,17.98185],[-66.27891,17.98318],[-66.29016,17.98358]]]},"properties":{"TRACTCE":"952902","GEOID":"72123952902","NAME":"9529.02","NAMELSAD":"Census Tract 9529.02","COUNTYFP":"123"}},
{"type":"Feature","geometry":{"type":"Polygon","coordinates":[[[-66.18002,18.34939],[-66.17909,18.34517],[-66.17966,18.34468],[-66.17865,18.34335],[-66.1808,18.34139],[-66.17977,18.33682],[-66.18054,18.33561],[-66.17774,18.33199],[-66.17405,18.3307],[-66.17209,18.332],[-66.17139,18.33105],[-66.16865,18.33063],[-66.16626,18.33255],[-66.16639,18.33391],[-66.1689,18.33734],[-66.16935,18.33936],[-66.17103,18.33993],[-66.17185,18.34203],[-66.17321,18.34253],[-66.17281,18.34375],[-66.17506,18.34863],[-66.17271,18.35124],[-66.17025,18.35158],[-66.16694,18.3536],[-66.16618,18.35617],[-66.16753,18.35635],[-66.17215,18.35692],[-66.17508,18.3558],[-66.1776,18.35365],[-66.17764,18.3517],[-66.18002,18.34939]]]},"properties":{"TRACTCE":"031304","GEOID":"72021031304","NAME":"313.04","NAMELSAD":"Census Tract 313.04","COUNTYFP":"021"}},
{"type":"Feature","geometry":{"type":"Polygon","coordinates":[[[-65.82422,18.27305],[-65.82377,18.26874],[-65.81987,18.26768],[-65.81565,18.26187],[-65.81719,18.2584],[-65.81661,18.25685],[-65.81725,18.25233],[-65.82216,18.2447],[-65.82917,18.22861],[-65.83139,18.21422],[-65.82606,18.20041],[-65.82448,18.20033],[-65.82329,18.20281],[-65.81998,18.20441],[-65.81945,18.20559],[-65.8176,18.20586],[-65.81678,18.20501],[-65.81239,18.20451],[-65.80713,18.20538],[-65.79985,18.2026],[-65.79887,18.20416],[-65.79745,18.20364],[-65.79556,18.20572],[-65.79248,18.20676],[-65.79121,18.20433],[-65.78574,18.20409],[-65.78227,18.20163],[-65.77706,18.19962],[-65.76879,18.19799],[-65.76756,18.20059],[-65.7658,18.2019],[-65.76554,18.20514],[-65.76481,18.20553],[-65.76565,18.20643],[-65.76568,18.20562],[-65.76767,18.20633],[-65.7677,18.20817],[-65.76958,18.20628],[-65.77035,18.20746],[-65.77166,18.20712],[-65.77053,18.20891],[-65.77234,18.21186],[-65.7725,18.21263],[-65.76845,18.21683],[-65.76764,18.21949],[-65.76963,18.22359],[-65.77424,18.22691],[-65.77404,18.2296],[-65.77037,18.2343],[-65.77217,18.23426],[-65.7733,18.23526],[-65.77476,18.24043],[-65.77167,18.24585],[-65.77093,18.24975],[-65.76833,18.253],[-65.76844,18.2566],[-65.76125,18.26208],[-65.75636,18.26757],[-65.75797,18.26752],[-65.75948,18.26967],[-65.7624,18.27133],[-65.76352,18.27561],[-65.76506,18.2763],[-65.76465,18.27827],[-65.76683,18.28],[-65.77423,18.2817],[-65.77979,18.28676],[-65.78486,18.294],[-65.78886,18.2945],[-65.79275,18.29649],[-65.79433,18.29477],[-65.79414,18.29204],[-65.79554,18.28951],[-65.79672,18.28893],[-65.79846,18.28975],[-65.79934,18.28891],[-65.80048,18.28989],[-65.80268,18.29041],[-65.80544,18.28805],[-65.80736,18.28937],[-65.81142,18.29014],[-65.81386,18.28673],[-65.81357,18.28555],[-65.81963,18.27909],[-65.82195,18.27407],[-65.82422,18.27305]]]},"properties":{"TRACTCE":"170200","GEOID":"72103170200","NAME":"1702","NAMELSAD":"Census Tract 1702","COUNTYFP":"103"}},
{"type":"Feature","geometry":{"type":"Polygon","coordinates":[[[-65.77234,18.21186],[-65.77053,18.20891],[-65.77166,18.20712],[-65.77035,18.20746],[-65.76958,18.20628],[-65.7677,18.20817],[-65.76767,18.20633],[-65.76568,18.20562],[-65.76565,18.20643],[-65.76481,18.20553],[-65.76554,18.20514],[-65.7658,18.2019],[-65.76756,18.20059],[-65.76879,18.19799],[-65.76604,18.19856],[-65.7605,18.19558],[-65.76605,18.1821],[-65.75453,18.17732],[-65.75101,18.17641],[-65.74694,18.18082],[-65.7406,18.1821],[-65.74115,18.17747],[-65.73687,18.17044],[-65.72875,18.17833],[-65.72391,18.18089],[-65.72104,18.18373],[-65.72509,18.18838],[-65.72308,18.19508],[-65.72369,18.1971],[-65.73279,18.20758],[-65.73133,18.20915],[-65.72937,18.20973],[-65.72906,18.2135],[-65.73501,18.21476],[-65.74169,18.21284],[-65.7437,18.2141],[-65.74568,18.21415],[-65.7466,18.21326],[-65.74914,18.21374],[-65.75472,18.2115],[-65.77234,18.21186]]]},"properties":{"TRACTCE":"170400","GEOID":"72103170400","NAME":"1704","NAMELSAD":"Census Tract 1704","COUNTYFP":"103"}},
{"type":"Feature","geometry":{"type":"Polygon","coordinates":[[[-65.72104,18.18373],[-65.72391,18.18089],[-65.72875,18.17833],[-65.73687,18.17044],[-65.72765,18.15799],[-65.70319,18.12302],[-65.69934,18.11611],[-65.69183,18.12302],[-65.68942,18.1264],[-65.67754,18.12607],[-65.66653,18.12774],[-65.65473,18.13334],[-65.65984,18.19108],[-65.66176,18.20213],[-65.66587,18.19861],[-65.67352,18.19683],[-65.6716,18.19232],[-65.67371,18.18969],[-65.67827,18.18896],[-65.68088,18.19255],[-65.68121,18.19549],[-65.6817,18.19368],[-65.68964,18.18959],[-65.68648,18.17984],[-65.68762,18.17784],[-65.69269,18.17487],[-65.69577,18.17483],[-65.69796,18.17583],[-65.69967,18.17795],[-65.69975,18.1798],[-65.70194,18.1783],[-65.71093,18.17825],[-65.71415,18.18207],[-65.71437,18.18505],[-65.71619,18.18394],[-65.72104,18.18373]]]},"properties":{"TRACTCE":"990013","GEOID":"72103990013","NAME":"9900.13","NAMELSAD":"Census Tract 9900.13","COUNTYFP":"103"}},
{"type":"Feature","geometry":{"type":"Polygon","coordinates":[[[-65.75636,18.26757],[-65.76125,18.26208],[-65.76844,18.2566],[-65.76833,18.253],[-65.77093,18.24975],[-65.77167,18.24585],[-65.77476,18.24043],[-65.7733,18.23526],[-65.77217,18.23426],[-65.77037,18.2343],[-65.77404,18.2296],[-65.77424,18.22691],[-65.76963,18.22359],[-65.76764,18.21949],[-65.76845,18.21683],[-65.7725,18.21263],[-65.77234,18.21186],[-65.75472,18.2115],[-65.74914,18.21374],[-65.7466,18.21326],[-65.74568,18.21415],[-65.7437,18.2141],[-65.74169,18.21284],[-65.73501,18.21476],[-65.72906,18.2135],[-65.72813,18.21904],[-65.72584,18.21993],[-65.72205,18.22339],[-65.72138,18.22502],[-65.71958,18.22566],[-65.71497,18.23776],[-65.7118,18.23669],[-65.71126,18.2349],[-65.70974,18.23408],[-65.70839,18.23402],[-65.70798,18.23501],[-65.70653,18.23284],[-65.70419,18.23412],[-65.70253,18.23297],[-65.70144,18.23335],[-65.70066,18.23138],[-65.69966,18.23111],[-65.69908,18.23133],[-65.70019,18.23384],[-65.6926,18.23924],[-65.69066,18.23958],[-65.6899,18.2415],[-65.68996,18.24259],[-65.68699,18.24482],[-65.68639,18.24637],[-65.68372,18.24741],[-65.68296,18.24894],[-65.68219,18.25186],[-65.68478,18.25388],[-65.68844,18.2516],[-65.69341,18.25077],[-65.69506,18.255],[-65.69734,18.25678],[-65.70037,18.25685],[-65.70248,18.2595],[-65.70587,18.25646],[-65.70999,18.25656],[-65.71208,18.25553],[-65.71371,18.25717],[-65.71662,18.25782],[-65.72175,18.25737],[-65.72111,18.25519],[-65.72185,18.25433],[-65.72116,18.25274],[-65.7217,18.25224],[-65.73008,18.25296],[-65.73224,18.25396],[-65.73225,18.25568],[-65.73545,18.25614],[-65.73622,18.25805],[-65.73786,18.2588],[-65.73907,18.26079],[-65.74962,18.2628],[-65.75409,18.26497],[-65.75636,18.26757]]]},"properties":{"TRACTCE":"170100","GEOID":"72103170100","NAME":"1701","NAMELSAD":"Census Tract 1701","COUNTYFP":"103"}},
{"type":"Feature","geometry":{"type":"Polygon","coordinates":[[[-65.72906,18.2135],[-65.72937,18.20973],[-65.73133,18.20915],[-65.73279,18.20758],[-65.72369,18.1971],[-65.72308,18.19508],[-65.72509,18.18838],[-65.72104,18.18373],[-65.71619,18.18394],[-65.71437,18.18505],[-65.71415,18.18207],[-65.71093,18.17825],[-65.70194,18.1783],[-65.69975,18.1798],[-65.69967,18.17795],[-65.69796,18.17583],[-65.69577,18.17483],[-65.69269,18.17487],[-65.68762,18.17784],[-65.68648,18.17984],[-65.68964,18.18959],[-65.6817,18.19368],[-65.68121,18.19549],[-65.68088,18.19255],[-65.67827,18.18896],[-65.67371,18.18969],[-65.6716,18.19232],[-65.67352,18.19683],[-65.66587,18.19861],[-65.66176,18.20213],[-65.66211,18.20417],[-65.66255,18.20667],[-65.661,18.20947],[-65.66447,18.21437],[-65.66233,18.21537],[-65.66025,18.21777],[-65.65949,18.22037],[-65.65781,18.2223],[-65.65836,18.2245],[-65.66206,18.22516],[-65.66667,18.22314],[-65.67087,18.22304],[-65.67355,18.2261],[-65.67605,18.22516],[-65.67808,18.22693],[-65.68023,18.22681],[-65.68369,18.23044],[-65.68576,18.23018],[-65.68845,18.23169],[-65.6883,18.23276],[-65.68724,18.2329],[-65.68946,18.23389],[-65.68976,18.23552],[-65.68876,18.23608],[-65.69162,18.23712],[-65.69301,18.23843],[-65.6926,18.23924],[-65.70019,18.23384],[-65.69908,18.23133],[-65.69966,18.23111],[-65.70066,18.23138],[-65.70144,18.23335],[-65.70253,18.23297],[-65.70419,18.23412],[-65.70653,18.23284],[-65.70798,18.23501],[-65.70839,18.23402],[-65.70974,18.23408],[-65.71126,18.2349],[-65.7118,18.23669],[-65.71497,18.23776],[-65.71958,18.22566],[-65.72138,18.22502],[-65.72205,18.22339],[-65.72584,18.21993],[-65.72813,18.21904],[-65.72906,18.2135]]]},"properties":{"TRACTCE":"170300","GEOID":"72103170300","NAME":"1703","NAMELSAD":"Census Tract 1703","COUNTYFP":"103"}},
{"type":"Feature","geometry":{"type":"Polygon","coordinates":[[[-65.45242,18.14999],[-65.4523,18.14351],[-65.45109,18.14234],[-65.45112,18.14096],[-65.44893,18.14073],[-65.44709,18.14249],[-65.44357,18.14283],[-65.44191,18.14474],[-65.43925,18.13978],[-65.43523,18.13835],[-65.43405,18.13665],[-65.43529,18.13253],[-65.43486,18.12982],[-65.43793,18.12207],[-65.43777,18.10504],[-65.43989,18.10354],[-65.43984,18.10069],[-65.44141,18.1008],[-65.43936,18.09757],[-65.43898,18.09578],[-65.44003,18.09342],[-65.43837,18.09275],[-65.43819,18.0885],[-65.4305,18.08942],[-65.42421,18.09182],[-65.41047,18.10218],[-65.40327,18.10549],[-65.39551,18.10533],[-65.38603,18.10342],[-65.38075,18.10354],[-65.35556,18.11005],[-65.34777,18.10756],[-65.34132,18.10755],[-65.32198,18.11931],[-65.30853,18.11913],[-65.30211,18.1201],[-65.29422,18.12404],[-65.28173,18.12836],[-65.27379,18.12676],[-65.27011,18.12757],[-65.2679,18.12879],[-65.26561,18.13156],[-65.26412,18.1343],[-65.264,18.13695],[-65.26618,18.13959],[-65.27383,18.14225],[-65.28008,18.14917],[-65.28476,18.15173],[-65.29718,18.14958],[-65.30507,18.15069],[-65.3157,18.15067],[-65.32276,18.1524],[-65.33559,18.15321],[-65.3632,18.16047],[-65.36927,18.16124],[-65.3746,18.16085],[-65.38637,18.16406],[-65.4047,18.16598],[-65.41248,18.16527],[-65.4427,18.15939],[-65.44707,18.15723],[-65.45072,18.15087],[-65.45242,18.14999]]]},"properties":{"TRACTCE":"950600","GEOID":"72147950600","NAME":"9506","NAMELSAD":"Census Tract 9506","COUNTYFP":"147"}},
{"type":"Feature","geometry":{"type":"Polygon","coordinates":[[[-65.61805,18.15418],[-65.6204,18.14887],[-65.62363,18.14479],[-65.62859,18.13408],[-65.63039,18.12897],[-65.63097,18.12302],[-65.63068,18.09867],[-65.62933,18.08925],[-65.62749,18.08341],[-65.62025,18.07009],[-65.61053,18.05808],[-65.60045,18.04929],[-65.58862,18.04108],[-65.55621,18.03022],[-65.5497,18.02845],[-65.54019,18.02764],[-65.52433,18.0297],[-65.51461,18.03248],[-65.50231,18.03802],[-65.49757,18.04187],[-65.49586,18.04202],[-65.48666,18.03846],[-65.47823,18.03687],[-65.46198,18.03733],[-65.45602,18.03598],[-65.44796,18.03592],[-65.4403,18.03717],[-65.43223,18.03902],[-65.42504,18.04287],[-65.41921,18.04322],[-65.4016,18.04896],[-65.391,18.05639],[-65.38658,18.05564],[-65.3746,18.05559],[-65.36153,18.05831],[-65.3505,18.06204],[-65.34258,18.06112],[-65.33391,18.06219],[-65.31843,18.06717],[-65.31222,18.07114],[-65.30445,18.07073],[-65.29607,18.0718],[-65.28618,18.07438],[-65.27239,18.0804],[-65.25504,18.08243],[-65.2496,18.08431],[-65.23627,18.09238],[-65.22933,18.09858],[-65.22325,18.10522],[-65.2179,18.11642],[-65.21619,18.12302],[-65.21509,18.13626],[-65.21625,18.14355],[-65.21869,18.15244],[-65.22291,18.16039],[-65.22724,18.16589],[-65.23201,18.17085],[-65.24241,18.17805],[-65.25279,18.18717],[-65.2644,18.1933],[-65.27832,18.19792],[-65.29673,18.19794],[-65.30923,18.19976],[-65.31633,18.19872],[-65.32085,18.19977],[-65.32878,18.19993],[-65.33897,18.20371],[-65.34786,18.20592],[-65.39474,18.21174],[-65.4315,18.20867],[-65.4381,18.21411],[-65.44876,18.21915],[-65.46443,18.22221],[-65.48649,18.21885],[-65.49186,18.21642],[-65.51063,18.21391],[-65.52424,18.20851],[-65.53527,18.20129],[-65.53891,18.19708],[-65.55464,18.18477],[-65.55567,18.18241],[-65.56927,18.17139],[-65.61805,18.15418]],[[-65.43819,18.0885],[-65.44058,18.08782],[-65.44453,18.08458],[-65.44685,18.08384],[-65.47136,18.08303],[-65.47496,18.08415],[-65.47877,18.08895],[-65.48126,18.0904],[-65.48516,18.0916],[-65.4922,18.09146],[-65.49959,18.09043],[-65.52547,18.07758],[-65.53262,18.07609],[-65.54016,18.0761],[-65.55584,18.08041],[-65.56777,18.08568],[-65.57157,18.08881],[-65.5805,18.10076],[-65.58184,18.11765],[-65.57959,18.12232],[-65.5405,18.12295],[-65.52689,18.1295],[-65.52218,18.1303],[-65.51715,18.13237],[-65.51588,18.1335],[-65.5155,18.13605],[-65.51682,18.15069],[-65.51487,18.15291],[-65.51242,18.1529],[-65.51065,18.15091],[-65.50778,18.13679],[-65.50043,18.13913],[-65.50092,18.17226],[-65.4996,18.17473],[-65.48889,18.17523],[-65.48605,18.17481],[-65.48331,18.17316],[-65.48235,18.16676],[-65.48194,18.14385],[-65.46572,18.1485],[-65.45242,18.14999],[-65.45072,18.15087],[-65.44707,18.15723],[-65.4427,18.15939],[-65.41248,18.16527],[-65.4047,18.16598],[-65.38637,18.16406],[-65.3746,18.16085],[-65.36927,18.16124],[-65.3632,18.16047],[-65.33559,18.15321],[-65.32276,18.1524],[-65.3157,18.15067],[-65.30507,18.15069],[-65.29718,18.14958],[-65.28476,18.15173],[-65.28008,18.14917],[-65.27383,18.14225],[-65.26618,18.13959],[-65.264,18.13695],[-65.26412,18.1343],[-65.26561,18.13156],[-65.2679,18.12879],[-65.27011,18.12757],[-65.27379,18.12676],[-65.28173,18.12836],[-65.29422,18.12404],[-65.30211,18.1201],[-65.30853,18.11913],[-65.32198,18.11931],[-65.34132,18.10755],[-65.34777,18.10756],[-65.35556,18.11005],[-65.38075,18.10354],[-65.38603,18.10342],[-65.39551,18.10533],[-65.40327,18.10549],[-65.41047,18.10218],[-65.42421,18.09182],[-65.4305,18.08942],[-65.43819,18.0885]]]},"properties":{"TRACTCE":"990000","GEOID":"72147990000","NAME":"9900","NAMELSAD":"Census Tract 9900","COUNTYFP":"147"}},
{"type":"Feature","geometry":{"type":"Polygon","coordinates":[[[-65.45242,18.14999],[-65.46572,18.1485],[-65.48194,18.14385],[-65.48235,18.16676],[-65.48331,18.17316],[-65.48605,18.17481],[-65.48889,18.17523],[-65.4996,18.17473],[-65.50092,18.17226],[-65.50043,18.13913],[-65.50778,18.13679],[-65.51065,18.15091],[-65.51242,18.1529],[-65.51487,18.15291],[-65.51682,18.15069],[-65.5155,18.13605],[-65.51588,18.1335],[-65.51715,18.13237],[-65.52218,18.1303],[-65.52689,18.1295],[-65.5405,18.12295],[-65.57959,18.12232],[-65.58184,18.11765],[-65.5805,18.10076],[-65.57157,18.08881],[-65.56777,18.08568],[-65.55584,18.08041],[-65.54016,18.0761],[-65.53262,18.07609],[-65.52547,18.07758],[-65.49959,18.09043],[-65.4922,18.09146],[-65.48516,18.0916],[-65.48126,18.0904],[-65.47877,18.08895],[-65.47496,18.08415],[-65.47136,18.08303],[-65.44685,18.08384],[-65.44453,18.08458],[-65.44058,18.08782],[-65.43819,18.0885],[-65.43837,18.09275],[-65.44003,18.09342],[-65.43898,18.09578],[-65.43936,18.09757],[-65.44141,18.1008],[-65.43984,18.10069],[-65.43989,18.10354],[-65.43777,18.10504],[-65.43793,18.12207],[-65.43486,18.12982],[-65.43529,18.13253],[-65.43405,18.13665],[-65.43523,18.13835],[-65.43925,18.13978],[-65.44191,18.14474],[-65.44357,18.14283],[-65.44709,18.14249],[-65.44893,18.14073],[-65.45112,18.14096],[-65.45109,18.14234],[-65.4523,18.14351],[-65.45242,18.14999]]]},"properties":{"TRACTCE":"950500","GEOID":"72147950500","NAME":"9505","NAMELSAD":"Census Tract 9505","COUNTYFP":"147"}},
{"type":"Feature","geometry":{"type":"Polygon","coordinates":[[[-67.15794,18.3452],[-67.15911,18.34011],[-67.15817,18.33588],[-67.15405,18.32903],[-67.14805,18.32506],[-67.14644,18.32217],[-67.14376,18.32261],[-67.14124,18.32152],[-67.13708,18.31668],[-67.13289,18.3178],[-67.13085,18.31751],[-67.13017,18.31793],[-67.13039,18.32514],[-67.13416,18.32992],[-67.13086,18.33596],[-67.13164,18.34008],[-67.1336,18.34193],[-67.13451,18.34651],[-67.13415,18.34754],[-67.13172,18.34861],[-67.13152,18.3509],[-67.12812,18.35386],[-67.12732,18.36032],[-67.12863,18.36555],[-67.128,18.3662],[-67.12925,18.36629],[-67.13378,18.36949],[-67.13858,18.36767],[-67.13972,18.3689],[-67.14051,18.36848],[-67.14375,18.36967],[-67.14579,18.3723],[-67.14732,18.37275],[-67.14761,18.36984],[-67.15124,18.37019],[-67.15163,18.36848],[-67.15306,18.36743],[-67.15229,18.3666],[-67.15145,18.36739],[-67.14957,18.36557],[-67.14831,18.36569],[-67.14816,18.36647],[-67.14717,18.36586],[-67.14806,18.3648],[-67.14703,18.36087],[-67.14514,18.36056],[-67.14514,18.36129],[-67.14419,18.36058],[-67.14439,18.35724],[-67.14598,18.35439],[-67.14756,18.35344],[-67.14657,18.34998],[-67.14884,18.34901],[-67.15025,18.35025],[-67.15247,18.34616],[-67.15232,18.34473],[-67.15581,18.34356],[-67.15794,18.3452]]]},"properties":{"TRACTCE":"430402","GEOID":"72003430402","NAME":"4304.02","NAMELSAD":"Census Tract 4304.02","COUNTYFP":"003"}},
{"type":"Feature","geometry":{"type":"Polygon","coordinates":[[[-67.20794,18.44228],[-67.22254,18.43339],[-67.23533,18.42714],[-67.24938,18.41892],[-67.24044,18.38004],[-67.22951,18.38153],[-67.22231,18.38421],[-67.21459,18.38892],[-67.21131,18.38948],[-67.1999,18.3957],[-67.19195,18.40253],[-67.18165,18.4079],[-67.1679,18.4143],[-67.16355,18.41748],[-67.20794,18.44228]]]},"properties":{"TRACTCE":"990000","GEOID":"72003990000","NAME":"9900","NAMELSAD":"Census Tract 9900","COUNTYFP":"003"}},
{"type":"Feature","geometry":{"type":"Polygon","coordinates":[[[-67.19933,18.36795],[-67.20043,18.36454],[-67.19914,18.35972],[-67.1997,18.3586],[-67.19665,18.35475],[-67.19706,18.35319],[-67.19448,18.35186],[-67.19411,18.34917],[-67.19247,18.34643],[-67.19089,18.34874],[-67.19025,18.35236],[-67.18961,18.35303],[-67.18805,18.35215],[-67.18695,18.35369],[-67.18608,18.35368],[-67.18548,18.35252],[-67.18435,18.35234],[-67.18427,18.34975],[-67.18217,18.34847],[-67.18187,18.34115],[-67.17718,18.33766],[-67.1761,18.33386],[-67.17399,18.33219],[-67.17259,18.33307],[-67.1685,18.33318],[-67.16873,18.33407],[-67.16754,18.33542],[-67.1676,18.33869],[-67.16437,18.34323],[-67.16153,18.3456],[-67.15788,18.34542],[-67.15783,18.34855],[-67.1614,18.35217],[-67.16272,18.35547],[-67.16449,18.35326],[-67.1686,18.35523],[-67.16849,18.35707],[-67.17052,18.35805],[-67.1747,18.36342],[-67.17696,18.36488],[-67.17777,18.36718],[-67.17644,18.36929],[-67.17633,18.37301],[-67.17734,18.37632],[-67.17962,18.37743],[-67.18395,18.37797],[-67.18619,18.37721],[-67.19277,18.37849],[-67.19217,18.37233],[-67.19804,18.37077],[-67.19933,18.36795]]]},"properties":{"TRACTCE":"430501","GEOID":"72003430501","NAME":"4305.01","NAMELSAD":"Census Tract 4305.01","COUNTYFP":"003"}},
{"type":"Feature","geometry":{"type":"Polygon","coordinates":[[[-67.19247,18.34643],[-67.19346,18.34341],[-67.19296,18.34048],[-67.19157,18.3386],[-67.19485,18.33526],[-67.1947,18.3342],[-67.19361,18.33392],[-67.19166,18.32875],[-67.18883,18.32863],[-67.18741,18.32761],[-67.18626,18.32124],[-67.18207,18.31877],[-67.18055,18.31585],[-67.17893,18.31534],[-67.17261,18.31823],[-67.17033,18.31585],[-67.16788,18.31675],[-67.16742,18.31574],[-67.16528,18.31536],[-67.16151,18.3158],[-67.16056,18.31766],[-67.15755,18.3192],[-67.15265,18.32043],[-67.15096,18.3198],[-67.14871,18.32224],[-67.14644,18.32217],[-67.14805,18.32506],[-67.15405,18.32903],[-67.15817,18.33588],[-67.15911,18.34011],[-67.15794,18.3452],[-67.15788,18.34542],[-67.16153,18.3456],[-67.16437,18.34323],[-67.1676,18.33869],[-67.16754,18.33542],[-67.16873,18.33407],[-67.1685,18.33318],[-67.17259,18.33307],[-67.17399,18.33219],[-67.1761,18.33386],[-67.17718,18.33766],[-67.18187,18.34115],[-67.18217,18.34847],[-67.18427,18.34975],[-67.18435,18.35234],[-67.18548,18.35252],[-67.18608,18.35368],[-67.18695,18.35369],[-67.18805,18.35215],[-67.18961,18.35303],[-67.19025,18.35236],[-67.19089,18.34874],[-67.19247,18.34643]]]},"properties":{"TRACTCE":"430502","GEOID":"72003430502","NAME":"4305.02","NAMELSAD":"Census Tract 4305.02","COUNTYFP":"003"}},
{"type":"Feature","geometry":{"type":"Polygon","coordinates":[[[-67.17734,18.37632],[-67.17633,18.37301],[-67.17644,18.36929],[-67.17777,18.36718],[-67.17696,18.36488],[-67.1747,18.36342],[-67.17052,18.35805],[-67.16849,18.35707],[-67.1686,18.35523],[-67.16449,18.35326],[-67.16272,18.35547],[-67.1614,18.35217],[-67.15783,18.34855],[-67.15788,18.34542],[-67.15794,18.3452],[-67.15581,18.34356],[-67.15232,18.34473],[-67.15247,18.34616],[-67.15025,18.35025],[-67.14884,18.34901],[-67.14657,18.34998],[-67.14756,18.35344],[-67.14598,18.35439],[-67.14439,18.35724],[-67.14419,18.36058],[-67.14514,18.36129],[-67.14514,18.36056],[-67.14703,18.36087],[-67.14806,18.3648],[-67.14717,18.36586],[-67.14816,18.36647],[-67.14831,18.36569],[-67.14957,18.36557],[-67.15145,18.36739],[-67.15229,18.3666],[-67.15306,18.36743],[-67.15163,18.36848],[-67.15124,18.37019],[-67.15451,18.36975],[-67.15739,18.36798],[-67.16048,18.36854],[-67.16693,18.37204],[-67.1682,18.37369],[-67.17362,18.37391],[-67.17734,18.37632]]]},"properties":{"TRACTCE":"430401","GEOID":"72003430401","NAME":"4304.01","NAMELSAD":"Census Tract 4304.01","COUNTYFP":"003"}},
{"type":"Feature","geometry":{"type":"Polygon","coordinates":[[[-65.66,18.35563],[-65.66038,18.35045],[-65.66204,18.35015],[-65.66085,18.3467],[-65.66049,18.34081],[-65.65636,18.33842],[-65.65686,18.34202],[-65.6583,18.34892],[-65.65443,18.35433],[-65.65132,18.35181],[-65.65039,18.34918],[-65.65343,18.34829],[-65.65169,18.34606],[-65.65185,18.34348],[-65.65085,18.3432],[-65.6506,18.34188],[-65.6425,18.33875],[-65.63672,18.34473],[-65.6366,18.34676],[-65.63673,18.34863],[-65.63794,18.35023],[-65.64149,18.35235],[-65.64103,18.35777],[-65.64519,18.35822],[-65.64758,18.3603],[-65.64867,18.35911],[-65.65076,18.35873],[-65.65237,18.35633],[-65.66,18.35563]]]},"properties":{"TRACTCE":"150105","GEOID":"72053150105","NAME":"1501.05","NAMELSAD":"Census Tract 1501.05","COUNTYFP":"053"}},
{"type":"Feature","geometry":{"type":"Polygon","coordinates":[[[-66.7189,18.47891],[-66.71942,18.47238],[-66.72292,18.47229],[-66.72287,18.47167],[-66.7199,18.46842],[-66.71782,18.46672],[-66.7137,18.4711],[-66.71054,18.47266],[-66.71003,18.47723],[-66.7189,18.47891]]]},"properties":{"TRACTCE":"300500","GEOID":"72013300500","NAME":"3005","NAMELSAD":"Census Tract 3005","COUNTYFP":"013"}},
{"type":"Feature","geometry":{"type":"Polygon","coordinates":[[[-66.74242,18.48101],[-66.74425,18.47349],[-66.73906,18.47216],[-66.73184,18.472],[-66.733,18.46795],[-66.73212,18.46744],[-66.72701,18.47198],[-66.72287,18.47167],[-66.72292,18.47229],[-66.71942,18.47238],[-66.7189,18.47891],[-66.73483,18.4788],[-66.74242,18.48101]]]},"properties":{"TRACTCE":"300700","GEOID":"72013300700","NAME":"3007","NAMELSAD":"Census Tract 3007","COUNTYFP":"013"}},
{"type":"Feature","geometry":{"type":"Polygon","coordinates":[[[-66.70752,18.38401],[-66.72143,18.36629],[-66.73061,18.34942],[-66.72306,18.33925],[-66.71983,18.33659],[-66.72259,18.33329],[-66.72281,18.33179],[-66.72076,18.32726],[-66.72147,18.32373],[-66.72003,18.32309],[-66.71757,18.31593],[-66.71571,18.31523],[-66.70983,18.31549],[-66.70689,18.31666],[-66.70283,18.32055],[-66.69833,18.32083],[-66.69561,18.32212],[-66.69157,18.3213],[-66.69044,18.32175],[-66.68781,18.32012],[-66.68539,18.32117],[-66.68293,18.32089],[-66.68152,18.32233],[-66.67983,18.32165],[-66.67771,18.32206],[-66.67231,18.32454],[-66.66709,18.32239],[-66.66438,18.32215],[-66.66276,18.31985],[-66.65619,18.32264],[-66.65231,18.32836],[-66.65454,18.33221],[-66.65905,18.3563],[-66.66106,18.36269],[-66.63492,18.365],[-66.62462,18.36964],[-66.62362,18.372],[-66.62385,18.37726],[-66.62227,18.38652],[-66.62086,18.39641],[-66.6215,18.40408],[-66.63428,18.40252],[-66.64429,18.40326],[-66.65179,18.40486],[-66.66178,18.40016],[-66.66608,18.39963],[-66.67399,18.40323],[-66.67921,18.40408],[-66.68042,18.40985],[-66.67987,18.4175],[-66.68286,18.42166],[-66.68561,18.42237],[-66.68735,18.42185],[-66.69038,18.42232],[-66.68986,18.42549],[-66.6906,18.42636],[-66.69379,18.42459],[-66.69646,18.42131],[-66.70011,18.42151],[-66.70328,18.4269],[-66.70414,18.42346],[-66.7026,18.42149],[-66.70489,18.41527],[-66.70752,18.38401]]]},"properties":{"TRACTCE":"301900","GEOID":"72013301900","NAME":"3019","NAMELSAD":"Census Tract 3019","COUNTYFP":"013"}},
{"type":"Feature","geometry":{"type":"Polygon","coordinates":[[[-66.76711,18.39183],[-66.76903,18.37357],[-66.7702,18.32494],[-66.76849,18.32616],[-66.76762,18.32824],[-66.76579,18.32762],[-66.76622,18.32954],[-66.76542,18.33195],[-66.76238,18.33214],[-66.76214,18.33403],[-66.75888,18.33474],[-66.75695,18.33708],[-66.75441,18.3373],[-66.75234,18.33925],[-66.74076,18.34442],[-66.73653,18.34944],[-66.73542,18.34962],[-66.73374,18.34756],[-66.73061,18.34942],[-66.72143,18.36629],[-66.70752,18.38401],[-66.72888,18.38346],[-66.76711,18.39183]]]},"properties":{"TRACTCE":"301800","GEOID":"72013301800","NAME":"3018","NAMELSAD":"Census Tract 3018","COUNTYFP":"013"}},
{"type":"Feature","geometry":{"type":"Polygon","coordinates":[[[-66.76457,18.48832],[-66.76455,18.48508],[-66.76806,18.47805],[-66.76835,18.4711],[-66.76917,18.46906],[-66.76826,18.46173],[-66.76728,18.46165],[-66.76364,18.4628],[-66.75885,18.46226],[-66.75183,18.4642],[-66.75184,18.46629],[-66.74972,18.46635],[-66.75196,18.46699],[-66.74974,18.4679],[-66.75263,18.46855],[-66.75215,18.46962],[-66.75091,18.4696],[-66.75216,18.47028],[-66.75086,18.47123],[-66.75211,18.47171],[-66.75084,18.47176],[-66.74974,18.47352],[-66.75115,18.4755],[-66.74425,18.47349],[-66.74242,18.48101],[-66.74962,18.48304],[-66.76457,18.48955],[-66.76457,18.48832]]]},"properties":{"TRACTCE":"301000","GEOID":"72013301000","NAME":"3010","NAMELSAD":"Census Tract 3010","COUNTYFP":"013"}},
{"type":"Feature","geometry":{"type":"Polygon","coordinates":[[[-66.76469,18.53833],[-66.76457,18.48955],[-66.74962,18.48304],[-66.74242,18.48101],[-66.73483,18.4788],[-66.7189,18.47891],[-66.71003,18.47723],[-66.70503,18.47731],[-66.70473,18.47804],[-66.70938,18.48199],[-66.70918,18.48397],[-66.70674,18.48614],[-66.69783,18.48787],[-66.69494,18.48777],[-66.68958,18.48544],[-66.68724,18.48546],[-66.68451,18.48676],[-66.67696,18.49368],[-66.67189,18.49507],[-66.66374,18.492],[-66.6493,18.49278],[-66.64454,18.49608],[-66.62462,18.49798],[-66.62462,18.49712],[-66.61734,18.49544],[-66.60989,18.49436],[-66.60432,18.49475],[-66.59535,18.49058],[-66.58621,18.48822],[-66.58596,18.48966],[-66.57844,18.54143],[-66.58708,18.53995],[-66.59178,18.54173],[-66.60222,18.54357],[-66.60752,18.54384],[-66.61458,18.54293],[-66.62602,18.54415],[-66.64233,18.54353],[-66.65586,18.54139],[-66.66036,18.5398],[-66.68799,18.53833],[-66.6995,18.53574],[-66.70543,18.53261],[-66.73461,18.52601],[-66.74538,18.52945],[-66.75182,18.53332],[-66.76469,18.53833]]]},"properties":{"TRACTCE":"992900","GEOID":"72013992900","NAME":"9929","NAMELSAD":"Census Tract 9929","COUNTYFP":"013"}},
{"type":"Feature","geometry":{"type":"Polygon","coordinates":[[[-66.62227,18.38652],[-66.62385,18.37726],[-66.62362,18.372],[-66.62462,18.36964],[-66.63492,18.365],[-66.66106,18.36269],[-66.65905,18.3563],[-66.65454,18.33221],[-66.65231,18.32836],[-66.65028,18.32843],[-66.64862,18.32655],[-66.64533,18.32548],[-66.64203,18.32684],[-66.63958,18.32453],[-66.63603,18.32607],[-66.63543,18.32527],[-66.63317,18.32622],[-66.63203,18.32846],[-66.62893,18.32788],[-66.62423,18.3284],[-66.61928,18.33191],[-66.61814,18.33141],[-66.6153,18.33295],[-66.61462,18.33159],[-66.61234,18.3313],[-66.61196,18.32977],[-66.6069,18.32815],[-66.60654,18.3317],[-66.60427,18.33178],[-66.59997,18.33674],[-66.60106,18.33786],[-66.60039,18.33935],[-66.59856,18.33871],[-66.59718,18.33924],[-66.59505,18.33794],[-66.59067,18.3382],[-66.59039,18.3394],[-66.59166,18.34069],[-66.59023,18.34153],[-66.58958,18.34406],[-66.59031,18.34521],[-66.58864,18.34733],[-66.5899,18.34898],[-66.58704,18.35308],[-66.58836,18.35559],[-66.58526,18.35901],[-66.58296,18.36452],[-66.58233,18.37401],[-66.5881,18.37402],[-66.58914,18.37568],[-66.58786,18.38248],[-66.58837,18.38957],[-66.5901,18.38985],[-66.59124,18.39176],[-66.5899,18.39314],[-66.59098,18.3967],[-66.59475,18.39797],[-66.5962,18.39677],[-66.59657,18.39275],[-66.59837,18.38826],[-66.60077,18.3896],[-66.60315,18.38977],[-66.60616,18.38679],[-66.61216,18.38954],[-66.61863,18.38573],[-66.62137,18.38577],[-66.62227,18.38652]]]},"properties":{"TRACTCE":"302300","GEOID":"72013302300","NAME":"3023","NAMELSAD":"Census Tract 3023","COUNTYFP":"013"}},
{"type":"Feature","geometry":{"type":"Polygon","coordinates":[[[-65.84835,18.42219],[-65.84933,18.42213],[-65.84763,18.41313],[-65.85254,18.4017],[-65.84992,18.40351],[-65.84382,18.4057],[-65.84265,18.40868],[-65.83669,18.41431],[-65.83512,18.4148],[-65.83293,18.42042],[-65.82966,18.42241],[-65.83361,18.4225],[-65.83804,18.42377],[-65.84304,18.42452],[-65.84327,18.42344],[-65.84509,18.42343],[-65.84504,18.42239],[-65.84835,18.42219]]]},"properties":{"TRACTCE":"110102","GEOID":"72087110102","NAME":"1101.02","NAMELSAD":"Census Tract 1101.02","COUNTYFP":"087"}},
{"type":"Feature","geometry":{"type":"Polygon","coordinates":[[[-65.84922,18.43887],[-65.84858,18.42687],[-65.84789,18.42683],[-65.84728,18.42304],[-65.84835,18.42219],[-65.84504,18.42239],[-65.84509,18.42343],[-65.84327,18.42344],[-65.84304,18.42452],[-65.83804,18.42377],[-65.83888,18.43848],[-65.84922,18.43887]]]},"properties":{"TRACTCE":"110200","GEOID":"72087110200","NAME":"1102","NAMELSAD":"Census Tract 1102","COUNTYFP":"087"}},
{"type":"Feature","geometry":{"type":"Polygon","coordinates":[[[-65.87429,18.43374],[-65.87412,18.43368],[-65.86828,18.43166],[-65.86456,18.42786],[-65.86299,18.42727],[-65.85364,18.42778],[-65.84858,18.42687],[-65.84922,18.43887],[-65.8727,18.43954],[-65.87429,18.43374]]]},"properties":{"TRACTCE":"110301","GEOID":"72087110301","NAME":"1103.01","NAMELSAD":"Census Tract 1103.01","COUNTYFP":"087"}},
{"type":"Feature","geometry":{"type":"Polygon","coordinates":[[[-67.04318,18.34358],[-67.04314,18.34155],[-67.04186,18.34087],[-67.04241,18.34005],[-67.04132,18.34021],[-67.0414,18.33887],[-67.03994,18.3386],[-67.04048,18.33498],[-67.03948,18.33529],[-67.03917,18.33435],[-67.03657,18.33326],[-67.03709,18.33177],[-67.0382,18.33154],[-67.03623,18.3316],[-67.03686,18.32979],[-67.03581,18.3295],[-67.03597,18.32876],[-67.03788,18.32743],[-67.03696,18.32724],[-67.03718,18.32632],[-67.04131,18.32383],[-67.04137,18.32126],[-67.04272,18.3204],[-67.04428,18.31659],[-67.05258,18.30666],[-67.04071,18.3003],[-67.04021,18.29313],[-67.03946,18.29312],[-67.03932,18.2911],[-67.03793,18.28971],[-67.0362,18.28798],[-67.03252,18.29003],[-67.03107,18.28872],[-67.03343,18.28513],[-67.03812,18.28415],[-67.03924,18.28301],[-67.03798,18.28026],[-67.0328,18.28207],[-67.03026,18.28101],[-67.0291,18.27892],[-67.02746,18.27852],[-67.02527,18.27924],[-67.02416,18.28131],[-67.02229,18.28166],[-67.02003,18.28044],[-67.01881,18.27736],[-67.01781,18.27683],[-67.01575,18.27721],[-67.01292,18.27943],[-67.0111,18.27868],[-67.00688,18.2791],[-67.00566,18.27911],[-67.00157,18.27611],[-66.99822,18.27756],[-66.99425,18.27571],[-66.98976,18.27689],[-66.98552,18.27471],[-66.9828,18.27459],[-66.97941,18.27603],[-66.97512,18.27467],[-66.9753,18.27539],[-66.97275,18.2755],[-66.97135,18.27709],[-66.97143,18.2807],[-66.97209,18.28102],[-66.97107,18.28355],[-66.9781,18.28644],[-66.98248,18.28511],[-66.98693,18.28504],[-66.98929,18.28666],[-66.99148,18.28628],[-66.9939,18.28819],[-66.99443,18.28761],[-66.99538,18.28983],[-66.99793,18.29047],[-66.99689,18.29195],[-66.99686,18.29429],[-66.98984,18.2989],[-66.98983,18.30012],[-66.99071,18.30063],[-66.9887,18.30496],[-66.98376,18.3056],[-66.98311,18.3066],[-66.98492,18.30791],[-66.98841,18.30767],[-66.99378,18.30991],[-66.99585,18.3098],[-66.99826,18.31268],[-67.0004,18.31292],[-67.00151,18.31509],[-67.00358,18.31521],[-67.00413,18.31648],[-67.00194,18.31791],[-67.00146,18.32107],[-66.99989,18.32337],[-66.99866,18.32537],[-66.99917,18.32741],[-67.00071,18.3273],[-67.00122,18.32909],[-67.00203,18.32896],[-67.00241,18.32987],[-67.0046,18.32962],[-67.00382,18.33065],[-67.00392,18.33287],[-67.00236,18.33347],[-67.00296,18.33604],[-67.00468,18.33636],[-67.00514,18.33856],[-67.00746,18.33965],[-67.00833,18.33911],[-67.00954,18.34027],[-67.00693,18.34299],[-67.00698,18.34449],[-67.00802,18.34487],[-67.00954,18.34326],[-67.01135,18.3431],[-67.01293,18.34579],[-67.01847,18.34455],[-67.0182,18.34713],[-67.02001,18.3456],[-67.01885,18.34288],[-67.02032,18.34139],[-67.0225,18.34214],[-67.02172,18.34343],[-67.02274,18.34513],[-67.02579,18.34571],[-67.02614,18.34709],[-67.03184,18.34636],[-67.03395,18.34555],[-67.03471,18.34421],[-67.041,18.34572],[-67.04159,18.34346],[-67.04318,18.34358]]]},"properties":{"TRACTCE":"958800","GEOID":"72131958800","NAME":"9588","NAMELSAD":"Census Tract 9588","COUNTYFP":"131"}},
{"type":"Feature","geometry":{"type":"Polygon","coordinates":[[[-66.94256,18.32344],[-66.93864,18.31838],[-66.94633,18.31794],[-66.94772,18.31513],[-66.94891,18.31525],[-66.95226,18.31281],[-66.95479,18.31284],[-66.95696,18.31089],[-66.95619,18.30903],[-66.9548,18.30831],[-66.95452,18.30609],[-66.95218,18.30394],[-66.95042,18.30356],[-66.95097,18.30207],[-66.9525,18.30157],[-66.95374,18.30318],[-66.95511,18.3024],[-66.95486,18.29972],[-66.95574,18.29817],[-66.95365,18.29521],[-66.9541,18.29376],[-66.94739,18.29187],[-66.94572,18.28945],[-66.94584,18.28742],[-66.94464,18.28717],[-66.94342,18.2844],[-66.9447,18.28313],[-66.94342,18.28263],[-66.9448,18.28181],[-66.94391,18.28013],[-66.94487,18.27858],[-66.94496,18.27575],[-66.9437,18.27375],[-66.94407,18.27208],[-66.94286,18.27128],[-66.94503,18.27166],[-66.94408,18.26825],[-66.9409,18.2658],[-66.94301,18.26266],[-66.94317,18.26069],[-66.94201,18.26029],[-66.94,18.26247],[-66.93878,18.26244],[-66.93833,18.25873],[-66.93359,18.25881],[-66.93212,18.25339],[-66.92895,18.25416],[-66.92755,18.25557],[-66.92784,18.25688],[-66.92977,18.25693],[-66.93049,18.25838],[-66.92423,18.26049],[-66.92244,18.25746],[-66.91947,18.25919],[-66.91812,18.25588],[-66.91261,18.25428],[-66.90854,18.25207],[-66.90724,18.25309],[-66.90844,18.25314],[-66.90872,18.25468],[-66.90825,18.26018],[-66.90688,18.26311],[-66.90901,18.26627],[-66.90798,18.27319],[-66.91059,18.2782],[-66.9103,18.2824],[-66.90955,18.2931],[-66.91026,18.29675],[-66.90997,18.30281],[-66.90557,18.31598],[-66.90473,18.32161],[-66.89641,18.3489],[-66.91044,18.34881],[-66.90946,18.34728],[-66.91087,18.34509],[-66.90857,18.34482],[-66.90916,18.3436],[-66.90826,18.34042],[-66.90646,18.33898],[-66.90736,18.3388],[-66.90714,18.33713],[-66.91006,18.33276],[-66.91182,18.33228],[-66.91321,18.33295],[-66.91662,18.32996],[-66.91877,18.3293],[-66.92145,18.32974],[-66.92611,18.32723],[-66.92825,18.32758],[-66.93779,18.32482],[-66.94004,18.32518],[-66.94256,18.32344]]]},"properties":{"TRACTCE":"959300","GEOID":"72131959300","NAME":"9593","NAMELSAD":"Census Tract 9593","COUNTYFP":"131"}},
{"type":"Feature","geometry":{"type":"Polygon","coordinates":[[[-66.99989,18.32337],[-67.00146,18.32107],[-67.00194,18.31791],[-67.00413,18.31648],[-67.00358,18.31521],[-67.00151,18.31509],[-67.0004,18.31292],[-66.99826,18.31268],[-66.99585,18.3098],[-66.99378,18.30991],[-66.98841,18.30767],[-66.98492,18.30791],[-66.98311,18.3066],[-66.98376,18.3056],[-66.9887,18.30496],[-66.99071,18.30063],[-66.98983,18.30012],[-66.98984,18.2989],[-66.99686,18.29429],[-66.99689,18.29195],[-66.99793,18.29047],[-66.99538,18.28983],[-66.99443,18.28761],[-66.9939,18.28819],[-66.99148,18.28628],[-66.98929,18.28666],[-66.98693,18.28504],[-66.98248,18.28511],[-66.9781,18.28644],[-66.97107,18.28355],[-66.97209,18.28102],[-66.97143,18.2807],[-66.97135,18.27709],[-66.97275,18.2755],[-66.9753,18.27539],[-66.97512,18.27467],[-66.97289,18.27368],[-66.97043,18.26862],[-66.96938,18.26364],[-66.96725,18.26363],[-66.96523,18.26599],[-66.96508,18.27126],[-66.96162,18.27015],[-66.95783,18.27197],[-66.95391,18.2716],[-66.95073,18.26963],[-66.94987,18.26693],[-66.94876,18.2667],[-66.94635,18.26888],[-66.94771,18.27072],[-66.94751,18.27239],[-66.94595,18.2733],[-66.94503,18.27166],[-66.94286,18.27128],[-66.94407,18.27208],[-66.9437,18.27375],[-66.94496,18.27575],[-66.94487,18.27858],[-66.94391,18.28013],[-66.9448,18.28181],[-66.94342,18.28263],[-66.9447,18.28313],[-66.94342,18.2844],[-66.94464,18.28717],[-66.94584,18.28742],[-66.94572,18.28945],[-66.94739,18.29187],[-66.9541,18.29376],[-66.95365,18.29521],[-66.95574,18.29817],[-66.95486,18.29972],[-66.95511,18.3024],[-66.95374,18.30318],[-66.9525,18.30157],[-66.95097,18.30207],[-66.95042,18.30356],[-66.95218,18.30394],[-66.95452,18.30609],[-66.9548,18.30831],[-66.95619,18.30903],[-66.95696,18.31089],[-66.95479,18.31284],[-66.95226,18.31281],[-66.94891,18.31525],[-66.94772,18.31513],[-66.94633,18.31794],[-66.93864,18.31838],[-66.94256,18.32344],[-66.94398,18.32514],[-66.94631,18.32593],[-66.94679,18.32889],[-66.94944,18.33245],[-66.94889,18.33336],[-66.9522,18.33608],[-66.96005,18.34029],[-66.96715,18.3417],[-66.97064,18.34405],[-66.97465,18.34463],[-66.97769,18.3462],[-66.97943,18.34633],[-66.9766,18.3451],[-66.97828,18.34408],[-66.98278,18.3437],[-66.98353,18.34336],[-66.98315,18.34221],[-66.98514,18.34295],[-66.98879,18.34129],[-66.98046,18.33927],[-66.97975,18.33434],[-66.97948,18.33105],[-66.98208,18.33097],[-66.98313,18.32844],[-66.98529,18.32949],[-66.98888,18.32865],[-66.98715,18.32411],[-66.99159,18.32415],[-66.99308,18.32196],[-66.99688,18.3203],[-66.99761,18.32244],[-66.99989,18.32337]]]},"properties":{"TRACTCE":"959200","GEOID":"72131959200","NAME":"9592","NAMELSAD":"Census Tract 9592","COUNTYFP":"131"}},
{"type":"Feature","geometry":{"type":"Polygon","coordinates":[[[-67.0474,18.35086],[-67.0472,18.34987],[-67.0485,18.34965],[-67.04824,18.34866],[-67.05016,18.34902],[-67.0499,18.34774],[-67.04754,18.34774],[-67.0462,18.34897],[-67.04609,18.35037],[-67.04472,18.35046],[-67.04357,18.3495],[-67.04532,18.34898],[-67.04546,18.34817],[-67.04318,18.34358],[-67.04159,18.34346],[-67.041,18.34572],[-67.03471,18.34421],[-67.03395,18.34555],[-67.03184,18.34636],[-67.02614,18.34709],[-67.02579,18.34571],[-67.02274,18.34513],[-67.02172,18.34343],[-67.0225,18.34214],[-67.02032,18.34139],[-67.01885,18.34288],[-67.02001,18.3456],[-67.0182,18.34713],[-67.01847,18.34455],[-67.01293,18.34579],[-67.01135,18.3431],[-67.00954,18.34326],[-67.00979,18.34429],[-67.00722,18.34831],[-67.00748,18.34925],[-67.00596,18.34889],[-67.00531,18.34995],[-67.00363,18.35104],[-67.00293,18.35505],[-67.0003,18.36064],[-67.00106,18.36269],[-67.00294,18.36143],[-67.0045,18.36509],[-67.00377,18.37038],[-66.99655,18.37248],[-66.99655,18.37401],[-66.99449,18.37356],[-66.99403,18.37479],[-66.99256,18.37463],[-66.99151,18.3765],[-66.99211,18.37883],[-66.99165,18.38354],[-66.99441,18.38729],[-66.99366,18.3887],[-66.99451,18.38962],[-66.99602,18.38883],[-66.99695,18.38933],[-66.99765,18.39113],[-66.99999,18.39059],[-67.00212,18.39306],[-67.00605,18.39423],[-67.00845,18.39425],[-67.00914,18.39513],[-67.01277,18.39431],[-67.01383,18.39513],[-67.01979,18.39423],[-67.02032,18.39491],[-67.02505,18.39206],[-67.02638,18.39205],[-67.02717,18.39338],[-67.03012,18.38732],[-67.03278,18.38586],[-67.03342,18.38194],[-67.0353,18.38158],[-67.03609,18.38056],[-67.03717,18.3811],[-67.03655,18.37932],[-67.03773,18.37782],[-67.0377,18.37555],[-67.03862,18.37523],[-67.03824,18.37272],[-67.0393,18.37213],[-67.03887,18.37037],[-67.03993,18.36956],[-67.03914,18.36922],[-67.04021,18.36877],[-67.03891,18.3676],[-67.03929,18.36561],[-67.04035,18.36543],[-67.04015,18.3642],[-67.04159,18.36145],[-67.04055,18.3594],[-67.04184,18.35854],[-67.04206,18.35573],[-67.0427,18.35609],[-67.04357,18.35427],[-67.04435,18.35501],[-67.04467,18.35366],[-67.04796,18.35395],[-67.04788,18.35303],[-67.04673,18.35281],[-67.0474,18.35086]]]},"properties":{"TRACTCE":"958700","GEOID":"72131958700","NAME":"9587","NAMELSAD":"Census Tract 9587","COUNTYFP":"131"}},
{"type":"Feature","geometry":{"type":"Polygon","coordinates":[[[-66.94918,18.3772],[-66.95023,18.37638],[-66.95266,18.36965],[-66.95379,18.36992],[-66.9518,18.36594],[-66.95286,18.36487],[-66.95277,18.36216],[-66.95475,18.35865],[-66.95347,18.3562],[-66.95495,18.35341],[-66.95497,18.35127],[-66.95945,18.34941],[-66.96019,18.34733],[-66.96202,18.3464],[-66.96963,18.34913],[-66.97769,18.3462],[-66.97465,18.34463],[-66.97064,18.34405],[-66.96715,18.3417],[-66.96005,18.34029],[-66.9522,18.33608],[-66.94889,18.33336],[-66.94944,18.33245],[-66.94679,18.32889],[-66.94631,18.32593],[-66.94398,18.32514],[-66.94256,18.32344],[-66.94004,18.32518],[-66.93779,18.32482],[-66.92825,18.32758],[-66.92611,18.32723],[-66.92145,18.32974],[-66.91877,18.3293],[-66.91662,18.32996],[-66.91321,18.33295],[-66.91182,18.33228],[-66.91006,18.33276],[-66.90714,18.33713],[-66.90736,18.3388],[-66.90646,18.33898],[-66.90826,18.34042],[-66.90916,18.3436],[-66.90857,18.34482],[-66.91087,18.34509],[-66.90946,18.34728],[-66.91044,18.34881],[-66.89641,18.3489],[-66.89187,18.36535],[-66.89331,18.36712],[-66.89475,18.36613],[-66.89893,18.36612],[-66.90044,18.3669],[-66.90144,18.36561],[-66.90501,18.3665],[-66.90787,18.37202],[-66.91001,18.37435],[-66.91223,18.37582],[-66.91439,18.37562],[-66.92039,18.37956],[-66.92168,18.38361],[-66.92296,18.3845],[-66.92344,18.38822],[-66.92202,18.3932],[-66.92961,18.39229],[-66.93204,18.38955],[-66.93333,18.38936],[-66.93332,18.38793],[-66.93502,18.38832],[-66.93536,18.3855],[-66.93701,18.38462],[-66.93659,18.37699],[-66.94559,18.37523],[-66.94918,18.3772]]]},"properties":{"TRACTCE":"958500","GEOID":"72131958500","NAME":"9585","NAMELSAD":"Census Tract 9585","COUNTYFP":"131"}},
{"type":"Feature","geometry":{"type":"Polygon","coordinates":[[[-67.00531,18.34995],[-67.00596,18.34889],[-67.00748,18.34925],[-67.00722,18.34831],[-67.00979,18.34429],[-67.00954,18.34326],[-67.00802,18.34487],[-67.00698,18.34449],[-67.00693,18.34299],[-67.00954,18.34027],[-67.00833,18.33911],[-67.00746,18.33965],[-67.00514,18.33856],[-67.00468,18.33636],[-67.00296,18.33604],[-67.00236,18.33347],[-66.99909,18.33282],[-66.99809,18.33481],[-66.99579,18.3339],[-66.99465,18.33537],[-66.99585,18.33707],[-66.99442,18.33847],[-66.99603,18.33963],[-66.99353,18.34327],[-67.00531,18.34995]]]},"properties":{"TRACTCE":"958900","GEOID":"72131958900","NAME":"9589","NAMELSAD":"Census Tract 9589","COUNTYFP":"131"}},
{"type":"Feature","geometry":{"type":"Polygon","coordinates":[[[-66.99366,18.3887],[-66.99441,18.38729],[-66.99165,18.38354],[-66.99211,18.37883],[-66.99151,18.3765],[-66.99256,18.37463],[-66.99403,18.37479],[-66.99449,18.37356],[-66.99655,18.37401],[-66.99655,18.37248],[-67.00377,18.37038],[-67.0045,18.36509],[-67.00294,18.36143],[-67.00106,18.36269],[-67.0003,18.36064],[-67.00293,18.35505],[-67.00363,18.35104],[-67.00531,18.34995],[-66.99353,18.34327],[-66.98879,18.34129],[-66.98514,18.34295],[-66.98315,18.34221],[-66.98353,18.34336],[-66.98278,18.3437],[-66.97828,18.34408],[-66.9766,18.3451],[-66.97943,18.34633],[-66.97769,18.3462],[-66.96963,18.34913],[-66.96202,18.3464],[-66.96019,18.34733],[-66.95945,18.34941],[-66.95497,18.35127],[-66.95495,18.35341],[-66.95347,18.3562],[-66.95475,18.35865],[-66.95277,18.36216],[-66.95286,18.36487],[-66.9518,18.36594],[-66.95379,18.36992],[-66.95266,18.36965],[-66.95023,18.37638],[-66.94918,18.3772],[-66.95087,18.37964],[-66.95413,18.37993],[-66.95711,18.38204],[-66.95976,18.3823],[-66.96167,18.38399],[-66.97288,18.38628],[-66.9794,18.38634],[-66.98109,18.38505],[-66.98429,18.38511],[-66.98935,18.38815],[-66.99366,18.3887]]]},"properties":{"TRACTCE":"959500","GEOID":"72131959500","NAME":"9595","NAMELSAD":"Census Tract 9595","COUNTYFP":"131"}},
{"type":"Feature","geometry":{"type":"Polygon","coordinates":[[[-67.00236,18.33347],[-67.00392,18.33287],[-67.00382,18.33065],[-67.0046,18.32962],[-67.00241,18.32987],[-67.00203,18.32896],[-67.00122,18.32909],[-67.00071,18.3273],[-66.99917,18.32741],[-66.99866,18.32537],[-66.99989,18.32337],[-66.99761,18.32244],[-66.99688,18.3203],[-66.99308,18.32196],[-66.99159,18.32415],[-66.98715,18.32411],[-66.98888,18.32865],[-66.98529,18.32949],[-66.98313,18.32844],[-66.98208,18.33097],[-66.97948,18.33105],[-66.97975,18.33434],[-66.9874,18.33275],[-66.99299,18.33396],[-66.99465,18.33537],[-66.99579,18.3339],[-66.99809,18.33481],[-66.99909,18.33282],[-67.00236,18.33347]]]},"properties":{"TRACTCE":"959000","GEOID":"72131959000","NAME":"9590","NAMELSAD":"Census Tract 9590","COUNTYFP":"131"}},
{"type":"Feature","geometry":{"type":"Polygon","coordinates":[[[-66.26678,18.48229],[-66.26785,18.46872],[-66.26288,18.46859],[-66.26273,18.46725],[-66.2603,18.46704],[-66.25806,18.46701],[-66.25707,18.46784],[-66.25536,18.46643],[-66.25585,18.46517],[-66.2579,18.46521],[-66.25862,18.46367],[-66.2581,18.45732],[-66.258,18.45514],[-66.25676,18.45354],[-66.25376,18.45421],[-66.25181,18.45162],[-66.24816,18.45121],[-66.24431,18.45485],[-66.24096,18.45568],[-66.23167,18.44974],[-66.23072,18.45065],[-66.2317,18.45281],[-66.23053,18.45439],[-66.21461,18.465],[-66.21114,18.46554],[-66.20556,18.46357],[-66.19931,18.46497],[-66.19894,18.46663],[-66.19604,18.47037],[-66.19565,18.47107],[-66.19999,18.47174],[-66.20216,18.46931],[-66.20987,18.46927],[-66.21383,18.46831],[-66.23677,18.47035],[-66.24225,18.4718],[-66.24732,18.47435],[-66.24961,18.47427],[-66.24961,18.47711],[-66.25171,18.47794],[-66.25369,18.48151],[-66.25536,18.48099],[-66.26678,18.48229]]]},"properties":{"TRACTCE":"540100","GEOID":"72051540100","NAME":"5401","NAMELSAD":"Census Tract 5401","COUNTYFP":"051"}},
{"type":"Feature","geometry":{"type":"Polygon","coordinates":[[[-66.30042,18.42526],[-66.29961,18.42371],[-66.29976,18.42077],[-66.30167,18.41796],[-66.30388,18.41064],[-66.30153,18.40687],[-66.29785,18.40537],[-66.28029,18.40692],[-66.27302,18.40501],[-66.26586,18.40861],[-66.2602,18.40955],[-66.25957,18.41087],[-66.25602,18.4118],[-66.25611,18.41395],[-66.25778,18.41638],[-66.26064,18.41704],[-66.26186,18.41454],[-66.26365,18.41676],[-66.26433,18.42102],[-66.26328,18.42132],[-66.26205,18.42337],[-66.26023,18.42277],[-66.25954,18.4248],[-66.26013,18.42584],[-66.26244,18.42444],[-66.26321,18.42489],[-66.26438,18.4271],[-66.26284,18.42892],[-66.265,18.42932],[-66.26509,18.42878],[-66.2676,18.42967],[-66.27581,18.42997],[-66.28012,18.42835],[-66.28298,18.4286],[-66.28429,18.42739],[-66.28796,18.42957],[-66.29308,18.42647],[-66.29703,18.42524],[-66.30042,18.42526]]]},"properties":{"TRACTCE":"540600","GEOID":"72051540600","NAME":"5406","NAMELSAD":"Census Tract 5406","COUNTYFP":"051"}},
{"type":"Feature","geometry":{"type":"Polygon","coordinates":[[[-66.27359,18.45673],[-66.26781,18.45641],[-66.26126,18.45432],[-66.26102,18.44867],[-66.25892,18.44824],[-66.258,18.45514],[-66.2581,18.45732],[-66.27018,18.4618],[-66.2717,18.46305],[-66.27285,18.46175],[-66.27359,18.45673]]]},"properties":{"TRACTCE":"540300","GEOID":"72051540300","NAME":"5403","NAMELSAD":"Census Tract 5403","COUNTYFP":"051"}},
{"type":"Feature","geometry":{"type":"Polygon","coordinates":[[[-66.31742,18.45107],[-66.31408,18.44264],[-66.30851,18.43385],[-66.30193,18.43374],[-66.30153,18.42748],[-66.30042,18.42526],[-66.29703,18.42524],[-66.29308,18.42647],[-66.28796,18.42957],[-66.28429,18.42739],[-66.28298,18.4286],[-66.28012,18.42835],[-66.27581,18.42997],[-66.2676,18.42967],[-66.26509,18.42878],[-66.265,18.42932],[-66.26573,18.43454],[-66.27571,18.43587],[-66.2847,18.43892],[-66.28449,18.44062],[-66.28789,18.44488],[-66.29025,18.44623],[-66.29469,18.44883],[-66.30727,18.45016],[-66.3071,18.4507],[-66.31031,18.45114],[-66.31742,18.45107]]]},"properties":{"TRACTCE":"540500","GEOID":"72051540500","NAME":"5405","NAMELSAD":"Census Tract 5405","COUNTYFP":"051"}},
{"type":"Feature","geometry":{"type":"Polygon","coordinates":[[[-66.30388,18.41064],[-66.30366,18.38408],[-66.30145,18.38347],[-66.29836,18.38472],[-66.29389,18.38441],[-66.28824,18.38564],[-66.28712,18.38511],[-66.28644,18.38318],[-66.28249,18.38307],[-66.27707,18.38553],[-66.27609,18.38434],[-66.27318,18.38477],[-66.2716,18.38374],[-66.26996,18.38415],[-66.27027,18.3857],[-66.26749,18.38663],[-66.26575,18.38612],[-66.26369,18.38811],[-66.26015,18.38711],[-66.25794,18.38756],[-66.25719,18.39021],[-66.25498,18.39011],[-66.25415,18.39238],[-66.25255,18.39419],[-66.25735,18.39751],[-66.25828,18.40354],[-66.25746,18.40509],[-66.2602,18.40955],[-66.26586,18.40861],[-66.27302,18.40501],[-66.28029,18.40692],[-66.29785,18.40537],[-66.30153,18.40687],[-66.30388,18.41064]]]},"properties":{"TRACTCE":"540700","GEOID":"72051540700","NAME":"5407","NAMELSAD":"Census Tract 5407","COUNTYFP":"051"}},
{"type":"Feature","geometry":{"type":"Polygon","coordinates":[[[-66.31465,18.47811],[-66.31545,18.47048],[-66.29699,18.46706],[-66.29456,18.46594],[-66.28724,18.46533],[-66.27712,18.46664],[-66.2717,18.46305],[-66.27018,18.4618],[-66.2581,18.45732],[-66.25862,18.46367],[-66.2579,18.46521],[-66.25585,18.46517],[-66.25536,18.46643],[-66.25707,18.46784],[-66.25806,18.46701],[-66.2603,18.46704],[-66.26273,18.46725],[-66.26288,18.46859],[-66.26785,18.46872],[-66.26678,18.48229],[-66.27097,18.4834],[-66.27459,18.48236],[-66.27841,18.48054],[-66.28323,18.47592],[-66.28737,18.47514],[-66.29065,18.47568],[-66.29855,18.48048],[-66.30633,18.47908],[-66.31102,18.48013],[-66.31465,18.47811]]]},"properties":{"TRACTCE":"540200","GEOID":"72051540200","NAME":"5402","NAMELSAD":"Census Tract 5402","COUNTYFP":"051"}},
{"type":"Feature","geometry":{"type":"Polygon","coordinates":[[[-66.31456,18.47891],[-66.31465,18.47811],[-66.31102,18.48013],[-66.30633,18.47908],[-66.29855,18.48048],[-66.29065,18.47568],[-66.28737,18.47514],[-66.28323,18.47592],[-66.27841,18.48054],[-66.27459,18.48236],[-66.27097,18.4834],[-66.26678,18.48229],[-66.25536,18.48099],[-66.25369,18.48151],[-66.25171,18.47794],[-66.24961,18.47711],[-66.24961,18.47427],[-66.24732,18.47435],[-66.24225,18.4718],[-66.23677,18.47035],[-66.21383,18.46831],[-66.20987,18.46927],[-66.20216,18.46931],[-66.19999,18.47174],[-66.19565,18.47107],[-66.19327,18.47527],[-66.18732,18.498],[-66.18727,18.52627],[-66.19407,18.52651],[-66.21211,18.52184],[-66.22548,18.52395],[-66.23553,18.5237],[-66.24228,18.52607],[-66.26007,18.52944],[-66.27112,18.52971],[-66.2831,18.52863],[-66.2862,18.52739],[-66.30246,18.52828],[-66.30831,18.52979],[-66.31456,18.47891]]]},"properties":{"TRACTCE":"990021","GEOID":"72051990021","NAME":"9900.21","NAMELSAD":"Census Tract 9900.21","COUNTYFP":"051"}},
{"type":"Feature","geometry":{"type":"Polygon","coordinates":[[[-65.92869,18.22354],[-65.92998,18.21569],[-65.93341,18.21156],[-65.93279,18.20877],[-65.93437,18.20407],[-65.93784,18.20087],[-65.93363,18.19624],[-65.9294,18.19743],[-65.92998,18.19294],[-65.92833,18.19096],[-65.92796,18.18859],[-65.92941,18.18463],[-65.9272,18.18205],[-65.92796,18.17989],[-65.92734,18.17731],[-65.93107,18.17789],[-65.93058,18.17318],[-65.93137,18.16957],[-65.92984,18.16411],[-65.93068,18.16334],[-65.93149,18.16382],[-65.93211,18.1621],[-65.9285,18.15391],[-65.9279,18.14507],[-65.92894,18.1434],[-65.92834,18.14285],[-65.92608,18.1442],[-65.91845,18.15711],[-65.91647,18.16094],[-65.91615,18.16429],[-65.91048,18.17475],[-65.90674,18.17978],[-65.90659,18.18832],[-65.90878,18.18876],[-65.91139,18.19119],[-65.91098,18.19308],[-65.91312,18.19631],[-65.91639,18.1955],[-65.92227,18.20504],[-65.92576,18.21259],[-65.92499,18.22202],[-65.92605,18.22177],[-65.92869,18.22354]]]},"properties":{"TRACTCE":"500402","GEOID":"72077500402","NAME":"5004.02","NAMELSAD":"Census Tract 5004.02","COUNTYFP":"077"}},
{"type":"Feature","geometry":{"type":"Polygon","coordinates":[[[-65.94542,18.2465],[-65.94601,18.24427],[-65.94936,18.24386],[-65.94804,18.24137],[-65.94613,18.24125],[-65.94565,18.23996],[-65.94274,18.23908],[-65.94247,18.23686],[-65.94148,18.23753],[-65.94112,18.23525],[-65.93947,18.23412],[-65.94153,18.23225],[-65.93763,18.23234],[-65.93411,18.23139],[-65.93025,18.2281],[-65.92728,18.22749],[-65.92869,18.22354],[-65.92605,18.22177],[-65.92499,18.22202],[-65.91832,18.22917],[-65.91587,18.22955],[-65.9146,18.23144],[-65.9166,18.23404],[-65.91748,18.23246],[-65.91943,18.23253],[-65.91997,18.23715],[-65.92669,18.2451],[-65.93,18.24508],[-65.93427,18.2482],[-65.93844,18.24824],[-65.94085,18.25027],[-65.94371,18.25304],[-65.94623,18.2524],[-65.9452,18.2495],[-65.94734,18.24811],[-65.9455,18.24766],[-65.94542,18.2465]]]},"properties":{"TRACTCE":"500200","GEOID":"72077500200","NAME":"5002","NAMELSAD":"Census Tract 5002","COUNTYFP":"077"}},
{"type":"Feature","geometry":{"type":"Polygon","coordinates":[[[-65.92499,18.22202],[-65.92576,18.21259],[-65.92227,18.20504],[-65.91639,18.1955],[-65.91312,18.19631],[-65.91098,18.19308],[-65.91139,18.19119],[-65.90878,18.18876],[-65.90659,18.18832],[-65.90674,18.17978],[-65.90291,18.18592],[-65.9019,18.1915],[-65.89889,18.19556],[-65.89602,18.20236],[-65.89432,18.20023],[-65.89075,18.20007],[-65.88956,18.20096],[-65.88874,18.20705],[-65.89013,18.21249],[-65.89407,18.21018],[-65.89554,18.21385],[-65.8958,18.21782],[-65.89755,18.21867],[-65.89701,18.22005],[-65.8988,18.2219],[-65.89946,18.22453],[-65.90051,18.22547],[-65.90276,18.22568],[-65.90325,18.22085],[-65.90395,18.22021],[-65.90481,18.22066],[-65.90595,18.21711],[-65.90584,18.21318],[-65.90412,18.21128],[-65.90469,18.20792],[-65.90667,18.2066],[-65.91832,18.22917],[-65.92499,18.22202]]]},"properties":{"TRACTCE":"500302","GEOID":"72077500302","NAME":"5003.02","NAMELSAD":"Census Tract 5003.02","COUNTYFP":"077"}},
{"type":"Feature","geometry":{"type":"Polygon","coordinates":[[[-65.95102,18.22929],[-65.94895,18.22726],[-65.95109,18.22527],[-65.9508,18.22215],[-65.95163,18.22054],[-65.95087,18.21874],[-65.95174,18.21592],[-65.94953,18.21348],[-65.94794,18.21307],[-65.94711,18.20905],[-65.94191,18.20466],[-65.94138,18.20229],[-65.9396,18.20279],[-65.93784,18.20087],[-65.93437,18.20407],[-65.93279,18.20877],[-65.93341,18.21156],[-65.92998,18.21569],[-65.92869,18.22354],[-65.92728,18.22749],[-65.93025,18.2281],[-65.93411,18.23139],[-65.93763,18.23234],[-65.94153,18.23225],[-65.94359,18.23169],[-65.94531,18.23373],[-65.94559,18.23262],[-65.94771,18.23169],[-65.94788,18.23325],[-65.94891,18.23352],[-65.95028,18.23081],[-65.948,18.22987],[-65.95102,18.22929]]]},"properties":{"TRACTCE":"500401","GEOID":"72077500401","NAME":"5004.01","NAMELSAD":"Census Tract 5004.01","COUNTYFP":"077"}},
{"type":"Feature","geometry":{"type":"Polygon","coordinates":[[[-65.91854,18.27013],[-65.91973,18.26932],[-65.92435,18.26934],[-65.92755,18.26816],[-65.92853,18.26655],[-65.93465,18.26206],[-65.93497,18.26018],[-65.93638,18.25921],[-65.94085,18.25027],[-65.93844,18.24824],[-65.93427,18.2482],[-65.93,18.24508],[-65.92669,18.2451],[-65.91997,18.23715],[-65.91749,18.23726],[-65.91547,18.23865],[-65.91245,18.2387],[-65.90938,18.23792],[-65.90595,18.2421],[-65.90072,18.24211],[-65.89935,18.2397],[-65.89482,18.23852],[-65.89307,18.23606],[-65.89086,18.23532],[-65.88979,18.23733],[-65.88886,18.23755],[-65.88591,18.2328],[-65.88438,18.23159],[-65.88114,18.23149],[-65.87973,18.22861],[-65.87568,18.22803],[-65.87488,18.23073],[-65.87266,18.23127],[-65.87151,18.23073],[-65.87075,18.2274],[-65.8696,18.22786],[-65.86875,18.23012],[-65.86742,18.23053],[-65.86635,18.2304],[-65.86556,18.22841],[-65.85804,18.24207],[-65.85182,18.24801],[-65.85173,18.2494],[-65.85322,18.25071],[-65.85262,18.25497],[-65.85789,18.25668],[-65.85926,18.25589],[-65.86156,18.25693],[-65.86623,18.25579],[-65.86767,18.25314],[-65.87012,18.25356],[-65.874,18.25274],[-65.87822,18.25603],[-65.8833,18.25761],[-65.8857,18.25973],[-65.88579,18.26078],[-65.8867,18.26039],[-65.88922,18.26176],[-65.89648,18.2611],[-65.9031,18.26353],[-65.90435,18.26512],[-65.90678,18.26562],[-65.91046,18.26493],[-65.91854,18.27013]]]},"properties":{"TRACTCE":"500100","GEOID":"72077500100","NAME":"5001","NAMELSAD":"Census Tract 5001","COUNTYFP":"077"}},
{"type":"Feature","geometry":{"type":"Polygon","coordinates":[[[-67.06266,18.08662],[-67.06065,18.08018],[-67.05752,18.0774],[-67.05707,18.07341],[-67.05055,18.07053],[-67.05247,18.0649],[-67.04919,18.06293],[-67.0431,18.06164],[-67.03939,18.05969],[-67.03956,18.06142],[-67.04271,18.06437],[-67.04311,18.06707],[-67.04126,18.06823],[-67.0359,18.06797],[-67.03296,18.0699],[-67.03249,18.07156],[-67.03349,18.07468],[-67.03511,18.07575],[-67.03299,18.07622],[-67.03307,18.07935],[-67.03497,18.07991],[-67.03937,18.08113],[-67.05463,18.08296],[-67.06266,18.08662]]]},"properties":{"TRACTCE":"840700","GEOID":"72125840700","NAME":"8407","NAMELSAD":"Census Tract 8407","COUNTYFP":"125"}},
{"type":"Feature","geometry":{"type":"Polygon","coordinates":[[[-66.75973,18.43685],[-66.76648,18.42402],[-66.75851,18.424],[-66.75473,18.42504],[-66.75045,18.42457],[-66.74609,18.42622],[-66.7427,18.42538],[-66.73626,18.42618],[-66.7317,18.42497],[-66.72453,18.42145],[-66.72932,18.40453],[-66.72862,18.40143],[-66.73261,18.40002],[-66.73258,18.39561],[-66.72845,18.39392],[-66.72976,18.39207],[-66.72854,18.38822],[-66.73036,18.38481],[-66.72888,18.38346],[-66.70752,18.38401],[-66.70489,18.41527],[-66.7026,18.42149],[-66.70414,18.42346],[-66.70328,18.4269],[-66.70379,18.42841],[-66.70197,18.43019],[-66.70129,18.43226],[-66.69762,18.43391],[-66.70226,18.4409],[-66.70074,18.44164],[-66.69818,18.4403],[-66.69715,18.44152],[-66.6977,18.44427],[-66.69944,18.44511],[-66.70252,18.44862],[-66.70212,18.45272],[-66.70312,18.4553],[-66.70468,18.45742],[-66.70769,18.45924],[-66.70684,18.46199],[-66.71093,18.46375],[-66.71237,18.46715],[-66.71546,18.46597],[-66.71782,18.46672],[-66.72008,18.46417],[-66.72144,18.46012],[-66.71824,18.4518],[-66.71478,18.44112],[-66.72325,18.44067],[-66.7253,18.43875],[-66.72926,18.44087],[-66.74053,18.44108],[-66.74528,18.43681],[-66.74962,18.43628],[-66.75973,18.43685]]]},"properties":{"TRACTCE":"301600","GEOID":"72013301600","NAME":"3016","NAMELSAD":"Census Tract 3016","COUNTYFP":"013"}},
{"type":"Feature","geometry":{"type":"Polygon","coordinates":[[[-66.74425,18.47349],[-66.75115,18.4755],[-66.74974,18.47352],[-66.75084,18.47176],[-66.75211,18.47171],[-66.75086,18.47123],[-66.75216,18.47028],[-66.75091,18.4696],[-66.75215,18.46962],[-66.75263,18.46855],[-66.74974,18.4679],[-66.75196,18.46699],[-66.74972,18.46635],[-66.75184,18.46629],[-66.75183,18.4642],[-66.74803,18.46408],[-66.74435,18.46588],[-66.73485,18.46527],[-66.73212,18.46744],[-66.733,18.46795],[-66.73184,18.472],[-66.73906,18.47216],[-66.74425,18.47349]]]},"properties":{"TRACTCE":"300800","GEOID":"72013300800","NAME":"3008","NAMELSAD":"Census Tract 3008","COUNTYFP":"013"}},
{"type":"Feature","geometry":{"type":"Polygon","coordinates":[[[-66.67696,18.49368],[-66.67504,18.4826],[-66.67709,18.4826],[-66.67765,18.48381],[-66.67825,18.48263],[-66.67999,18.48257],[-66.68007,18.47908],[-66.68433,18.47953],[-66.68691,18.47736],[-66.67034,18.46682],[-66.66664,18.4651],[-66.66314,18.46487],[-66.65859,18.46162],[-66.65431,18.46093],[-66.64617,18.46462],[-66.64556,18.46582],[-66.64604,18.46899],[-66.64395,18.47128],[-66.64403,18.47682],[-66.63659,18.47728],[-66.62772,18.47619],[-66.62151,18.47978],[-66.61795,18.48085],[-66.61415,18.48112],[-66.61077,18.47939],[-66.60498,18.47837],[-66.59365,18.47824],[-66.59136,18.47672],[-66.58885,18.47318],[-66.58621,18.48822],[-66.59535,18.49058],[-66.60432,18.49475],[-66.60989,18.49436],[-66.61734,18.49544],[-66.62462,18.49712],[-66.62462,18.49798],[-66.64454,18.49608],[-66.6493,18.49278],[-66.66374,18.492],[-66.67189,18.49507],[-66.67696,18.49368]]]},"properties":{"TRACTCE":"300200","GEOID":"72013300200","NAME":"3002","NAMELSAD":"Census Tract 3002","COUNTYFP":"013"}},
{"type":"Feature","geometry":{"type":"Polygon","coordinates":[[[-66.71003,18.47723],[-66.71054,18.47266],[-66.7137,18.4711],[-66.71782,18.46672],[-66.71546,18.46597],[-66.71237,18.46715],[-66.70823,18.46874],[-66.70397,18.46768],[-66.7054,18.47029],[-66.69781,18.4747],[-66.69707,18.47564],[-66.69748,18.4771],[-66.69231,18.47786],[-66.68691,18.47736],[-66.68433,18.47953],[-66.68007,18.47908],[-66.67999,18.48257],[-66.67825,18.48263],[-66.67765,18.48381],[-66.67709,18.4826],[-66.67504,18.4826],[-66.67696,18.49368],[-66.68451,18.48676],[-66.68724,18.48546],[-66.68958,18.48544],[-66.69494,18.48777],[-66.69783,18.48787],[-66.70674,18.48614],[-66.70918,18.48397],[-66.70938,18.48199],[-66.70473,18.47804],[-66.70503,18.47731],[-66.71003,18.47723]]]},"properties":{"TRACTCE":"300400","GEOID":"72013300400","NAME":"3004","NAMELSAD":"Census Tract 3004","COUNTYFP":"013"}},
{"type":"Feature","geometry":{"type":"Polygon","coordinates":[[[-65.84225,18.17711],[-65.84401,18.17677],[-65.84559,18.17438],[-65.8433,18.16758],[-65.84338,18.16429],[-65.83954,18.1604],[-65.83755,18.15663],[-65.82931,18.15793],[-65.81936,18.1545],[-65.8172,18.1576],[-65.81809,18.15837],[-65.81659,18.1599],[-65.81887,18.16247],[-65.81924,18.16555],[-65.82111,18.16709],[-65.82054,18.16876],[-65.82373,18.17468],[-65.8262,18.17507],[-65.82923,18.17323],[-65.8315,18.17288],[-65.83661,18.1753],[-65.84225,18.17711]]]},"properties":{"TRACTCE":"180400","GEOID":"72069180400","NAME":"1804","NAMELSAD":"Census Tract 1804","COUNTYFP":"069"}},
{"type":"Feature","geometry":{"type":"Polygon","coordinates":[[[-67.13747,18.45166],[-67.13931,18.44986],[-67.14085,18.44554],[-67.14286,18.44386],[-67.13923,18.43945],[-67.1331,18.43968],[-67.12633,18.43985],[-67.11661,18.44463],[-67.11835,18.44495],[-67.12038,18.44341],[-67.12149,18.44419],[-67.12123,18.44728],[-67.12263,18.4489],[-67.12548,18.44898],[-67.12719,18.45015],[-67.13044,18.44857],[-67.13431,18.45097],[-67.13504,18.45039],[-67.13747,18.45166]]]},"properties":{"TRACTCE":"401301","GEOID":"72005401301","NAME":"4013.01","NAMELSAD":"Census Tract 4013.01","COUNTYFP":"005"}},
{"type":"Feature","geometry":{"type":"Polygon","coordinates":[[[-67.15358,18.39936],[-67.15564,18.39847],[-67.15466,18.39716],[-67.15632,18.3957],[-67.15626,18.39354],[-67.15381,18.395],[-67.15012,18.3922],[-67.14804,18.39388],[-67.14634,18.39176],[-67.14493,18.39308],[-67.14417,18.3915],[-67.14275,18.39085],[-67.14075,18.39193],[-67.14126,18.38914],[-67.13851,18.38688],[-67.13558,18.38593],[-67.13314,18.38712],[-67.13376,18.38812],[-67.13221,18.38939],[-67.13219,18.38942],[-67.12738,18.39639],[-67.12382,18.40454],[-67.1255,18.40923],[-67.11201,18.42339],[-67.11334,18.42532],[-67.11604,18.42674],[-67.11932,18.42719],[-67.12204,18.42966],[-67.12191,18.43156],[-67.12318,18.43373],[-67.12796,18.43597],[-67.12949,18.43765],[-67.13247,18.4384],[-67.1331,18.43968],[-67.13923,18.43945],[-67.14286,18.44386],[-67.14387,18.44441],[-67.14513,18.44475],[-67.14788,18.44281],[-67.14859,18.43067],[-67.15215,18.42329],[-67.15265,18.42359],[-67.15267,18.41733],[-67.1535,18.41642],[-67.15252,18.41649],[-67.15358,18.39936]]]},"properties":{"TRACTCE":"401200","GEOID":"72005401200","NAME":"4012","NAMELSAD":"Census Tract 4012","COUNTYFP":"005"}},
{"type":"Feature","geometry":{"type":"Polygon","coordinates":[[[-66.11387,18.47213],[-66.1119,18.46729],[-66.11159,18.46644],[-66.10715,18.4671],[-66.10669,18.47063],[-66.11387,18.47213]]]},"properties":{"TRACTCE":"980107","GEOID":"72127980107","NAME":"9801.07","NAMELSAD":"Census Tract 9801.07","COUNTYFP":"127"}},
{"type":"Feature","geometry":{"type":"Polygon","coordinates":[[[-66.04498,18.44914],[-66.04509,18.44684],[-66.04405,18.44678],[-66.04045,18.44653],[-66.03825,18.44637],[-66.0378,18.44854],[-66.04135,18.45099],[-66.04498,18.44914]]]},"properties":{"TRACTCE":"001302","GEOID":"72127001302","NAME":"13.02","NAMELSAD":"Census Tract 13.02","COUNTYFP":"127"}},
{"type":"Feature","geometry":{"type":"Polygon","coordinates":[[[-66.05154,18.44995],[-66.05205,18.44737],[-66.04509,18.44684],[-66.04498,18.44914],[-66.05154,18.44995]]]},"properties":{"TRACTCE":"001301","GEOID":"72127001301","NAME":"13.01","NAMELSAD":"Census Tract 13.01","COUNTYFP":"127"}},
{"type":"Feature","geometry":{"type":"Polygon","coordinates":[[[-66.12907,18.48083],[-66.1294,18.46563],[-66.12455,18.46155],[-66.12006,18.46585],[-66.12186,18.46768],[-66.11939,18.46835],[-66.11997,18.46911],[-66.11847,18.46913],[-66.1182,18.47387],[-66.12907,18.48083]]]},"properties":{"TRACTCE":"980200","GEOID":"72127980200","NAME":"9802","NAMELSAD":"Census Tract 9802","COUNTYFP":"127"}},
{"type":"Feature","geometry":{"type":"Polygon","coordinates":[[[-65.87021,18.10843],[-65.87004,18.10642],[-65.87185,18.10453],[-65.87288,18.0997],[-65.87891,18.09529],[-65.87631,18.09209],[-65.87704,18.08588],[-65.87461,18.08096],[-65.8747,18.07382],[-65.87323,18.07274],[-65.87616,18.06857],[-65.87683,18.06503],[-65.87426,18.06595],[-65.87308,18.06461],[-65.8732,18.06346],[-65.87182,18.06483],[-65.86841,18.06464],[-65.86615,18.06581],[-65.86515,18.06779],[-65.86396,18.06823],[-65.86375,18.07041],[-65.86182,18.07157],[-65.85959,18.0706],[-65.85463,18.07198],[-65.85234,18.06994],[-65.85111,18.07],[-65.84793,18.06806],[-65.84293,18.07019],[-65.83872,18.06999],[-65.83221,18.06703],[-65.82913,18.06477],[-65.82861,18.06292],[-65.8272,18.0658],[-65.83098,18.06876],[-65.84236,18.07556],[-65.84696,18.0769],[-65.85438,18.08128],[-65.85707,18.08194],[-65.85695,18.08469],[-65.85601,18.08613],[-65.84981,18.08974],[-65.84634,18.09039],[-65.84356,18.09329],[-65.8409,18.09426],[-65.84331,18.09753],[-65.84805,18.09916],[-65.84735,18.10071],[-65.84805,18.10244],[-65.84564,18.10618],[-65.84329,18.10744],[-65.84291,18.10989],[-65.8417,18.11015],[-65.84236,18.1122],[-65.846,18.11242],[-65.84612,18.114],[-65.84498,18.11511],[-65.84741,18.11713],[-65.85113,18.11834],[-65.85585,18.11743],[-65.85711,18.11538],[-65.86032,18.11559],[-65.86105,18.11344],[-65.86355,18.11217],[-65.86321,18.10927],[-65.86383,18.1087],[-65.86544,18.1081],[-65.87021,18.10843]]]},"properties":{"TRACTCE":"950601","GEOID":"72151950601","NAME":"9506.01","NAMELSAD":"Census Tract 9506.01","COUNTYFP":"151"}},
{"type":"Feature","geometry":{"type":"Polygon","coordinates":[[[-65.8409,18.09426],[-65.84356,18.09329],[-65.84634,18.09039],[-65.84981,18.08974],[-65.85601,18.08613],[-65.85695,18.08469],[-65.85707,18.08194],[-65.85438,18.08128],[-65.84696,18.0769],[-65.84236,18.07556],[-65.83098,18.06876],[-65.8272,18.0658],[-65.82861,18.06292],[-65.82771,18.05673],[-65.82624,18.05746],[-65.82716,18.05633],[-65.82235,18.05215],[-65.81823,18.05613],[-65.81573,18.05605],[-65.8142,18.05421],[-65.81106,18.05306],[-65.80743,18.05268],[-65.79921,18.05521],[-65.79518,18.05812],[-65.79276,18.0618],[-65.79147,18.06996],[-65.79398,18.0699],[-65.79946,18.06931],[-65.80283,18.07119],[-65.80449,18.0707],[-65.80863,18.07137],[-65.81398,18.08089],[-65.81421,18.08178],[-65.81816,18.08265],[-65.81846,18.08062],[-65.82157,18.0815],[-65.82271,18.08383],[-65.82844,18.08414],[-65.83,18.08584],[-65.83048,18.0891],[-65.83627,18.09114],[-65.83799,18.09008],[-65.83974,18.09072],[-65.8407,18.09149],[-65.84016,18.09317],[-65.8409,18.09426]]]},"properties":{"TRACTCE":"950602","GEOID":"72151950602","NAME":"9506.02","NAMELSAD":"Census Tract 9506.02","COUNTYFP":"151"}},
{"type":"Feature","geometry":{"type":"Polygon","coordinates":[[[-66.36186,18.09632],[-66.36318,18.09492],[-66.35981,18.09184],[-66.36057,18.08913],[-66.35968,18.0868],[-66.35829,18.08703],[-66.35715,18.08483],[-66.35534,18.08384],[-66.3547,18.08242],[-66.35061,18.08482],[-66.34842,18.0872],[-66.34627,18.08615],[-66.3438,18.087],[-66.3431,18.08517],[-66.34191,18.08567],[-66.3412,18.08376],[-66.34197,18.08296],[-66.34447,18.08479],[-66.34188,18.0814],[-66.34339,18.07921],[-66.34817,18.08248],[-66.35203,18.08278],[-66.35414,18.08158],[-66.3527,18.08031],[-66.35413,18.07878],[-66.35531,18.07415],[-66.35032,18.07421],[-66.34786,18.07232],[-66.34498,18.07305],[-66.34187,18.07217],[-66.34087,18.06994],[-66.34169,18.06541],[-66.34044,18.06223],[-66.33715,18.06056],[-66.33355,18.05693],[-66.33115,18.05651],[-66.32925,18.05349],[-66.32024,18.05041],[-66.31952,18.0475],[-66.31993,18.04481],[-66.31583,18.03411],[-66.31517,18.0297],[-66.3123,18.03335],[-66.31437,18.03562],[-66.31193,18.03946],[-66.31305,18.04441],[-66.31062,18.04697],[-66.30364,18.05052],[-66.29752,18.05719],[-66.29233,18.05676],[-66.28481,18.05972],[-66.27938,18.06892],[-66.26904,18.06912],[-66.25957,18.07357],[-66.25753,18.07588],[-66.25938,18.07761],[-66.25995,18.08261],[-66.26305,18.08564],[-66.26686,18.08545],[-66.27035,18.08701],[-66.27294,18.08659],[-66.273,18.09113],[-66.27726,18.09564],[-66.28168,18.0954],[-66.2901,18.10216],[-66.31077,18.11817],[-66.31377,18.11724],[-66.31609,18.11192],[-66.32092,18.10894],[-66.3233,18.10923],[-66.32359,18.11091],[-66.32488,18.11106],[-66.32526,18.11425],[-66.32863,18.11834],[-66.33221,18.1184],[-66.33513,18.12007],[-66.34045,18.11911],[-66.34311,18.11549],[-66.34491,18.11469],[-66.34429,18.11177],[-66.34564,18.10718],[-66.35321,18.10139],[-66.35513,18.1009],[-66.35877,18.10296],[-66.36033,18.10002],[-66.35975,18.09681],[-66.36186,18.09632]]]},"properties":{"TRACTCE":"954500","GEOID":"72043954500","NAME":"9545","NAMELSAD":"Census Tract 9545","COUNTYFP":"043"}},
{"type":"Feature","geometry":{"type":"Polygon","coordinates":[[[-66.43017,18.07646],[-66.4288,18.07543],[-66.42754,18.07167],[-66.42934,18.06821],[-66.43085,18.06727],[-66.42983,18.06619],[-66.43154,18.06352],[-66.43027,18.06226],[-66.42911,18.05718],[-66.42782,18.05631],[-66.42815,18.05485],[-66.42401,18.05226],[-66.42527,18.05117],[-66.42581,18.04886],[-66.42517,18.04823],[-66.42456,18.04911],[-66.42401,18.04813],[-66.42598,18.04632],[-66.42699,18.04263],[-66.39518,18.03704],[-66.39228,18.03901],[-66.38814,18.04019],[-66.38618,18.03968],[-66.38519,18.03789],[-66.38488,18.03883],[-66.38069,18.03748],[-66.37773,18.03464],[-66.37176,18.03262],[-66.37277,18.03536],[-66.37529,18.03717],[-66.375,18.03902],[-66.37737,18.04128],[-66.37561,18.04394],[-66.37405,18.04425],[-66.37268,18.04773],[-66.3715,18.04864],[-66.36929,18.04648],[-66.36813,18.04675],[-66.36909,18.04981],[-66.37208,18.05356],[-66.372,18.05596],[-66.3707,18.05642],[-66.36986,18.05486],[-66.36537,18.0531],[-66.36748,18.05608],[-66.36903,18.0608],[-66.36771,18.06543],[-66.37288,18.06475],[-66.3732,18.06283],[-66.37414,18.06375],[-66.37589,18.06357],[-66.38375,18.07225],[-66.38118,18.07306],[-66.38358,18.07516],[-66.3829,18.07701],[-66.38877,18.082],[-66.39155,18.08153],[-66.39512,18.07782],[-66.39748,18.07243],[-66.40352,18.07542],[-66.41092,18.07593],[-66.41047,18.07807],[-66.41118,18.07922],[-66.41315,18.07861],[-66.41434,18.07717],[-66.41779,18.07722],[-66.42049,18.07516],[-66.42736,18.07777],[-66.43017,18.07646]]]},"properties":{"TRACTCE":"954700","GEOID":"72043954700","NAME":"9547","NAMELSAD":"Census Tract 9547","COUNTYFP":"043"}},
{"type":"Feature","geometry":{"type":"Polygon","coordinates":[[[-66.36771,18.06543],[-66.36903,18.0608],[-66.36748,18.05608],[-66.36537,18.0531],[-66.36986,18.05486],[-66.3707,18.05642],[-66.372,18.05596],[-66.37208,18.05356],[-66.36909,18.04981],[-66.36813,18.04675],[-66.36929,18.04648],[-66.3715,18.04864],[-66.37268,18.04773],[-66.37405,18.04425],[-66.37561,18.04394],[-66.37737,18.04128],[-66.375,18.03902],[-66.37529,18.03717],[-66.37277,18.03536],[-66.37176,18.03262],[-66.36649,18.03559],[-66.36102,18.03707],[-66.35649,18.03686],[-66.35443,18.03322],[-66.35178,18.03127],[-66.34882,18.0308],[-66.34914,18.02873],[-66.34771,18.0256],[-66.34346,18.02479],[-66.34039,18.02304],[-66.33564,18.02261],[-66.33557,18.02159],[-66.33214,18.01865],[-66.33229,18.01692],[-66.33124,18.01589],[-66.33048,18.01698],[-66.32931,18.01552],[-66.32881,18.01583],[-66.32917,18.01808],[-66.33055,18.01934],[-66.32848,18.01954],[-66.32574,18.01829],[-66.32343,18.02085],[-66.31888,18.02975],[-66.31517,18.0297],[-66.31583,18.03411],[-66.31993,18.04481],[-66.31952,18.0475],[-66.32024,18.05041],[-66.32925,18.05349],[-66.33115,18.05651],[-66.33355,18.05693],[-66.33715,18.06056],[-66.34044,18.06223],[-66.34169,18.06541],[-66.34087,18.06994],[-66.34187,18.07217],[-66.34498,18.07305],[-66.34786,18.07232],[-66.35032,18.07421],[-66.35531,18.07415],[-66.35752,18.0732],[-66.35799,18.07164],[-66.35904,18.07196],[-66.35895,18.07021],[-66.36159,18.07044],[-66.36771,18.06543]]]},"properties":{"TRACTCE":"954600","GEOID":"72043954600","NAME":"9546","NAMELSAD":"Census Tract 9546","COUNTYFP":"043"}},
{"type":"Feature","geometry":{"type":"Polygon","coordinates":[[[-66.3368,17.96692],[-66.32943,17.91847],[-66.32322,17.87767],[-66.31027,17.87931],[-66.30309,17.88211],[-66.28281,17.87838],[-66.27264,17.87302],[-66.27438,17.87302],[-66.27178,17.87133],[-66.25737,17.86559],[-66.24331,17.86257],[-66.23596,17.86224],[-66.2203,17.86289],[-66.21327,17.86451],[-66.19365,17.87304],[-66.18734,17.87704],[-66.21533,17.91132],[-66.24918,17.91082],[-66.25193,17.91327],[-66.26458,17.92],[-66.26832,17.92293],[-66.27619,17.92396],[-66.2868,17.92923],[-66.29679,17.93049],[-66.30519,17.93319],[-66.31501,17.93311],[-66.31942,17.92455],[-66.32458,17.92463],[-66.32816,17.92843],[-66.32608,17.93192],[-66.32167,17.93469],[-66.31784,17.93913],[-66.31193,17.94237],[-66.30702,17.95172],[-66.30679,17.95368],[-66.30536,17.95572],[-66.30578,17.9592],[-66.31194,17.96348],[-66.32167,17.96774],[-66.3368,17.96692]]]},"properties":{"TRACTCE":"992800","GEOID":"72123992800","NAME":"9928","NAMELSAD":"Census Tract 9928","COUNTYFP":"123"}},
{"type":"Feature","geometry":{"type":"Polygon","coordinates":[[[-66.38877,18.082],[-66.3829,18.07701],[-66.38358,18.07516],[-66.38118,18.07306],[-66.38375,18.07225],[-66.37589,18.06357],[-66.37414,18.06375],[-66.3732,18.06283],[-66.37288,18.06475],[-66.36771,18.06543],[-66.36159,18.07044],[-66.36199,18.07816],[-66.36075,18.07958],[-66.36086,18.08083],[-66.37022,18.07943],[-66.37008,18.08023],[-66.37522,18.07885],[-66.37485,18.0797],[-66.37743,18.0799],[-66.3788,18.08128],[-66.3826,18.08257],[-66.38334,18.08187],[-66.3843,18.08249],[-66.38877,18.082]]]},"properties":{"TRACTCE":"954200","GEOID":"72043954200","NAME":"9542","NAMELSAD":"Census Tract 9542","COUNTYFP":"043"}},
{"type":"Feature","geometry":{"type":"Polygon","coordinates":[[[-66.44456,18.17667],[-66.4402,18.17452],[-66.43917,18.17292],[-66.43457,18.17354],[-66.43267,18.17252],[-66.42885,18.16463],[-66.42845,18.15834],[-66.42945,18.15677],[-66.4283,18.15604],[-66.42872,18.15506],[-66.42769,18.15522],[-66.42478,18.15285],[-66.41931,18.14499],[-66.42022,18.14329],[-66.41872,18.13993],[-66.42052,18.13911],[-66.42141,18.13608],[-66.42077,18.1341],[-66.42264,18.13435],[-66.42358,18.13206],[-66.4245,18.13208],[-66.42408,18.12921],[-66.4263,18.12483],[-66.42696,18.11841],[-66.43077,18.11561],[-66.42964,18.11217],[-66.42776,18.11066],[-66.42677,18.10191],[-66.42136,18.09845],[-66.42168,18.09735],[-66.42426,18.0967],[-66.42544,18.09385],[-66.42916,18.09112],[-66.42898,18.08918],[-66.43118,18.0854],[-66.4296,18.08459],[-66.43034,18.08216],[-66.42891,18.07859],[-66.43017,18.07646],[-66.42736,18.07777],[-66.42049,18.07516],[-66.41779,18.07722],[-66.41434,18.07717],[-66.41315,18.07861],[-66.41118,18.07922],[-66.41047,18.07807],[-66.41092,18.07593],[-66.40352,18.07542],[-66.39748,18.07243],[-66.39512,18.07782],[-66.39155,18.08153],[-66.38877,18.082],[-66.3843,18.08249],[-66.38334,18.08187],[-66.3826,18.08257],[-66.3788,18.08128],[-66.37743,18.0799],[-66.37485,18.0797],[-66.37522,18.07885],[-66.37008,18.08023],[-66.36996,18.08225],[-66.36709,18.08656],[-66.36439,18.08466],[-66.35968,18.0868],[-66.36057,18.08913],[-66.35981,18.09184],[-66.36318,18.09492],[-66.36186,18.09632],[-66.36308,18.09774],[-66.36422,18.10271],[-66.36588,18.10323],[-66.36703,18.10485],[-66.36621,18.10559],[-66.36619,18.1078],[-66.36913,18.11002],[-66.36717,18.11132],[-66.36687,18.11348],[-66.36467,18.11597],[-66.3664,18.11842],[-66.37053,18.11981],[-66.37012,18.12548],[-66.3677,18.1274],[-66.37437,18.12506],[-66.37481,18.12795],[-66.37709,18.12857],[-66.37604,18.13018],[-66.37694,18.13317],[-66.38006,18.13473],[-66.38065,18.13667],[-66.38314,18.13863],[-66.38584,18.1445],[-66.38411,18.14913],[-66.3866,18.1553],[-66.38337,18.15771],[-66.38125,18.15816],[-66.38023,18.15989],[-66.38023,18.16187],[-66.3825,18.16446],[-66.38339,18.16882],[-66.3819,18.17004],[-66.38211,18.17226],[-66.38352,18.17307],[-66.38491,18.17224],[-66.38895,18.1725],[-66.38916,18.17018],[-66.39214,18.16642],[-66.40118,18.16474],[-66.40167,18.16672],[-66.40425,18.16733],[-66.40572,18.16549],[-66.40683,18.16404],[-66.40984,18.16302],[-66.41228,18.16426],[-66.41354,18.16329],[-66.4209,18.16632],[-66.42346,18.17207],[-66.42484,18.1708],[-66.42799,18.17094],[-66.43126,18.17351],[-66.43607,18.1755],[-66.44456,18.17667]]]},"properties":{"TRACTCE":"954000","GEOID":"72043954000","NAME":"9540","NAMELSAD":"Census Tract 9540","COUNTYFP":"043"}},
{"type":"Feature","geometry":{"type":"Polygon","coordinates":[[[-66.35463,18.19193],[-66.35601,18.19222],[-66.35597,18.19378],[-66.36088,18.19988],[-66.36373,18.20066],[-66.36732,18.19693],[-66.36766,18.19469],[-66.36478,18.18692],[-66.36567,18.18535],[-66.37071,18.18584],[-66.37379,18.18411],[-66.37204,18.17695],[-66.37377,18.17369],[-66.3679,18.17223],[-66.36504,18.1697],[-66.36244,18.17033],[-66.35554,18.16938],[-66.35484,18.16768],[-66.35109,18.16543],[-66.34794,18.1662],[-66.34664,18.16737],[-66.34345,18.1673],[-66.34192,18.16818],[-66.34154,18.16586],[-66.34042,18.1655],[-66.33925,18.16627],[-66.33838,18.16866],[-66.33389,18.16739],[-66.33372,18.16819],[-66.33068,18.16826],[-66.32969,18.16464],[-66.3273,18.16483],[-66.32663,18.16622],[-66.32461,18.1658],[-66.32432,18.16466],[-66.32232,18.1655],[-66.3222,18.15948],[-66.32305,18.1571],[-66.3215,18.15562],[-66.31794,18.15499],[-66.31654,18.15281],[-66.31485,18.15209],[-66.31518,18.15318],[-66.30988,18.15933],[-66.30658,18.15996],[-66.30425,18.16145],[-66.30159,18.15918],[-66.30112,18.16079],[-66.30012,18.16053],[-66.29953,18.16135],[-66.29815,18.16537],[-66.2934,18.16484],[-66.29241,18.16576],[-66.29201,18.16927],[-66.28954,18.16873],[-66.28719,18.16939],[-66.28298,18.17137],[-66.28128,18.17138],[-66.27869,18.17398],[-66.27703,18.17392],[-66.2768,18.17517],[-66.2865,18.17854],[-66.28839,18.18147],[-66.29206,18.18371],[-66.29013,18.18556],[-66.29778,18.18389],[-66.30076,18.18396],[-66.30047,18.18206],[-66.30135,18.18101],[-66.30424,18.1802],[-66.30739,18.18079],[-66.31307,18.17813],[-66.32226,18.18926],[-66.33323,18.19112],[-66.33393,18.19029],[-66.33806,18.18979],[-66.33719,18.19119],[-66.33859,18.19223],[-66.34022,18.19045],[-66.34696,18.18881],[-66.34884,18.18738],[-66.35047,18.18892],[-66.35053,18.19006],[-66.35182,18.18997],[-66.35463,18.19193]]]},"properties":{"TRACTCE":"952500","GEOID":"72019952500","NAME":"9525","NAMELSAD":"Census Tract 9525","COUNTYFP":"019"}},
{"type":"Feature","geometry":{"type":"Polygon","coordinates":[[[-66.58296,18.36452],[-66.58526,18.35901],[-66.58836,18.35559],[-66.58704,18.35308],[-66.5899,18.34898],[-66.58864,18.34733],[-66.59031,18.34521],[-66.58958,18.34406],[-66.59023,18.34153],[-66.59166,18.34069],[-66.59039,18.3394],[-66.59067,18.3382],[-66.58787,18.33915],[-66.58609,18.33731],[-66.58162,18.3405],[-66.58053,18.3402],[-66.57382,18.34252],[-66.57232,18.34251],[-66.56988,18.34077],[-66.56517,18.34085],[-66.563,18.34291],[-66.56176,18.3424],[-66.56105,18.34067],[-66.55809,18.34194],[-66.55668,18.34115],[-66.55109,18.34066],[-66.55076,18.3416],[-66.54856,18.34178],[-66.54522,18.34349],[-66.53964,18.3444],[-66.5371,18.34634],[-66.53617,18.34876],[-66.53362,18.35133],[-66.53324,18.35668],[-66.53399,18.36098],[-66.53154,18.36467],[-66.53133,18.36814],[-66.53483,18.36875],[-66.53758,18.36559],[-66.53766,18.36343],[-66.54062,18.3634],[-66.54086,18.36536],[-66.54249,18.36671],[-66.54729,18.36397],[-66.55327,18.36225],[-66.55808,18.36282],[-66.55985,18.36387],[-66.56413,18.36313],[-66.56725,18.36373],[-66.56754,18.36173],[-66.57156,18.36024],[-66.57658,18.36262],[-66.57816,18.3624],[-66.57953,18.36092],[-66.58151,18.36142],[-66.58296,18.36452]]]},"properties":{"TRACTCE":"580200","GEOID":"72054580200","NAME":"5802","NAMELSAD":"Census Tract 5802","COUNTYFP":"054"}},
{"type":"Feature","geometry":{"type":"Polygon","coordinates":[[[-66.58837,18.38957],[-66.58786,18.38248],[-66.58914,18.37568],[-66.5881,18.37402],[-66.58233,18.37401],[-66.58296,18.36452],[-66.58151,18.36142],[-66.57953,18.36092],[-66.57816,18.3624],[-66.57658,18.36262],[-66.57156,18.36024],[-66.56754,18.36173],[-66.56725,18.36373],[-66.56413,18.36313],[-66.55985,18.36387],[-66.55808,18.36282],[-66.55327,18.36225],[-66.54729,18.36397],[-66.54249,18.36671],[-66.54086,18.36536],[-66.54062,18.3634],[-66.53766,18.36343],[-66.53758,18.36559],[-66.53483,18.36875],[-66.53133,18.36814],[-66.53172,18.38337],[-66.53053,18.38501],[-66.53157,18.38669],[-66.53372,18.38741],[-66.53568,18.39391],[-66.53768,18.39498],[-66.53798,18.39781],[-66.53974,18.39888],[-66.54308,18.40542],[-66.5472,18.40493],[-66.55084,18.40639],[-66.5531,18.41164],[-66.55887,18.41192],[-66.56371,18.41331],[-66.56711,18.41255],[-66.5704,18.41122],[-66.57052,18.40976],[-66.57497,18.4064],[-66.57571,18.40066],[-66.57825,18.39846],[-66.57884,18.39496],[-66.58283,18.39536],[-66.58306,18.3899],[-66.58837,18.38957]]]},"properties":{"TRACTCE":"580100","GEOID":"72054580100","NAME":"5801","NAMELSAD":"Census Tract 5801","COUNTYFP":"054"}},
{"type":"Feature","geometry":{"type":"Polygon","coordinates":[[[-66.24627,18.07679],[-66.24621,18.07332],[-66.24864,18.06964],[-66.24703,18.06719],[-66.24485,18.06705],[-66.24504,18.066],[-66.24405,18.06673],[-66.24426,18.0656],[-66.24148,18.06375],[-66.24124,18.06173],[-66.23975,18.06103],[-66.24158,18.05459],[-66.24111,18.04609],[-66.24222,18.04318],[-66.24072,18.03988],[-66.24027,18.03553],[-66.23608,18.03622],[-66.23229,18.0327],[-66.22979,18.0315],[-66.21556,18.02917],[-66.21419,18.02587],[-66.20715,18.01788],[-66.2076,18.01335],[-66.20566,18.01188],[-66.20559,18.01298],[-66.20335,18.01326],[-66.20301,18.01566],[-66.20035,18.01895],[-66.19661,18.02056],[-66.19539,18.01971],[-66.19251,18.02032],[-66.19102,18.02214],[-66.18983,18.02193],[-66.18906,18.0242],[-66.18475,18.02542],[-66.18228,18.02454],[-66.18,18.02544],[-66.18093,18.02883],[-66.17785,18.03216],[-66.17482,18.03291],[-66.16614,18.05006],[-66.1672,18.05173],[-66.17035,18.05142],[-66.17232,18.054],[-66.17333,18.05329],[-66.17798,18.05349],[-66.18372,18.05075],[-66.19604,18.04915],[-66.20204,18.04611],[-66.205,18.05092],[-66.20502,18.05436],[-66.20149,18.05806],[-66.20096,18.06399],[-66.20175,18.06764],[-66.20607,18.06765],[-66.21167,18.07453],[-66.2158,18.07956],[-66.21534,18.08614],[-66.2184,18.09261],[-66.22449,18.09534],[-66.23147,18.09589],[-66.2349,18.09421],[-66.24005,18.09319],[-66.23978,18.08469],[-66.24064,18.08222],[-66.24272,18.08019],[-66.24224,18.07715],[-66.24627,18.07679]]]},"properties":{"TRACTCE":"952600","GEOID":"72123952600","NAME":"9526","NAMELSAD":"Census Tract 9526","COUNTYFP":"123"}},
{"type":"Feature","geometry":{"type":"Polygon","coordinates":[[[-66.28974,17.98636],[-66.29119,17.98457],[-66.29016,17.98358],[-66.27891,17.98318],[-66.27521,17.98185],[-66.2693,17.9816],[-66.24998,17.99921],[-66.22622,17.99853],[-66.22285,18.0022],[-66.22048,18.00686],[-66.21524,18.00778],[-66.21409,18.01085],[-66.2119,18.0124],[-66.21025,18.01284],[-66.20566,18.01171],[-66.20566,18.01188],[-66.2076,18.01335],[-66.20715,18.01788],[-66.21419,18.02587],[-66.21556,18.02917],[-66.22979,18.0315],[-66.23229,18.0327],[-66.23608,18.03622],[-66.24027,18.03553],[-66.25042,18.0258],[-66.26593,18],[-66.28591,17.98788],[-66.28842,17.98763],[-66.28974,17.98636]]]},"properties":{"TRACTCE":"952800","GEOID":"72123952800","NAME":"9528","NAMELSAD":"Census Tract 9528","COUNTYFP":"123"}},
{"type":"Feature","geometry":{"type":"Polygon","coordinates":[[[-66.33124,18.01589],[-66.33162,18.0129],[-66.33513,18.00866],[-66.33498,18.00545],[-66.33792,18.00205],[-66.33873,17.99782],[-66.34261,17.99356],[-66.34144,17.98534],[-66.33752,17.98378],[-66.33985,17.9832],[-66.34007,17.982],[-66.33801,17.97875],[-66.3368,17.96692],[-66.32167,17.96774],[-66.31194,17.96348],[-66.30578,17.9592],[-66.30536,17.95572],[-66.30679,17.95368],[-66.29481,17.95803],[-66.29554,17.95926],[-66.30175,17.96315],[-66.30072,17.9698],[-66.30428,17.96968],[-66.30595,17.97061],[-66.30432,17.97304],[-66.3041,17.97655],[-66.30144,17.97761],[-66.29945,17.983],[-66.29777,17.98489],[-66.29329,17.98698],[-66.28974,17.98636],[-66.28842,17.98763],[-66.28591,17.98788],[-66.26593,18],[-66.25042,18.0258],[-66.24027,18.03553],[-66.24072,18.03988],[-66.24222,18.04318],[-66.24111,18.04609],[-66.24158,18.05459],[-66.23975,18.06103],[-66.24124,18.06173],[-66.24148,18.06375],[-66.24426,18.0656],[-66.24405,18.06673],[-66.24504,18.066],[-66.24485,18.06705],[-66.24703,18.06719],[-66.24864,18.06964],[-66.24621,18.07332],[-66.24627,18.07679],[-66.25753,18.07588],[-66.25957,18.07357],[-66.26904,18.06912],[-66.27938,18.06892],[-66.28481,18.05972],[-66.29233,18.05676],[-66.29752,18.05719],[-66.30364,18.05052],[-66.31062,18.04697],[-66.31305,18.04441],[-66.31193,18.03946],[-66.31437,18.03562],[-66.3123,18.03335],[-66.31517,18.0297],[-66.31888,18.02975],[-66.32343,18.02085],[-66.32574,18.01829],[-66.32848,18.01954],[-66.33055,18.01934],[-66.32917,18.01808],[-66.32881,18.01583],[-66.32931,18.01552],[-66.33048,18.01698],[-66.33124,18.01589]]]},"properties":{"TRACTCE":"952700","GEOID":"72123952700","NAME":"9527","NAMELSAD":"Census Tract 9527","COUNTYFP":"123"}},
{"type":"Feature","geometry":{"type":"Polygon","coordinates":[[[-66.10952,18.40727],[-66.11736,18.40264],[-66.11601,18.40065],[-66.11282,18.40008],[-66.1106,18.40238],[-66.109,18.40219],[-66.10849,18.39888],[-66.10596,18.40197],[-66.10687,18.40418],[-66.109,18.40424],[-66.10952,18.40727]]]},"properties":{"TRACTCE":"040303","GEOID":"72061040303","NAME":"403.03","NAMELSAD":"Census Tract 403.03","COUNTYFP":"061"}},
{"type":"Feature","geometry":{"type":"Polygon","coordinates":[[[-66.02175,18.30503],[-66.0237,18.30334],[-66.02718,18.30407],[-66.02946,18.30298],[-66.03057,18.30118],[-66.03072,18.29978],[-66.02759,18.29797],[-66.02742,18.29707],[-66.02989,18.29037],[-66.02603,18.28639],[-66.02102,18.28597],[-66.01767,18.2847],[-66.017,18.28121],[-66.00844,18.27828],[-66.00803,18.27682],[-66.00575,18.27536],[-66.0042,18.27652],[-66.00226,18.27553],[-66.00036,18.27633],[-65.99578,18.28078],[-65.99356,18.28166],[-65.99215,18.28037],[-65.99229,18.28325],[-65.99354,18.28432],[-65.99533,18.28428],[-65.99509,18.28637],[-65.99366,18.28714],[-65.99575,18.28989],[-65.99459,18.29035],[-65.99482,18.29291],[-65.98945,18.29053],[-65.98082,18.29023],[-65.97871,18.28969],[-65.97665,18.28767],[-65.96925,18.28673],[-65.96371,18.28529],[-65.96003,18.28558],[-65.95885,18.28481],[-65.95861,18.28312],[-65.95277,18.28199],[-65.9388,18.2789],[-65.93292,18.27551],[-65.92878,18.27478],[-65.92526,18.27534],[-65.92828,18.27667],[-65.93552,18.28277],[-65.93676,18.28503],[-65.93788,18.28517],[-65.93963,18.28776],[-65.93917,18.28901],[-65.94243,18.29347],[-65.94837,18.2943],[-65.95026,18.29551],[-65.95411,18.29456],[-65.95897,18.29763],[-65.96076,18.30003],[-65.96283,18.2997],[-65.96624,18.3054],[-65.96756,18.30568],[-65.96736,18.30697],[-65.96866,18.30725],[-65.96766,18.30966],[-65.96815,18.31015],[-65.98606,18.31118],[-65.99177,18.30949],[-65.99523,18.30664],[-65.99717,18.30609],[-66.00276,18.30755],[-66.0028,18.3064],[-66.00607,18.3056],[-66.00774,18.30422],[-66.01648,18.30873],[-66.02019,18.30754],[-66.02175,18.30503]]]},"properties":{"TRACTCE":"210100","GEOID":"72063210100","NAME":"2101","NAMELSAD":"Census Tract 2101","COUNTYFP":"063"}},
{"type":"Feature","geometry":{"type":"Polygon","coordinates":[[[-65.9738,18.25724],[-65.97897,18.25997],[-65.98604,18.25963],[-65.98768,18.26077],[-65.98942,18.2593],[-65.98766,18.25578],[-65.9882,18.25418],[-65.98617,18.25358],[-65.98508,18.25227],[-65.98529,18.24818],[-65.97938,18.24974],[-65.97578,18.2496],[-65.97609,18.25379],[-65.97422,18.25432],[-65.9738,18.25724]]]},"properties":{"TRACTCE":"210400","GEOID":"72063210400","NAME":"2104","NAMELSAD":"Census Tract 2104","COUNTYFP":"063"}},
{"type":"Feature","geometry":{"type":"Polygon","coordinates":[[[-65.9738,18.25724],[-65.97422,18.25432],[-65.97609,18.25379],[-65.97578,18.2496],[-65.97217,18.24904],[-65.96774,18.25658],[-65.97263,18.25898],[-65.97309,18.26034],[-65.9738,18.25724]]]},"properties":{"TRACTCE":"210300","GEOID":"72063210300","NAME":"2103","NAMELSAD":"Census Tract 2103","COUNTYFP":"063"}},
{"type":"Feature","geometry":{"type":"Polygon","coordinates":[[[-66.88591,18.30968],[-66.88707,18.30791],[-66.88896,18.30973],[-66.89014,18.3093],[-66.89136,18.30996],[-66.89282,18.30776],[-66.89368,18.30852],[-66.89452,18.30804],[-66.89223,18.30323],[-66.89341,18.30048],[-66.89508,18.29961],[-66.89332,18.29665],[-66.89497,18.29466],[-66.89223,18.29109],[-66.89383,18.29071],[-66.89423,18.28915],[-66.89573,18.28792],[-66.89493,18.2866],[-66.89274,18.28568],[-66.8932,18.28375],[-66.88845,18.28422],[-66.88829,18.28596],[-66.88788,18.28844],[-66.88946,18.28872],[-66.8898,18.29002],[-66.88708,18.29023],[-66.88462,18.2917],[-66.87976,18.29872],[-66.87622,18.29932],[-66.87158,18.29659],[-66.87098,18.29948],[-66.87344,18.30343],[-66.88285,18.30922],[-66.88591,18.30968]]]},"properties":{"TRACTCE":"958001","GEOID":"72081958001","NAME":"9580.01","NAMELSAD":"Census Tract 9580.01","COUNTYFP":"081"}},
{"type":"Feature","geometry":{"type":"Polygon","coordinates":[[[-67.14442,18.28634],[-67.1476,18.28443],[-67.14771,18.28378],[-67.14644,18.2838],[-67.14462,18.28212],[-67.14656,18.27742],[-67.145,18.27687],[-67.14525,18.27762],[-67.14359,18.27942],[-67.14101,18.28088],[-67.13637,18.28048],[-67.13558,18.28125],[-67.13591,18.28444],[-67.13662,18.28482],[-67.13889,18.28474],[-67.13889,18.28368],[-67.14442,18.28634]]]},"properties":{"TRACTCE":"810400","GEOID":"72011810400","NAME":"8104","NAMELSAD":"Census Tract 8104","COUNTYFP":"011"}},
{"type":"Feature","geometry":{"type":"Polygon","coordinates":[[[-67.13753,18.29296],[-67.14041,18.294],[-67.14146,18.28969],[-67.14487,18.28692],[-67.14442,18.28634],[-67.13889,18.28368],[-67.13889,18.28474],[-67.13662,18.28482],[-67.13314,18.29024],[-67.13392,18.29082],[-67.13384,18.29277],[-67.13753,18.29296]]]},"properties":{"TRACTCE":"810300","GEOID":"72011810300","NAME":"8103","NAMELSAD":"Census Tract 8103","COUNTYFP":"011"}},
{"type":"Feature","geometry":{"type":"Polygon","coordinates":[[[-66.79758,18.13353],[-66.79886,18.13285],[-66.79891,18.13106],[-66.79735,18.12794],[-66.7961,18.12161],[-66.80053,18.12014],[-66.80317,18.1169],[-66.8068,18.11575],[-66.81071,18.11327],[-66.81029,18.11096],[-66.80876,18.10933],[-66.80995,18.10784],[-66.80895,18.10538],[-66.80594,18.10382],[-66.80525,18.10157],[-66.80674,18.09753],[-66.80647,18.09544],[-66.80224,18.09106],[-66.80859,18.08203],[-66.80693,18.08051],[-66.80727,18.07817],[-66.80215,18.07494],[-66.80033,18.07286],[-66.79838,18.07184],[-66.79412,18.07237],[-66.79115,18.07038],[-66.79027,18.06722],[-66.78782,18.06684],[-66.78702,18.06486],[-66.78147,18.0629],[-66.78101,18.06166],[-66.78304,18.06015],[-66.78407,18.05486],[-66.78344,18.05275],[-66.78058,18.04962],[-66.7799,18.052],[-66.77367,18.05578],[-66.76944,18.05504],[-66.76845,18.04909],[-66.7663,18.05101],[-66.76886,18.05535],[-66.76836,18.05698],[-66.7695,18.05882],[-66.76892,18.06084],[-66.76668,18.06277],[-66.7689,18.07109],[-66.76828,18.07309],[-66.76649,18.07488],[-66.76706,18.07708],[-66.7659,18.07817],[-66.76588,18.0822],[-66.76915,18.08521],[-66.76975,18.08706],[-66.76724,18.09662],[-66.76575,18.09865],[-66.76483,18.10144],[-66.76584,18.10644],[-66.76282,18.1106],[-66.761,18.11177],[-66.7645,18.11772],[-66.76499,18.12242],[-66.76866,18.12743],[-66.76795,18.12872],[-66.76917,18.13166],[-66.76912,18.13502],[-66.77362,18.13399],[-66.77474,18.13295],[-66.78199,18.13627],[-66.78414,18.13873],[-66.78863,18.13446],[-66.79155,18.13468],[-66.79343,18.13355],[-66.79474,18.13425],[-66.7966,18.13305],[-66.79758,18.13353]]]},"properties":{"TRACTCE":"740101","GEOID":"72059740101","NAME":"7401.01","NAMELSAD":"Census Tract 7401.01","COUNTYFP":"059"}},
{"type":"Feature","geometry":{"type":"Polygon","coordinates":[[[-66.78058,18.04962],[-66.78322,18.04941],[-66.78406,18.04755],[-66.79185,18.04578],[-66.79518,18.04415],[-66.79613,18.04132],[-66.79747,18.04006],[-66.79874,18.03452],[-66.79161,18.02995],[-66.78233,18.018],[-66.77761,18.01562],[-66.76743,18.01445],[-66.75721,18.01144],[-66.74188,18.01357],[-66.73957,18.01414],[-66.73765,18.01332],[-66.73464,18.01413],[-66.73292,18.01737],[-66.73613,18.02355],[-66.74178,18.03077],[-66.7382,18.03696],[-66.73908,18.03939],[-66.73829,18.04113],[-66.73628,18.04254],[-66.7364,18.04375],[-66.73825,18.04459],[-66.73891,18.04748],[-66.74058,18.04475],[-66.74402,18.04586],[-66.74574,18.04464],[-66.74846,18.04585],[-66.75235,18.04942],[-66.75407,18.05],[-66.75564,18.05624],[-66.76303,18.04695],[-66.7653,18.03889],[-66.76643,18.04009],[-66.76845,18.04909],[-66.76944,18.05504],[-66.77367,18.05578],[-66.7799,18.052],[-66.78058,18.04962]]]},"properties":{"TRACTCE":"740200","GEOID":"72059740200","NAME":"7402","NAMELSAD":"Census Tract 7402","COUNTYFP":"059"}},
{"type":"Feature","geometry":{"type":"Polygon","coordinates":[[[-66.79874,18.03452],[-66.79871,18.02843],[-66.79776,18.02703],[-66.79472,18.02554],[-66.79376,18.02349],[-66.79392,18.01663],[-66.78927,18.01545],[-66.78396,18.01208],[-66.78459,18.0136],[-66.78313,18.01445],[-66.78233,18.018],[-66.79161,18.02995],[-66.79874,18.03452]]]},"properties":{"TRACTCE":"740300","GEOID":"72059740300","NAME":"7403","NAMELSAD":"Census Tract 7403","COUNTYFP":"059"}},
{"type":"Feature","geometry":{"type":"Polygon","coordinates":[[[-66.85738,17.9484],[-66.85728,17.94812],[-66.83993,17.89899],[-66.82531,17.90045],[-66.81796,17.90363],[-66.81029,17.90435],[-66.79975,17.9091],[-66.78815,17.91606],[-66.77412,17.9148],[-66.77546,17.99037],[-66.77987,17.98981],[-66.7794,17.98185],[-66.78233,17.97343],[-66.78526,17.97026],[-66.79133,17.96641],[-66.80415,17.96311],[-66.81569,17.95444],[-66.83295,17.94748],[-66.84029,17.94601],[-66.84477,17.94717],[-66.85261,17.95084],[-66.85738,17.9484]]]},"properties":{"TRACTCE":"990001","GEOID":"72059990001","NAME":"9900.01","NAMELSAD":"Census Tract 9900.01","COUNTYFP":"059"}},
{"type":"Feature","geometry":{"type":"Polygon","coordinates":[[[-66.8092,18.08123],[-66.81661,18.07073],[-66.81857,18.06354],[-66.81864,18.05678],[-66.82399,18.048],[-66.82196,18.04749],[-66.82211,18.04599],[-66.82012,18.04563],[-66.82005,18.04495],[-66.82144,18.0446],[-66.82431,18.04511],[-66.82492,18.04277],[-66.82387,18.03907],[-66.82201,18.03679],[-66.81616,18.03803],[-66.80667,18.03834],[-66.79874,18.03452],[-66.79747,18.04006],[-66.79613,18.04132],[-66.79518,18.04415],[-66.79185,18.04578],[-66.78406,18.04755],[-66.78322,18.04941],[-66.78058,18.04962],[-66.78344,18.05275],[-66.78407,18.05486],[-66.78304,18.06015],[-66.78101,18.06166],[-66.78147,18.0629],[-66.78702,18.06486],[-66.78782,18.06684],[-66.79027,18.06722],[-66.79115,18.07038],[-66.79412,18.07237],[-66.79838,18.07184],[-66.80033,18.07286],[-66.80215,18.07494],[-66.80727,18.07817],[-66.80693,18.08051],[-66.80859,18.08203],[-66.8092,18.08123]]]},"properties":{"TRACTCE":"740102","GEOID":"72059740102","NAME":"7401.02","NAMELSAD":"Census Tract 7401.02","COUNTYFP":"059"}},
{"type":"Feature","geometry":{"type":"Polygon","coordinates":[[[-66.85823,17.95082],[-66.85738,17.9484],[-66.85261,17.95084],[-66.84477,17.94717],[-66.84029,17.94601],[-66.83295,17.94748],[-66.81569,17.95444],[-66.80415,17.96311],[-66.79133,17.96641],[-66.78526,17.97026],[-66.78233,17.97343],[-66.7794,17.98185],[-66.77987,17.98981],[-66.77546,17.99037],[-66.77549,17.99164],[-66.76296,17.99802],[-66.75431,17.99906],[-66.75216,18.00193],[-66.75121,18.00498],[-66.75161,18.00627],[-66.74892,18.01033],[-66.74188,18.01357],[-66.75721,18.01144],[-66.76743,18.01445],[-66.77761,18.01562],[-66.78233,18.018],[-66.78313,18.01445],[-66.78459,18.0136],[-66.78396,18.01208],[-66.78927,18.01545],[-66.79392,18.01663],[-66.79376,18.02349],[-66.79472,18.02554],[-66.79776,18.02703],[-66.79871,18.02843],[-66.79874,18.03452],[-66.80667,18.03834],[-66.81616,18.03803],[-66.82201,18.03679],[-66.82149,18.03259],[-66.81814,18.02953],[-66.82073,18.02524],[-66.82132,18.02151],[-66.82429,18.02121],[-66.82559,18.01989],[-66.8294,18.01893],[-66.83017,18.0178],[-66.82887,18.01237],[-66.83094,18.01005],[-66.82951,18.00846],[-66.82845,18.00906],[-66.82652,18.00796],[-66.82728,18.00569],[-66.82593,18.00357],[-66.82598,17.99976],[-66.8307,17.99925],[-66.83201,17.99638],[-66.83004,17.99157],[-66.83374,17.9897],[-66.83521,17.98815],[-66.83541,17.98632],[-66.83656,17.96588],[-66.85823,17.95082]]]},"properties":{"TRACTCE":"740400","GEOID":"72059740400","NAME":"7404","NAMELSAD":"Census Tract 7404","COUNTYFP":"059"}},
{"type":"Feature","geometry":{"type":"Polygon","coordinates":[[[-66.24193,18.19225],[-66.24403,18.19103],[-66.24461,18.18858],[-66.24049,18.18563],[-66.24046,18.18479],[-66.23075,18.1844],[-66.23008,18.18092],[-66.22407,18.17436],[-66.22312,18.1759],[-66.21386,18.17286],[-66.21127,18.17363],[-66.21129,18.17543],[-66.21318,18.17744],[-66.2122,18.1789],[-66.21203,18.18208],[-66.21388,18.18359],[-66.21344,18.18581],[-66.2071,18.19693],[-66.20001,18.19718],[-66.19697,18.19792],[-66.19355,18.20012],[-66.19205,18.2],[-66.19049,18.20111],[-66.18551,18.20087],[-66.18413,18.20215],[-66.18248,18.2023],[-66.18481,18.20446],[-66.18443,18.20717],[-66.18173,18.20803],[-66.17876,18.21256],[-66.17475,18.21544],[-66.17038,18.2163],[-66.16968,18.21766],[-66.1713,18.22157],[-66.17119,18.2234],[-66.16913,18.22429],[-66.16985,18.22667],[-66.17611,18.2295],[-66.17487,18.23288],[-66.17667,18.23461],[-66.17906,18.2355],[-66.1791,18.23418],[-66.18178,18.23322],[-66.18557,18.23424],[-66.18818,18.23305],[-66.19117,18.23315],[-66.19364,18.23183],[-66.1946,18.23324],[-66.19707,18.23175],[-66.2004,18.23189],[-66.20277,18.23351],[-66.20332,18.23523],[-66.20728,18.23699],[-66.20851,18.23948],[-66.21217,18.2376],[-66.21399,18.23485],[-66.21381,18.23256],[-66.21583,18.22913],[-66.21558,18.2257],[-66.21642,18.22473],[-66.21568,18.22148],[-66.2182,18.21713],[-66.23102,18.21174],[-66.231,18.20821],[-66.23545,18.20448],[-66.23756,18.20157],[-66.2387,18.20138],[-66.23985,18.20374],[-66.24179,18.20106],[-66.24022,18.19901],[-66.23756,18.19978],[-66.2361,18.19924],[-66.2356,18.19141],[-66.23779,18.19093],[-66.24056,18.19261],[-66.24193,18.19225]]]},"properties":{"TRACTCE":"952100","GEOID":"72045952100","NAME":"9521","NAMELSAD":"Census Tract 9521","COUNTYFP":"045"}},
{"type":"Feature","geometry":{"type":"Polygon","coordinates":[[[-66.1742,18.37174],[-66.17676,18.36929],[-66.17563,18.36517],[-66.17239,18.36562],[-66.16832,18.36587],[-66.16448,18.37323],[-66.16756,18.37427],[-66.16764,18.37339],[-66.17014,18.37329],[-66.17103,18.37144],[-66.17246,18.37238],[-66.17351,18.37134],[-66.1742,18.37174]]]},"properties":{"TRACTCE":"031403","GEOID":"72021031403","NAME":"314.03","NAMELSAD":"Census Tract 314.03","COUNTYFP":"021"}},
{"type":"Feature","geometry":{"type":"Polygon","coordinates":[[[-66.07528,18.41297],[-66.07513,18.40698],[-66.07135,18.40744],[-66.07011,18.41035],[-66.07528,18.41297]]]},"properties":{"TRACTCE":"980102","GEOID":"72127980102","NAME":"9801.02","NAMELSAD":"Census Tract 9801.02","COUNTYFP":"127"}},
{"type":"Feature","geometry":{"type":"Polygon","coordinates":[[[-66.57577,18.31123],[-66.57578,18.30945],[-66.57311,18.30906],[-66.57258,18.30616],[-66.57099,18.30534],[-66.57133,18.30402],[-66.57026,18.30178],[-66.56891,18.30145],[-66.56817,18.29984],[-66.56674,18.2997],[-66.56662,18.29855],[-66.56654,18.29704],[-66.564,18.29476],[-66.56092,18.29354],[-66.56213,18.2909],[-66.56145,18.28987],[-66.56184,18.28825],[-66.56309,18.28799],[-66.56131,18.28427],[-66.5547,18.28158],[-66.55815,18.27645],[-66.55797,18.27171],[-66.55627,18.27185],[-66.55573,18.26904],[-66.55841,18.26972],[-66.5596,18.2688],[-66.55614,18.26458],[-66.55804,18.26458],[-66.55749,18.26293],[-66.56043,18.26146],[-66.55897,18.25889],[-66.55998,18.25867],[-66.56003,18.25725],[-66.55844,18.25734],[-66.55559,18.25442],[-66.55611,18.25353],[-66.55724,18.25406],[-66.55837,18.25312],[-66.56223,18.25369],[-66.56177,18.25085],[-66.56296,18.24979],[-66.561,18.24751],[-66.56226,18.2464],[-66.5631,18.24706],[-66.56257,18.24493],[-66.56416,18.24405],[-66.56446,18.24265],[-66.56238,18.24041],[-66.55523,18.23733],[-66.54888,18.22057],[-66.54553,18.22074],[-66.54211,18.21518],[-66.53854,18.21398],[-66.53643,18.20629],[-66.53272,18.20052],[-66.53261,18.19789],[-66.53318,18.19586],[-66.53591,18.19247],[-66.53672,18.18863],[-66.53377,18.18523],[-66.53342,18.18321],[-66.53102,18.18014],[-66.53296,18.1764],[-66.53545,18.17725],[-66.53714,18.17602],[-66.53879,18.17638],[-66.53758,18.1736],[-66.54141,18.16892],[-66.54162,18.16666],[-66.54081,18.16571],[-66.54313,18.1631],[-66.53893,18.16015],[-66.53724,18.16047],[-66.53607,18.15941],[-66.53378,18.15906],[-66.53256,18.15659],[-66.53097,18.15569],[-66.52716,18.15887],[-66.52659,18.16068],[-66.52264,18.16171],[-66.51992,18.16384],[-66.51795,18.16692],[-66.51532,18.16768],[-66.51291,18.16593],[-66.51189,18.1668],[-66.5126,18.17132],[-66.51143,18.17337],[-66.51081,18.17743],[-66.51311,18.18076],[-66.51278,18.18353],[-66.51525,18.18514],[-66.51361,18.18786],[-66.51465,18.19212],[-66.51328,18.1935],[-66.51262,18.19708],[-66.51116,18.19897],[-66.51278,18.20332],[-66.51229,18.20634],[-66.51413,18.20755],[-66.51241,18.21084],[-66.51539,18.21503],[-66.51771,18.22593],[-66.51678,18.22863],[-66.5179,18.2299],[-66.51223,18.23048],[-66.50971,18.22966],[-66.50873,18.23029],[-66.50693,18.23686],[-66.50769,18.2384],[-66.50975,18.23886],[-66.50993,18.24069],[-66.51221,18.24282],[-66.50825,18.24916],[-66.50593,18.25063],[-66.50262,18.25061],[-66.50107,18.25684],[-66.50142,18.25792],[-66.50362,18.25923],[-66.50399,18.26235],[-66.50097,18.26318],[-66.49837,18.2619],[-66.49712,18.26569],[-66.49761,18.26626],[-66.50105,18.2656],[-66.50446,18.26615],[-66.50701,18.26561],[-66.50796,18.2644],[-66.50867,18.26497],[-66.50794,18.26614],[-66.50861,18.26708],[-66.50579,18.26887],[-66.50646,18.26936],[-66.50431,18.27221],[-66.50263,18.27066],[-66.50142,18.27061],[-66.50116,18.27305],[-66.50361,18.27983],[-66.50326,18.28081],[-66.50055,18.28208],[-66.50352,18.28449],[-66.50257,18.28722],[-66.50012,18.28741],[-66.50038,18.28431],[-66.49895,18.28347],[-66.4969,18.28382],[-66.49604,18.28654],[-66.48987,18.28544],[-66.49118,18.28616],[-66.49342,18.29005],[-66.49168,18.29363],[-66.49275,18.29591],[-66.49203,18.29794],[-66.49027,18.29745],[-66.48951,18.30032],[-66.48839,18.30102],[-66.48503,18.30046],[-66.48416,18.30229],[-66.4859,18.30436],[-66.48578,18.30839],[-66.4874,18.30837],[-66.49059,18.31015],[-66.49148,18.31209],[-66.49269,18.31256],[-66.49244,18.31338],[-66.49393,18.31406],[-66.48937,18.31598],[-66.48833,18.3173],[-66.48868,18.31924],[-66.48727,18.32041],[-66.48718,18.32266],[-66.48532,18.32626],[-66.48351,18.32797],[-66.48133,18.32832],[-66.48474,18.32876],[-66.49284,18.31765],[-66.50229,18.31696],[-66.50325,18.31514],[-66.50596,18.31522],[-66.5078,18.31293],[-66.51006,18.31292],[-66.5123,18.31048],[-66.51508,18.31088],[-66.51615,18.30988],[-66.51854,18.30926],[-66.52041,18.30976],[-66.52137,18.30886],[-66.5231,18.30963],[-66.52555,18.30749],[-66.52944,18.30695],[-66.52983,18.30508],[-66.53295,18.30315],[-66.53515,18.30307],[-66.53758,18.30106],[-66.53785,18.29924],[-66.54047,18.29841],[-66.54267,18.29967],[-66.54439,18.30203],[-66.54844,18.30159],[-66.55025,18.30319],[-66.5533,18.30323],[-66.55632,18.30809],[-66.56114,18.31049],[-66.56652,18.30896],[-66.57412,18.31273],[-66.57577,18.31123]]]},"properties":{"TRACTCE":"955900","GEOID":"72039955900","NAME":"9559","NAMELSAD":"Census Tract 9559","COUNTYFP":"039"}},
{"type":"Feature","geometry":{"type":"Polygon","coordinates":[[[-66.46405,18.3494],[-66.4656,18.34956],[-66.46734,18.34334],[-66.46982,18.34624],[-66.47148,18.34557],[-66.47051,18.3431],[-66.47692,18.33751],[-66.47787,18.33515],[-66.47608,18.33659],[-66.47627,18.33498],[-66.475,18.33495],[-66.47825,18.33195],[-66.47894,18.33003],[-66.48133,18.32832],[-66.45433,18.32547],[-66.45426,18.3281],[-66.45429,18.33265],[-66.46405,18.3494]]]},"properties":{"TRACTCE":"955700","GEOID":"72039955700","NAME":"9557","NAMELSAD":"Census Tract 9557","COUNTYFP":"039"}},
{"type":"Feature","geometry":{"type":"Polygon","coordinates":[[[-66.6069,18.32815],[-66.61121,18.32267],[-66.60798,18.32377],[-66.60415,18.32123],[-66.60267,18.32263],[-66.60014,18.32191],[-66.59789,18.32318],[-66.59495,18.32334],[-66.59402,18.32452],[-66.59252,18.32442],[-66.59123,18.32537],[-66.59042,18.3233],[-66.58504,18.32262],[-66.58321,18.31949],[-66.58134,18.32035],[-66.58142,18.318],[-66.58303,18.3162],[-66.58121,18.31388],[-66.57804,18.31388],[-66.57702,18.31178],[-66.57577,18.31123],[-66.57412,18.31273],[-66.56652,18.30896],[-66.56114,18.31049],[-66.55632,18.30809],[-66.5533,18.30323],[-66.55025,18.30319],[-66.54844,18.30159],[-66.54439,18.30203],[-66.54267,18.29967],[-66.54047,18.29841],[-66.53785,18.29924],[-66.53758,18.30106],[-66.53515,18.30307],[-66.53295,18.30315],[-66.52983,18.30508],[-66.52944,18.30695],[-66.52555,18.30749],[-66.5231,18.30963],[-66.52137,18.30886],[-66.52041,18.30976],[-66.51854,18.30926],[-66.51615,18.30988],[-66.51508,18.31088],[-66.5123,18.31048],[-66.51006,18.31292],[-66.5078,18.31293],[-66.50596,18.31522],[-66.50325,18.31514],[-66.50229,18.31696],[-66.49284,18.31765],[-66.48474,18.32876],[-66.48133,18.32832],[-66.47894,18.33003],[-66.47825,18.33195],[-66.475,18.33495],[-66.47627,18.33498],[-66.47608,18.33659],[-66.47787,18.33515],[-66.47692,18.33751],[-66.47051,18.3431],[-66.47148,18.34557],[-66.46982,18.34624],[-66.46734,18.34334],[-66.4656,18.34956],[-66.46405,18.3494],[-66.46514,18.35224],[-66.46321,18.37147],[-66.46694,18.37183],[-66.4689,18.36981],[-66.47335,18.3676],[-66.48343,18.36604],[-66.49068,18.36545],[-66.49481,18.36644],[-66.49926,18.36405],[-66.50063,18.36487],[-66.50666,18.36353],[-66.50831,18.36248],[-66.51178,18.362],[-66.51615,18.35905],[-66.51874,18.357],[-66.519,18.35444],[-66.52332,18.35492],[-66.5276,18.35288],[-66.5283,18.35056],[-66.52928,18.35026],[-66.53362,18.35133],[-66.53617,18.34876],[-66.5371,18.34634],[-66.53964,18.3444],[-66.54522,18.34349],[-66.54856,18.34178],[-66.55076,18.3416],[-66.55109,18.34066],[-66.55668,18.34115],[-66.55809,18.34194],[-66.56105,18.34067],[-66.56176,18.3424],[-66.563,18.34291],[-66.56517,18.34085],[-66.56988,18.34077],[-66.57232,18.34251],[-66.57382,18.34252],[-66.58053,18.3402],[-66.58162,18.3405],[-66.58609,18.33731],[-66.58787,18.33915],[-66.59067,18.3382],[-66.59505,18.33794],[-66.59718,18.33924],[-66.59856,18.33871],[-66.60039,18.33935],[-66.60106,18.33786],[-66.59997,18.33674],[-66.60427,18.33178],[-66.60654,18.3317],[-66.6069,18.32815]]]},"properties":{"TRACTCE":"955600","GEOID":"72039955600","NAME":"9556","NAMELSAD":"Census Tract 9556","COUNTYFP":"039"}},
{"type":"Feature","geometry":{"type":"Polygon","coordinates":[[[-66.48133,18.32832],[-66.48351,18.32797],[-66.48532,18.32626],[-66.48718,18.32266],[-66.48727,18.32041],[-66.48868,18.31924],[-66.48833,18.3173],[-66.48937,18.31598],[-66.49393,18.31406],[-66.49244,18.31338],[-66.49269,18.31256],[-66.49148,18.31209],[-66.49059,18.31015],[-66.4874,18.30837],[-66.48578,18.30839],[-66.4859,18.30436],[-66.48416,18.30229],[-66.48503,18.30046],[-66.48839,18.30102],[-66.48951,18.30032],[-66.49027,18.29745],[-66.49203,18.29794],[-66.49275,18.29591],[-66.49168,18.29363],[-66.49342,18.29005],[-66.49118,18.28616],[-66.48987,18.28544],[-66.49604,18.28654],[-66.4969,18.28382],[-66.49895,18.28347],[-66.50038,18.28431],[-66.50012,18.28741],[-66.50257,18.28722],[-66.50352,18.28449],[-66.50055,18.28208],[-66.50326,18.28081],[-66.50361,18.27983],[-66.50116,18.27305],[-66.50142,18.27061],[-66.50263,18.27066],[-66.50431,18.27221],[-66.50646,18.26936],[-66.50579,18.26887],[-66.50861,18.26708],[-66.50794,18.26614],[-66.50867,18.26497],[-66.50796,18.2644],[-66.50701,18.26561],[-66.50446,18.26615],[-66.50105,18.2656],[-66.49761,18.26626],[-66.49712,18.26569],[-66.49837,18.2619],[-66.50097,18.26318],[-66.50399,18.26235],[-66.50362,18.25923],[-66.50142,18.25792],[-66.50107,18.25684],[-66.49826,18.25459],[-66.49696,18.25233],[-66.4951,18.25281],[-66.49374,18.25208],[-66.49161,18.25327],[-66.48947,18.25238],[-66.48657,18.25305],[-66.48278,18.25258],[-66.47594,18.25016],[-66.47239,18.24705],[-66.46697,18.24567],[-66.46077,18.24912],[-66.45702,18.24951],[-66.45421,18.25094],[-66.45452,18.25173],[-66.4552,18.25254],[-66.45382,18.25597],[-66.4557,18.25773],[-66.45796,18.25824],[-66.45863,18.25989],[-66.45498,18.26306],[-66.45978,18.26434],[-66.45915,18.26895],[-66.46217,18.27219],[-66.46063,18.27314],[-66.46261,18.27489],[-66.46054,18.27757],[-66.46104,18.28044],[-66.46224,18.28239],[-66.46445,18.28269],[-66.46489,18.28351],[-66.46455,18.28431],[-66.46278,18.28424],[-66.46128,18.28862],[-66.45822,18.29175],[-66.45978,18.29509],[-66.45862,18.29729],[-66.46137,18.29933],[-66.46126,18.30108],[-66.45825,18.30345],[-66.45703,18.30008],[-66.45486,18.30032],[-66.45606,18.30457],[-66.45335,18.30989],[-66.45454,18.31304],[-66.45433,18.32547],[-66.48133,18.32832]]]},"properties":{"TRACTCE":"955800","GEOID":"72039955800","NAME":"9558","NAMELSAD":"Census Tract 9558","COUNTYFP":"039"}},
{"type":"Feature","geometry":{"type":"Polygon","coordinates":[[[-65.6926,18.23924],[-65.69301,18.23843],[-65.69162,18.23712],[-65.68876,18.23608],[-65.68976,18.23552],[-65.68946,18.23389],[-65.68724,18.2329],[-65.6883,18.23276],[-65.68845,18.23169],[-65.68576,18.23018],[-65.68369,18.23044],[-65.68023,18.22681],[-65.67808,18.22693],[-65.67605,18.22516],[-65.67355,18.2261],[-65.67087,18.22304],[-65.66667,18.22314],[-65.66206,18.22516],[-65.65836,18.2245],[-65.65781,18.2223],[-65.65949,18.22037],[-65.66025,18.21777],[-65.66233,18.21537],[-65.66447,18.21437],[-65.661,18.20947],[-65.66255,18.20667],[-65.66211,18.20417],[-65.65281,18.19871],[-65.64337,18.19621],[-65.63398,18.19736],[-65.62961,18.19927],[-65.62434,18.20649],[-65.62871,18.212],[-65.63135,18.22313],[-65.63399,18.22563],[-65.63404,18.22769],[-65.62972,18.23035],[-65.62671,18.22999],[-65.6238,18.22787],[-65.62084,18.22103],[-65.61617,18.21809],[-65.61491,18.21177],[-65.61281,18.20925],[-65.6082,18.20807],[-65.59812,18.20845],[-65.59689,18.20908],[-65.59638,18.21178],[-65.59805,18.21485],[-65.59452,18.22226],[-65.59209,18.22249],[-65.59025,18.22582],[-65.58738,18.2285],[-65.60018,18.24007],[-65.60026,18.24356],[-65.59824,18.24565],[-65.59604,18.24479],[-65.58932,18.24504],[-65.58111,18.24355],[-65.57636,18.24435],[-65.5742,18.24614],[-65.57374,18.24801],[-65.57556,18.25287],[-65.58229,18.25861],[-65.59662,18.26417],[-65.60375,18.26492],[-65.6083,18.26452],[-65.61665,18.26043],[-65.6246,18.25974],[-65.6264,18.26454],[-65.62626,18.26946],[-65.6246,18.27228],[-65.62164,18.27444],[-65.62021,18.27944],[-65.6219,18.28278],[-65.6246,18.28448],[-65.63149,18.28479],[-65.63437,18.28358],[-65.63636,18.28458],[-65.63804,18.2686],[-65.64367,18.26142],[-65.64814,18.26193],[-65.6536,18.2621],[-65.66389,18.25719],[-65.67224,18.25993],[-65.67339,18.25822],[-65.6731,18.25684],[-65.6756,18.25449],[-65.67531,18.25336],[-65.67795,18.25284],[-65.68305,18.24708],[-65.6899,18.2415],[-65.69066,18.23958],[-65.6926,18.23924]]]},"properties":{"TRACTCE":"160400","GEOID":"72037160400","NAME":"1604","NAMELSAD":"Census Tract 1604","COUNTYFP":"037"}},
{"type":"Feature","geometry":{"type":"Polygon","coordinates":[[[-65.89993,18.41368],[-65.8913,18.41157],[-65.86995,18.40892],[-65.86988,18.40568],[-65.87167,18.40494],[-65.85474,18.39775],[-65.8524,18.40078],[-65.85254,18.4017],[-65.84763,18.41313],[-65.84933,18.42213],[-65.84835,18.42219],[-65.84728,18.42304],[-65.84789,18.42683],[-65.84858,18.42687],[-65.85364,18.42778],[-65.86299,18.42727],[-65.86456,18.42786],[-65.86828,18.43166],[-65.87412,18.43368],[-65.87606,18.4252],[-65.8769,18.4255],[-65.87708,18.42432],[-65.88045,18.42468],[-65.88168,18.42385],[-65.88245,18.4244],[-65.88748,18.42613],[-65.88864,18.4278],[-65.89993,18.41368]]]},"properties":{"TRACTCE":"110302","GEOID":"72087110302","NAME":"1103.02","NAMELSAD":"Census Tract 1103.02","COUNTYFP":"087"}},
{"type":"Feature","geometry":{"type":"Polygon","coordinates":[[[-66.01024,18.07557],[-66.00969,18.07381],[-66.00861,18.07374],[-66.01057,18.07173],[-66.01027,18.06743],[-66.00752,18.06631],[-66.00327,18.06213],[-65.99936,18.0599],[-65.99386,18.0599],[-65.99231,18.06143],[-65.99074,18.05949],[-65.98852,18.05894],[-65.98544,18.05963],[-65.98356,18.05876],[-65.98046,18.06124],[-65.97917,18.06057],[-65.97779,18.06109],[-65.97713,18.05825],[-65.97556,18.05841],[-65.97345,18.05662],[-65.97374,18.05445],[-65.97256,18.05273],[-65.96358,18.05477],[-65.95827,18.05211],[-65.95539,18.04783],[-65.95317,18.04694],[-65.95228,18.04482],[-65.94905,18.04602],[-65.94314,18.04384],[-65.94147,18.04085],[-65.93932,18.04542],[-65.94096,18.05121],[-65.94058,18.05354],[-65.93836,18.05197],[-65.93767,18.05254],[-65.93253,18.05134],[-65.92436,18.0482],[-65.91833,18.05033],[-65.91651,18.05025],[-65.91504,18.05156],[-65.91103,18.05279],[-65.9094,18.05116],[-65.90864,18.05135],[-65.90848,18.05263],[-65.90691,18.05174],[-65.90719,18.05383],[-65.90646,18.05445],[-65.90796,18.05543],[-65.90731,18.05786],[-65.91145,18.05598],[-65.91577,18.05762],[-65.91752,18.06072],[-65.92016,18.0623],[-65.92194,18.06459],[-65.92028,18.06989],[-65.92507,18.07296],[-65.92381,18.07394],[-65.92025,18.07376],[-65.91768,18.07176],[-65.9132,18.07106],[-65.91169,18.07009],[-65.90771,18.07246],[-65.90823,18.07486],[-65.90256,18.07501],[-65.902,18.07752],[-65.90026,18.07931],[-65.89648,18.08069],[-65.90062,18.08338],[-65.90632,18.08529],[-65.9083,18.08817],[-65.91339,18.08771],[-65.91447,18.09069],[-65.91818,18.09208],[-65.92092,18.09437],[-65.9229,18.09442],[-65.92373,18.09564],[-65.92993,18.09769],[-65.93374,18.09537],[-65.93317,18.09339],[-65.9361,18.09395],[-65.9362,18.0921],[-65.93962,18.09176],[-65.94102,18.08942],[-65.94314,18.08932],[-65.95018,18.09304],[-65.95263,18.09296],[-65.95414,18.09169],[-65.95575,18.09177],[-65.95853,18.08916],[-65.96044,18.08878],[-65.96205,18.0865],[-65.96338,18.08777],[-65.96454,18.08711],[-65.96617,18.08926],[-65.97013,18.08988],[-65.97077,18.09109],[-65.97345,18.09093],[-65.97581,18.09286],[-65.97598,18.09431],[-65.97859,18.09483],[-65.97948,18.09296],[-65.98091,18.09352],[-65.98254,18.08997],[-65.98471,18.0885],[-65.98597,18.08981],[-65.98903,18.08893],[-65.99078,18.09013],[-65.99369,18.08966],[-65.99542,18.08484],[-65.99858,18.08406],[-65.99842,18.08325],[-66.00301,18.07907],[-66.00496,18.07597],[-66.00871,18.07631],[-66.01024,18.07557]]]},"properties":{"TRACTCE":"950700","GEOID":"72151950700","NAME":"9507","NAMELSAD":"Census Tract 9507","COUNTYFP":"151"}},
{"type":"Feature","geometry":{"type":"Polygon","coordinates":[[[-65.84775,18.00768],[-65.81645,17.9655],[-65.81098,17.96745],[-65.79764,17.97698],[-65.78861,17.98941],[-65.78221,18.00298],[-65.78151,18.0145],[-65.78238,18.019],[-65.77417,18.02149],[-65.76107,18.02753],[-65.75209,18.03552],[-65.7496,18.03879],[-65.74622,18.05064],[-65.74005,18.06254],[-65.73911,18.07078],[-65.79147,18.06996],[-65.79276,18.0618],[-65.79518,18.05812],[-65.79921,18.05521],[-65.80743,18.05268],[-65.81106,18.05306],[-65.8142,18.05421],[-65.81573,18.05605],[-65.81823,18.05613],[-65.82235,18.05215],[-65.82661,18.04831],[-65.8287,18.04494],[-65.82887,18.04065],[-65.82613,18.03176],[-65.82774,18.02317],[-65.82725,18.01919],[-65.83016,18.01106],[-65.83386,18.00877],[-65.84257,18.01084],[-65.84775,18.00768]]]},"properties":{"TRACTCE":"990000","GEOID":"72151990000","NAME":"9900","NAMELSAD":"Census Tract 9900","COUNTYFP":"151"}},
{"type":"Feature","geometry":{"type":"Polygon","coordinates":[[[-65.94147,18.04085],[-65.93518,18.04072],[-65.93387,18.03682],[-65.93112,18.03731],[-65.92801,18.03627],[-65.92513,18.03683],[-65.92195,18.0346],[-65.91744,18.03427],[-65.91465,18.03425],[-65.91225,18.03308],[-65.91071,18.03481],[-65.9075,18.03592],[-65.90471,18.03411],[-65.90221,18.03401],[-65.89977,18.03213],[-65.8985,18.03387],[-65.89738,18.03403],[-65.89513,18.0322],[-65.88817,18.03015],[-65.88232,18.02418],[-65.88156,18.0211],[-65.88066,18.0207],[-65.87885,18.02066],[-65.87964,18.02074],[-65.88036,18.02342],[-65.88198,18.02557],[-65.88091,18.0279],[-65.87949,18.02857],[-65.87958,18.03233],[-65.88251,18.03661],[-65.88059,18.04007],[-65.8825,18.03999],[-65.88527,18.03815],[-65.88572,18.04027],[-65.88502,18.0421],[-65.88626,18.04396],[-65.88703,18.04386],[-65.88486,18.04856],[-65.88269,18.04988],[-65.88317,18.05388],[-65.88927,18.05547],[-65.8967,18.05552],[-65.90067,18.05692],[-65.90011,18.05514],[-65.90116,18.05416],[-65.90282,18.05514],[-65.90646,18.05445],[-65.90719,18.05383],[-65.90691,18.05174],[-65.90848,18.05263],[-65.90864,18.05135],[-65.9094,18.05116],[-65.91103,18.05279],[-65.91504,18.05156],[-65.91651,18.05025],[-65.91833,18.05033],[-65.92436,18.0482],[-65.93253,18.05134],[-65.93767,18.05254],[-65.93836,18.05197],[-65.94058,18.05354],[-65.94096,18.05121],[-65.93932,18.04542],[-65.94147,18.04085]]]},"properties":{"TRACTCE":"951200","GEOID":"72151951200","NAME":"9512","NAMELSAD":"Census Tract 9512","COUNTYFP":"151"}},
{"type":"Feature","geometry":{"type":"Polygon","coordinates":[[[-65.89648,18.08069],[-65.90026,18.07931],[-65.902,18.07752],[-65.90256,18.07501],[-65.90823,18.07486],[-65.90771,18.07246],[-65.91169,18.07009],[-65.9132,18.07106],[-65.91768,18.07176],[-65.92025,18.07376],[-65.92381,18.07394],[-65.92507,18.07296],[-65.92028,18.06989],[-65.92194,18.06459],[-65.92016,18.0623],[-65.91752,18.06072],[-65.91577,18.05762],[-65.91145,18.05598],[-65.90731,18.05786],[-65.90796,18.05543],[-65.90646,18.05445],[-65.90282,18.05514],[-65.90116,18.05416],[-65.90011,18.05514],[-65.90067,18.05692],[-65.8967,18.05552],[-65.88927,18.05547],[-65.88317,18.05388],[-65.8798,18.05314],[-65.87677,18.05484],[-65.87519,18.0546],[-65.87527,18.05928],[-65.87683,18.06503],[-65.88302,18.06629],[-65.89648,18.08069]]]},"properties":{"TRACTCE":"950800","GEOID":"72151950800","NAME":"9508","NAMELSAD":"Census Tract 9508","COUNTYFP":"151"}},
{"type":"Feature","geometry":{"type":"Polygon","coordinates":[[[-65.88059,18.04007],[-65.88251,18.03661],[-65.87958,18.03233],[-65.87949,18.02857],[-65.88091,18.0279],[-65.88198,18.02557],[-65.88036,18.02342],[-65.87964,18.02074],[-65.87885,18.02066],[-65.87099,18.02505],[-65.86764,18.02605],[-65.86469,18.02574],[-65.86205,18.02187],[-65.85869,18.0211],[-65.85712,18.01877],[-65.85729,18.01695],[-65.85127,18.01262],[-65.84827,18.00838],[-65.84775,18.00768],[-65.84257,18.01084],[-65.83386,18.00877],[-65.83016,18.01106],[-65.82725,18.01919],[-65.82774,18.02317],[-65.82613,18.03176],[-65.82887,18.04065],[-65.8287,18.04494],[-65.82661,18.04831],[-65.82235,18.05215],[-65.82716,18.05633],[-65.82624,18.05746],[-65.82771,18.05673],[-65.82861,18.06292],[-65.82913,18.06477],[-65.83221,18.06703],[-65.83872,18.06999],[-65.84293,18.07019],[-65.84793,18.06806],[-65.85111,18.07],[-65.85234,18.06994],[-65.85463,18.07198],[-65.85959,18.0706],[-65.86182,18.07157],[-65.86375,18.07041],[-65.86396,18.06823],[-65.86515,18.06779],[-65.86615,18.06581],[-65.86841,18.06464],[-65.87182,18.06483],[-65.8732,18.06346],[-65.87308,18.06461],[-65.87426,18.06595],[-65.87683,18.06503],[-65.87527,18.05928],[-65.87519,18.0546],[-65.86857,18.05062],[-65.86934,18.04493],[-65.87038,18.0412],[-65.87203,18.03968],[-65.87934,18.04044],[-65.88011,18.04126],[-65.88059,18.04007]]]},"properties":{"TRACTCE":"951300","GEOID":"72151951300","NAME":"9513","NAMELSAD":"Census Tract 9513","COUNTYFP":"151"}},
{"type":"Feature","geometry":{"type":"Polygon","coordinates":[[[-65.88317,18.05388],[-65.88269,18.04988],[-65.87955,18.0469],[-65.87146,18.04475],[-65.86934,18.04493],[-65.86857,18.05062],[-65.87519,18.0546],[-65.87677,18.05484],[-65.8798,18.05314],[-65.88317,18.05388]]]},"properties":{"TRACTCE":"951000","GEOID":"72151951000","NAME":"9510","NAMELSAD":"Census Tract 9510","COUNTYFP":"151"}},
{"type":"Feature","geometry":{"type":"Polygon","coordinates":[[[-65.92623,18.11996],[-65.92589,18.11784],[-65.92717,18.11622],[-65.92579,18.11195],[-65.92646,18.10901],[-65.92431,18.10811],[-65.92428,18.10676],[-65.92533,18.10548],[-65.9282,18.10527],[-65.92845,18.10202],[-65.93023,18.10071],[-65.93188,18.10074],[-65.92993,18.09769],[-65.92373,18.09564],[-65.9229,18.09442],[-65.92092,18.09437],[-65.91818,18.09208],[-65.91447,18.09069],[-65.91339,18.08771],[-65.9083,18.08817],[-65.90632,18.08529],[-65.90062,18.08338],[-65.89648,18.08069],[-65.88302,18.06629],[-65.87683,18.06503],[-65.87616,18.06857],[-65.87323,18.07274],[-65.8747,18.07382],[-65.87461,18.08096],[-65.87704,18.08588],[-65.87631,18.09209],[-65.87891,18.09529],[-65.87288,18.0997],[-65.87185,18.10453],[-65.87004,18.10642],[-65.87021,18.10843],[-65.87154,18.10992],[-65.87101,18.11303],[-65.87734,18.11569],[-65.87762,18.11817],[-65.87857,18.11774],[-65.88257,18.11998],[-65.88407,18.12288],[-65.88938,18.12128],[-65.89312,18.1225],[-65.89447,18.12409],[-65.89863,18.12365],[-65.90089,18.12586],[-65.90745,18.12615],[-65.90933,18.12396],[-65.91276,18.12378],[-65.91443,18.12233],[-65.9174,18.12235],[-65.91927,18.12095],[-65.92078,18.12129],[-65.92136,18.12056],[-65.92623,18.11996]]]},"properties":{"TRACTCE":"950900","GEOID":"72151950900","NAME":"9509","NAMELSAD":"Census Tract 9509","COUNTYFP":"151"}},
{"type":"Feature","geometry":{"type":"Polygon","coordinates":[[[-66.12123,18.38475],[-66.11836,18.37925],[-66.11261,18.38164],[-66.11122,18.38337],[-66.10783,18.38256],[-66.1063,18.38258],[-66.10653,18.38314],[-66.10476,18.38416],[-66.10587,18.38658],[-66.10747,18.3868],[-66.10806,18.38864],[-66.10758,18.39284],[-66.10861,18.39876],[-66.11328,18.39391],[-66.1131,18.39176],[-66.11392,18.39125],[-66.1146,18.39128],[-66.11449,18.39369],[-66.11727,18.394],[-66.11793,18.38959],[-66.117,18.38473],[-66.12123,18.38475]]]},"properties":{"TRACTCE":"040411","GEOID":"72061040411","NAME":"404.11","NAMELSAD":"Census Tract 404.11","COUNTYFP":"061"}},
{"type":"Feature","geometry":{"type":"Polygon","coordinates":[[[-66.06537,18.35951],[-66.06527,18.35666],[-66.06668,18.35591],[-66.06731,18.35378],[-66.06618,18.34854],[-66.06006,18.3436],[-66.05743,18.34429],[-66.05682,18.34361],[-66.05425,18.34516],[-66.0537,18.34888],[-66.05604,18.35139],[-66.05646,18.35357],[-66.05381,18.35574],[-66.05405,18.35932],[-66.05687,18.35856],[-66.06092,18.35986],[-66.06137,18.36095],[-66.06024,18.36322],[-66.06108,18.3651],[-66.06294,18.36519],[-66.06338,18.36706],[-66.06589,18.36067],[-66.06537,18.35951]]]},"properties":{"TRACTCE":"010002","GEOID":"72127010002","NAME":"100.02","NAMELSAD":"Census Tract 100.02","COUNTYFP":"127"}},
{"type":"Feature","geometry":{"type":"Polygon","coordinates":[[[-66.35968,18.0868],[-66.36439,18.08466],[-66.36709,18.08656],[-66.36996,18.08225],[-66.37008,18.08023],[-66.37022,18.07943],[-66.36086,18.08083],[-66.36075,18.07958],[-66.35583,18.08019],[-66.35578,18.08286],[-66.35715,18.08483],[-66.35829,18.08703],[-66.35968,18.0868]]]},"properties":{"TRACTCE":"954100","GEOID":"72043954100","NAME":"9541","NAMELSAD":"Census Tract 9541","COUNTYFP":"043"}},
{"type":"Feature","geometry":{"type":"Polygon","coordinates":[[[-66.322,18.34278],[-66.32067,18.3422],[-66.32204,18.33844],[-66.32316,18.3379],[-66.32328,18.33347],[-66.32059,18.33424],[-66.3189,18.33117],[-66.30603,18.33503],[-66.30487,18.33675],[-66.30491,18.34001],[-66.30568,18.34074],[-66.30616,18.34018],[-66.30953,18.34143],[-66.31035,18.3435],[-66.3139,18.34485],[-66.31538,18.34433],[-66.31919,18.34513],[-66.322,18.34278]]]},"properties":{"TRACTCE":"530300","GEOID":"72047530300","NAME":"5303","NAMELSAD":"Census Tract 5303","COUNTYFP":"047"}},
{"type":"Feature","geometry":{"type":"Polygon","coordinates":[[[-66.37771,18.29398],[-66.3791,18.29219],[-66.37835,18.2904],[-66.37871,18.28762],[-66.37743,18.28628],[-66.38055,18.28327],[-66.38245,18.27924],[-66.38322,18.27497],[-66.38263,18.27432],[-66.37844,18.27446],[-66.37551,18.27137],[-66.3728,18.2699],[-66.36412,18.25934],[-66.35801,18.25021],[-66.35799,18.2461],[-66.35384,18.24407],[-66.35307,18.24465],[-66.3522,18.24409],[-66.35079,18.24124],[-66.34145,18.2392],[-66.34012,18.23869],[-66.33599,18.2395],[-66.33158,18.24347],[-66.32703,18.24419],[-66.3263,18.24788],[-66.32022,18.24772],[-66.31547,18.24963],[-66.3133,18.24932],[-66.31008,18.25134],[-66.30865,18.25117],[-66.3075,18.25253],[-66.30606,18.25254],[-66.30599,18.25486],[-66.30307,18.25454],[-66.29609,18.25755],[-66.28727,18.27169],[-66.28909,18.27628],[-66.28723,18.28369],[-66.28819,18.28468],[-66.28782,18.28621],[-66.2888,18.28605],[-66.28894,18.28685],[-66.2913,18.28483],[-66.29693,18.2857],[-66.2983,18.28406],[-66.29987,18.28407],[-66.29773,18.28118],[-66.2961,18.28201],[-66.29454,18.2807],[-66.29489,18.27871],[-66.2904,18.27397],[-66.29643,18.27918],[-66.29841,18.27911],[-66.30704,18.28392],[-66.31123,18.28527],[-66.31603,18.28448],[-66.31879,18.28708],[-66.324,18.28605],[-66.32727,18.28696],[-66.33134,18.28638],[-66.33563,18.28856],[-66.34422,18.28885],[-66.34437,18.28582],[-66.34638,18.28511],[-66.34883,18.2858],[-66.34707,18.28793],[-66.34879,18.29178],[-66.34882,18.29374],[-66.34783,18.29515],[-66.34946,18.29632],[-66.35162,18.2952],[-66.35383,18.2969],[-66.35426,18.29954],[-66.35717,18.29955],[-66.35959,18.30283],[-66.36119,18.30367],[-66.36389,18.30321],[-66.36712,18.30457],[-66.36935,18.30786],[-66.37246,18.30984],[-66.37302,18.30276],[-66.3759,18.30005],[-66.37567,18.29756],[-66.37771,18.29398]]]},"properties":{"TRACTCE":"530600","GEOID":"72047530600","NAME":"5306","NAMELSAD":"Census Tract 5306","COUNTYFP":"047"}},
{"type":"Feature","geometry":{"type":"Polygon","coordinates":[[[-66.33346,18.36796],[-66.33602,18.36814],[-66.33678,18.36744],[-66.33811,18.36805],[-66.33912,18.36715],[-66.34103,18.36256],[-66.34098,18.35763],[-66.34322,18.35779],[-66.35027,18.36121],[-66.35446,18.36105],[-66.35523,18.3596],[-66.35042,18.36048],[-66.34832,18.35972],[-66.34458,18.35653],[-66.34182,18.35722],[-66.33668,18.35359],[-66.33047,18.34491],[-66.32853,18.34522],[-66.32771,18.34662],[-66.32724,18.34544],[-66.32569,18.34538],[-66.32352,18.34299],[-66.322,18.34278],[-66.31919,18.34513],[-66.31538,18.34433],[-66.3139,18.34485],[-66.31035,18.3435],[-66.30953,18.34143],[-66.30616,18.34018],[-66.30568,18.34074],[-66.30292,18.34444],[-66.30082,18.34454],[-66.29938,18.34821],[-66.29824,18.34782],[-66.29839,18.35126],[-66.29763,18.35218],[-66.28929,18.34802],[-66.28842,18.34599],[-66.28632,18.3458],[-66.28764,18.35152],[-66.29409,18.35888],[-66.30348,18.36625],[-66.30522,18.37005],[-66.30693,18.3682],[-66.3079,18.36475],[-66.31257,18.36445],[-66.31878,18.36739],[-66.32143,18.36593],[-66.32249,18.36436],[-66.32389,18.3669],[-66.32612,18.36598],[-66.32951,18.36607],[-66.32971,18.36758],[-66.3331,18.36648],[-66.33346,18.36796]]]},"properties":{"TRACTCE":"530100","GEOID":"72047530100","NAME":"5301","NAMELSAD":"Census Tract 5301","COUNTYFP":"047"}},
{"type":"Feature","geometry":{"type":"Polygon","coordinates":[[[-66.37246,18.30984],[-66.36935,18.30786],[-66.36712,18.30457],[-66.36389,18.30321],[-66.36119,18.30367],[-66.35959,18.30283],[-66.35717,18.29955],[-66.35426,18.29954],[-66.35383,18.2969],[-66.35162,18.2952],[-66.34946,18.29632],[-66.34783,18.29515],[-66.34882,18.29374],[-66.34879,18.29178],[-66.34707,18.28793],[-66.34883,18.2858],[-66.34638,18.28511],[-66.34437,18.28582],[-66.34422,18.28885],[-66.33563,18.28856],[-66.33134,18.28638],[-66.32727,18.28696],[-66.324,18.28605],[-66.31879,18.28708],[-66.31603,18.28448],[-66.31123,18.28527],[-66.30704,18.28392],[-66.29841,18.27911],[-66.29643,18.27918],[-66.2904,18.27397],[-66.29489,18.27871],[-66.29454,18.2807],[-66.2961,18.28201],[-66.29773,18.28118],[-66.29987,18.28407],[-66.3008,18.28335],[-66.3013,18.28518],[-66.30222,18.28351],[-66.30348,18.28524],[-66.30506,18.28489],[-66.30636,18.28748],[-66.30347,18.30009],[-66.30479,18.30206],[-66.3038,18.30482],[-66.30483,18.30554],[-66.30391,18.31224],[-66.30507,18.31403],[-66.30416,18.3166],[-66.30276,18.31736],[-66.30603,18.33503],[-66.3189,18.33117],[-66.32059,18.33424],[-66.32328,18.33347],[-66.32351,18.33201],[-66.32516,18.33167],[-66.32512,18.33067],[-66.32643,18.32994],[-66.32776,18.32515],[-66.33105,18.32466],[-66.33288,18.32568],[-66.33309,18.3241],[-66.33407,18.32454],[-66.3343,18.32218],[-66.33524,18.32137],[-66.33715,18.32297],[-66.33878,18.32681],[-66.34065,18.32681],[-66.34202,18.3244],[-66.34392,18.32359],[-66.34423,18.32442],[-66.34835,18.32547],[-66.34875,18.3269],[-66.35009,18.32628],[-66.3522,18.32708],[-66.35405,18.32573],[-66.35558,18.32782],[-66.35684,18.32762],[-66.36197,18.33159],[-66.36279,18.33103],[-66.36561,18.33202],[-66.3669,18.32758],[-66.37246,18.30984]]]},"properties":{"TRACTCE":"530500","GEOID":"72047530500","NAME":"5305","NAMELSAD":"Census Tract 5305","COUNTYFP":"047"}},
{"type":"Feature","geometry":{"type":"Polygon","coordinates":[[[-66.36561,18.33202],[-66.36279,18.33103],[-66.36197,18.33159],[-66.35684,18.32762],[-66.35558,18.32782],[-66.35405,18.32573],[-66.3522,18.32708],[-66.35009,18.32628],[-66.34875,18.3269],[-66.34835,18.32547],[-66.34423,18.32442],[-66.34392,18.32359],[-66.34202,18.3244],[-66.34065,18.32681],[-66.33878,18.32681],[-66.33715,18.32297],[-66.33524,18.32137],[-66.3343,18.32218],[-66.33407,18.32454],[-66.33309,18.3241],[-66.33288,18.32568],[-66.33105,18.32466],[-66.32776,18.32515],[-66.32643,18.32994],[-66.32512,18.33067],[-66.32516,18.33167],[-66.32351,18.33201],[-66.32328,18.33347],[-66.32316,18.3379],[-66.32204,18.33844],[-66.32067,18.3422],[-66.322,18.34278],[-66.32352,18.34299],[-66.32569,18.34538],[-66.32724,18.34544],[-66.32771,18.34662],[-66.32853,18.34522],[-66.33047,18.34491],[-66.33668,18.35359],[-66.34182,18.35722],[-66.34458,18.35653],[-66.34832,18.35972],[-66.35042,18.36048],[-66.35523,18.3596],[-66.35475,18.35513],[-66.34967,18.35235],[-66.34883,18.35013],[-66.35475,18.34693],[-66.35728,18.34395],[-66.35732,18.33581],[-66.35832,18.33072],[-66.35949,18.33076],[-66.36066,18.33296],[-66.36527,18.33323],[-66.36561,18.33202]]]},"properties":{"TRACTCE":"530200","GEOID":"72047530200","NAME":"5302","NAMELSAD":"Census Tract 5302","COUNTYFP":"047"}},
{"type":"Feature","geometry":{"type":"Polygon","coordinates":[[[-66.30603,18.33503],[-66.30276,18.31736],[-66.30416,18.3166],[-66.30507,18.31403],[-66.30391,18.31224],[-66.30483,18.30554],[-66.3038,18.30482],[-66.30479,18.30206],[-66.30347,18.30009],[-66.30636,18.28748],[-66.30506,18.28489],[-66.30348,18.28524],[-66.30222,18.28351],[-66.3013,18.28518],[-66.3008,18.28335],[-66.29987,18.28407],[-66.2983,18.28406],[-66.29693,18.2857],[-66.2913,18.28483],[-66.28894,18.28685],[-66.2888,18.28605],[-66.28782,18.28621],[-66.28819,18.28468],[-66.28723,18.28369],[-66.28747,18.28755],[-66.28532,18.30377],[-66.28347,18.308],[-66.28319,18.31469],[-66.27808,18.32998],[-66.28479,18.34572],[-66.28632,18.3458],[-66.28842,18.34599],[-66.28929,18.34802],[-66.29763,18.35218],[-66.29839,18.35126],[-66.29824,18.34782],[-66.29938,18.34821],[-66.30082,18.34454],[-66.30292,18.34444],[-66.30568,18.34074],[-66.30491,18.34001],[-66.30487,18.33675],[-66.30603,18.33503]]]},"properties":{"TRACTCE":"530400","GEOID":"72047530400","NAME":"5304","NAMELSAD":"Census Tract 5304","COUNTYFP":"047"}},
{"type":"Feature","geometry":{"type":"Polygon","coordinates":[[[-65.97795,18.41898],[-65.97783,18.41359],[-65.97225,18.41341],[-65.97236,18.41055],[-65.97348,18.4104],[-65.97315,18.4063],[-65.96715,18.4061],[-65.96595,18.41072],[-65.9668,18.41828],[-65.97795,18.41898]]]},"properties":{"TRACTCE":"050212","GEOID":"72031050212","NAME":"502.12","NAMELSAD":"Census Tract 502.12","COUNTYFP":"031"}},
{"type":"Feature","geometry":{"type":"Polygon","coordinates":[[[-66.10667,18.45629],[-66.10514,18.45401],[-66.10334,18.45407],[-66.10444,18.45377],[-66.10374,18.45317],[-66.1024,18.45385],[-66.10241,18.45466],[-66.09873,18.45507],[-66.09655,18.45362],[-66.09354,18.4567],[-66.08953,18.45724],[-66.08964,18.45816],[-66.10499,18.45974],[-66.10667,18.45629]]]},"properties":{"TRACTCE":"980108","GEOID":"72127980108","NAME":"9801.08","NAMELSAD":"Census Tract 9801.08","COUNTYFP":"127"}},
{"type":"Feature","geometry":{"type":"Polygon","coordinates":[[[-66.08114,18.43852],[-66.07699,18.43265],[-66.07693,18.42879],[-66.07865,18.4259],[-66.07816,18.42551],[-66.07609,18.42715],[-66.07368,18.42653],[-66.07166,18.42141],[-66.07261,18.41906],[-66.0707,18.41999],[-66.06418,18.42189],[-66.05732,18.42372],[-66.05813,18.42747],[-66.05906,18.43331],[-66.06136,18.43283],[-66.06375,18.43532],[-66.06561,18.43475],[-66.07163,18.43688],[-66.07618,18.44016],[-66.0776,18.43846],[-66.08114,18.43852]]]},"properties":{"TRACTCE":"010500","GEOID":"72127010500","NAME":"105","NAMELSAD":"Census Tract 105","COUNTYFP":"127"}},
{"type":"Feature","geometry":{"type":"Polygon","coordinates":[[[-66.22824,18.35119],[-66.22977,18.35017],[-66.2308,18.34795],[-66.23992,18.3496],[-66.24418,18.34777],[-66.24247,18.34482],[-66.23769,18.34426],[-66.2355,18.34214],[-66.23234,18.34188],[-66.23114,18.34024],[-66.23073,18.33873],[-66.23193,18.33697],[-66.23454,18.33605],[-66.2378,18.33297],[-66.23301,18.32455],[-66.23204,18.32413],[-66.22076,18.33334],[-66.21693,18.33414],[-66.21562,18.33266],[-66.21542,18.32963],[-66.2137,18.32701],[-66.21326,18.32431],[-66.21177,18.32355],[-66.20749,18.32368],[-66.20473,18.31604],[-66.20401,18.31591],[-66.20245,18.32503],[-66.20153,18.32898],[-66.20361,18.33667],[-66.2019,18.3378],[-66.20914,18.34906],[-66.21394,18.35094],[-66.21669,18.35079],[-66.21837,18.34957],[-66.2207,18.35076],[-66.22278,18.35018],[-66.22477,18.35121],[-66.22824,18.35119]]]},"properties":{"TRACTCE":"510601","GEOID":"72135510601","NAME":"5106.01","NAMELSAD":"Census Tract 5106.01","COUNTYFP":"135"}},
{"type":"Feature","geometry":{"type":"Polygon","coordinates":[[[-66.09042,18.22741],[-66.08866,18.22635],[-66.08631,18.22648],[-66.08405,18.22868],[-66.07579,18.22489],[-66.07057,18.22364],[-66.06885,18.22425],[-66.06829,18.22642],[-66.0653,18.22927],[-66.06123,18.23005],[-66.05843,18.23022],[-66.0597,18.23113],[-66.05639,18.23345],[-66.04974,18.23105],[-66.04762,18.23092],[-66.04676,18.23599],[-66.04223,18.23829],[-66.04232,18.24097],[-66.04617,18.24613],[-66.05245,18.24752],[-66.05388,18.24543],[-66.04981,18.24261],[-66.05025,18.23313],[-66.05541,18.23556],[-66.06129,18.24239],[-66.06409,18.24271],[-66.06414,18.23826],[-66.07041,18.23524],[-66.07059,18.23364],[-66.07426,18.23408],[-66.07433,18.23761],[-66.07562,18.23818],[-66.07571,18.23939],[-66.07743,18.24038],[-66.07939,18.23899],[-66.07852,18.24212],[-66.07863,18.24404],[-66.07969,18.2452],[-66.07903,18.24782],[-66.08477,18.24251],[-66.08512,18.23552],[-66.08816,18.23276],[-66.09042,18.22741]]]},"properties":{"TRACTCE":"200305","GEOID":"72025200305","NAME":"2003.05","NAMELSAD":"Census Tract 2003.05","COUNTYFP":"025"}},
{"type":"Feature","geometry":{"type":"Polygon","coordinates":[[[-66.53266,17.99979],[-66.53235,17.99873],[-66.53332,17.99802],[-66.53649,17.99755],[-66.53571,17.99668],[-66.53651,17.99588],[-66.53584,17.9926],[-66.53993,17.99408],[-66.5416,17.99161],[-66.54166,17.99027],[-66.53988,17.98865],[-66.54046,17.98676],[-66.53903,17.98609],[-66.53952,17.98391],[-66.53848,17.98168],[-66.54069,17.98033],[-66.53961,17.97844],[-66.53733,17.97694],[-66.53923,17.97684],[-66.54074,17.97518],[-66.5386,17.9739],[-66.54104,17.96688],[-66.53442,17.96699],[-66.52763,17.96825],[-66.49587,17.98055],[-66.48848,17.98069],[-66.48021,17.97788],[-66.48018,17.98784],[-66.47645,17.98958],[-66.47604,17.99214],[-66.48442,17.99188],[-66.4914,17.99516],[-66.50887,17.99652],[-66.53266,17.99979]]]},"properties":{"TRACTCE":"711002","GEOID":"72075711002","NAME":"7110.02","NAMELSAD":"Census Tract 7110.02","COUNTYFP":"075"}},
{"type":"Feature","geometry":{"type":"MultiPolygon","coordinates":[[[[-66.46229,17.93523],[-66.46063,17.92722],[-66.46074,17.92163],[-66.4586,17.91903],[-66.45524,17.91762],[-66.45233,17.91766],[-66.44937,17.91921],[-66.44852,17.92216],[-66.44871,17.92606],[-66.45085,17.9354],[-66.45413,17.93839],[-66.4586,17.93835],[-66.46229,17.93523]]],[[[-66.47604,17.99214],[-66.47645,17.98958],[-66.48018,17.98784],[-66.48021,17.97788],[-66.47474,17.98167],[-66.46854,17.98322],[-66.46204,17.9835],[-66.45805,17.98125],[-66.45458,17.97799],[-66.44681,17.98762],[-66.44332,17.98983],[-66.43982,17.99506],[-66.43785,17.99435],[-66.43815,17.99167],[-66.43703,17.9923],[-66.43474,17.99685],[-66.43564,18.00312],[-66.43471,18.00705],[-66.43103,18.00992],[-66.42749,18.00969],[-66.42833,18.01211],[-66.4254,18.01193],[-66.42413,18.01531],[-66.42129,18.01863],[-66.42115,18.02146],[-66.42295,18.02453],[-66.42213,18.02592],[-66.4245,18.02813],[-66.42327,18.03132],[-66.42395,18.03166],[-66.42533,18.03025],[-66.42598,18.03107],[-66.42703,18.03739],[-66.42605,18.03945],[-66.42727,18.04033],[-66.42699,18.04263],[-66.42598,18.04632],[-66.42401,18.04813],[-66.42456,18.04911],[-66.42517,18.04823],[-66.42581,18.04886],[-66.42527,18.05117],[-66.42401,18.05226],[-66.42815,18.05485],[-66.42782,18.05631],[-66.42911,18.05718],[-66.43027,18.06226],[-66.43154,18.06352],[-66.42983,18.06619],[-66.43085,18.06727],[-66.42934,18.06821],[-66.42754,18.07167],[-66.4288,18.07543],[-66.43017,18.07646],[-66.42891,18.07859],[-66.43034,18.08216],[-66.43694,18.08463],[-66.44342,18.08419],[-66.44386,18.08492],[-66.44794,18.08341],[-66.45066,18.08354],[-66.45454,18.08131],[-66.45387,18.079],[-66.45131,18.07721],[-66.45171,18.07474],[-66.44816,18.07147],[-66.44766,18.06997],[-66.46041,18.07043],[-66.45903,18.06688],[-66.46493,18.0679],[-66.46471,18.06155],[-66.46698,18.05829],[-66.46756,18.05457],[-66.46965,18.05452],[-66.47032,18.0535],[-66.46988,18.0491],[-66.46822,18.04634],[-66.47028,18.04398],[-66.46919,18.04144],[-66.47171,18.0333],[-66.47466,18.022],[-66.47545,18.01902],[-66.47536,17.9923],[-66.47604,17.99214]]]]},"properties":{"TRACTCE":"710102","GEOID":"72075710102","NAME":"7101.02","NAMELSAD":"Census Tract 7101.02","COUNTYFP":"075"}},
{"type":"Feature","geometry":{"type":"Polygon","coordinates":[[[-66.50154,18.06387],[-66.50744,18.06146],[-66.50531,18.05786],[-66.50221,18.05603],[-66.50116,18.05175],[-66.49495,18.05123],[-66.493,18.04985],[-66.49358,18.047],[-66.49289,18.04585],[-66.49447,18.048],[-66.49551,18.04598],[-66.49707,18.04553],[-66.49777,18.04331],[-66.49693,18.043],[-66.49724,18.04135],[-66.49117,18.03953],[-66.4867,18.03368],[-66.48355,18.03169],[-66.47947,18.03133],[-66.47171,18.0333],[-66.46919,18.04144],[-66.47028,18.04398],[-66.46822,18.04634],[-66.46988,18.0491],[-66.47032,18.0535],[-66.46965,18.05452],[-66.46756,18.05457],[-66.46698,18.05829],[-66.46471,18.06155],[-66.46493,18.0679],[-66.47183,18.07042],[-66.4767,18.06629],[-66.48667,18.0668],[-66.48844,18.06472],[-66.49117,18.06392],[-66.49328,18.06218],[-66.49814,18.0618],[-66.50154,18.06387]]]},"properties":{"TRACTCE":"710302","GEOID":"72075710302","NAME":"7103.02","NAMELSAD":"Census Tract 7103.02","COUNTYFP":"075"}},
{"type":"Feature","geometry":{"type":"Polygon","coordinates":[[[-66.54536,17.95445],[-66.54971,17.94194],[-66.53032,17.92746],[-66.51857,17.91681],[-66.49961,17.89892],[-66.49961,17.8749],[-66.49961,17.84156],[-66.49415,17.84617],[-66.48895,17.84738],[-66.47634,17.85405],[-66.46541,17.86414],[-66.46174,17.86967],[-66.45321,17.86961],[-66.44167,17.87153],[-66.43786,17.87303],[-66.42457,17.88194],[-66.43999,17.9205],[-66.4534,17.96685],[-66.45545,17.97402],[-66.45458,17.97799],[-66.45805,17.98125],[-66.46204,17.9835],[-66.46854,17.98322],[-66.47474,17.98167],[-66.48021,17.97788],[-66.48848,17.98069],[-66.49587,17.98055],[-66.52763,17.96825],[-66.53442,17.96699],[-66.54104,17.96688],[-66.54536,17.95445]],[[-66.46229,17.93523],[-66.4586,17.93835],[-66.45413,17.93839],[-66.45085,17.9354],[-66.44871,17.92606],[-66.44852,17.92216],[-66.44937,17.91921],[-66.45233,17.91766],[-66.45524,17.91762],[-66.4586,17.91903],[-66.46074,17.92163],[-66.46063,17.92722],[-66.46229,17.93523]]]},"properties":{"TRACTCE":"990001","GEOID":"72075990001","NAME":"9900.01","NAMELSAD":"Census Tract 9900.01","COUNTYFP":"075"}},
{"type":"Feature","geometry":{"type":"Polygon","coordinates":[[[-67.24044,18.38004],[-67.24017,18.37887],[-67.23876,18.37241],[-67.23741,18.37222],[-67.23684,18.37072],[-67.23508,18.37124],[-67.23562,18.36868],[-67.23158,18.36616],[-67.23049,18.36409],[-67.22891,18.3637],[-67.2281,18.36442],[-67.22806,18.36327],[-67.22674,18.36292],[-67.22823,18.36173],[-67.22751,18.36045],[-67.2267,18.36067],[-67.22685,18.3593],[-67.22601,18.3575],[-67.2246,18.35716],[-67.22519,18.35624],[-67.22444,18.35553],[-67.22062,18.35736],[-67.21841,18.36073],[-67.21289,18.36366],[-67.21047,18.36708],[-67.20545,18.36636],[-67.20381,18.36754],[-67.19933,18.36795],[-67.19804,18.37077],[-67.19217,18.37233],[-67.19277,18.37849],[-67.20003,18.38038],[-67.1997,18.38291],[-67.20658,18.38229],[-67.21328,18.38364],[-67.21459,18.38892],[-67.22231,18.38421],[-67.22951,18.38153],[-67.24044,18.38004]]]},"properties":{"TRACTCE":"430602","GEOID":"72003430602","NAME":"4306.02","NAMELSAD":"Census Tract 4306.02","COUNTYFP":"003"}},
{"type":"Feature","geometry":{"type":"Polygon","coordinates":[[[-67.22543,18.35029],[-67.22685,18.35105],[-67.22667,18.34926],[-67.2274,18.34859],[-67.22562,18.34934],[-67.22289,18.34539],[-67.21991,18.34613],[-67.22,18.34275],[-67.21701,18.34271],[-67.21396,18.3413],[-67.21197,18.33964],[-67.21079,18.33654],[-67.20859,18.33542],[-67.20579,18.33581],[-67.20283,18.33382],[-67.20325,18.33295],[-67.19575,18.3306],[-67.19668,18.32588],[-67.1939,18.32427],[-67.18969,18.32324],[-67.18797,18.31644],[-67.18648,18.3156],[-67.18528,18.31291],[-67.18285,18.31303],[-67.18241,18.31422],[-67.18016,18.31436],[-67.17893,18.31534],[-67.18055,18.31585],[-67.18207,18.31877],[-67.18626,18.32124],[-67.18741,18.32761],[-67.18883,18.32863],[-67.19166,18.32875],[-67.19361,18.33392],[-67.1947,18.3342],[-67.19485,18.33526],[-67.19157,18.3386],[-67.19296,18.34048],[-67.19346,18.34341],[-67.19247,18.34643],[-67.19411,18.34917],[-67.19448,18.35186],[-67.19706,18.35319],[-67.19665,18.35475],[-67.1997,18.3586],[-67.19914,18.35972],[-67.20043,18.36454],[-67.19933,18.36795],[-67.20381,18.36754],[-67.20545,18.36636],[-67.21047,18.36708],[-67.21289,18.36366],[-67.21841,18.36073],[-67.22062,18.35736],[-67.22444,18.35553],[-67.22379,18.35219],[-67.22513,18.35198],[-67.22543,18.35029]]]},"properties":{"TRACTCE":"430601","GEOID":"72003430601","NAME":"4306.01","NAMELSAD":"Census Tract 4306.01","COUNTYFP":"003"}},
{"type":"Feature","geometry":{"type":"Polygon","coordinates":[[[-66.43675,18.54081],[-66.4387,18.48993],[-66.42576,18.4918],[-66.42257,18.49303],[-66.41718,18.49851],[-66.41556,18.49865],[-66.39497,18.49869],[-66.38351,18.49512],[-66.37855,18.49486],[-66.37181,18.4944],[-66.36611,18.49159],[-66.35768,18.48964],[-66.34974,18.48935],[-66.35009,18.54101],[-66.35919,18.541],[-66.3663,18.53991],[-66.37461,18.54104],[-66.37851,18.54057],[-66.39049,18.54305],[-66.39965,18.54376],[-66.41598,18.54362],[-66.42978,18.54157],[-66.43298,18.54022],[-66.43675,18.54081]]]},"properties":{"TRACTCE":"990000","GEOID":"72145990000","NAME":"9900","NAMELSAD":"Census Tract 9900","COUNTYFP":"145"}},
{"type":"Feature","geometry":{"type":"Polygon","coordinates":[[[-67.1331,18.43968],[-67.13247,18.4384],[-67.12949,18.43765],[-67.12796,18.43597],[-67.12318,18.43373],[-67.12191,18.43156],[-67.12204,18.42966],[-67.11932,18.42719],[-67.11604,18.42674],[-67.11334,18.42532],[-67.11201,18.42339],[-67.09831,18.43748],[-67.09375,18.43636],[-67.08926,18.43918],[-67.08671,18.43864],[-67.08742,18.44141],[-67.08397,18.44293],[-67.08339,18.44487],[-67.07697,18.44609],[-67.07576,18.45186],[-67.07435,18.4518],[-67.07417,18.45678],[-67.09495,18.45207],[-67.09212,18.45494],[-67.10121,18.45815],[-67.10241,18.45858],[-67.1115,18.45573],[-67.11348,18.4509],[-67.11207,18.44768],[-67.11371,18.4466],[-67.11352,18.44592],[-67.11661,18.44463],[-67.12633,18.43985],[-67.1331,18.43968]]]},"properties":{"TRACTCE":"401402","GEOID":"72005401402","NAME":"4014.02","NAMELSAD":"Census Tract 4014.02","COUNTYFP":"005"}},
{"type":"Feature","geometry":{"type":"MultiPolygon","coordinates":[[[[-66.97429,17.93011],[-66.97258,17.92779],[-66.97043,17.92837],[-66.97031,17.93016],[-66.97168,17.93171],[-66.97351,17.93134],[-66.97429,17.93011]]],[[[-66.96231,17.99051],[-66.98317,17.94831],[-66.96818,17.94135],[-66.96278,17.93678],[-66.96185,17.93567],[-66.96141,17.92959],[-66.95912,17.92741],[-66.95259,17.92923],[-66.94447,17.9293],[-66.92835,17.92437],[-66.92175,17.92479],[-66.91963,17.92565],[-66.91745,17.92813],[-66.91618,17.9344],[-66.91956,17.93797],[-66.91957,17.94029],[-66.90736,17.94437],[-66.9078,17.95312],[-66.9104,17.96189],[-66.91731,17.96249],[-66.92106,17.96415],[-66.9219,17.96529],[-66.92609,17.96466],[-66.93064,17.96659],[-66.9316,17.96626],[-66.93179,17.96486],[-66.93785,17.96537],[-66.9383,17.96782],[-66.94666,17.97497],[-66.96231,17.99051]]]]},"properties":{"TRACTCE":"961500","GEOID":"72055961500","NAME":"9615","NAMELSAD":"Census Tract 9615","COUNTYFP":"055"}},
{"type":"Feature","geometry":{"type":"Polygon","coordinates":[[[-66.0511,18.46232],[-66.05276,18.45027],[-66.05154,18.44995],[-66.04498,18.44914],[-66.04135,18.45099],[-66.0378,18.44854],[-66.03739,18.44909],[-66.03631,18.45047],[-66.03434,18.45247],[-66.0343,18.45824],[-66.04459,18.46709],[-66.0511,18.46232]]]},"properties":{"TRACTCE":"001200","GEOID":"72127001200","NAME":"12","NAMELSAD":"Census Tract 12","COUNTYFP":"127"}},
{"type":"Feature","geometry":{"type":"Polygon","coordinates":[[[-66.056,18.45109],[-66.0563,18.44782],[-66.0528,18.44742],[-66.05205,18.44737],[-66.05154,18.44995],[-66.05276,18.45027],[-66.056,18.45109]]]},"properties":{"TRACTCE":"001400","GEOID":"72127001400","NAME":"14","NAMELSAD":"Census Tract 14","COUNTYFP":"127"}},
{"type":"Feature","geometry":{"type":"Polygon","coordinates":[[[-66.06277,18.45192],[-66.06338,18.44856],[-66.06257,18.44838],[-66.05824,18.44823],[-66.0563,18.44782],[-66.056,18.45109],[-66.06088,18.45169],[-66.06277,18.45192]]]},"properties":{"TRACTCE":"001500","GEOID":"72127001500","NAME":"15","NAMELSAD":"Census Tract 15","COUNTYFP":"127"}},
{"type":"Feature","geometry":{"type":"Polygon","coordinates":[[[-66.07884,18.45346],[-66.07114,18.44824],[-66.06926,18.4468],[-66.06833,18.44611],[-66.06594,18.44989],[-66.07047,18.45202],[-66.07807,18.45493],[-66.07884,18.45346]]]},"properties":{"TRACTCE":"001800","GEOID":"72127001800","NAME":"18","NAMELSAD":"Census Tract 18","COUNTYFP":"127"}},
{"type":"Feature","geometry":{"type":"Polygon","coordinates":[[[-66.08625,18.45871],[-66.08696,18.45283],[-66.0829,18.45001],[-66.08144,18.45326],[-66.08062,18.45288],[-66.08,18.45424],[-66.07884,18.45346],[-66.07807,18.45493],[-66.08019,18.45666],[-66.08625,18.45871]]]},"properties":{"TRACTCE":"001900","GEOID":"72127001900","NAME":"19","NAMELSAD":"Census Tract 19","COUNTYFP":"127"}},
{"type":"Feature","geometry":{"type":"Polygon","coordinates":[[[-66.08062,18.45288],[-66.08124,18.45126],[-66.07777,18.44937],[-66.07862,18.44742],[-66.07718,18.4464],[-66.07415,18.44463],[-66.07114,18.44824],[-66.07884,18.45346],[-66.08,18.45424],[-66.08062,18.45288]]]},"properties":{"TRACTCE":"002100","GEOID":"72127002100","NAME":"21","NAMELSAD":"Census Tract 21","COUNTYFP":"127"}},
{"type":"Feature","geometry":{"type":"Polygon","coordinates":[[[-66.13647,18.33352],[-66.13886,18.33243],[-66.14003,18.33008],[-66.14147,18.32915],[-66.14057,18.32675],[-66.14182,18.32253],[-66.14129,18.32021],[-66.1392,18.31764],[-66.13562,18.3147],[-66.13235,18.31357],[-66.13355,18.31244],[-66.1397,18.31185],[-66.14137,18.31076],[-66.14159,18.30878],[-66.13992,18.30736],[-66.14118,18.30135],[-66.13849,18.29977],[-66.13817,18.29773],[-66.13554,18.2975],[-66.13409,18.29458],[-66.13199,18.29858],[-66.12729,18.30105],[-66.13286,18.309],[-66.12507,18.31933],[-66.12019,18.32027],[-66.11965,18.32345],[-66.12143,18.32297],[-66.12383,18.32451],[-66.1261,18.32467],[-66.12924,18.32725],[-66.13064,18.3266],[-66.13443,18.32985],[-66.13638,18.33309],[-66.13647,18.33352]]]},"properties":{"TRACTCE":"040800","GEOID":"72061040800","NAME":"408","NAMELSAD":"Census Tract 408","COUNTYFP":"061"}},
{"type":"Feature","geometry":{"type":"Polygon","coordinates":[[[-66.10226,18.31386],[-66.11451,18.30378],[-66.11687,18.30275],[-66.11799,18.29974],[-66.1123,18.29861],[-66.11368,18.29455],[-66.11194,18.29194],[-66.11025,18.29167],[-66.10885,18.28806],[-66.10941,18.28307],[-66.10789,18.28031],[-66.10856,18.27787],[-66.09975,18.28154],[-66.09598,18.28382],[-66.09527,18.28273],[-66.09231,18.28327],[-66.0907,18.28266],[-66.09016,18.2841],[-66.08646,18.28509],[-66.08573,18.2867],[-66.08649,18.28857],[-66.08202,18.29025],[-66.08313,18.29203],[-66.08097,18.29234],[-66.08043,18.29453],[-66.08416,18.29492],[-66.08048,18.29729],[-66.08218,18.30011],[-66.08515,18.30051],[-66.0847,18.30258],[-66.08552,18.30399],[-66.08323,18.30508],[-66.08878,18.30745],[-66.09228,18.30603],[-66.09631,18.31027],[-66.10226,18.31386]]]},"properties":{"TRACTCE":"041100","GEOID":"72061041100","NAME":"411","NAMELSAD":"Census Tract 411","COUNTYFP":"061"}},
{"type":"Feature","geometry":{"type":"Polygon","coordinates":[[[-66.11717,18.43877],[-66.11488,18.43299],[-66.11301,18.42842],[-66.11384,18.42782],[-66.1114,18.4243],[-66.10755,18.42726],[-66.10828,18.4389],[-66.11185,18.43995],[-66.11435,18.44054],[-66.11717,18.43877]]]},"properties":{"TRACTCE":"040101","GEOID":"72061040101","NAME":"401.01","NAMELSAD":"Census Tract 401.01","COUNTYFP":"061"}},
{"type":"Feature","geometry":{"type":"Polygon","coordinates":[[[-66.12032,18.36838],[-66.12026,18.3657],[-66.11891,18.36585],[-66.1185,18.36516],[-66.11916,18.36379],[-66.11817,18.36318],[-66.11829,18.36121],[-66.11758,18.36005],[-66.11684,18.36176],[-66.11473,18.36116],[-66.11632,18.35913],[-66.1149,18.35852],[-66.11397,18.35785],[-66.11513,18.35622],[-66.11283,18.35397],[-66.11108,18.34943],[-66.11019,18.34901],[-66.11019,18.35001],[-66.10867,18.35026],[-66.10627,18.34979],[-66.10638,18.3512],[-66.10842,18.36195],[-66.10936,18.36414],[-66.10874,18.36409],[-66.10992,18.36548],[-66.11066,18.36527],[-66.11072,18.36656],[-66.11204,18.3671],[-66.1141,18.36643],[-66.1154,18.36724],[-66.11555,18.36633],[-66.11664,18.36753],[-66.11718,18.36818],[-66.11736,18.36713],[-66.11791,18.36731],[-66.11798,18.36889],[-66.11835,18.36784],[-66.12032,18.36838]]]},"properties":{"TRACTCE":"040500","GEOID":"72061040500","NAME":"405","NAMELSAD":"Census Tract 405","COUNTYFP":"061"}},
{"type":"Feature","geometry":{"type":"Polygon","coordinates":[[[-66.1187,18.34436],[-66.11792,18.34368],[-66.11655,18.34433],[-66.11427,18.34811],[-66.11297,18.34758],[-66.11165,18.34831],[-66.11089,18.34692],[-66.11191,18.3469],[-66.11275,18.34453],[-66.11034,18.34201],[-66.11214,18.34055],[-66.11271,18.33846],[-66.11113,18.33721],[-66.11168,18.33645],[-66.11091,18.33624],[-66.11081,18.33489],[-66.11173,18.33443],[-66.11039,18.33361],[-66.10481,18.33355],[-66.10377,18.33276],[-66.10308,18.33349],[-66.10249,18.33295],[-66.09999,18.33311],[-66.09631,18.33787],[-66.09606,18.34005],[-66.09841,18.3409],[-66.09967,18.34263],[-66.09806,18.34487],[-66.09745,18.34914],[-66.0982,18.34964],[-66.10179,18.34939],[-66.10638,18.3512],[-66.10627,18.34979],[-66.10867,18.35026],[-66.11019,18.35001],[-66.11019,18.34901],[-66.11108,18.34943],[-66.11283,18.35397],[-66.11513,18.35622],[-66.11397,18.35785],[-66.1149,18.35852],[-66.11661,18.35605],[-66.11584,18.34957],[-66.11781,18.34663],[-66.1177,18.3449],[-66.1187,18.34436]]]},"properties":{"TRACTCE":"040601","GEOID":"72061040601","NAME":"406.01","NAMELSAD":"Census Tract 406.01","COUNTYFP":"061"}},
{"type":"Feature","geometry":{"type":"Polygon","coordinates":[[[-66.12318,18.433],[-66.12104,18.43005],[-66.11384,18.42782],[-66.11301,18.42842],[-66.11488,18.43299],[-66.11784,18.43286],[-66.11849,18.4313],[-66.11995,18.4316],[-66.12021,18.4335],[-66.12189,18.43293],[-66.12221,18.43407],[-66.12318,18.433]]]},"properties":{"TRACTCE":"040103","GEOID":"72061040103","NAME":"401.03","NAMELSAD":"Census Tract 401.03","COUNTYFP":"061"}},
{"type":"Feature","geometry":{"type":"Polygon","coordinates":[[[-66.12221,18.43407],[-66.12189,18.43293],[-66.12021,18.4335],[-66.11995,18.4316],[-66.11849,18.4313],[-66.11784,18.43286],[-66.11488,18.43299],[-66.11717,18.43877],[-66.12221,18.43407]]]},"properties":{"TRACTCE":"040102","GEOID":"72061040102","NAME":"401.02","NAMELSAD":"Census Tract 401.02","COUNTYFP":"061"}},
{"type":"Feature","geometry":{"type":"Polygon","coordinates":[[[-66.13158,18.42466],[-66.13169,18.42386],[-66.13118,18.42441],[-66.13058,18.42355],[-66.13227,18.42048],[-66.13011,18.42083],[-66.12509,18.41857],[-66.12128,18.41439],[-66.12418,18.40964],[-66.12387,18.40825],[-66.12492,18.40593],[-66.12801,18.40275],[-66.12661,18.40109],[-66.12523,18.40159],[-66.12407,18.3991],[-66.12119,18.3997],[-66.11736,18.40264],[-66.10952,18.40727],[-66.1082,18.40793],[-66.09941,18.41935],[-66.10422,18.42416],[-66.10755,18.42726],[-66.1114,18.4243],[-66.11384,18.42782],[-66.12104,18.43005],[-66.12318,18.433],[-66.13121,18.42504],[-66.13158,18.42466]]]},"properties":{"TRACTCE":"040200","GEOID":"72061040200","NAME":"402","NAMELSAD":"Census Tract 402","COUNTYFP":"061"}},
{"type":"Feature","geometry":{"type":"Polygon","coordinates":[[[-66.13817,18.29773],[-66.13903,18.29513],[-66.14098,18.2943],[-66.14149,18.2901],[-66.14025,18.28537],[-66.14403,18.28357],[-66.14343,18.28251],[-66.1417,18.28236],[-66.14386,18.27959],[-66.14318,18.27837],[-66.14146,18.27771],[-66.14069,18.2796],[-66.13914,18.27889],[-66.12071,18.2814],[-66.11612,18.27986],[-66.11171,18.27951],[-66.10856,18.27787],[-66.10789,18.28031],[-66.10941,18.28307],[-66.10885,18.28806],[-66.11025,18.29167],[-66.11194,18.29194],[-66.11368,18.29455],[-66.1123,18.29861],[-66.11799,18.29974],[-66.11687,18.30275],[-66.11451,18.30378],[-66.10226,18.31386],[-66.10367,18.31709],[-66.10348,18.31957],[-66.10012,18.32287],[-66.09971,18.32967],[-66.10249,18.33295],[-66.10308,18.33349],[-66.10377,18.33276],[-66.10411,18.33017],[-66.10727,18.32953],[-66.11033,18.32344],[-66.11624,18.32442],[-66.11965,18.32345],[-66.12019,18.32027],[-66.12507,18.31933],[-66.13286,18.309],[-66.12729,18.30105],[-66.13199,18.29858],[-66.13409,18.29458],[-66.13554,18.2975],[-66.13817,18.29773]]]},"properties":{"TRACTCE":"040900","GEOID":"72061040900","NAME":"409","NAMELSAD":"Census Tract 409","COUNTYFP":"061"}},
{"type":"Feature","geometry":{"type":"Polygon","coordinates":[[[-66.10249,18.33295],[-66.09971,18.32967],[-66.10012,18.32287],[-66.10348,18.31957],[-66.10367,18.31709],[-66.10226,18.31386],[-66.09631,18.31027],[-66.09228,18.30603],[-66.08878,18.30745],[-66.08323,18.30508],[-66.0824,18.30679],[-66.08267,18.30937],[-66.08471,18.31259],[-66.08509,18.31632],[-66.08635,18.31765],[-66.08796,18.31791],[-66.08854,18.3198],[-66.08764,18.3212],[-66.08909,18.32284],[-66.0874,18.32814],[-66.08847,18.33041],[-66.08675,18.33191],[-66.08676,18.33304],[-66.08804,18.33504],[-66.08967,18.33512],[-66.0926,18.33767],[-66.09491,18.33752],[-66.0952,18.3395],[-66.09631,18.33787],[-66.09999,18.33311],[-66.10249,18.33295]]]},"properties":{"TRACTCE":"041000","GEOID":"72061041000","NAME":"410","NAMELSAD":"Census Tract 410","COUNTYFP":"061"}},
{"type":"Feature","geometry":{"type":"Polygon","coordinates":[[[-66.05877,18.38385],[-66.05812,18.38252],[-66.0606,18.38155],[-66.05957,18.38035],[-66.06026,18.379],[-66.05933,18.3791],[-66.0591,18.37618],[-66.0588,18.37042],[-66.06034,18.36883],[-66.06017,18.3682],[-66.05806,18.36903],[-66.05745,18.37029],[-66.05483,18.3695],[-66.05455,18.36835],[-66.05301,18.3687],[-66.05515,18.37903],[-66.05665,18.38269],[-66.05877,18.38385]]]},"properties":{"TRACTCE":"010043","GEOID":"72127010043","NAME":"100.43","NAMELSAD":"Census Tract 100.43","COUNTYFP":"127"}},
{"type":"Feature","geometry":{"type":"Polygon","coordinates":[[[-66.60099,18.00735],[-66.60295,18.00801],[-66.60408,18.00335],[-66.60218,18.00041],[-66.60146,17.99717],[-66.5987,17.99475],[-66.5964,17.99064],[-66.59772,17.98561],[-66.59668,17.98645],[-66.59395,17.99716],[-66.59257,18.00595],[-66.59277,18.00595],[-66.59728,18.00606],[-66.60099,18.00735]]]},"properties":{"TRACTCE":"072000","GEOID":"72113072000","NAME":"720","NAMELSAD":"Census Tract 720","COUNTYFP":"113"}},
{"type":"Feature","geometry":{"type":"Polygon","coordinates":[[[-66.13914,18.27889],[-66.13915,18.2751],[-66.13756,18.27412],[-66.13729,18.27274],[-66.1378,18.27184],[-66.14088,18.27139],[-66.13952,18.26695],[-66.14006,18.26581],[-66.1373,18.26541],[-66.13629,18.26164],[-66.13364,18.26082],[-66.13331,18.25969],[-66.13412,18.25878],[-66.13877,18.25787],[-66.13952,18.25687],[-66.1386,18.25567],[-66.1399,18.25448],[-66.14109,18.25504],[-66.14145,18.254],[-66.13803,18.25083],[-66.13587,18.25131],[-66.13618,18.25035],[-66.13107,18.2516],[-66.12879,18.24946],[-66.12521,18.2489],[-66.12373,18.2457],[-66.12039,18.24446],[-66.11998,18.24601],[-66.11683,18.24676],[-66.11636,18.24842],[-66.11599,18.25131],[-66.11339,18.25341],[-66.11428,18.25648],[-66.11254,18.25817],[-66.10869,18.25771],[-66.10678,18.25915],[-66.10573,18.25838],[-66.10359,18.25851],[-66.10269,18.26019],[-66.10004,18.26109],[-66.09772,18.25897],[-66.09213,18.26627],[-66.09327,18.26613],[-66.09452,18.26853],[-66.09671,18.26771],[-66.09628,18.27252],[-66.09918,18.27464],[-66.09824,18.27675],[-66.09996,18.27954],[-66.09975,18.28154],[-66.10856,18.27787],[-66.11171,18.27951],[-66.11612,18.27986],[-66.12071,18.2814],[-66.13914,18.27889]]]},"properties":{"TRACTCE":"230200","GEOID":"72007230200","NAME":"2302","NAMELSAD":"Census Tract 2302","COUNTYFP":"007"}},
{"type":"Feature","geometry":{"type":"Polygon","coordinates":[[[-66.10342,18.24848],[-66.10356,18.24555],[-66.10062,18.24396],[-66.10013,18.24166],[-66.09759,18.23984],[-66.0947,18.23997],[-66.09245,18.24545],[-66.09022,18.24727],[-66.08447,18.24878],[-66.08346,18.2479],[-66.08212,18.24879],[-66.07898,18.24787],[-66.07864,18.24817],[-66.07473,18.25332],[-66.07463,18.25426],[-66.07731,18.25651],[-66.07476,18.2676],[-66.06972,18.28818],[-66.0661,18.30332],[-66.07227,18.29904],[-66.07297,18.29776],[-66.0769,18.29652],[-66.08048,18.29729],[-66.08416,18.29492],[-66.08043,18.29453],[-66.08097,18.29234],[-66.08313,18.29203],[-66.08202,18.29025],[-66.08649,18.28857],[-66.08573,18.2867],[-66.08646,18.28509],[-66.09016,18.2841],[-66.0907,18.28266],[-66.09231,18.28327],[-66.09527,18.28273],[-66.09598,18.28382],[-66.09975,18.28154],[-66.09996,18.27954],[-66.09824,18.27675],[-66.09918,18.27464],[-66.09628,18.27252],[-66.09671,18.26771],[-66.09452,18.26853],[-66.09327,18.26613],[-66.09213,18.26627],[-66.09772,18.25897],[-66.10093,18.25507],[-66.09999,18.25343],[-66.10081,18.25091],[-66.10342,18.24848]]]},"properties":{"TRACTCE":"230100","GEOID":"72007230100","NAME":"2301","NAMELSAD":"Census Tract 2301","COUNTYFP":"007"}},
{"type":"Feature","geometry":{"type":"Polygon","coordinates":[[[-66.13903,18.20466],[-66.13849,18.20144],[-66.14132,18.1977],[-66.13731,18.19763],[-66.13507,18.1987],[-66.13408,18.2003],[-66.13035,18.20186],[-66.12808,18.20517],[-66.12461,18.20791],[-66.11777,18.20995],[-66.11704,18.21146],[-66.10941,18.21361],[-66.10267,18.21684],[-66.09816,18.22085],[-66.0969,18.22157],[-66.09589,18.22416],[-66.09372,18.22488],[-66.0927,18.22671],[-66.09042,18.22741],[-66.08816,18.23276],[-66.08512,18.23552],[-66.08477,18.24251],[-66.07903,18.24782],[-66.07898,18.24787],[-66.08212,18.24879],[-66.08346,18.2479],[-66.08447,18.24878],[-66.09022,18.24727],[-66.09245,18.24545],[-66.0947,18.23997],[-66.09759,18.23984],[-66.10013,18.24166],[-66.10062,18.24396],[-66.10356,18.24555],[-66.10342,18.24848],[-66.10438,18.24763],[-66.10743,18.24758],[-66.11016,18.24963],[-66.11296,18.24721],[-66.11504,18.24881],[-66.11636,18.24842],[-66.11683,18.24676],[-66.11998,18.24601],[-66.12039,18.24446],[-66.11964,18.24117],[-66.12101,18.24003],[-66.12121,18.23755],[-66.12708,18.23346],[-66.12659,18.22825],[-66.12801,18.22666],[-66.13,18.22635],[-66.13177,18.22378],[-66.13128,18.22088],[-66.12906,18.21909],[-66.13059,18.21579],[-66.12976,18.21498],[-66.13082,18.21381],[-66.12977,18.21375],[-66.12916,18.20937],[-66.13049,18.20818],[-66.13114,18.20854],[-66.13398,18.20514],[-66.13903,18.20466]]]},"properties":{"TRACTCE":"230502","GEOID":"72007230502","NAME":"2305.02","NAMELSAD":"Census Tract 2305.02","COUNTYFP":"007"}},
{"type":"Feature","geometry":{"type":"Polygon","coordinates":[[[-66.09772,18.25897],[-66.10004,18.26109],[-66.10269,18.26019],[-66.10359,18.25851],[-66.10573,18.25838],[-66.10678,18.25915],[-66.10869,18.25771],[-66.11254,18.25817],[-66.11428,18.25648],[-66.11339,18.25341],[-66.11599,18.25131],[-66.11636,18.24842],[-66.11504,18.24881],[-66.11296,18.24721],[-66.11016,18.24963],[-66.10743,18.24758],[-66.10438,18.24763],[-66.10342,18.24848],[-66.10081,18.25091],[-66.09999,18.25343],[-66.10093,18.25507],[-66.09772,18.25897]]]},"properties":{"TRACTCE":"230300","GEOID":"72007230300","NAME":"2303","NAMELSAD":"Census Tract 2303","COUNTYFP":"007"}},
{"type":"Feature","geometry":{"type":"Polygon","coordinates":[[[-66.14612,18.23037],[-66.14394,18.22811],[-66.14488,18.22608],[-66.14359,18.22502],[-66.14413,18.22413],[-66.14589,18.2239],[-66.14361,18.22281],[-66.14444,18.22134],[-66.14553,18.22197],[-66.14615,18.22046],[-66.14646,18.21799],[-66.1455,18.21715],[-66.14683,18.21349],[-66.14425,18.21336],[-66.14268,18.21005],[-66.14027,18.21085],[-66.13891,18.21023],[-66.13864,18.20693],[-66.13937,18.20544],[-66.13903,18.20466],[-66.13398,18.20514],[-66.13114,18.20854],[-66.13049,18.20818],[-66.12916,18.20937],[-66.12977,18.21375],[-66.13082,18.21381],[-66.12976,18.21498],[-66.13059,18.21579],[-66.12906,18.21909],[-66.13128,18.22088],[-66.13177,18.22378],[-66.13,18.22635],[-66.12801,18.22666],[-66.12659,18.22825],[-66.12708,18.23346],[-66.12121,18.23755],[-66.12101,18.24003],[-66.11964,18.24117],[-66.12039,18.24446],[-66.12373,18.2457],[-66.12521,18.2489],[-66.12879,18.24946],[-66.13107,18.2516],[-66.13618,18.25035],[-66.13928,18.24867],[-66.13792,18.24674],[-66.13906,18.24526],[-66.14114,18.24509],[-66.14147,18.24375],[-66.1436,18.24391],[-66.14443,18.23915],[-66.14291,18.2381],[-66.14336,18.23749],[-66.14502,18.23793],[-66.14465,18.23577],[-66.1456,18.2344],[-66.14494,18.23235],[-66.14616,18.23185],[-66.14612,18.23037]]]},"properties":{"TRACTCE":"230501","GEOID":"72007230501","NAME":"2305.01","NAMELSAD":"Census Tract 2305.01","COUNTYFP":"007"}},
{"type":"Feature","geometry":{"type":"Polygon","coordinates":[[[-66.17269,18.27832],[-66.1771,18.27619],[-66.17707,18.27454],[-66.17856,18.27209],[-66.18431,18.26834],[-66.18725,18.263],[-66.18855,18.26219],[-66.18886,18.26023],[-66.19068,18.25884],[-66.1873,18.25379],[-66.18484,18.25231],[-66.18375,18.25036],[-66.18185,18.24977],[-66.18131,18.24751],[-66.17825,18.24631],[-66.17796,18.24382],[-66.17926,18.24244],[-66.17832,18.2386],[-66.1789,18.23766],[-66.17667,18.23461],[-66.17487,18.23288],[-66.17611,18.2295],[-66.16985,18.22667],[-66.16913,18.22429],[-66.16521,18.22347],[-66.16203,18.22041],[-66.1555,18.2212],[-66.1518,18.22225],[-66.15171,18.22346],[-66.15033,18.22345],[-66.14978,18.2255],[-66.14612,18.23037],[-66.14616,18.23185],[-66.14494,18.23235],[-66.1456,18.2344],[-66.14465,18.23577],[-66.14502,18.23793],[-66.14336,18.23749],[-66.14291,18.2381],[-66.14443,18.23915],[-66.1436,18.24391],[-66.14147,18.24375],[-66.14114,18.24509],[-66.13906,18.24526],[-66.13792,18.24674],[-66.13928,18.24867],[-66.13618,18.25035],[-66.13587,18.25131],[-66.13803,18.25083],[-66.14145,18.254],[-66.14109,18.25504],[-66.1399,18.25448],[-66.1386,18.25567],[-66.13952,18.25687],[-66.13877,18.25787],[-66.13412,18.25878],[-66.13331,18.25969],[-66.13364,18.26082],[-66.13629,18.26164],[-66.1373,18.26541],[-66.14006,18.26581],[-66.13952,18.26695],[-66.14088,18.27139],[-66.1378,18.27184],[-66.13729,18.27274],[-66.13756,18.27412],[-66.13915,18.2751],[-66.13914,18.27889],[-66.14069,18.2796],[-66.14146,18.27771],[-66.14318,18.27837],[-66.14386,18.27959],[-66.15867,18.28305],[-66.16039,18.28274],[-66.16079,18.28185],[-66.16151,18.28264],[-66.16219,18.28086],[-66.16647,18.27959],[-66.16782,18.27771],[-66.17104,18.27928],[-66.17269,18.27832]]]},"properties":{"TRACTCE":"230400","GEOID":"72007230400","NAME":"2304","NAMELSAD":"Census Tract 2304","COUNTYFP":"007"}},
{"type":"Feature","geometry":{"type":"Polygon","coordinates":[[[-66.17748,18.41872],[-66.17709,18.41739],[-66.17907,18.40671],[-66.17734,18.4052],[-66.17181,18.40893],[-66.1684,18.40965],[-66.16942,18.40554],[-66.16442,18.40468],[-66.16024,18.40544],[-66.15897,18.40946],[-66.16197,18.41536],[-66.16914,18.41534],[-66.16919,18.41984],[-66.17748,18.41872]]]},"properties":{"TRACTCE":"031021","GEOID":"72021031021","NAME":"310.21","NAMELSAD":"Census Tract 310.21","COUNTYFP":"021"}},
{"type":"Feature","geometry":{"type":"Polygon","coordinates":[[[-66.19698,18.38929],[-66.19727,18.3859],[-66.19673,18.38693],[-66.19092,18.38744],[-66.18754,18.38716],[-66.18623,18.39025],[-66.18368,18.39033],[-66.18153,18.38934],[-66.17908,18.39165],[-66.18045,18.39396],[-66.18334,18.3959],[-66.18618,18.39628],[-66.18754,18.3924],[-66.19273,18.39386],[-66.19289,18.39105],[-66.19583,18.38916],[-66.19698,18.38929]]]},"properties":{"TRACTCE":"031023","GEOID":"72021031023","NAME":"310.23","NAMELSAD":"Census Tract 310.23","COUNTYFP":"021"}},
{"type":"Feature","geometry":{"type":"Polygon","coordinates":[[[-66.16348,18.38658],[-66.16294,18.38612],[-66.16133,18.38763],[-66.16047,18.38693],[-66.15866,18.38326],[-66.15901,18.38243],[-66.15727,18.38298],[-66.15579,18.38488],[-66.15418,18.39088],[-66.15444,18.39359],[-66.15582,18.39607],[-66.15804,18.39621],[-66.16078,18.3896],[-66.16348,18.38658]]]},"properties":{"TRACTCE":"031501","GEOID":"72021031501","NAME":"315.01","NAMELSAD":"Census Tract 315.01","COUNTYFP":"021"}},
{"type":"Feature","geometry":{"type":"Polygon","coordinates":[[[-66.16825,18.38736],[-66.16526,18.38501],[-66.16348,18.38658],[-66.16078,18.3896],[-66.15804,18.39621],[-66.16048,18.39652],[-66.16506,18.3911],[-66.16825,18.38736]]]},"properties":{"TRACTCE":"031502","GEOID":"72021031502","NAME":"315.02","NAMELSAD":"Census Tract 315.02","COUNTYFP":"021"}},
{"type":"Feature","geometry":{"type":"Polygon","coordinates":[[[-66.17132,18.38372],[-66.16857,18.37909],[-66.16779,18.37927],[-66.16873,18.38147],[-66.1675,18.38206],[-66.15915,18.38239],[-66.15901,18.38243],[-66.15866,18.38326],[-66.16047,18.38693],[-66.16133,18.38763],[-66.16294,18.38612],[-66.16348,18.38658],[-66.16526,18.38501],[-66.16825,18.38736],[-66.17132,18.38372]]]},"properties":{"TRACTCE":"031503","GEOID":"72021031503","NAME":"315.03","NAMELSAD":"Census Tract 315.03","COUNTYFP":"021"}},
{"type":"Feature","geometry":{"type":"Polygon","coordinates":[[[-66.00555,18.3972],[-66.00487,18.39287],[-66.00582,18.39056],[-66.0073,18.38947],[-66.00818,18.38574],[-66.00428,18.38262],[-66.00419,18.38001],[-66.00689,18.37889],[-66.00273,18.37918],[-65.99956,18.38006],[-66.00204,18.38388],[-66.00332,18.38689],[-66.00344,18.3921],[-66.00293,18.39482],[-66.00111,18.39415],[-66.00082,18.39518],[-65.99982,18.39486],[-65.99899,18.39586],[-65.99799,18.39535],[-65.99713,18.39683],[-65.99513,18.39715],[-65.99143,18.39848],[-65.99554,18.39802],[-66.00555,18.3972]]]},"properties":{"TRACTCE":"005404","GEOID":"72127005404","NAME":"54.04","NAMELSAD":"Census Tract 54.04","COUNTYFP":"127"}},
{"type":"Feature","geometry":{"type":"Polygon","coordinates":[[[-66.05813,18.42747],[-66.05732,18.42372],[-66.0564,18.4201],[-66.0526,18.421],[-66.05294,18.42227],[-66.05036,18.42396],[-66.05106,18.42711],[-66.05269,18.4272],[-66.05813,18.42747]]]},"properties":{"TRACTCE":"006302","GEOID":"72127006302","NAME":"63.02","NAMELSAD":"Census Tract 63.02","COUNTYFP":"127"}},
{"type":"Feature","geometry":{"type":"Polygon","coordinates":[[[-66.0564,18.4201],[-66.05536,18.41594],[-66.05175,18.41689],[-66.05021,18.41734],[-66.04704,18.42316],[-66.04775,18.4236],[-66.0464,18.42484],[-66.04877,18.42703],[-66.05106,18.42711],[-66.05036,18.42396],[-66.05294,18.42227],[-66.0526,18.421],[-66.0564,18.4201]]]},"properties":{"TRACTCE":"006301","GEOID":"72127006301","NAME":"63.01","NAMELSAD":"Census Tract 63.01","COUNTYFP":"127"}},
{"type":"Feature","geometry":{"type":"Polygon","coordinates":[[[-66.06548,18.41345],[-66.06481,18.40988],[-66.06401,18.41002],[-66.06293,18.40753],[-66.05911,18.40765],[-66.06116,18.40913],[-66.06012,18.41018],[-66.0567,18.41067],[-66.0568,18.41603],[-66.06548,18.41345]]]},"properties":{"TRACTCE":"006701","GEOID":"72127006701","NAME":"67.01","NAMELSAD":"Census Tract 67.01","COUNTYFP":"127"}},
{"type":"Feature","geometry":{"type":"Polygon","coordinates":[[[-66.06293,18.40753],[-66.06034,18.40567],[-66.05846,18.40271],[-66.05636,18.40213],[-66.05639,18.40331],[-66.0567,18.41067],[-66.06012,18.41018],[-66.06116,18.40913],[-66.05911,18.40765],[-66.06293,18.40753]]]},"properties":{"TRACTCE":"006702","GEOID":"72127006702","NAME":"67.02","NAMELSAD":"Census Tract 67.02","COUNTYFP":"127"}},
{"type":"Feature","geometry":{"type":"Polygon","coordinates":[[[-66.05928,18.43619],[-66.05906,18.43331],[-66.05655,18.4336],[-66.0556,18.4312],[-66.05448,18.43078],[-66.05316,18.43257],[-66.05258,18.43429],[-66.05257,18.43433],[-66.05928,18.43619]]]},"properties":{"TRACTCE":"003701","GEOID":"72127003701","NAME":"37.01","NAMELSAD":"Census Tract 37.01","COUNTYFP":"127"}},
{"type":"Feature","geometry":{"type":"Polygon","coordinates":[[[-66.06891,18.46178],[-66.06893,18.45687],[-66.07066,18.45734],[-66.07165,18.45602],[-66.06914,18.45521],[-66.06946,18.45267],[-66.07118,18.45273],[-66.07047,18.45202],[-66.06594,18.44989],[-66.06389,18.45207],[-66.06651,18.45233],[-66.06619,18.45487],[-66.06336,18.45448],[-66.0631,18.45546],[-66.05976,18.45459],[-66.05892,18.46166],[-66.06891,18.46178]]]},"properties":{"TRACTCE":"001001","GEOID":"72127001001","NAME":"10.01","NAMELSAD":"Census Tract 10.01","COUNTYFP":"127"}},
{"type":"Feature","geometry":{"type":"Polygon","coordinates":[[[-66.05258,18.43429],[-66.05316,18.43257],[-66.05288,18.43263],[-66.04735,18.42926],[-66.04405,18.43203],[-66.04416,18.43235],[-66.05258,18.43429]]]},"properties":{"TRACTCE":"003702","GEOID":"72127003702","NAME":"37.02","NAMELSAD":"Census Tract 37.02","COUNTYFP":"127"}},
{"type":"Feature","geometry":{"type":"Polygon","coordinates":[[[-66.06034,18.36883],[-66.06338,18.36706],[-66.06294,18.36519],[-66.06108,18.3651],[-66.06024,18.36322],[-66.06137,18.36095],[-66.06092,18.35986],[-66.05687,18.35856],[-66.05405,18.35932],[-66.05378,18.36247],[-66.05385,18.36531],[-66.05237,18.36745],[-66.05301,18.3687],[-66.05455,18.36835],[-66.05483,18.3695],[-66.05745,18.37029],[-66.05806,18.36903],[-66.06017,18.3682],[-66.06034,18.36883]]]},"properties":{"TRACTCE":"010044","GEOID":"72127010044","NAME":"100.44","NAMELSAD":"Census Tract 100.44","COUNTYFP":"127"}},
{"type":"Feature","geometry":{"type":"Polygon","coordinates":[[[-66.01386,18.39261],[-66.01387,18.38758],[-66.01262,18.38733],[-66.01251,18.38057],[-66.01028,18.37916],[-66.0094,18.37968],[-66.00689,18.37889],[-66.00419,18.38001],[-66.00428,18.38262],[-66.00818,18.38574],[-66.0073,18.38947],[-66.00582,18.39056],[-66.00487,18.39287],[-66.00555,18.3972],[-66.00691,18.39717],[-66.01024,18.39709],[-66.0103,18.39322],[-66.01381,18.39326],[-66.01386,18.39261]]]},"properties":{"TRACTCE":"005405","GEOID":"72127005405","NAME":"54.05","NAMELSAD":"Census Tract 54.05","COUNTYFP":"127"}},
{"type":"Feature","geometry":{"type":"Polygon","coordinates":[[[-66.05976,18.45459],[-66.0631,18.45546],[-66.06336,18.45448],[-66.06619,18.45487],[-66.06651,18.45233],[-66.06389,18.45207],[-66.06277,18.45192],[-66.06088,18.45169],[-66.05976,18.45459]]]},"properties":{"TRACTCE":"001002","GEOID":"72127001002","NAME":"10.02","NAMELSAD":"Census Tract 10.02","COUNTYFP":"127"}},
{"type":"Feature","geometry":{"type":"Polygon","coordinates":[[[-66.1138,17.99188],[-66.11389,17.99008],[-66.11196,17.98957],[-66.11202,17.98669],[-66.10829,17.98662],[-66.10826,17.98561],[-66.10711,17.98539],[-66.1068,17.9844],[-66.10818,17.98357],[-66.1078,17.98055],[-66.10963,17.98075],[-66.11029,17.97976],[-66.1098,17.9745],[-66.1099,17.97175],[-66.10131,17.97049],[-66.1012,17.97173],[-66.09887,17.96951],[-66.09796,17.96861],[-66.09592,17.96969],[-66.09078,17.96882],[-66.08943,17.9736],[-66.08751,17.97345],[-66.08645,17.98033],[-66.09435,17.97809],[-66.09846,17.97884],[-66.11151,17.9921],[-66.11322,17.99261],[-66.1138,17.99188]]]},"properties":{"TRACTCE":"270500","GEOID":"72057270500","NAME":"2705","NAMELSAD":"Census Tract 2705","COUNTYFP":"057"}},
{"type":"Feature","geometry":{"type":"Polygon","coordinates":[[[-66.15954,18.44566],[-66.15702,18.4269],[-66.15548,18.42198],[-66.14709,18.42298],[-66.14985,18.42956],[-66.14786,18.43038],[-66.14897,18.43294],[-66.152,18.43114],[-66.15375,18.43315],[-66.15654,18.43314],[-66.15658,18.43443],[-66.15395,18.43433],[-66.15377,18.43871],[-66.15498,18.43879],[-66.15472,18.4424],[-66.15188,18.44704],[-66.15186,18.44708],[-66.14838,18.45109],[-66.14715,18.45391],[-66.14852,18.45122],[-66.15111,18.44983],[-66.15359,18.44595],[-66.15476,18.44568],[-66.15713,18.4473],[-66.15954,18.44566]]]},"properties":{"TRACTCE":"980003","GEOID":"72033980003","NAME":"9800.03","NAMELSAD":"Census Tract 9800.03","COUNTYFP":"033"}},
{"type":"Feature","geometry":{"type":"Polygon","coordinates":[[[-66.07114,18.44824],[-66.07415,18.44463],[-66.07325,18.44323],[-66.07379,18.44151],[-66.07161,18.44041],[-66.06926,18.4468],[-66.07114,18.44824]]]},"properties":{"TRACTCE":"002200","GEOID":"72127002200","NAME":"22","NAMELSAD":"Census Tract 22","COUNTYFP":"127"}},
{"type":"Feature","geometry":{"type":"Polygon","coordinates":[[[-66.06926,18.4468],[-66.07161,18.44041],[-66.06485,18.44012],[-66.06313,18.44207],[-66.06448,18.44317],[-66.06833,18.44611],[-66.06926,18.4468]]]},"properties":{"TRACTCE":"002300","GEOID":"72127002300","NAME":"23","NAMELSAD":"Census Tract 23","COUNTYFP":"127"}},
{"type":"Feature","geometry":{"type":"Polygon","coordinates":[[[-66.06485,18.44012],[-66.06289,18.43949],[-66.06111,18.43749],[-66.05595,18.44152],[-66.0553,18.44327],[-66.05896,18.44413],[-66.06325,18.44421],[-66.06448,18.44317],[-66.06313,18.44207],[-66.06485,18.44012]]]},"properties":{"TRACTCE":"002400","GEOID":"72127002400","NAME":"24","NAMELSAD":"Census Tract 24","COUNTYFP":"127"}},
{"type":"Feature","geometry":{"type":"Polygon","coordinates":[[[-66.06257,18.44838],[-66.06325,18.44421],[-66.05896,18.44413],[-66.05824,18.44823],[-66.06257,18.44838]]]},"properties":{"TRACTCE":"002500","GEOID":"72127002500","NAME":"25","NAMELSAD":"Census Tract 25","COUNTYFP":"127"}},
{"type":"Feature","geometry":{"type":"Polygon","coordinates":[[[-66.04578,18.44275],[-66.04642,18.44074],[-66.04457,18.4399],[-66.04384,18.44118],[-66.04281,18.44026],[-66.03919,18.44082],[-66.04309,18.44405],[-66.04045,18.44653],[-66.04405,18.44678],[-66.04578,18.44275]]]},"properties":{"TRACTCE":"002900","GEOID":"72127002900","NAME":"29","NAMELSAD":"Census Tract 29","COUNTYFP":"127"}},
{"type":"Feature","geometry":{"type":"Polygon","coordinates":[[[-66.05333,18.44514],[-66.05399,18.44249],[-66.04986,18.44033],[-66.04949,18.44014],[-66.04814,18.44365],[-66.05333,18.44514]]]},"properties":{"TRACTCE":"003100","GEOID":"72127003100","NAME":"31","NAMELSAD":"Census Tract 31","COUNTYFP":"127"}},
{"type":"Feature","geometry":{"type":"Polygon","coordinates":[[[-66.05906,18.43331],[-66.05813,18.42747],[-66.05269,18.4272],[-66.05288,18.43263],[-66.05316,18.43257],[-66.05448,18.43078],[-66.0556,18.4312],[-66.05655,18.4336],[-66.05906,18.43331]]]},"properties":{"TRACTCE":"004400","GEOID":"72127004400","NAME":"44","NAMELSAD":"Census Tract 44","COUNTYFP":"127"}},
{"type":"Feature","geometry":{"type":"Polygon","coordinates":[[[-66.04735,18.42926],[-66.04877,18.42703],[-66.0464,18.42484],[-66.04433,18.42251],[-66.04222,18.42367],[-66.04028,18.42515],[-66.04041,18.42631],[-66.03914,18.42802],[-66.04169,18.42826],[-66.04283,18.4291],[-66.04593,18.42859],[-66.04735,18.42926]]]},"properties":{"TRACTCE":"004600","GEOID":"72127004600","NAME":"46","NAMELSAD":"Census Tract 46","COUNTYFP":"127"}},
{"type":"Feature","geometry":{"type":"Polygon","coordinates":[[[-66.03914,18.42802],[-66.04041,18.42631],[-66.04028,18.42515],[-66.04222,18.42367],[-66.03988,18.42023],[-66.03839,18.4213],[-66.03712,18.41993],[-66.03639,18.41575],[-66.03363,18.41424],[-66.03219,18.41796],[-66.03087,18.41768],[-66.02993,18.41748],[-66.02577,18.42129],[-66.02381,18.42308],[-66.02973,18.4278],[-66.03914,18.42802]]]},"properties":{"TRACTCE":"004700","GEOID":"72127004700","NAME":"47","NAMELSAD":"Census Tract 47","COUNTYFP":"127"}},
{"type":"Feature","geometry":{"type":"Polygon","coordinates":[[[-66.09514,18.02205],[-66.0972,18.02157],[-66.09854,18.01807],[-66.09792,18.0157],[-66.09866,18.0144],[-66.09822,18.01239],[-66.0968,18.01086],[-66.09494,18.01174],[-66.09486,18.00881],[-66.102,18.00301],[-66.10411,18.00306],[-66.10456,17.99886],[-66.11257,18.00022],[-66.11238,17.99748],[-66.1138,17.99188],[-66.11322,17.99261],[-66.11151,17.9921],[-66.09846,17.97884],[-66.09435,17.97809],[-66.08645,17.98033],[-66.08751,17.97345],[-66.08943,17.9736],[-66.09078,17.96882],[-66.09592,17.96969],[-66.09796,17.96861],[-66.09887,17.96951],[-66.09951,17.96008],[-66.09783,17.95787],[-66.09755,17.95504],[-66.08855,17.96027],[-66.08042,17.96358],[-66.07803,17.96378],[-66.07309,17.96226],[-66.0697,17.96369],[-66.0709,17.97093],[-66.06976,17.9741],[-66.07238,17.97834],[-66.07163,17.99093],[-66.07161,17.99373],[-66.07247,17.99511],[-66.07334,17.99606],[-66.07528,17.99619],[-66.07632,18.00049],[-66.0772,18.00013],[-66.07977,18.0018],[-66.08127,18.00446],[-66.08203,18.01027],[-66.08385,18.01292],[-66.0857,18.01293],[-66.0912,18.01758],[-66.09167,18.02113],[-66.09514,18.02205]]]},"properties":{"TRACTCE":"270300","GEOID":"72057270300","NAME":"2703","NAMELSAD":"Census Tract 2703","COUNTYFP":"057"}},
{"type":"Feature","geometry":{"type":"Polygon","coordinates":[[[-66.14051,18.03768],[-66.14512,18.03712],[-66.14574,18.03598],[-66.14987,18.03505],[-66.15247,18.03306],[-66.15384,18.02961],[-66.15674,18.02839],[-66.15155,18.02048],[-66.14892,18.0181],[-66.14698,18.01746],[-66.14399,18.01366],[-66.14277,18.00715],[-66.14329,18.00409],[-66.14206,17.99928],[-66.13784,17.99573],[-66.13734,17.99283],[-66.13045,17.98393],[-66.12461,17.98166],[-66.1212,17.9833],[-66.11888,17.98697],[-66.11732,17.98887],[-66.11472,17.98986],[-66.1138,17.99188],[-66.11238,17.99748],[-66.11257,18.00022],[-66.10456,17.99886],[-66.10411,18.00306],[-66.102,18.00301],[-66.09486,18.00881],[-66.09494,18.01174],[-66.0968,18.01086],[-66.09822,18.01239],[-66.09866,18.0144],[-66.09792,18.0157],[-66.09854,18.01807],[-66.0972,18.02157],[-66.09514,18.02205],[-66.09115,18.0248],[-66.08936,18.02455],[-66.08826,18.02626],[-66.08448,18.02831],[-66.08223,18.03093],[-66.08226,18.03296],[-66.08301,18.03434],[-66.08568,18.03587],[-66.08615,18.03731],[-66.08516,18.03992],[-66.08739,18.04326],[-66.08554,18.04835],[-66.0876,18.05042],[-66.0894,18.05626],[-66.08782,18.06124],[-66.08527,18.06339],[-66.08427,18.06277],[-66.08161,18.06331],[-66.07949,18.06621],[-66.07927,18.06834],[-66.08,18.06905],[-66.07915,18.07061],[-66.08105,18.07306],[-66.08088,18.07435],[-66.07509,18.07552],[-66.07017,18.07971],[-66.06817,18.07883],[-66.06255,18.08806],[-66.06009,18.0904],[-66.06051,18.09875],[-66.06141,18.09978],[-66.05801,18.10429],[-66.05512,18.10543],[-66.05315,18.10729],[-66.06017,18.10374],[-66.06427,18.10266],[-66.06713,18.10297],[-66.06874,18.1018],[-66.07276,18.10289],[-66.07305,18.1047],[-66.07445,18.10581],[-66.0786,18.10307],[-66.08622,18.10541],[-66.08817,18.10759],[-66.09393,18.10717],[-66.09637,18.10437],[-66.09728,18.1046],[-66.09636,18.10503],[-66.09801,18.10696],[-66.09909,18.10545],[-66.10061,18.10596],[-66.10139,18.1047],[-66.10247,18.10515],[-66.10271,18.10279],[-66.10519,18.10122],[-66.10578,18.0991],[-66.10898,18.10019],[-66.10902,18.09893],[-66.11246,18.09293],[-66.11271,18.09016],[-66.11631,18.0922],[-66.12213,18.09378],[-66.12619,18.09714],[-66.12805,18.09422],[-66.12803,18.09264],[-66.12903,18.08864],[-66.12611,18.08249],[-66.12461,18.08269],[-66.12371,18.08111],[-66.12404,18.07808],[-66.12484,18.07731],[-66.12602,18.0778],[-66.12611,18.07634],[-66.12508,18.07436],[-66.12344,18.07437],[-66.12136,18.07282],[-66.12224,18.07092],[-66.12071,18.07017],[-66.12178,18.06772],[-66.12111,18.06354],[-66.12029,18.06385],[-66.11981,18.06275],[-66.1207,18.06173],[-66.12202,18.06192],[-66.12179,18.0609],[-66.12322,18.05993],[-66.12295,18.05694],[-66.12373,18.05446],[-66.12776,18.04843],[-66.12797,18.04576],[-66.12959,18.04313],[-66.12856,18.03917],[-66.13368,18.03857],[-66.13519,18.03734],[-66.13777,18.03778],[-66.13899,18.03692],[-66.14051,18.03768]]]},"properties":{"TRACTCE":"270100","GEOID":"72057270100","NAME":"2701","NAMELSAD":"Census Tract 2701","COUNTYFP":"057"}},
{"type":"Feature","geometry":{"type":"Polygon","coordinates":[[[-66.09755,17.95504],[-66.11173,17.94731],[-66.12881,17.94425],[-66.13629,17.93968],[-66.13998,17.93928],[-66.14365,17.93499],[-66.15586,17.92686],[-66.16047,17.92613],[-66.16315,17.92978],[-66.17039,17.93173],[-66.17488,17.93457],[-66.17934,17.93354],[-66.18314,17.93393],[-66.19308,17.93684],[-66.19393,17.9364],[-66.19632,17.92965],[-66.19965,17.92648],[-66.20877,17.92074],[-66.21045,17.91878],[-66.21798,17.91458],[-66.21533,17.91132],[-66.18734,17.87704],[-66.17971,17.88257],[-66.1753,17.88094],[-66.16717,17.87951],[-66.1485,17.87793],[-66.12574,17.87847],[-66.11414,17.88263],[-66.10369,17.88923],[-66.07672,17.91067],[-66.0645,17.90483],[-66.06965,17.96311],[-66.0697,17.96369],[-66.07309,17.96226],[-66.07803,17.96378],[-66.08042,17.96358],[-66.08855,17.96027],[-66.09755,17.95504]]]},"properties":{"TRACTCE":"992600","GEOID":"72057992600","NAME":"9926","NAMELSAD":"Census Tract 9926","COUNTYFP":"057"}},
{"type":"Feature","geometry":{"type":"Polygon","coordinates":[[[-66.1138,17.99188],[-66.11472,17.98986],[-66.11732,17.98887],[-66.11888,17.98697],[-66.11793,17.98619],[-66.11732,17.98357],[-66.11789,17.98305],[-66.10818,17.98357],[-66.1068,17.9844],[-66.10711,17.98539],[-66.10826,17.98561],[-66.10829,17.98662],[-66.11202,17.98669],[-66.11196,17.98957],[-66.11389,17.99008],[-66.1138,17.99188]]]},"properties":{"TRACTCE":"270400","GEOID":"72057270400","NAME":"2704","NAMELSAD":"Census Tract 2704","COUNTYFP":"057"}},
{"type":"Feature","geometry":{"type":"Polygon","coordinates":[[[-66.17862,17.96594],[-66.17961,17.9536],[-66.1744,17.95414],[-66.17483,17.94905],[-66.17231,17.93978],[-66.16367,17.94118],[-66.15987,17.95629],[-66.16532,17.9554],[-66.16433,17.95705],[-66.16085,17.95825],[-66.16001,17.96059],[-66.15592,17.96453],[-66.15514,17.96645],[-66.15574,17.97045],[-66.15482,17.97396],[-66.16583,17.97629],[-66.16604,17.97252],[-66.16861,17.97272],[-66.16867,17.9684],[-66.17826,17.96878],[-66.17862,17.96594]]]},"properties":{"TRACTCE":"270700","GEOID":"72057270700","NAME":"2707","NAMELSAD":"Census Tract 2707","COUNTYFP":"057"}},
{"type":"Feature","geometry":{"type":"Polygon","coordinates":[[[-66.12759,18.17409],[-66.12841,18.17375],[-66.1287,18.17016],[-66.13166,18.1655],[-66.13481,18.15401],[-66.13284,18.14897],[-66.13387,18.14558],[-66.13112,18.14327],[-66.13127,18.14142],[-66.12962,18.14091],[-66.1296,18.13858],[-66.12753,18.13972],[-66.1244,18.13977],[-66.12323,18.14083],[-66.12149,18.14058],[-66.12091,18.13875],[-66.12,18.13899],[-66.11905,18.13793],[-66.11743,18.139],[-66.11798,18.14],[-66.11666,18.13939],[-66.11419,18.13978],[-66.11339,18.14228],[-66.11226,18.14129],[-66.11009,18.14211],[-66.11033,18.14286],[-66.11155,18.14238],[-66.11098,18.14417],[-66.10951,18.14464],[-66.11031,18.14673],[-66.10499,18.15063],[-66.10403,18.1499],[-66.10337,18.15093],[-66.10173,18.15126],[-66.10208,18.15278],[-66.0996,18.15304],[-66.10011,18.15351],[-66.09856,18.15595],[-66.09787,18.15563],[-66.09813,18.15856],[-66.09635,18.15943],[-66.09671,18.16132],[-66.09452,18.16472],[-66.0951,18.16908],[-66.09681,18.1682],[-66.10063,18.16982],[-66.10242,18.16943],[-66.1051,18.17154],[-66.1069,18.17062],[-66.11405,18.17109],[-66.11798,18.16999],[-66.12141,18.17107],[-66.12468,18.17368],[-66.12759,18.17409]]]},"properties":{"TRACTCE":"240402","GEOID":"72041240402","NAME":"2404.02","NAMELSAD":"Census Tract 2404.02","COUNTYFP":"041"}},
{"type":"Feature","geometry":{"type":"Polygon","coordinates":[[[-66.18852,18.36469],[-66.19041,18.35939],[-66.18957,18.35505],[-66.1876,18.35384],[-66.18295,18.3553],[-66.18413,18.34898],[-66.18063,18.3487],[-66.18002,18.34939],[-66.17764,18.3517],[-66.1776,18.35365],[-66.17811,18.35717],[-66.17703,18.36044],[-66.17554,18.36342],[-66.17339,18.36337],[-66.17346,18.36502],[-66.17239,18.36562],[-66.17563,18.36517],[-66.18569,18.36387],[-66.18852,18.36469]]]},"properties":{"TRACTCE":"031306","GEOID":"72021031306","NAME":"313.06","NAMELSAD":"Census Tract 313.06","COUNTYFP":"021"}},
{"type":"Feature","geometry":{"type":"Polygon","coordinates":[[[-65.9163,18.37695],[-65.91667,18.37345],[-65.91771,18.37381],[-65.91931,18.3726],[-65.91706,18.36991],[-65.9171,18.36776],[-65.9121,18.36953],[-65.91011,18.36874],[-65.90859,18.37357],[-65.91085,18.37621],[-65.9163,18.37695]]]},"properties":{"TRACTCE":"100502","GEOID":"72029100502","NAME":"1005.02","NAMELSAD":"Census Tract 1005.02","COUNTYFP":"029"}},
{"type":"Feature","geometry":{"type":"Polygon","coordinates":[[[-65.8913,18.41157],[-65.88837,18.39821],[-65.89071,18.39628],[-65.89091,18.3945],[-65.88791,18.39423],[-65.87912,18.39267],[-65.87906,18.38906],[-65.88337,18.38649],[-65.88284,18.38519],[-65.88619,18.38387],[-65.88506,18.37923],[-65.88096,18.37894],[-65.8765,18.37868],[-65.87602,18.38821],[-65.87375,18.39066],[-65.87258,18.40059],[-65.87151,18.40055],[-65.87167,18.40494],[-65.86988,18.40568],[-65.86995,18.40892],[-65.8913,18.41157]]]},"properties":{"TRACTCE":"100101","GEOID":"72029100101","NAME":"1001.01","NAMELSAD":"Census Tract 1001.01","COUNTYFP":"029"}},
{"type":"Feature","geometry":{"type":"Polygon","coordinates":[[[-66.16117,18.36954],[-66.15875,18.36721],[-66.15943,18.36676],[-66.15878,18.36169],[-66.155,18.3621],[-66.15016,18.36357],[-66.15068,18.36475],[-66.14966,18.36795],[-66.15307,18.37151],[-66.15478,18.37064],[-66.1568,18.37292],[-66.15753,18.37374],[-66.16117,18.36954]]]},"properties":{"TRACTCE":"031612","GEOID":"72021031612","NAME":"316.12","NAMELSAD":"Census Tract 316.12","COUNTYFP":"021"}},
{"type":"Feature","geometry":{"type":"Polygon","coordinates":[[[-66.14309,18.38328],[-66.14904,18.38155],[-66.15202,18.38223],[-66.15198,18.37972],[-66.15328,18.37829],[-66.15043,18.37636],[-66.14672,18.37213],[-66.14605,18.37522],[-66.14672,18.37653],[-66.14382,18.37707],[-66.14309,18.38328]]]},"properties":{"TRACTCE":"031611","GEOID":"72021031611","NAME":"316.11","NAMELSAD":"Census Tract 316.11","COUNTYFP":"021"}},
{"type":"Feature","geometry":{"type":"Polygon","coordinates":[[[-66.21219,18.37282],[-66.21226,18.36924],[-66.20967,18.36725],[-66.20838,18.36377],[-66.20752,18.36006],[-66.20501,18.36181],[-66.20702,18.36232],[-66.20736,18.36565],[-66.20655,18.36691],[-66.2053,18.36703],[-66.2046,18.3681],[-66.20058,18.36628],[-66.19812,18.36635],[-66.19957,18.36962],[-66.19777,18.37673],[-66.20482,18.37527],[-66.20639,18.37577],[-66.20665,18.37488],[-66.20852,18.373],[-66.21219,18.37282]]]},"properties":{"TRACTCE":"510504","GEOID":"72135510504","NAME":"5105.04","NAMELSAD":"Census Tract 5105.04","COUNTYFP":"135"}},
{"type":"Feature","geometry":{"type":"Polygon","coordinates":[[[-66.26284,18.42892],[-66.26438,18.4271],[-66.26321,18.42489],[-66.26244,18.42444],[-66.26013,18.42584],[-66.25954,18.4248],[-66.26023,18.42277],[-66.26205,18.42337],[-66.26328,18.42132],[-66.26433,18.42102],[-66.26365,18.41676],[-66.26186,18.41454],[-66.26064,18.41704],[-66.25778,18.41638],[-66.25611,18.41395],[-66.25602,18.4118],[-66.25957,18.41087],[-66.2602,18.40955],[-66.25003,18.41096],[-66.25063,18.41356],[-66.24931,18.41571],[-66.2468,18.41677],[-66.2461,18.41821],[-66.24728,18.42118],[-66.24336,18.42669],[-66.23992,18.42885],[-66.23641,18.4267],[-66.23311,18.42641],[-66.23073,18.42821],[-66.2301,18.4313],[-66.22768,18.43159],[-66.22894,18.43561],[-66.22861,18.43906],[-66.23153,18.44055],[-66.23393,18.43997],[-66.23617,18.44125],[-66.23746,18.4409],[-66.23901,18.44272],[-66.23847,18.44606],[-66.25128,18.44475],[-66.25181,18.45162],[-66.25376,18.45421],[-66.25676,18.45354],[-66.258,18.45514],[-66.25892,18.44824],[-66.25723,18.44646],[-66.25918,18.44257],[-66.25544,18.44059],[-66.25507,18.43948],[-66.25745,18.43786],[-66.25821,18.43604],[-66.25759,18.43115],[-66.25991,18.4302],[-66.26121,18.43093],[-66.26284,18.42892]]]},"properties":{"TRACTCE":"122400","GEOID":"72137122400","NAME":"1224","NAMELSAD":"Census Tract 1224","COUNTYFP":"137"}},
{"type":"Feature","geometry":{"type":"Polygon","coordinates":[[[-66.17446,18.45224],[-66.1783,18.44763],[-66.17576,18.44587],[-66.16587,18.4455],[-66.16626,18.45058],[-66.16286,18.4509],[-66.16231,18.44766],[-66.16102,18.44933],[-66.15915,18.45007],[-66.16069,18.44659],[-66.15954,18.44566],[-66.15713,18.4473],[-66.15476,18.44568],[-66.15359,18.44595],[-66.15111,18.44983],[-66.14852,18.45122],[-66.14715,18.45391],[-66.14708,18.45412],[-66.14316,18.46108],[-66.13821,18.4628],[-66.1351,18.4638],[-66.13246,18.47022],[-66.13214,18.47644],[-66.13719,18.48239],[-66.14078,18.48364],[-66.14288,18.4832],[-66.14614,18.48008],[-66.14727,18.47722],[-66.14713,18.47457],[-66.1435,18.46951],[-66.14307,18.46633],[-66.15118,18.45776],[-66.15474,18.45574],[-66.15385,18.45391],[-66.16022,18.45233],[-66.16044,18.4517],[-66.16207,18.45207],[-66.16291,18.45114],[-66.1633,18.45183],[-66.16491,18.45102],[-66.17005,18.4511],[-66.17446,18.45224]]]},"properties":{"TRACTCE":"120200","GEOID":"72137120200","NAME":"1202","NAMELSAD":"Census Tract 1202","COUNTYFP":"137"}},
{"type":"Feature","geometry":{"type":"Polygon","coordinates":[[[-66.18041,18.45909],[-66.18518,18.45266],[-66.18314,18.45107],[-66.1783,18.44763],[-66.17446,18.45224],[-66.17357,18.45384],[-66.17617,18.45511],[-66.18041,18.45909]]]},"properties":{"TRACTCE":"120300","GEOID":"72137120300","NAME":"1203","NAMELSAD":"Census Tract 1203","COUNTYFP":"137"}},
{"type":"Feature","geometry":{"type":"Polygon","coordinates":[[[-66.23383,18.41768],[-66.2291,18.41369],[-66.22133,18.4117],[-66.21183,18.41359],[-66.19603,18.41952],[-66.19697,18.42221],[-66.19857,18.42197],[-66.20079,18.42381],[-66.20224,18.42277],[-66.20278,18.42404],[-66.21776,18.42494],[-66.21673,18.42281],[-66.22816,18.42298],[-66.23202,18.4222],[-66.23099,18.41896],[-66.23383,18.41768]]]},"properties":{"TRACTCE":"121801","GEOID":"72137121801","NAME":"1218.01","NAMELSAD":"Census Tract 1218.01","COUNTYFP":"137"}},
{"type":"Feature","geometry":{"type":"Polygon","coordinates":[[[-66.61278,18.00544],[-66.61311,18.00354],[-66.60738,18.00292],[-66.60651,18.00769],[-66.60757,18.01254],[-66.60855,18.01178],[-66.60859,18.01043],[-66.61142,18.01049],[-66.61278,18.00544]]]},"properties":{"TRACTCE":"071800","GEOID":"72113071800","NAME":"718","NAMELSAD":"Census Tract 718","COUNTYFP":"113"}},
{"type":"Feature","geometry":{"type":"Polygon","coordinates":[[[-66.61311,18.00354],[-66.61444,17.99599],[-66.61399,17.996],[-66.60494,17.99622],[-66.60146,17.99717],[-66.60218,18.00041],[-66.60408,18.00335],[-66.60295,18.00801],[-66.60099,18.00735],[-66.60077,18.01235],[-66.60757,18.01254],[-66.60651,18.00769],[-66.60738,18.00292],[-66.61311,18.00354]]]},"properties":{"TRACTCE":"071900","GEOID":"72113071900","NAME":"719","NAMELSAD":"Census Tract 719","COUNTYFP":"113"}},
{"type":"Feature","geometry":{"type":"Polygon","coordinates":[[[-66.04075,18.37216],[-66.0431,18.37445],[-66.0437,18.37334],[-66.04209,18.37159],[-66.04245,18.37047],[-66.04308,18.3699],[-66.0439,18.37044],[-66.04843,18.36628],[-66.04894,18.36357],[-66.04556,18.3648],[-66.04332,18.36471],[-66.04396,18.36156],[-66.0414,18.35881],[-66.04136,18.35664],[-66.03473,18.35871],[-66.034,18.36189],[-66.03556,18.36846],[-66.03535,18.36968],[-66.03977,18.37159],[-66.04075,18.37216]]]},"properties":{"TRACTCE":"010012","GEOID":"72127010012","NAME":"100.12","NAMELSAD":"Census Tract 100.12","COUNTYFP":"127"}},
{"type":"Feature","geometry":{"type":"Polygon","coordinates":[[[-66.01353,18.44181],[-66.02228,18.43828],[-66.0188,18.43327],[-66.01476,18.43215],[-65.99873,18.43149],[-65.99088,18.42931],[-65.98928,18.42776],[-65.98342,18.43486],[-65.98125,18.43907],[-65.98079,18.44226],[-65.98443,18.44282],[-65.98547,18.44384],[-65.98504,18.45059],[-65.98632,18.45438],[-65.98936,18.45586],[-65.99056,18.45747],[-65.99279,18.45803],[-65.99395,18.45557],[-65.99421,18.45072],[-65.99565,18.44852],[-66.00944,18.44266],[-66.01353,18.44181]]]},"properties":{"TRACTCE":"980003","GEOID":"72031980003","NAME":"9800.03","NAMELSAD":"Census Tract 9800.03","COUNTYFP":"031"}},
{"type":"Feature","geometry":{"type":"Polygon","coordinates":[[[-66.20245,18.32503],[-66.20401,18.31591],[-66.19815,18.31734],[-66.19425,18.31642],[-66.19044,18.31681],[-66.18858,18.31634],[-66.18663,18.31325],[-66.18504,18.31251],[-66.17933,18.31223],[-66.17823,18.31479],[-66.17984,18.31859],[-66.17724,18.32234],[-66.17812,18.32624],[-66.17405,18.3307],[-66.17774,18.33199],[-66.18114,18.33114],[-66.18239,18.33191],[-66.18342,18.33131],[-66.1838,18.33197],[-66.18757,18.33164],[-66.18919,18.33241],[-66.1894,18.32986],[-66.19142,18.32921],[-66.1917,18.32972],[-66.19378,18.32676],[-66.19569,18.32628],[-66.19636,18.32699],[-66.19647,18.32613],[-66.19857,18.32524],[-66.19764,18.32513],[-66.19787,18.32453],[-66.20094,18.32562],[-66.20245,18.32503]]]},"properties":{"TRACTCE":"032302","GEOID":"72021032302","NAME":"323.02","NAMELSAD":"Census Tract 323.02","COUNTYFP":"021"}},
{"type":"Feature","geometry":{"type":"Polygon","coordinates":[[[-66.16361,18.11421],[-66.16367,18.11342],[-66.15888,18.10701],[-66.15485,18.10944],[-66.15802,18.11513],[-66.15995,18.11641],[-66.16361,18.11421]]]},"properties":{"TRACTCE":"260700","GEOID":"72035260700","NAME":"2607","NAMELSAD":"Census Tract 2607","COUNTYFP":"035"}},
{"type":"Feature","geometry":{"type":"Polygon","coordinates":[[[-67.10366,18.51715],[-67.10363,18.51672],[-67.10293,18.51299],[-67.0975,18.51217],[-67.09585,18.51032],[-67.0961,18.50651],[-67.09185,18.50355],[-67.08932,18.50332],[-67.08738,18.49951],[-67.08532,18.49902],[-67.08494,18.49751],[-67.08269,18.49626],[-67.08252,18.48928],[-67.07926,18.48797],[-67.07638,18.48899],[-67.07401,18.48864],[-67.07358,18.48789],[-67.07144,18.49552],[-67.07177,18.49989],[-67.0708,18.50029],[-67.03766,18.50037],[-67.03754,18.50782],[-67.04045,18.50879],[-67.05149,18.50931],[-67.05157,18.51127],[-67.05302,18.51231],[-67.05291,18.51707],[-67.06606,18.51704],[-67.06806,18.51586],[-67.07206,18.51737],[-67.08176,18.51731],[-67.08581,18.51843],[-67.09228,18.51871],[-67.10366,18.51715]]]},"properties":{"TRACTCE":"410401","GEOID":"72071410401","NAME":"4104.01","NAMELSAD":"Census Tract 4104.01","COUNTYFP":"071"}},
{"type":"Feature","geometry":{"type":"Polygon","coordinates":[[[-67.02734,18.49522],[-67.03212,18.46809],[-67.02423,18.47021],[-67.01634,18.47274],[-67.00708,18.47205],[-67.00621,18.49215],[-67.01916,18.49908],[-67.02217,18.50046],[-67.02272,18.49903],[-67.02522,18.49975],[-67.02734,18.49522]]]},"properties":{"TRACTCE":"410500","GEOID":"72071410500","NAME":"4105","NAMELSAD":"Census Tract 4105","COUNTYFP":"071"}},
{"type":"Feature","geometry":{"type":"Polygon","coordinates":[[[-67.02359,18.51184],[-67.02353,18.50772],[-67.02025,18.51016],[-67.01755,18.51021],[-67.01601,18.50936],[-67.01559,18.5077],[-67.0093,18.50566],[-67.00865,18.50501],[-67.00928,18.50345],[-67.0088,18.50278],[-67.00627,18.50313],[-67.00569,18.50047],[-67.00212,18.49961],[-67.00399,18.49439],[-67.00532,18.49412],[-67.00536,18.49171],[-67.00621,18.49215],[-67.00708,18.47205],[-67.00512,18.46007],[-66.99249,18.45939],[-66.98194,18.4599],[-66.97984,18.46064],[-66.97684,18.45887],[-66.97501,18.46064],[-66.97464,18.46442],[-66.97367,18.46559],[-66.97197,18.46032],[-66.96361,18.45832],[-66.96296,18.46124],[-66.95907,18.46551],[-66.96105,18.46707],[-66.96005,18.47048],[-66.96329,18.47197],[-66.96346,18.47302],[-66.96261,18.47344],[-66.96093,18.47229],[-66.95947,18.47334],[-66.95562,18.47671],[-66.95267,18.47672],[-66.95302,18.47957],[-66.95051,18.48305],[-66.95404,18.48325],[-66.95586,18.48456],[-66.95773,18.48718],[-66.95675,18.49219],[-66.95669,18.49244],[-66.96992,18.49568],[-66.97692,18.49501],[-66.98174,18.49685],[-66.98843,18.50137],[-67.00073,18.50583],[-67.01255,18.51207],[-67.02043,18.51369],[-67.02359,18.51184]]]},"properties":{"TRACTCE":"410100","GEOID":"72071410100","NAME":"4101","NAMELSAD":"Census Tract 4101","COUNTYFP":"071"}},
{"type":"Feature","geometry":{"type":"Polygon","coordinates":[[[-66.99865,18.44327],[-66.99639,18.43974],[-66.99546,18.43539],[-66.99774,18.43293],[-66.99651,18.43097],[-66.99775,18.429],[-66.99682,18.42038],[-66.9992,18.41675],[-66.99849,18.4147],[-66.99935,18.41133],[-66.99923,18.40499],[-67.00155,18.40468],[-67.00374,18.40016],[-67.00522,18.39966],[-67.00609,18.39821],[-67.00605,18.39423],[-67.00212,18.39306],[-66.99999,18.39059],[-66.99765,18.39113],[-66.99695,18.38933],[-66.99602,18.38883],[-66.99451,18.38962],[-66.99366,18.3887],[-66.98935,18.38815],[-66.98429,18.38511],[-66.98109,18.38505],[-66.9794,18.38634],[-66.97288,18.38628],[-66.96167,18.38399],[-66.95976,18.3823],[-66.95711,18.38204],[-66.95413,18.37993],[-66.95087,18.37964],[-66.94918,18.3772],[-66.94559,18.37523],[-66.93659,18.37699],[-66.93701,18.38462],[-66.93536,18.3855],[-66.93502,18.38832],[-66.93332,18.38793],[-66.93333,18.38936],[-66.93204,18.38955],[-66.92961,18.39229],[-66.92202,18.3932],[-66.92188,18.39655],[-66.9232,18.3984],[-66.92584,18.39784],[-66.93103,18.39854],[-66.93505,18.40074],[-66.9426,18.39945],[-66.94721,18.40148],[-66.94813,18.40302],[-66.94771,18.40588],[-66.94608,18.40696],[-66.94588,18.40851],[-66.94423,18.40981],[-66.9396,18.41085],[-66.93659,18.41489],[-66.93487,18.41554],[-66.93354,18.41878],[-66.93539,18.41832],[-66.93875,18.41919],[-66.94316,18.42345],[-66.94404,18.43019],[-66.94773,18.43771],[-66.95203,18.43731],[-66.95596,18.43992],[-66.95827,18.44045],[-66.9592,18.44199],[-66.95882,18.44525],[-66.95956,18.44675],[-66.96153,18.44666],[-66.96377,18.45026],[-66.96689,18.45002],[-66.96853,18.45484],[-66.96692,18.45567],[-66.96355,18.45542],[-66.96361,18.45832],[-66.97197,18.46032],[-66.97367,18.46559],[-66.97464,18.46442],[-66.97501,18.46064],[-66.97684,18.45887],[-66.97984,18.46064],[-66.98194,18.4599],[-66.99249,18.45939],[-67.00512,18.46007],[-67.00397,18.45682],[-67.00129,18.45408],[-66.9988,18.44734],[-66.99865,18.44327]]]},"properties":{"TRACTCE":"410600","GEOID":"72071410600","NAME":"4106","NAMELSAD":"Census Tract 4106","COUNTYFP":"071"}},
{"type":"Feature","geometry":{"type":"Polygon","coordinates":[[[-66.02435,18.36812],[-66.0225,18.36343],[-66.01815,18.36598],[-66.01856,18.36763],[-66.01932,18.3669],[-66.02108,18.36891],[-66.02435,18.36812]]]},"properties":{"TRACTCE":"060226","GEOID":"72139060226","NAME":"602.26","NAMELSAD":"Census Tract 602.26","COUNTYFP":"139"}},
{"type":"Feature","geometry":{"type":"Polygon","coordinates":[[[-66.02522,18.37011],[-66.02435,18.36812],[-66.02108,18.36891],[-66.01932,18.3669],[-66.01856,18.36763],[-66.01815,18.36598],[-66.01571,18.36315],[-66.01433,18.36425],[-66.01374,18.36255],[-66.01202,18.36296],[-66.01182,18.36123],[-66.01043,18.36043],[-66.00533,18.3598],[-66.00375,18.35848],[-66.00346,18.35855],[-66.00488,18.36208],[-66.01522,18.37018],[-66.01824,18.37197],[-66.02257,18.37023],[-66.02522,18.37011]]]},"properties":{"TRACTCE":"060225","GEOID":"72139060225","NAME":"602.25","NAMELSAD":"Census Tract 602.25","COUNTYFP":"139"}},
{"type":"Feature","geometry":{"type":"Polygon","coordinates":[[[-66.01815,18.36598],[-66.0225,18.36343],[-66.02077,18.36019],[-66.01317,18.35694],[-66.00718,18.35846],[-66.00375,18.35848],[-66.00533,18.3598],[-66.01043,18.36043],[-66.01182,18.36123],[-66.01202,18.36296],[-66.01374,18.36255],[-66.01433,18.36425],[-66.01571,18.36315],[-66.01815,18.36598]]]},"properties":{"TRACTCE":"060224","GEOID":"72139060224","NAME":"602.24","NAMELSAD":"Census Tract 602.24","COUNTYFP":"139"}},
{"type":"Feature","geometry":{"type":"Polygon","coordinates":[[[-66.01707,18.41864],[-66.0121,18.41719],[-66.00799,18.41344],[-66.00499,18.41668],[-65.99404,18.42082],[-65.98834,18.42213],[-65.98123,18.42364],[-65.98202,18.42683],[-65.97862,18.4272],[-65.9794,18.43095],[-65.97742,18.43237],[-65.97588,18.43202],[-65.97544,18.43309],[-65.97616,18.43844],[-65.97894,18.43816],[-65.97835,18.4411],[-65.97756,18.44184],[-65.97659,18.44141],[-65.97673,18.44233],[-65.98079,18.44226],[-65.98125,18.43907],[-65.98342,18.43486],[-65.98928,18.42776],[-66.01037,18.4238],[-66.01367,18.42247],[-66.01707,18.41864]]]},"properties":{"TRACTCE":"050221","GEOID":"72031050221","NAME":"502.21","NAMELSAD":"Census Tract 502.21","COUNTYFP":"031"}},
{"type":"Feature","geometry":{"type":"Polygon","coordinates":[[[-65.97795,18.41898],[-65.98648,18.4165],[-65.98445,18.41038],[-65.98326,18.40674],[-65.97768,18.40646],[-65.97315,18.4063],[-65.97348,18.4104],[-65.97236,18.41055],[-65.97225,18.41341],[-65.97783,18.41359],[-65.97795,18.41898]]]},"properties":{"TRACTCE":"050222","GEOID":"72031050222","NAME":"502.22","NAMELSAD":"Census Tract 502.22","COUNTYFP":"031"}},
{"type":"Feature","geometry":{"type":"Polygon","coordinates":[[[-65.98326,18.40674],[-65.97801,18.39364],[-65.97797,18.39165],[-65.97407,18.38883],[-65.97006,18.39152],[-65.96824,18.39551],[-65.967,18.39808],[-65.96842,18.39893],[-65.97217,18.39897],[-65.97215,18.39958],[-65.97388,18.3996],[-65.97392,18.39856],[-65.97443,18.39939],[-65.97795,18.39896],[-65.97768,18.40646],[-65.98326,18.40674]]]},"properties":{"TRACTCE":"050232","GEOID":"72031050232","NAME":"502.32","NAMELSAD":"Census Tract 502.32","COUNTYFP":"031"}},
{"type":"Feature","geometry":{"type":"Polygon","coordinates":[[[-65.97862,18.4272],[-65.97795,18.41898],[-65.9668,18.41828],[-65.96755,18.42533],[-65.97589,18.4274],[-65.97862,18.4272]]]},"properties":{"TRACTCE":"050241","GEOID":"72031050241","NAME":"502.41","NAMELSAD":"Census Tract 502.41","COUNTYFP":"031"}},
{"type":"Feature","geometry":{"type":"Polygon","coordinates":[[[-65.97768,18.40646],[-65.97795,18.39896],[-65.97443,18.39939],[-65.97392,18.39856],[-65.97388,18.3996],[-65.97215,18.39958],[-65.97217,18.39897],[-65.96842,18.39893],[-65.967,18.39808],[-65.96603,18.40085],[-65.96715,18.4061],[-65.97315,18.4063],[-65.97768,18.40646]]]},"properties":{"TRACTCE":"050242","GEOID":"72031050242","NAME":"502.42","NAMELSAD":"Census Tract 502.42","COUNTYFP":"031"}},
{"type":"Feature","geometry":{"type":"Polygon","coordinates":[[[-65.98326,18.40674],[-65.985,18.4068],[-65.98428,18.40494],[-65.98858,18.40401],[-65.98859,18.40238],[-65.99182,18.40158],[-65.99143,18.39863],[-65.98524,18.39688],[-65.97797,18.39165],[-65.97801,18.39364],[-65.98326,18.40674]]]},"properties":{"TRACTCE":"050302","GEOID":"72031050302","NAME":"503.02","NAMELSAD":"Census Tract 503.02","COUNTYFP":"031"}},
{"type":"Feature","geometry":{"type":"Polygon","coordinates":[[[-65.99404,18.42082],[-66.00499,18.41668],[-66.00799,18.41344],[-66.00735,18.41327],[-66.00382,18.41124],[-65.99996,18.41035],[-65.99982,18.41257],[-65.9976,18.41452],[-65.99446,18.41592],[-65.99418,18.4148],[-65.99268,18.41514],[-65.99404,18.42082]]]},"properties":{"TRACTCE":"050321","GEOID":"72031050321","NAME":"503.21","NAMELSAD":"Census Tract 503.21","COUNTYFP":"031"}},
{"type":"Feature","geometry":{"type":"Polygon","coordinates":[[[-65.99268,18.41514],[-65.99418,18.4148],[-65.99446,18.41592],[-65.9976,18.41452],[-65.99982,18.41257],[-65.99996,18.41035],[-65.99651,18.40877],[-65.99363,18.40769],[-65.99349,18.40873],[-65.9956,18.41164],[-65.99214,18.41289],[-65.99268,18.41514]]]},"properties":{"TRACTCE":"050331","GEOID":"72031050331","NAME":"503.31","NAMELSAD":"Census Tract 503.31","COUNTYFP":"031"}},
{"type":"Feature","geometry":{"type":"Polygon","coordinates":[[[-66.04309,18.39663],[-66.04079,18.39631],[-66.04091,18.39569],[-66.03561,18.39541],[-66.03558,18.39462],[-66.0313,18.39499],[-66.03145,18.39766],[-66.03361,18.3979],[-66.04197,18.39832],[-66.04309,18.39663]]]},"properties":{"TRACTCE":"009111","GEOID":"72127009111","NAME":"91.11","NAMELSAD":"Census Tract 91.11","COUNTYFP":"127"}},
{"type":"Feature","geometry":{"type":"Polygon","coordinates":[[[-66.36075,18.07958],[-66.36199,18.07816],[-66.36159,18.07044],[-66.35895,18.07021],[-66.35904,18.07196],[-66.35799,18.07164],[-66.35752,18.0732],[-66.35531,18.07415],[-66.35413,18.07878],[-66.3527,18.08031],[-66.35414,18.08158],[-66.35472,18.07971],[-66.35583,18.08019],[-66.36075,18.07958]]]},"properties":{"TRACTCE":"954300","GEOID":"72043954300","NAME":"9543","NAMELSAD":"Census Tract 9543","COUNTYFP":"043"}},
{"type":"Feature","geometry":{"type":"Polygon","coordinates":[[[-66.35715,18.08483],[-66.35578,18.08286],[-66.35583,18.08019],[-66.35472,18.07971],[-66.35414,18.08158],[-66.35203,18.08278],[-66.34817,18.08248],[-66.34339,18.07921],[-66.34188,18.0814],[-66.34447,18.08479],[-66.34197,18.08296],[-66.3412,18.08376],[-66.34191,18.08567],[-66.3431,18.08517],[-66.3438,18.087],[-66.34627,18.08615],[-66.34842,18.0872],[-66.35061,18.08482],[-66.3547,18.08242],[-66.35534,18.08384],[-66.35715,18.08483]]]},"properties":{"TRACTCE":"954400","GEOID":"72043954400","NAME":"9544","NAMELSAD":"Census Tract 9544","COUNTYFP":"043"}},
{"type":"Feature","geometry":{"type":"Polygon","coordinates":[[[-66.22072,18.13136],[-66.22067,18.12894],[-66.21905,18.12777],[-66.22036,18.1208],[-66.2217,18.11909],[-66.22496,18.11836],[-66.22681,18.1168],[-66.22492,18.11293],[-66.22458,18.10982],[-66.22646,18.10816],[-66.22434,18.10398],[-66.22706,18.10224],[-66.22476,18.09841],[-66.22449,18.09534],[-66.2184,18.09261],[-66.21534,18.08614],[-66.2158,18.07956],[-66.21167,18.07453],[-66.20456,18.07687],[-66.20182,18.07883],[-66.19988,18.08324],[-66.19711,18.08679],[-66.19757,18.09219],[-66.19523,18.09474],[-66.18884,18.09597],[-66.18893,18.0914],[-66.18709,18.08502],[-66.18502,18.08405],[-66.18126,18.09155],[-66.17678,18.09078],[-66.17702,18.09402],[-66.17848,18.09411],[-66.17874,18.09521],[-66.18028,18.09598],[-66.17869,18.09742],[-66.18152,18.09882],[-66.18085,18.10001],[-66.17405,18.1024],[-66.17375,18.10303],[-66.17475,18.10465],[-66.17785,18.1046],[-66.18158,18.10864],[-66.18182,18.11098],[-66.18009,18.11392],[-66.18112,18.11492],[-66.18059,18.11694],[-66.18231,18.11779],[-66.18153,18.1194],[-66.18306,18.12136],[-66.18128,18.12355],[-66.18351,18.12501],[-66.18513,18.12585],[-66.18681,18.12826],[-66.1865,18.12961],[-66.18976,18.13024],[-66.18954,18.13165],[-66.19136,18.13473],[-66.19577,18.13759],[-66.19718,18.13658],[-66.20084,18.13833],[-66.20142,18.14103],[-66.19943,18.14532],[-66.20134,18.14689],[-66.20291,18.14605],[-66.20401,18.13876],[-66.20529,18.13749],[-66.20839,18.13784],[-66.21218,18.14351],[-66.21408,18.14417],[-66.2169,18.14322],[-66.21764,18.14231],[-66.21684,18.14166],[-66.21699,18.13603],[-66.22072,18.13136]]]},"properties":{"TRACTCE":"260400","GEOID":"72035260400","NAME":"2604","NAMELSAD":"Census Tract 2604","COUNTYFP":"035"}},
{"type":"Feature","geometry":{"type":"Polygon","coordinates":[[[-66.17375,18.10303],[-66.17405,18.1024],[-66.17022,18.10378],[-66.16545,18.10373],[-66.15888,18.10701],[-66.16367,18.11342],[-66.16664,18.11352],[-66.16715,18.10816],[-66.1698,18.10765],[-66.1685,18.10631],[-66.17356,18.10575],[-66.17306,18.10384],[-66.17375,18.10303]]]},"properties":{"TRACTCE":"260600","GEOID":"72035260600","NAME":"2606","NAMELSAD":"Census Tract 2606","COUNTYFP":"035"}},
{"type":"Feature","geometry":{"type":"Polygon","coordinates":[[[-66.16863,18.13349],[-66.17507,18.13375],[-66.17676,18.13581],[-66.17772,18.13922],[-66.18209,18.14463],[-66.18346,18.14374],[-66.18259,18.13931],[-66.18389,18.13805],[-66.1883,18.13705],[-66.19359,18.1411],[-66.19577,18.13759],[-66.19136,18.13473],[-66.18954,18.13165],[-66.18976,18.13024],[-66.1865,18.12961],[-66.18681,18.12826],[-66.18513,18.12585],[-66.18351,18.12501],[-66.18089,18.12363],[-66.17781,18.12003],[-66.172,18.11593],[-66.16855,18.11376],[-66.16664,18.11352],[-66.16367,18.11342],[-66.16361,18.11421],[-66.16523,18.11446],[-66.16633,18.11688],[-66.16509,18.11821],[-66.1667,18.11867],[-66.16705,18.12018],[-66.16684,18.12187],[-66.16596,18.12213],[-66.16666,18.12699],[-66.16893,18.12737],[-66.1675,18.12949],[-66.16833,18.1311],[-66.16976,18.13158],[-66.16837,18.13254],[-66.16863,18.13349]]]},"properties":{"TRACTCE":"260300","GEOID":"72035260300","NAME":"2603","NAMELSAD":"Census Tract 2603","COUNTYFP":"035"}},
{"type":"Feature","geometry":{"type":"Polygon","coordinates":[[[-66.15995,18.11641],[-66.15802,18.11513],[-66.15485,18.10944],[-66.14574,18.11608],[-66.13752,18.12325],[-66.15351,18.1196],[-66.15995,18.11641]]]},"properties":{"TRACTCE":"260800","GEOID":"72035260800","NAME":"2608","NAMELSAD":"Census Tract 2608","COUNTYFP":"035"}},
{"type":"Feature","geometry":{"type":"Polygon","coordinates":[[[-66.16863,18.13349],[-66.16837,18.13254],[-66.16976,18.13158],[-66.16833,18.1311],[-66.1675,18.12949],[-66.16893,18.12737],[-66.16666,18.12699],[-66.16596,18.12213],[-66.16684,18.12187],[-66.16705,18.12018],[-66.1667,18.11867],[-66.16509,18.11821],[-66.16633,18.11688],[-66.16523,18.11446],[-66.16361,18.11421],[-66.15995,18.11641],[-66.15351,18.1196],[-66.13752,18.12325],[-66.13675,18.12408],[-66.1364,18.12539],[-66.13769,18.12878],[-66.1433,18.12843],[-66.14574,18.13024],[-66.14559,18.13095],[-66.14777,18.13125],[-66.14748,18.13344],[-66.14995,18.13636],[-66.15165,18.1343],[-66.15143,18.13242],[-66.15442,18.13279],[-66.16192,18.13966],[-66.16276,18.13958],[-66.16279,18.13838],[-66.16608,18.13702],[-66.16636,18.13418],[-66.16845,18.13349],[-66.16863,18.13349]]]},"properties":{"TRACTCE":"260202","GEOID":"72035260202","NAME":"2602.02","NAMELSAD":"Census Tract 2602.02","COUNTYFP":"035"}},
{"type":"Feature","geometry":{"type":"Polygon","coordinates":[[[-66.1291,18.13251],[-66.12702,18.1277],[-66.12868,18.1268],[-66.131,18.12302],[-66.13193,18.12278],[-66.13179,18.12151],[-66.13087,18.12111],[-66.1278,18.12272],[-66.12599,18.12254],[-66.12404,18.12384],[-66.1223,18.11925],[-66.12384,18.11403],[-66.12015,18.11311],[-66.12069,18.11004],[-66.11874,18.10684],[-66.11744,18.1067],[-66.11714,18.10836],[-66.1136,18.10784],[-66.11299,18.10646],[-66.11434,18.10547],[-66.11422,18.10276],[-66.11073,18.1005],[-66.11063,18.09884],[-66.10902,18.09893],[-66.10898,18.10019],[-66.10578,18.0991],[-66.10519,18.10122],[-66.10271,18.10279],[-66.10247,18.10515],[-66.10139,18.1047],[-66.10061,18.10596],[-66.09909,18.10545],[-66.09801,18.10696],[-66.09636,18.10503],[-66.09728,18.1046],[-66.09637,18.10437],[-66.09393,18.10717],[-66.08817,18.10759],[-66.08622,18.10541],[-66.0786,18.10307],[-66.07445,18.10581],[-66.07305,18.1047],[-66.07276,18.10289],[-66.06874,18.1018],[-66.06713,18.10297],[-66.06427,18.10266],[-66.06017,18.10374],[-66.05315,18.10729],[-66.05321,18.10953],[-66.05179,18.10988],[-66.05116,18.11109],[-66.05255,18.11307],[-66.05638,18.11408],[-66.05838,18.11598],[-66.06076,18.11632],[-66.06026,18.11859],[-66.06113,18.12301],[-66.06561,18.13153],[-66.06748,18.13217],[-66.06959,18.13752],[-66.06893,18.14025],[-66.06949,18.1424],[-66.06638,18.14602],[-66.06576,18.14793],[-66.07135,18.14989],[-66.08034,18.15215],[-66.08336,18.15629],[-66.08985,18.16184],[-66.09122,18.16524],[-66.0951,18.16908],[-66.09452,18.16472],[-66.09671,18.16132],[-66.09635,18.15943],[-66.09813,18.15856],[-66.09787,18.15563],[-66.09856,18.15595],[-66.10011,18.15351],[-66.0996,18.15304],[-66.10208,18.15278],[-66.10173,18.15126],[-66.10337,18.15093],[-66.10403,18.1499],[-66.10499,18.15063],[-66.11031,18.14673],[-66.10951,18.14464],[-66.11098,18.14417],[-66.11155,18.14238],[-66.11033,18.14286],[-66.11009,18.14211],[-66.11226,18.14129],[-66.11339,18.14228],[-66.11419,18.13978],[-66.11666,18.13939],[-66.11798,18.14],[-66.11743,18.139],[-66.11905,18.13793],[-66.12,18.13899],[-66.12091,18.13875],[-66.12149,18.14058],[-66.12323,18.14083],[-66.1244,18.13977],[-66.12753,18.13972],[-66.1296,18.13858],[-66.13094,18.13875],[-66.13039,18.13657],[-66.13167,18.13608],[-66.13188,18.13258],[-66.12948,18.13317],[-66.1291,18.13251]]]},"properties":{"TRACTCE":"260100","GEOID":"72035260100","NAME":"2601","NAMELSAD":"Census Tract 2601","COUNTYFP":"035"}},
{"type":"Feature","geometry":{"type":"Polygon","coordinates":[[[-66.13932,18.13741],[-66.14249,18.13724],[-66.14958,18.13885],[-66.15058,18.14237],[-66.15166,18.14127],[-66.15667,18.14162],[-66.1568,18.14497],[-66.16004,18.14664],[-66.1631,18.14581],[-66.16477,18.14442],[-66.16276,18.13958],[-66.16192,18.13966],[-66.15442,18.13279],[-66.15143,18.13242],[-66.15165,18.1343],[-66.14995,18.13636],[-66.14748,18.13344],[-66.14777,18.13125],[-66.14559,18.13095],[-66.14574,18.13024],[-66.1433,18.12843],[-66.13769,18.12878],[-66.1364,18.12539],[-66.13675,18.12408],[-66.1291,18.13251],[-66.12948,18.13317],[-66.13188,18.13258],[-66.13757,18.1339],[-66.13932,18.13741]]]},"properties":{"TRACTCE":"260201","GEOID":"72035260201","NAME":"2602.01","NAMELSAD":"Census Tract 2602.01","COUNTYFP":"035"}},
{"type":"Feature","geometry":{"type":"Polygon","coordinates":[[[-66.18351,18.12501],[-66.18128,18.12355],[-66.18306,18.12136],[-66.18153,18.1194],[-66.18231,18.11779],[-66.18059,18.11694],[-66.18112,18.11492],[-66.18009,18.11392],[-66.18182,18.11098],[-66.18158,18.10864],[-66.17785,18.1046],[-66.17475,18.10465],[-66.17375,18.10303],[-66.17306,18.10384],[-66.17356,18.10575],[-66.1685,18.10631],[-66.1698,18.10765],[-66.16715,18.10816],[-66.16664,18.11352],[-66.16855,18.11376],[-66.172,18.11593],[-66.17781,18.12003],[-66.18089,18.12363],[-66.18351,18.12501]]]},"properties":{"TRACTCE":"260500","GEOID":"72035260500","NAME":"2605","NAMELSAD":"Census Tract 2605","COUNTYFP":"035"}},
{"type":"Feature","geometry":{"type":"Polygon","coordinates":[[[-66.94594,18.54042],[-66.95149,18.54001],[-66.96866,18.54299],[-66.99962,18.5562],[-66.99962,18.55844],[-67.01709,18.56265],[-67.06976,18.56728],[-67.08827,18.568],[-67.10497,18.56656],[-67.10366,18.51715],[-67.09228,18.51871],[-67.08581,18.51843],[-67.08176,18.51731],[-67.07206,18.51737],[-67.06806,18.51586],[-67.06606,18.51704],[-67.05291,18.51707],[-67.0386,18.51503],[-67.03707,18.51598],[-67.02754,18.51146],[-67.02359,18.51184],[-67.02043,18.51369],[-67.01255,18.51207],[-67.00073,18.50583],[-66.98843,18.50137],[-66.98174,18.49685],[-66.97692,18.49501],[-66.96992,18.49568],[-66.95669,18.49244],[-66.94594,18.54042]]]},"properties":{"TRACTCE":"990000","GEOID":"72071990000","NAME":"9900","NAMELSAD":"Census Tract 9900","COUNTYFP":"071"}},
{"type":"Feature","geometry":{"type":"Polygon","coordinates":[[[-65.91245,18.2387],[-65.90999,18.234],[-65.9101,18.22979],[-65.90748,18.22942],[-65.90473,18.22607],[-65.90276,18.22568],[-65.90051,18.22547],[-65.89946,18.22453],[-65.8988,18.2219],[-65.89701,18.22005],[-65.89755,18.21867],[-65.8958,18.21782],[-65.89554,18.21385],[-65.89407,18.21018],[-65.89013,18.21249],[-65.88874,18.20705],[-65.88956,18.20096],[-65.89075,18.20007],[-65.88762,18.19835],[-65.88263,18.20799],[-65.87476,18.21591],[-65.87097,18.21944],[-65.86876,18.21953],[-65.86916,18.22096],[-65.86777,18.2224],[-65.86556,18.22841],[-65.86635,18.2304],[-65.86742,18.23053],[-65.86875,18.23012],[-65.8696,18.22786],[-65.87075,18.2274],[-65.87151,18.23073],[-65.87266,18.23127],[-65.87488,18.23073],[-65.87568,18.22803],[-65.87973,18.22861],[-65.88114,18.23149],[-65.88438,18.23159],[-65.88591,18.2328],[-65.88886,18.23755],[-65.88979,18.23733],[-65.89086,18.23532],[-65.89307,18.23606],[-65.89482,18.23852],[-65.89935,18.2397],[-65.90072,18.24211],[-65.90595,18.2421],[-65.90938,18.23792],[-65.91245,18.2387]]]},"properties":{"TRACTCE":"500303","GEOID":"72077500303","NAME":"5003.03","NAMELSAD":"Census Tract 5003.03","COUNTYFP":"077"}},
{"type":"Feature","geometry":{"type":"Polygon","coordinates":[[[-65.91997,18.23715],[-65.91943,18.23253],[-65.91748,18.23246],[-65.9166,18.23404],[-65.9146,18.23144],[-65.91587,18.22955],[-65.91832,18.22917],[-65.90667,18.2066],[-65.90469,18.20792],[-65.90412,18.21128],[-65.90584,18.21318],[-65.90595,18.21711],[-65.90481,18.22066],[-65.90395,18.22021],[-65.90325,18.22085],[-65.90276,18.22568],[-65.90473,18.22607],[-65.90748,18.22942],[-65.9101,18.22979],[-65.90999,18.234],[-65.91245,18.2387],[-65.91547,18.23865],[-65.91749,18.23726],[-65.91997,18.23715]]]},"properties":{"TRACTCE":"500304","GEOID":"72077500304","NAME":"5003.04","NAMELSAD":"Census Tract 5003.04","COUNTYFP":"077"}},
{"type":"Feature","geometry":{"type":"Polygon","coordinates":[[[-66.79442,18.24988],[-66.79285,18.2475],[-66.7913,18.24769],[-66.7897,18.24918],[-66.78861,18.2476],[-66.782,18.24369],[-66.78175,18.23777],[-66.78055,18.23606],[-66.78252,18.22992],[-66.78061,18.22893],[-66.78257,18.22511],[-66.78491,18.22422],[-66.78587,18.21458],[-66.78486,18.21307],[-66.77855,18.21001],[-66.77749,18.2081],[-66.77948,18.20653],[-66.77727,18.20539],[-66.77647,18.19992],[-66.77442,18.19806],[-66.77447,18.19496],[-66.77635,18.19048],[-66.77556,18.18844],[-66.77781,18.18767],[-66.77926,18.18901],[-66.78085,18.18915],[-66.78461,18.18818],[-66.78395,18.18299],[-66.77686,18.18213],[-66.76909,18.18404],[-66.76331,18.18371],[-66.76318,18.18028],[-66.7613,18.17817],[-66.75912,18.17771],[-66.75662,18.17579],[-66.75515,18.17179],[-66.75265,18.17737],[-66.75122,18.17746],[-66.74987,18.17882],[-66.74272,18.18036],[-66.74188,18.18143],[-66.74063,18.18112],[-66.73867,18.17882],[-66.7374,18.17842],[-66.73634,18.17929],[-66.736,18.17572],[-66.7329,18.17024],[-66.73128,18.16925],[-66.72973,18.17035],[-66.72481,18.17129],[-66.72409,18.17334],[-66.72278,18.17356],[-66.72146,18.17535],[-66.72204,18.17801],[-66.7181,18.17966],[-66.7134,18.1813],[-66.70948,18.18428],[-66.70831,18.18804],[-66.70924,18.18854],[-66.70922,18.1899],[-66.70788,18.19171],[-66.70769,18.19465],[-66.70624,18.19459],[-66.70556,18.19644],[-66.69967,18.19808],[-66.70208,18.19944],[-66.70199,18.20307],[-66.69504,18.20365],[-66.6926,18.2027],[-66.69131,18.20489],[-66.68609,18.20769],[-66.6866,18.20921],[-66.69184,18.2118],[-66.69257,18.21588],[-66.69373,18.21689],[-66.6963,18.21534],[-66.70008,18.216],[-66.7022,18.21725],[-66.70772,18.2167],[-66.70989,18.21841],[-66.71111,18.2182],[-66.71547,18.22019],[-66.71608,18.2213],[-66.71863,18.22052],[-66.7201,18.22193],[-66.72477,18.22089],[-66.72675,18.2234],[-66.73218,18.22576],[-66.73598,18.2242],[-66.73936,18.22052],[-66.74321,18.22249],[-66.74811,18.22217],[-66.75137,18.22384],[-66.75581,18.22329],[-66.75652,18.22518],[-66.76063,18.2259],[-66.76069,18.22927],[-66.76273,18.23095],[-66.76171,18.23124],[-66.76161,18.2324],[-66.76408,18.23451],[-66.76475,18.23769],[-66.76683,18.23861],[-66.76955,18.24159],[-66.77376,18.24128],[-66.77657,18.24387],[-66.77773,18.24628],[-66.77738,18.24742],[-66.7817,18.25025],[-66.78654,18.24843],[-66.78899,18.24977],[-66.79442,18.24988]]]},"properties":{"TRACTCE":"956300","GEOID":"72001956300","NAME":"9563","NAMELSAD":"Census Tract 9563","COUNTYFP":"001"}},
{"type":"Feature","geometry":{"type":"Polygon","coordinates":[[[-66.19575,18.34299],[-66.19286,18.34006],[-66.19031,18.3332],[-66.18919,18.33241],[-66.18757,18.33164],[-66.1838,18.33197],[-66.18342,18.33131],[-66.18239,18.33191],[-66.18114,18.33114],[-66.17774,18.33199],[-66.18054,18.33561],[-66.17977,18.33682],[-66.1808,18.34139],[-66.17865,18.34335],[-66.17966,18.34468],[-66.17909,18.34517],[-66.18002,18.34939],[-66.18063,18.3487],[-66.18413,18.34898],[-66.18295,18.3553],[-66.1876,18.35384],[-66.18957,18.35505],[-66.18831,18.34908],[-66.19068,18.3455],[-66.19168,18.34436],[-66.19575,18.34299]]]},"properties":{"TRACTCE":"031301","GEOID":"72021031301","NAME":"313.01","NAMELSAD":"Census Tract 313.01","COUNTYFP":"021"}},
{"type":"Feature","geometry":{"type":"Polygon","coordinates":[[[-66.83669,18.54021],[-66.85117,18.54252],[-66.88387,18.54166],[-66.90211,18.53842],[-66.90209,18.53524],[-66.90157,18.4883],[-66.89797,18.48966],[-66.89447,18.48966],[-66.88764,18.49259],[-66.86895,18.4958],[-66.85715,18.49512],[-66.84846,18.4941],[-66.83659,18.49103],[-66.83659,18.49126],[-66.83669,18.54021]]]},"properties":{"TRACTCE":"990000","GEOID":"72027990000","NAME":"9900","NAMELSAD":"Census Tract 9900","COUNTYFP":"027"}},
{"type":"Feature","geometry":{"type":"Polygon","coordinates":[[[-66.83659,18.49103],[-66.83664,18.4876],[-66.83565,18.48654],[-66.83693,18.48422],[-66.83866,18.48377],[-66.83759,18.48088],[-66.83423,18.47903],[-66.83539,18.47814],[-66.83464,18.47714],[-66.83546,18.4761],[-66.83504,18.47365],[-66.83296,18.47367],[-66.83226,18.47224],[-66.83172,18.47292],[-66.83082,18.47223],[-66.82901,18.4728],[-66.83016,18.47157],[-66.829,18.47067],[-66.8306,18.4698],[-66.82942,18.46813],[-66.82691,18.46792],[-66.82555,18.46941],[-66.82446,18.46942],[-66.82284,18.472],[-66.82024,18.47276],[-66.82043,18.47649],[-66.81855,18.47694],[-66.81862,18.47775],[-66.82311,18.48339],[-66.81065,18.48807],[-66.81081,18.49453],[-66.8193,18.49464],[-66.82045,18.49382],[-66.82367,18.49374],[-66.82936,18.49121],[-66.83659,18.49126],[-66.83659,18.49103]]]},"properties":{"TRACTCE":"310200","GEOID":"72065310200","NAME":"3102","NAMELSAD":"Census Tract 3102","COUNTYFP":"065"}},
{"type":"Feature","geometry":{"type":"Polygon","coordinates":[[[-67.12382,18.40454],[-67.12738,18.39639],[-67.13219,18.38942],[-67.13063,18.38876],[-67.13145,18.38858],[-67.13158,18.38799],[-67.1321,18.38756],[-67.13169,18.38733],[-67.13106,18.38767],[-67.13059,18.38747],[-67.13001,18.38453],[-67.12733,18.38534],[-67.12481,18.37872],[-67.12122,18.37917],[-67.11998,18.378],[-67.1215,18.37677],[-67.11862,18.37769],[-67.11718,18.37664],[-67.11876,18.37634],[-67.11757,18.37478],[-67.11231,18.38061],[-67.11063,18.38054],[-67.11007,18.37957],[-67.10899,18.38053],[-67.10722,18.3791],[-67.10514,18.38027],[-67.10355,18.37908],[-67.10309,18.3809],[-67.10305,18.38189],[-67.10076,18.38232],[-67.10045,18.38399],[-67.09964,18.38281],[-67.09513,18.38494],[-67.10041,18.39084],[-67.10891,18.39503],[-67.11107,18.39824],[-67.10866,18.40045],[-67.10605,18.40067],[-67.10615,18.40283],[-67.10854,18.40568],[-67.10905,18.40651],[-67.11361,18.40688],[-67.11396,18.40893],[-67.11487,18.4093],[-67.11545,18.4084],[-67.12235,18.40701],[-67.1218,18.40489],[-67.12382,18.40454]]]},"properties":{"TRACTCE":"420200","GEOID":"72099420200","NAME":"4202","NAMELSAD":"Census Tract 4202","COUNTYFP":"099"}},
{"type":"Feature","geometry":{"type":"Polygon","coordinates":[[[-67.128,18.3662],[-67.12863,18.36555],[-67.12732,18.36032],[-67.12812,18.35386],[-67.13152,18.3509],[-67.13172,18.34861],[-67.13415,18.34754],[-67.13451,18.34651],[-67.1336,18.34193],[-67.13164,18.34008],[-67.13086,18.33596],[-67.13416,18.32992],[-67.13039,18.32514],[-67.13017,18.31793],[-67.12661,18.31913],[-67.12669,18.32164],[-67.12367,18.32189],[-67.12114,18.324],[-67.11821,18.32255],[-67.11622,18.32346],[-67.11388,18.32255],[-67.11231,18.32002],[-67.11135,18.32077],[-67.10929,18.32064],[-67.10537,18.31868],[-67.10293,18.31845],[-67.10114,18.31861],[-67.09995,18.31968],[-67.09782,18.32281],[-67.09547,18.32368],[-67.09034,18.32387],[-67.08816,18.32559],[-67.08509,18.33094],[-67.08353,18.33245],[-67.08182,18.33279],[-67.08208,18.33498],[-67.08033,18.33594],[-67.08029,18.33876],[-67.0779,18.34185],[-67.08007,18.34531],[-67.08137,18.34547],[-67.08134,18.34642],[-67.08427,18.34869],[-67.08639,18.35296],[-67.08872,18.35262],[-67.089,18.3578],[-67.08786,18.35834],[-67.08935,18.35908],[-67.08908,18.35982],[-67.0874,18.35925],[-67.087,18.36102],[-67.08499,18.36177],[-67.08592,18.36457],[-67.0845,18.3648],[-67.08249,18.36102],[-67.08067,18.36113],[-67.07808,18.35846],[-67.07511,18.35841],[-67.07348,18.36108],[-67.07037,18.3606],[-67.06822,18.35856],[-67.06802,18.3606],[-67.06694,18.36062],[-67.06627,18.35805],[-67.06844,18.35501],[-67.06713,18.35313],[-67.06409,18.35249],[-67.06429,18.35624],[-67.06335,18.359],[-67.06476,18.36076],[-67.06503,18.36394],[-67.06761,18.36674],[-67.07072,18.36769],[-67.07462,18.37087],[-67.07485,18.37426],[-67.07811,18.37837],[-67.0829,18.37959],[-67.08308,18.37839],[-67.08527,18.37781],[-67.08616,18.37631],[-67.08691,18.37668],[-67.0873,18.37608],[-67.0863,18.37523],[-67.08971,18.37301],[-67.09248,18.37517],[-67.0936,18.37783],[-67.09755,18.38047],[-67.10309,18.3809],[-67.10355,18.37908],[-67.10514,18.38027],[-67.10722,18.3791],[-67.10899,18.38053],[-67.11007,18.37957],[-67.11063,18.38054],[-67.11231,18.38061],[-67.11757,18.37478],[-67.11876,18.37634],[-67.11718,18.37664],[-67.11862,18.37769],[-67.1215,18.37677],[-67.11998,18.378],[-67.12122,18.37917],[-67.12481,18.37872],[-67.12733,18.38534],[-67.13001,18.38453],[-67.13059,18.38747],[-67.13106,18.38767],[-67.13169,18.38733],[-67.1321,18.38756],[-67.13158,18.38799],[-67.13145,18.38858],[-67.13063,18.38876],[-67.13219,18.38942],[-67.13221,18.38939],[-67.13217,18.38779],[-67.13157,18.38372],[-67.13167,18.38253],[-67.13029,18.38107],[-67.12937,18.37806],[-67.13082,18.37549],[-67.13069,18.373],[-67.12643,18.3712],[-67.128,18.3662]]]},"properties":{"TRACTCE":"420500","GEOID":"72099420500","NAME":"4205","NAMELSAD":"Census Tract 4205","COUNTYFP":"099"}},
{"type":"Feature","geometry":{"type":"Polygon","coordinates":[[[-67.11201,18.42339],[-67.1255,18.40923],[-67.12382,18.40454],[-67.1218,18.40489],[-67.12235,18.40701],[-67.11545,18.4084],[-67.11487,18.4093],[-67.11396,18.40893],[-67.11361,18.40688],[-67.10905,18.40651],[-67.10854,18.40568],[-67.10537,18.40419],[-67.10495,18.40591],[-67.1032,18.40601],[-67.10212,18.4055],[-67.10221,18.40463],[-67.09854,18.40307],[-67.09801,18.40386],[-67.09599,18.40352],[-67.09431,18.40454],[-67.08714,18.40443],[-67.08415,18.4036],[-67.08186,18.40166],[-67.07774,18.40107],[-67.07716,18.40242],[-67.07455,18.40271],[-67.06543,18.3973],[-67.06142,18.39824],[-67.05119,18.39657],[-67.04404,18.39159],[-67.04395,18.39227],[-67.04242,18.39144],[-67.03953,18.39202],[-67.03823,18.39359],[-67.04109,18.39733],[-67.03703,18.40003],[-67.03649,18.4039],[-67.03242,18.40447],[-67.05096,18.44419],[-67.05651,18.46095],[-67.07417,18.45678],[-67.07435,18.4518],[-67.07576,18.45186],[-67.07697,18.44609],[-67.08339,18.44487],[-67.08397,18.44293],[-67.08742,18.44141],[-67.08671,18.43864],[-67.08926,18.43918],[-67.09375,18.43636],[-67.09831,18.43748],[-67.11201,18.42339]]]},"properties":{"TRACTCE":"420100","GEOID":"72099420100","NAME":"4201","NAMELSAD":"Census Tract 4201","COUNTYFP":"099"}},
{"type":"Feature","geometry":{"type":"Polygon","coordinates":[[[-67.10854,18.40568],[-67.10615,18.40283],[-67.10605,18.40067],[-67.10866,18.40045],[-67.11107,18.39824],[-67.10891,18.39503],[-67.10041,18.39084],[-67.09513,18.38494],[-67.09964,18.38281],[-67.10045,18.38399],[-67.10076,18.38232],[-67.10305,18.38189],[-67.10309,18.3809],[-67.09755,18.38047],[-67.0936,18.37783],[-67.09248,18.37517],[-67.08971,18.37301],[-67.0863,18.37523],[-67.0873,18.37608],[-67.08691,18.37668],[-67.08616,18.37631],[-67.08527,18.37781],[-67.08308,18.37839],[-67.0829,18.37959],[-67.08471,18.38075],[-67.08377,18.38139],[-67.08408,18.38517],[-67.08301,18.38582],[-67.0837,18.39414],[-67.08201,18.39487],[-67.08366,18.40024],[-67.08186,18.40166],[-67.08415,18.4036],[-67.08714,18.40443],[-67.09431,18.40454],[-67.09599,18.40352],[-67.09801,18.40386],[-67.09854,18.40307],[-67.10221,18.40463],[-67.10212,18.4055],[-67.1032,18.40601],[-67.10495,18.40591],[-67.10537,18.40419],[-67.10854,18.40568]]]},"properties":{"TRACTCE":"420302","GEOID":"72099420302","NAME":"4203.02","NAMELSAD":"Census Tract 4203.02","COUNTYFP":"099"}},
{"type":"Feature","geometry":{"type":"Polygon","coordinates":[[[-66.02944,18.36172],[-66.02814,18.35961],[-66.02518,18.35813],[-66.02114,18.35453],[-66.02025,18.35223],[-66.01788,18.35118],[-66.01367,18.35106],[-66.01034,18.35353],[-66.00692,18.35079],[-66.00538,18.35052],[-66.00497,18.3551],[-66.00347,18.35615],[-66.00348,18.35761],[-66.00346,18.35855],[-66.00375,18.35848],[-66.00718,18.35846],[-66.01317,18.35694],[-66.02077,18.36019],[-66.0225,18.36343],[-66.0276,18.36288],[-66.02944,18.36172]]]},"properties":{"TRACTCE":"060223","GEOID":"72139060223","NAME":"602.23","NAMELSAD":"Census Tract 602.23","COUNTYFP":"139"}},
{"type":"Feature","geometry":{"type":"Polygon","coordinates":[[[-66.71618,18.27002],[-66.71968,18.26803],[-66.71882,18.26263],[-66.72215,18.25991],[-66.72199,18.25822],[-66.7201,18.25859],[-66.7204,18.25649],[-66.71903,18.25523],[-66.71694,18.25709],[-66.71762,18.25594],[-66.71556,18.25507],[-66.71524,18.25424],[-66.71588,18.25415],[-66.71428,18.25202],[-66.71207,18.2517],[-66.71092,18.2528],[-66.70537,18.25225],[-66.70273,18.25477],[-66.70394,18.2558],[-66.70339,18.25644],[-66.70518,18.25643],[-66.70556,18.25777],[-66.70355,18.26195],[-66.70402,18.26607],[-66.70756,18.26677],[-66.71001,18.26494],[-66.71343,18.26483],[-66.71404,18.26907],[-66.71618,18.27002]]]},"properties":{"TRACTCE":"957400","GEOID":"72141957400","NAME":"9574","NAMELSAD":"Census Tract 9574","COUNTYFP":"141"}},
{"type":"Feature","geometry":{"type":"Polygon","coordinates":[[[-66.75082,18.30439],[-66.75242,18.30275],[-66.75252,18.30027],[-66.75603,18.29866],[-66.75875,18.29443],[-66.75823,18.292],[-66.75931,18.28908],[-66.75729,18.28089],[-66.75339,18.27887],[-66.75611,18.27711],[-66.7579,18.27214],[-66.75923,18.27098],[-66.75924,18.26941],[-66.76198,18.26955],[-66.76363,18.26816],[-66.76349,18.26716],[-66.76212,18.26672],[-66.76343,18.26325],[-66.76169,18.26136],[-66.76263,18.25726],[-66.76183,18.25658],[-66.76267,18.25556],[-66.76111,18.25412],[-66.7623,18.25128],[-66.76118,18.25019],[-66.76109,18.245],[-66.76239,18.24226],[-66.76489,18.24012],[-66.76475,18.23769],[-66.76408,18.23451],[-66.76161,18.2324],[-66.76171,18.23124],[-66.76273,18.23095],[-66.76069,18.22927],[-66.76063,18.2259],[-66.75652,18.22518],[-66.75581,18.22329],[-66.75137,18.22384],[-66.74811,18.22217],[-66.74321,18.22249],[-66.73936,18.22052],[-66.73598,18.2242],[-66.73218,18.22576],[-66.72675,18.2234],[-66.72477,18.22089],[-66.7201,18.22193],[-66.71863,18.22052],[-66.71608,18.2213],[-66.71547,18.22019],[-66.71111,18.2182],[-66.70989,18.21841],[-66.70772,18.2167],[-66.7022,18.21725],[-66.70008,18.216],[-66.69808,18.2181],[-66.69837,18.21889],[-66.69585,18.21939],[-66.69721,18.2216],[-66.69417,18.22245],[-66.69363,18.22432],[-66.69484,18.2263],[-66.69445,18.22735],[-66.69195,18.22816],[-66.68972,18.2313],[-66.69081,18.232],[-66.69108,18.23698],[-66.69288,18.23882],[-66.69273,18.24305],[-66.69141,18.24453],[-66.69163,18.24704],[-66.69398,18.24589],[-66.69489,18.24739],[-66.69762,18.24841],[-66.70025,18.25452],[-66.70101,18.25478],[-66.70254,18.25348],[-66.70273,18.25477],[-66.70537,18.25225],[-66.71092,18.2528],[-66.71207,18.2517],[-66.71428,18.25202],[-66.71588,18.25415],[-66.71524,18.25424],[-66.71556,18.25507],[-66.71762,18.25594],[-66.71694,18.25709],[-66.71903,18.25523],[-66.7204,18.25649],[-66.7201,18.25859],[-66.72199,18.25822],[-66.72215,18.25991],[-66.71882,18.26263],[-66.71968,18.26803],[-66.71618,18.27002],[-66.71721,18.27075],[-66.72016,18.27248],[-66.72119,18.27525],[-66.72318,18.27586],[-66.72354,18.27521],[-66.72494,18.27623],[-66.72604,18.27502],[-66.72711,18.27575],[-66.72764,18.27885],[-66.72905,18.27698],[-66.73127,18.27961],[-66.73176,18.2789],[-66.73319,18.27967],[-66.73339,18.27826],[-66.73535,18.27787],[-66.73283,18.28048],[-66.72925,18.2799],[-66.72864,18.2818],[-66.72907,18.28624],[-66.73056,18.28688],[-66.73182,18.28553],[-66.73202,18.2863],[-66.73073,18.28822],[-66.73164,18.29352],[-66.72959,18.2962],[-66.72986,18.29696],[-66.73358,18.29517],[-66.73576,18.29655],[-66.73742,18.29556],[-66.73935,18.29653],[-66.73897,18.30124],[-66.7457,18.30467],[-66.75082,18.30439]]]},"properties":{"TRACTCE":"957200","GEOID":"72141957200","NAME":"9572","NAMELSAD":"Census Tract 9572","COUNTYFP":"141"}},
{"type":"Feature","geometry":{"type":"Polygon","coordinates":[[[-66.66742,18.25316],[-66.66733,18.25046],[-66.66445,18.24927],[-66.66178,18.25205],[-66.65518,18.25209],[-66.65231,18.25524],[-66.65106,18.25274],[-66.65251,18.24821],[-66.65241,18.24574],[-66.65143,18.24431],[-66.65304,18.24113],[-66.65234,18.24006],[-66.64521,18.23575],[-66.64436,18.23374],[-66.6429,18.23371],[-66.6425,18.23239],[-66.64112,18.23165],[-66.63989,18.23172],[-66.63815,18.23411],[-66.63626,18.23505],[-66.6339,18.23556],[-66.63198,18.23413],[-66.62995,18.23462],[-66.62888,18.23614],[-66.62651,18.23351],[-66.62556,18.23547],[-66.62505,18.24707],[-66.61952,18.24942],[-66.61735,18.24746],[-66.61611,18.24736],[-66.61541,18.24493],[-66.61345,18.24375],[-66.61261,18.24186],[-66.60916,18.24088],[-66.60634,18.23813],[-66.60389,18.24633],[-66.60497,18.24669],[-66.60319,18.24857],[-66.60228,18.25137],[-66.59963,18.25203],[-66.59927,18.25393],[-66.60047,18.25514],[-66.60035,18.25623],[-66.59737,18.26024],[-66.5978,18.26155],[-66.60137,18.26472],[-66.59891,18.26647],[-66.59852,18.26964],[-66.59645,18.27079],[-66.59689,18.27457],[-66.59529,18.27691],[-66.59637,18.27891],[-66.59806,18.27925],[-66.59582,18.28183],[-66.59615,18.28268],[-66.59867,18.28195],[-66.59747,18.2841],[-66.59646,18.28434],[-66.59575,18.28334],[-66.5949,18.28471],[-66.59402,18.2832],[-66.59283,18.28387],[-66.59209,18.28296],[-66.59036,18.28395],[-66.59001,18.28282],[-66.5873,18.28406],[-66.58088,18.28478],[-66.5781,18.28424],[-66.57448,18.28864],[-66.57512,18.2917],[-66.57332,18.29084],[-66.57336,18.29493],[-66.57452,18.29569],[-66.57374,18.2962],[-66.57334,18.30032],[-66.56957,18.30025],[-66.56662,18.29855],[-66.56674,18.2997],[-66.56817,18.29984],[-66.56891,18.30145],[-66.57026,18.30178],[-66.57133,18.30402],[-66.57099,18.30534],[-66.57258,18.30616],[-66.57311,18.30906],[-66.57578,18.30945],[-66.57577,18.31123],[-66.57702,18.31178],[-66.57804,18.31388],[-66.58121,18.31388],[-66.58303,18.3162],[-66.58142,18.318],[-66.58134,18.32035],[-66.58321,18.31949],[-66.58504,18.32262],[-66.59042,18.3233],[-66.59123,18.32537],[-66.59252,18.32442],[-66.59402,18.32452],[-66.59495,18.32334],[-66.59789,18.32318],[-66.60014,18.32191],[-66.60267,18.32263],[-66.60415,18.32123],[-66.60798,18.32377],[-66.61121,18.32267],[-66.6069,18.32815],[-66.61196,18.32977],[-66.61234,18.3313],[-66.61462,18.33159],[-66.6153,18.33295],[-66.61814,18.33141],[-66.61928,18.33191],[-66.62423,18.3284],[-66.62893,18.32788],[-66.63203,18.32846],[-66.63317,18.32622],[-66.63543,18.32527],[-66.63603,18.32607],[-66.63958,18.32453],[-66.64203,18.32684],[-66.64533,18.32548],[-66.64862,18.32655],[-66.65028,18.32843],[-66.65231,18.32836],[-66.65619,18.32264],[-66.66276,18.31985],[-66.66152,18.31169],[-66.66291,18.30684],[-66.66242,18.30553],[-66.66384,18.30076],[-66.66394,18.29637],[-66.6637,18.29299],[-66.66153,18.29179],[-66.66099,18.28904],[-66.66231,18.28621],[-66.66225,18.28418],[-66.66352,18.28357],[-66.66196,18.28122],[-66.66383,18.28038],[-66.6637,18.27754],[-66.66673,18.27288],[-66.66697,18.2702],[-66.66535,18.26834],[-66.66636,18.26564],[-66.66631,18.26181],[-66.66496,18.25839],[-66.66558,18.2546],[-66.66742,18.25316]]]},"properties":{"TRACTCE":"956900","GEOID":"72141956900","NAME":"9569","NAMELSAD":"Census Tract 9569","COUNTYFP":"141"}},
{"type":"Feature","geometry":{"type":"Polygon","coordinates":[[[-66.68479,18.25814],[-66.68871,18.25916],[-66.6877,18.25482],[-66.68976,18.2535],[-66.69097,18.25148],[-66.69565,18.25304],[-66.69682,18.25421],[-66.69709,18.25355],[-66.69799,18.25511],[-66.69994,18.25609],[-66.70025,18.25452],[-66.69762,18.24841],[-66.69489,18.24739],[-66.69398,18.24589],[-66.69163,18.24704],[-66.69141,18.24453],[-66.69273,18.24305],[-66.69288,18.23882],[-66.69108,18.23698],[-66.69081,18.232],[-66.68972,18.2313],[-66.69195,18.22816],[-66.69445,18.22735],[-66.69484,18.2263],[-66.69363,18.22432],[-66.69417,18.22245],[-66.69721,18.2216],[-66.69585,18.21939],[-66.69837,18.21889],[-66.69808,18.2181],[-66.70008,18.216],[-66.6963,18.21534],[-66.69373,18.21689],[-66.69257,18.21588],[-66.69184,18.2118],[-66.6866,18.20921],[-66.68116,18.20352],[-66.6813,18.20045],[-66.68266,18.19849],[-66.68507,18.19707],[-66.68451,18.19349],[-66.68194,18.18998],[-66.68132,18.18692],[-66.67606,18.18292],[-66.67296,18.18195],[-66.66821,18.17639],[-66.6647,18.17547],[-66.66481,18.17262],[-66.66707,18.17088],[-66.66782,18.16812],[-66.67123,18.16752],[-66.67177,18.16673],[-66.67024,18.16564],[-66.67055,18.16378],[-66.67692,18.16008],[-66.67707,18.15711],[-66.67556,18.15455],[-66.67719,18.15289],[-66.67699,18.15096],[-66.67562,18.15074],[-66.67194,18.15323],[-66.67049,18.15283],[-66.66957,18.15227],[-66.66423,18.15358],[-66.66125,18.15645],[-66.65686,18.15651],[-66.65354,18.15907],[-66.64947,18.15886],[-66.65037,18.16068],[-66.64957,18.16297],[-66.65129,18.16531],[-66.65157,18.16951],[-66.65449,18.1697],[-66.65175,18.17342],[-66.6505,18.17369],[-66.65228,18.18262],[-66.6477,18.18399],[-66.64514,18.184],[-66.64334,18.18297],[-66.64217,18.18346],[-66.6409,18.18729],[-66.64234,18.18932],[-66.64154,18.19092],[-66.64192,18.19286],[-66.64389,18.19433],[-66.64292,18.19617],[-66.64063,18.19707],[-66.63994,18.20086],[-66.63833,18.2031],[-66.63962,18.20726],[-66.63673,18.20766],[-66.63302,18.21157],[-66.63256,18.21341],[-66.6303,18.21471],[-66.62849,18.21461],[-66.62958,18.22118],[-66.62832,18.22271],[-66.62816,18.22622],[-66.6267,18.2301],[-66.6291,18.23241],[-66.62995,18.23462],[-66.63198,18.23413],[-66.6339,18.23556],[-66.63626,18.23505],[-66.63815,18.23411],[-66.63989,18.23172],[-66.64112,18.23165],[-66.6425,18.23239],[-66.6429,18.23371],[-66.64436,18.23374],[-66.64521,18.23575],[-66.65234,18.24006],[-66.65304,18.24113],[-66.65143,18.24431],[-66.65241,18.24574],[-66.65251,18.24821],[-66.65106,18.25274],[-66.65231,18.25524],[-66.65518,18.25209],[-66.66178,18.25205],[-66.66445,18.24927],[-66.66733,18.25046],[-66.66742,18.25316],[-66.66964,18.25516],[-66.67061,18.2539],[-66.67427,18.25514],[-66.67843,18.25216],[-66.68138,18.25603],[-66.68479,18.25814]]]},"properties":{"TRACTCE":"957600","GEOID":"72141957600","NAME":"9576","NAMELSAD":"Census Tract 9576","COUNTYFP":"141"}},
{"type":"Feature","geometry":{"type":"Polygon","coordinates":[[[-66.69874,18.26905],[-66.6979,18.27476],[-66.70028,18.28289],[-66.7038,18.28832],[-66.70639,18.28698],[-66.70547,18.28498],[-66.70584,18.28336],[-66.7078,18.28043],[-66.71112,18.27783],[-66.71264,18.27453],[-66.71252,18.26947],[-66.71362,18.26931],[-66.71648,18.27137],[-66.71721,18.27075],[-66.71618,18.27002],[-66.71404,18.26907],[-66.71343,18.26483],[-66.71001,18.26494],[-66.70756,18.26677],[-66.70402,18.26607],[-66.70291,18.26712],[-66.70308,18.26887],[-66.69874,18.26905]]]},"properties":{"TRACTCE":"957300","GEOID":"72141957300","NAME":"9573","NAMELSAD":"Census Tract 9573","COUNTYFP":"141"}},
{"type":"Feature","geometry":{"type":"Polygon","coordinates":[[[-66.82604,18.32337],[-66.82342,18.31825],[-66.82744,18.31447],[-66.82701,18.31233],[-66.82433,18.31056],[-66.82519,18.30777],[-66.8247,18.30472],[-66.82347,18.3035],[-66.82618,18.30245],[-66.8267,18.30099],[-66.82589,18.29835],[-66.82489,18.29865],[-66.82651,18.2954],[-66.82473,18.29555],[-66.82612,18.29354],[-66.82624,18.29104],[-66.82969,18.2876],[-66.82987,18.28541],[-66.83121,18.28518],[-66.82862,18.28461],[-66.82986,18.28311],[-66.82863,18.28273],[-66.83087,18.28039],[-66.83048,18.27775],[-66.82715,18.27764],[-66.82692,18.27602],[-66.8277,18.27586],[-66.82684,18.27319],[-66.82882,18.2693],[-66.82694,18.26721],[-66.82522,18.26677],[-66.82616,18.26444],[-66.82476,18.26323],[-66.82756,18.26016],[-66.82557,18.25364],[-66.82669,18.25312],[-66.82635,18.24927],[-66.82721,18.2441],[-66.82571,18.24429],[-66.82418,18.24335],[-66.82298,18.23906],[-66.81756,18.23542],[-66.81727,18.23034],[-66.81467,18.23032],[-66.81182,18.2288],[-66.80974,18.22948],[-66.80811,18.22821],[-66.8034,18.22741],[-66.79999,18.22818],[-66.79873,18.23015],[-66.80017,18.23539],[-66.79952,18.23727],[-66.80034,18.23811],[-66.79918,18.24007],[-66.80073,18.24022],[-66.80069,18.24119],[-66.79899,18.24367],[-66.79626,18.24364],[-66.79596,18.24252],[-66.7948,18.24304],[-66.79547,18.24378],[-66.7947,18.24468],[-66.79508,18.2466],[-66.79412,18.24717],[-66.79497,18.24915],[-66.79442,18.24988],[-66.78899,18.24977],[-66.78654,18.24843],[-66.7817,18.25025],[-66.77738,18.24742],[-66.77773,18.24628],[-66.77657,18.24387],[-66.77376,18.24128],[-66.76955,18.24159],[-66.76683,18.23861],[-66.76475,18.23769],[-66.76489,18.24012],[-66.76239,18.24226],[-66.76109,18.245],[-66.76118,18.25019],[-66.7623,18.25128],[-66.76111,18.25412],[-66.76267,18.25556],[-66.76183,18.25658],[-66.76263,18.25726],[-66.76169,18.26136],[-66.76343,18.26325],[-66.76212,18.26672],[-66.76349,18.26716],[-66.76363,18.26816],[-66.76198,18.26955],[-66.75924,18.26941],[-66.75923,18.27098],[-66.7579,18.27214],[-66.75611,18.27711],[-66.75339,18.27887],[-66.75729,18.28089],[-66.75931,18.28908],[-66.75823,18.292],[-66.75875,18.29443],[-66.75603,18.29866],[-66.75252,18.30027],[-66.75242,18.30275],[-66.75082,18.30439],[-66.75032,18.30517],[-66.75222,18.31135],[-66.7513,18.3136],[-66.75241,18.31401],[-66.75338,18.31589],[-66.75329,18.3184],[-66.74903,18.31993],[-66.74531,18.31976],[-66.72658,18.32555],[-66.72515,18.33081],[-66.72281,18.33179],[-66.72259,18.33329],[-66.71983,18.33659],[-66.72306,18.33925],[-66.73061,18.34942],[-66.73374,18.34756],[-66.73542,18.34962],[-66.73653,18.34944],[-66.74076,18.34442],[-66.75234,18.33925],[-66.75441,18.3373],[-66.75695,18.33708],[-66.75888,18.33474],[-66.76214,18.33403],[-66.76238,18.33214],[-66.76542,18.33195],[-66.76622,18.32954],[-66.76579,18.32762],[-66.76762,18.32824],[-66.76849,18.32616],[-66.7702,18.32494],[-66.77028,18.32074],[-66.82604,18.32337]]]},"properties":{"TRACTCE":"957100","GEOID":"72141957100","NAME":"9571","NAMELSAD":"Census Tract 9571","COUNTYFP":"141"}},
{"type":"Feature","geometry":{"type":"Polygon","coordinates":[[[-66.72281,18.33179],[-66.72515,18.33081],[-66.72658,18.32555],[-66.74531,18.31976],[-66.74903,18.31993],[-66.75329,18.3184],[-66.75338,18.31589],[-66.75241,18.31401],[-66.7513,18.3136],[-66.75222,18.31135],[-66.75032,18.30517],[-66.75082,18.30439],[-66.7457,18.30467],[-66.73897,18.30124],[-66.73935,18.29653],[-66.73742,18.29556],[-66.73576,18.29655],[-66.73358,18.29517],[-66.72986,18.29696],[-66.72959,18.2962],[-66.73164,18.29352],[-66.73073,18.28822],[-66.73202,18.2863],[-66.73182,18.28553],[-66.73056,18.28688],[-66.72907,18.28624],[-66.72864,18.2818],[-66.72925,18.2799],[-66.73283,18.28048],[-66.73535,18.27787],[-66.73339,18.27826],[-66.73319,18.27967],[-66.73176,18.2789],[-66.73127,18.27961],[-66.72905,18.27698],[-66.72764,18.27885],[-66.72711,18.27575],[-66.72604,18.27502],[-66.72494,18.27623],[-66.72354,18.27521],[-66.72318,18.27586],[-66.72119,18.27525],[-66.72016,18.27248],[-66.71721,18.27075],[-66.71648,18.27137],[-66.71362,18.26931],[-66.71252,18.26947],[-66.71264,18.27453],[-66.71112,18.27783],[-66.7078,18.28043],[-66.70584,18.28336],[-66.70547,18.28498],[-66.70639,18.28698],[-66.7038,18.28832],[-66.70028,18.28289],[-66.6979,18.27476],[-66.69874,18.26905],[-66.69649,18.26864],[-66.69245,18.26611],[-66.68479,18.25814],[-66.68138,18.25603],[-66.67843,18.25216],[-66.67427,18.25514],[-66.67061,18.2539],[-66.66964,18.25516],[-66.66742,18.25316],[-66.66558,18.2546],[-66.66496,18.25839],[-66.66631,18.26181],[-66.66636,18.26564],[-66.66535,18.26834],[-66.66697,18.2702],[-66.66673,18.27288],[-66.6637,18.27754],[-66.66383,18.28038],[-66.66196,18.28122],[-66.66352,18.28357],[-66.66225,18.28418],[-66.66231,18.28621],[-66.66099,18.28904],[-66.66153,18.29179],[-66.6637,18.29299],[-66.66394,18.29637],[-66.66384,18.30076],[-66.66242,18.30553],[-66.66291,18.30684],[-66.66152,18.31169],[-66.66276,18.31985],[-66.66438,18.32215],[-66.66709,18.32239],[-66.67231,18.32454],[-66.67771,18.32206],[-66.67983,18.32165],[-66.68152,18.32233],[-66.68293,18.32089],[-66.68539,18.32117],[-66.68781,18.32012],[-66.69044,18.32175],[-66.69157,18.3213],[-66.69561,18.32212],[-66.69833,18.32083],[-66.70283,18.32055],[-66.70689,18.31666],[-66.70983,18.31549],[-66.71571,18.31523],[-66.71757,18.31593],[-66.72003,18.32309],[-66.72147,18.32373],[-66.72076,18.32726],[-66.72281,18.33179]]]},"properties":{"TRACTCE":"957000","GEOID":"72141957000","NAME":"9570","NAMELSAD":"Census Tract 9570","COUNTYFP":"141"}},
{"type":"Feature","geometry":{"type":"Polygon","coordinates":[[[-66.05824,18.44823],[-66.05896,18.44413],[-66.0553,18.44327],[-66.05399,18.44249],[-66.05333,18.44514],[-66.0528,18.44742],[-66.0563,18.44782],[-66.05824,18.44823]]]},"properties":{"TRACTCE":"002600","GEOID":"72127002600","NAME":"26","NAMELSAD":"Census Tract 26","COUNTYFP":"127"}},
{"type":"Feature","geometry":{"type":"Polygon","coordinates":[[[-66.04949,18.44014],[-66.04567,18.43799],[-66.04457,18.4399],[-66.04642,18.44074],[-66.04578,18.44275],[-66.04814,18.44365],[-66.04949,18.44014]]]},"properties":{"TRACTCE":"003000","GEOID":"72127003000","NAME":"30","NAMELSAD":"Census Tract 30","COUNTYFP":"127"}},
{"type":"Feature","geometry":{"type":"Polygon","coordinates":[[[-65.79327,18.37834],[-65.81247,18.37435],[-65.81961,18.3747],[-65.81599,18.37117],[-65.81585,18.36589],[-65.81246,18.36151],[-65.81235,18.35924],[-65.80856,18.35791],[-65.80559,18.36003],[-65.80467,18.35983],[-65.79973,18.35681],[-65.79957,18.35343],[-65.79852,18.35282],[-65.79446,18.35516],[-65.78587,18.35815],[-65.78551,18.35932],[-65.78743,18.36011],[-65.78745,18.36094],[-65.78439,18.3631],[-65.78149,18.36826],[-65.77944,18.36862],[-65.77869,18.36876],[-65.78029,18.37095],[-65.78823,18.37692],[-65.79327,18.37834]]]},"properties":{"TRACTCE":"130601","GEOID":"72119130601","NAME":"1306.01","NAMELSAD":"Census Tract 1306.01","COUNTYFP":"119"}},
{"type":"Feature","geometry":{"type":"Polygon","coordinates":[[[-66.01918,18.4049],[-66.01868,18.40229],[-66.02088,18.40197],[-66.01979,18.39682],[-66.01386,18.39698],[-66.01425,18.40486],[-66.01483,18.40648],[-66.01959,18.406],[-66.01918,18.4049]]]},"properties":{"TRACTCE":"005102","GEOID":"72127005102","NAME":"51.02","NAMELSAD":"Census Tract 51.02","COUNTYFP":"127"}},
{"type":"Feature","geometry":{"type":"Polygon","coordinates":[[[-66.02768,18.40463],[-66.02638,18.39596],[-66.01979,18.39682],[-66.02088,18.40197],[-66.01868,18.40229],[-66.01918,18.4049],[-66.02768,18.40463]]]},"properties":{"TRACTCE":"005103","GEOID":"72127005103","NAME":"51.03","NAMELSAD":"Census Tract 51.03","COUNTYFP":"127"}},
{"type":"Feature","geometry":{"type":"Polygon","coordinates":[[[-66.00377,18.40439],[-66.00405,18.40384],[-66.00295,18.40438],[-65.99774,18.40112],[-65.99606,18.40266],[-65.99768,18.4051],[-65.99658,18.4058],[-65.99651,18.40877],[-65.99996,18.41035],[-66.00377,18.40439]]]},"properties":{"TRACTCE":"005201","GEOID":"72127005201","NAME":"52.01","NAMELSAD":"Census Tract 52.01","COUNTYFP":"127"}},
{"type":"Feature","geometry":{"type":"Polygon","coordinates":[[[-66.00735,18.41327],[-66.00963,18.4105],[-66.0075,18.40883],[-66.00904,18.40696],[-66.00541,18.40453],[-66.00377,18.40439],[-65.99996,18.41035],[-66.00382,18.41124],[-66.00735,18.41327]]]},"properties":{"TRACTCE":"005202","GEOID":"72127005202","NAME":"52.02","NAMELSAD":"Census Tract 52.02","COUNTYFP":"127"}},
{"type":"Feature","geometry":{"type":"Polygon","coordinates":[[[-66.00541,18.40453],[-66.00545,18.40394],[-66.00694,18.40403],[-66.00691,18.39717],[-66.00555,18.3972],[-65.99554,18.39802],[-65.99774,18.40112],[-66.00295,18.40438],[-66.00405,18.40384],[-66.00377,18.40439],[-66.00541,18.40453]]]},"properties":{"TRACTCE":"005204","GEOID":"72127005204","NAME":"52.04","NAMELSAD":"Census Tract 52.04","COUNTYFP":"127"}},
{"type":"Feature","geometry":{"type":"Polygon","coordinates":[[[-66.17756,18.4193],[-66.17748,18.41872],[-66.16919,18.41984],[-66.16914,18.41534],[-66.16197,18.41536],[-66.16394,18.41925],[-66.16552,18.43007],[-66.16952,18.431],[-66.16954,18.43071],[-66.17074,18.42926],[-66.16936,18.42811],[-66.16972,18.4257],[-66.17256,18.42267],[-66.17265,18.42105],[-66.17756,18.4193]]]},"properties":{"TRACTCE":"031011","GEOID":"72021031011","NAME":"310.11","NAMELSAD":"Census Tract 310.11","COUNTYFP":"021"}},
{"type":"Feature","geometry":{"type":"Polygon","coordinates":[[[-65.90674,18.17978],[-65.91048,18.17475],[-65.90984,18.17385],[-65.90695,18.17307],[-65.90505,18.17473],[-65.90455,18.17227],[-65.90047,18.17175],[-65.90157,18.17095],[-65.9006,18.16883],[-65.90308,18.16836],[-65.90407,18.16654],[-65.90331,18.16385],[-65.90433,18.16351],[-65.90359,18.16213],[-65.90507,18.15995],[-65.90651,18.16016],[-65.90597,18.1593],[-65.90789,18.15608],[-65.90558,18.15329],[-65.9062,18.15008],[-65.90725,18.14901],[-65.9059,18.14437],[-65.90502,18.14434],[-65.90426,18.14623],[-65.90245,18.14722],[-65.89987,18.14703],[-65.89814,18.14582],[-65.89288,18.14647],[-65.89113,18.1479],[-65.88865,18.14675],[-65.8861,18.14821],[-65.88652,18.15266],[-65.88777,18.15448],[-65.89022,18.15492],[-65.89203,18.15844],[-65.89127,18.16041],[-65.89193,18.16458],[-65.89009,18.16674],[-65.89011,18.17395],[-65.89572,18.17459],[-65.89457,18.17805],[-65.89535,18.17791],[-65.89598,18.17983],[-65.89822,18.18082],[-65.89962,18.18419],[-65.90116,18.18398],[-65.90291,18.18592],[-65.90674,18.17978]]]},"properties":{"TRACTCE":"190304","GEOID":"72085190304","NAME":"1903.04","NAMELSAD":"Census Tract 1903.04","COUNTYFP":"085"}},
{"type":"Feature","geometry":{"type":"Polygon","coordinates":[[[-65.89889,18.19556],[-65.89228,18.18737],[-65.88609,18.18352],[-65.87682,18.17517],[-65.87339,18.17689],[-65.87086,18.18014],[-65.8696,18.18366],[-65.87338,18.1854],[-65.87327,18.18862],[-65.87524,18.1942],[-65.87454,18.19559],[-65.87834,18.19839],[-65.87816,18.20467],[-65.87605,18.20678],[-65.87245,18.20825],[-65.87341,18.21033],[-65.87566,18.21104],[-65.87395,18.21345],[-65.87476,18.21591],[-65.88263,18.20799],[-65.88762,18.19835],[-65.89075,18.20007],[-65.89432,18.20023],[-65.89602,18.20236],[-65.89889,18.19556]]]},"properties":{"TRACTCE":"190104","GEOID":"72085190104","NAME":"1901.04","NAMELSAD":"Census Tract 1901.04","COUNTYFP":"085"}},
{"type":"Feature","geometry":{"type":"Polygon","coordinates":[[[-65.87245,18.20825],[-65.87605,18.20678],[-65.87816,18.20467],[-65.87834,18.19839],[-65.87454,18.19559],[-65.87524,18.1942],[-65.87327,18.18862],[-65.87338,18.1854],[-65.8696,18.18366],[-65.86876,18.18348],[-65.86742,18.19036],[-65.86672,18.18707],[-65.86087,18.1854],[-65.86036,18.18333],[-65.86111,18.18239],[-65.85986,18.18148],[-65.85363,18.18188],[-65.85218,18.18116],[-65.85092,18.18172],[-65.8497,18.18059],[-65.84662,18.1813],[-65.84598,18.18035],[-65.84657,18.17793],[-65.84582,18.17833],[-65.84225,18.17711],[-65.83661,18.1753],[-65.83528,18.18003],[-65.83272,18.18431],[-65.8302,18.18525],[-65.82774,18.18789],[-65.8295,18.1883],[-65.83157,18.18736],[-65.83328,18.18818],[-65.83446,18.18708],[-65.83818,18.18679],[-65.83862,18.18925],[-65.8418,18.18999],[-65.84387,18.1849],[-65.84888,18.18576],[-65.85003,18.18322],[-65.8512,18.18312],[-65.8537,18.18818],[-65.8552,18.18922],[-65.85532,18.19175],[-65.85689,18.19192],[-65.85685,18.19291],[-65.85878,18.19436],[-65.861,18.19408],[-65.86097,18.19509],[-65.86444,18.19752],[-65.86372,18.1989],[-65.86507,18.19794],[-65.86533,18.19947],[-65.86853,18.2034],[-65.86912,18.20678],[-65.87245,18.20825]]]},"properties":{"TRACTCE":"190103","GEOID":"72085190103","NAME":"1901.03","NAMELSAD":"Census Tract 1901.03","COUNTYFP":"085"}},
{"type":"Feature","geometry":{"type":"Polygon","coordinates":[[[-65.89889,18.19556],[-65.9019,18.1915],[-65.90291,18.18592],[-65.90116,18.18398],[-65.89962,18.18419],[-65.89822,18.18082],[-65.89598,18.17983],[-65.89535,18.17791],[-65.89457,18.17805],[-65.89572,18.17459],[-65.89011,18.17395],[-65.89009,18.16674],[-65.89193,18.16458],[-65.89127,18.16041],[-65.89203,18.15844],[-65.89022,18.15492],[-65.88777,18.15448],[-65.88652,18.15266],[-65.8861,18.14821],[-65.88191,18.14439],[-65.88004,18.14032],[-65.88051,18.13864],[-65.87568,18.13856],[-65.87314,18.14033],[-65.87056,18.14761],[-65.86558,18.14633],[-65.86426,18.14722],[-65.86176,18.14702],[-65.86171,18.15136],[-65.86204,18.15594],[-65.85789,18.16296],[-65.86446,18.1661],[-65.87056,18.17031],[-65.87256,18.16876],[-65.8706,18.1647],[-65.87365,18.15589],[-65.87444,18.15542],[-65.87688,18.15678],[-65.88027,18.15699],[-65.88082,18.15759],[-65.87975,18.15926],[-65.88025,18.16055],[-65.87901,18.1649],[-65.88,18.16708],[-65.87916,18.17167],[-65.87843,18.1741],[-65.87682,18.17517],[-65.88609,18.18352],[-65.89228,18.18737],[-65.89889,18.19556]]]},"properties":{"TRACTCE":"190303","GEOID":"72085190303","NAME":"1903.03","NAMELSAD":"Census Tract 1903.03","COUNTYFP":"085"}},
{"type":"Feature","geometry":{"type":"Polygon","coordinates":[[[-66.12216,18.37629],[-66.1215,18.37566],[-66.12225,18.37324],[-66.11986,18.37344],[-66.11825,18.36945],[-66.11605,18.36794],[-66.11664,18.36753],[-66.11555,18.36633],[-66.1154,18.36724],[-66.1141,18.36643],[-66.11204,18.3671],[-66.11072,18.36656],[-66.10943,18.36708],[-66.10869,18.37257],[-66.10783,18.38256],[-66.11122,18.38337],[-66.11261,18.38164],[-66.11836,18.37925],[-66.12143,18.37803],[-66.12216,18.37629]]]},"properties":{"TRACTCE":"040443","GEOID":"72061040443","NAME":"404.43","NAMELSAD":"Census Tract 404.43","COUNTYFP":"061"}},
{"type":"Feature","geometry":{"type":"Polygon","coordinates":[[[-66.1187,18.34436],[-66.1198,18.34333],[-66.12429,18.34232],[-66.12547,18.34112],[-66.12807,18.34194],[-66.12755,18.33963],[-66.12936,18.33904],[-66.12842,18.33816],[-66.12948,18.33673],[-66.13304,18.33667],[-66.1321,18.33578],[-66.13348,18.33381],[-66.13638,18.33309],[-66.13443,18.32985],[-66.13064,18.3266],[-66.12924,18.32725],[-66.1261,18.32467],[-66.12383,18.32451],[-66.12143,18.32297],[-66.11965,18.32345],[-66.11624,18.32442],[-66.11033,18.32344],[-66.10727,18.32953],[-66.10411,18.33017],[-66.10377,18.33276],[-66.10481,18.33355],[-66.11039,18.33361],[-66.11173,18.33443],[-66.11081,18.33489],[-66.11091,18.33624],[-66.11168,18.33645],[-66.11113,18.33721],[-66.11271,18.33846],[-66.11214,18.34055],[-66.11034,18.34201],[-66.11275,18.34453],[-66.11191,18.3469],[-66.11089,18.34692],[-66.11165,18.34831],[-66.11297,18.34758],[-66.11427,18.34811],[-66.11655,18.34433],[-66.11792,18.34368],[-66.1187,18.34436]]]},"properties":{"TRACTCE":"040701","GEOID":"72061040701","NAME":"407.01","NAMELSAD":"Census Tract 407.01","COUNTYFP":"061"}},
{"type":"Feature","geometry":{"type":"Polygon","coordinates":[[[-66.11829,18.36121],[-66.12953,18.36461],[-66.13178,18.36422],[-66.13219,18.36326],[-66.12968,18.36073],[-66.12618,18.3596],[-66.12522,18.35735],[-66.12297,18.35566],[-66.12091,18.35515],[-66.11661,18.35605],[-66.1149,18.35852],[-66.11632,18.35913],[-66.11473,18.36116],[-66.11684,18.36176],[-66.11758,18.36005],[-66.11829,18.36121]]]},"properties":{"TRACTCE":"040603","GEOID":"72061040603","NAME":"406.03","NAMELSAD":"Census Tract 406.03","COUNTYFP":"061"}},
{"type":"Feature","geometry":{"type":"Polygon","coordinates":[[[-66.10179,18.34939],[-66.0982,18.34964],[-66.09824,18.35084],[-66.09632,18.35357],[-66.09794,18.3559],[-66.0964,18.3547],[-66.09558,18.35555],[-66.09437,18.35499],[-66.09237,18.35663],[-66.08979,18.35616],[-66.08835,18.35714],[-66.08952,18.35949],[-66.09025,18.36104],[-66.09181,18.36116],[-66.09187,18.36377],[-66.08995,18.3662],[-66.09084,18.36797],[-66.09545,18.36662],[-66.10092,18.36413],[-66.10148,18.36269],[-66.09728,18.36095],[-66.09931,18.35715],[-66.10118,18.35637],[-66.10088,18.35121],[-66.10179,18.34939]]]},"properties":{"TRACTCE":"040446","GEOID":"72061040446","NAME":"404.46","NAMELSAD":"Census Tract 404.46","COUNTYFP":"061"}},
{"type":"Feature","geometry":{"type":"Polygon","coordinates":[[[-66.13452,18.37458],[-66.1348,18.37313],[-66.13765,18.37334],[-66.1382,18.36295],[-66.13913,18.36183],[-66.14049,18.36313],[-66.14125,18.36266],[-66.14193,18.35759],[-66.13927,18.35546],[-66.136,18.34918],[-66.13611,18.34505],[-66.13752,18.34393],[-66.13789,18.34232],[-66.13705,18.34153],[-66.13484,18.34168],[-66.13596,18.33621],[-66.13354,18.33555],[-66.13381,18.33468],[-66.13647,18.33352],[-66.13638,18.33309],[-66.13348,18.33381],[-66.1321,18.33578],[-66.13304,18.33667],[-66.12948,18.33673],[-66.12842,18.33816],[-66.12936,18.33904],[-66.12755,18.33963],[-66.12807,18.34194],[-66.12547,18.34112],[-66.12429,18.34232],[-66.1198,18.34333],[-66.1187,18.34436],[-66.1177,18.3449],[-66.11781,18.34663],[-66.11584,18.34957],[-66.11661,18.35605],[-66.12091,18.35515],[-66.12297,18.35566],[-66.12522,18.35735],[-66.12618,18.3596],[-66.12968,18.36073],[-66.13273,18.3601],[-66.13524,18.36509],[-66.13564,18.36707],[-66.13491,18.36779],[-66.13573,18.36978],[-66.13257,18.37362],[-66.13452,18.37458]]]},"properties":{"TRACTCE":"040702","GEOID":"72061040702","NAME":"407.02","NAMELSAD":"Census Tract 407.02","COUNTYFP":"061"}},
{"type":"Feature","geometry":{"type":"Polygon","coordinates":[[[-66.13519,18.3827],[-66.13731,18.37991],[-66.13752,18.37774],[-66.13452,18.37458],[-66.13257,18.37362],[-66.13011,18.37051],[-66.12673,18.37236],[-66.12789,18.36909],[-66.12491,18.37031],[-66.12427,18.36916],[-66.12284,18.36986],[-66.12032,18.36838],[-66.11835,18.36784],[-66.11798,18.36889],[-66.11791,18.36731],[-66.11736,18.36713],[-66.11718,18.36818],[-66.11664,18.36753],[-66.11605,18.36794],[-66.11825,18.36945],[-66.11986,18.37344],[-66.12225,18.37324],[-66.1215,18.37566],[-66.12216,18.37629],[-66.13519,18.3827]]]},"properties":{"TRACTCE":"040444","GEOID":"72061040444","NAME":"404.44","NAMELSAD":"Census Tract 404.44","COUNTYFP":"061"}},
{"type":"Feature","geometry":{"type":"Polygon","coordinates":[[[-66.13257,18.37362],[-66.13573,18.36978],[-66.13491,18.36779],[-66.13564,18.36707],[-66.13524,18.36509],[-66.13273,18.3601],[-66.12968,18.36073],[-66.13219,18.36326],[-66.13178,18.36422],[-66.12953,18.36461],[-66.11829,18.36121],[-66.11817,18.36318],[-66.11916,18.36379],[-66.1185,18.36516],[-66.11891,18.36585],[-66.12026,18.3657],[-66.12032,18.36838],[-66.12284,18.36986],[-66.12427,18.36916],[-66.12491,18.37031],[-66.12789,18.36909],[-66.12673,18.37236],[-66.13011,18.37051],[-66.13257,18.37362]]]},"properties":{"TRACTCE":"040604","GEOID":"72061040604","NAME":"406.04","NAMELSAD":"Census Tract 406.04","COUNTYFP":"061"}},
{"type":"Feature","geometry":{"type":"Polygon","coordinates":[[[-66.10842,18.36195],[-66.10638,18.3512],[-66.10179,18.34939],[-66.10088,18.35121],[-66.10118,18.35637],[-66.09931,18.35715],[-66.09728,18.36095],[-66.10148,18.36269],[-66.10842,18.36195]]]},"properties":{"TRACTCE":"040445","GEOID":"72061040445","NAME":"404.45","NAMELSAD":"Census Tract 404.45","COUNTYFP":"061"}},
{"type":"Feature","geometry":{"type":"Polygon","coordinates":[[[-67.13219,18.4595],[-67.13508,18.45642],[-67.13747,18.45166],[-67.13504,18.45039],[-67.13431,18.45097],[-67.13044,18.44857],[-67.12719,18.45015],[-67.12548,18.44898],[-67.12263,18.4489],[-67.12123,18.44728],[-67.12149,18.44419],[-67.12038,18.44341],[-67.11835,18.44495],[-67.11661,18.44463],[-67.11352,18.44592],[-67.11371,18.4466],[-67.11207,18.44768],[-67.11348,18.4509],[-67.1115,18.45573],[-67.11294,18.45945],[-67.11273,18.46399],[-67.11928,18.46354],[-67.12317,18.46675],[-67.12866,18.4602],[-67.13219,18.4595]]]},"properties":{"TRACTCE":"401304","GEOID":"72005401304","NAME":"4013.04","NAMELSAD":"Census Tract 4013.04","COUNTYFP":"005"}},
{"type":"Feature","geometry":{"type":"Polygon","coordinates":[[[-67.11782,18.47836],[-67.12119,18.47531],[-67.12342,18.46923],[-67.12317,18.46675],[-67.11928,18.46354],[-67.11273,18.46399],[-67.11294,18.45945],[-67.1115,18.45573],[-67.10241,18.45858],[-67.10121,18.45815],[-67.10029,18.45972],[-67.09398,18.46422],[-67.08463,18.46598],[-67.08491,18.47137],[-67.08298,18.47213],[-67.08296,18.47356],[-67.07237,18.47597],[-67.07129,18.47719],[-67.06879,18.47714],[-67.06901,18.4743],[-67.06546,18.47311],[-67.06234,18.47097],[-67.06175,18.46958],[-67.05881,18.47042],[-67.05924,18.47598],[-67.05846,18.47998],[-67.06146,18.4807],[-67.06326,18.4844],[-67.06708,18.48378],[-67.06963,18.48613],[-67.07358,18.48789],[-67.07401,18.48864],[-67.07638,18.48899],[-67.07926,18.48797],[-67.08252,18.48928],[-67.08269,18.49626],[-67.08494,18.49751],[-67.08453,18.49529],[-67.09068,18.48942],[-67.10189,18.48753],[-67.10737,18.48459],[-67.11003,18.47976],[-67.11782,18.47836]]]},"properties":{"TRACTCE":"401303","GEOID":"72005401303","NAME":"4013.03","NAMELSAD":"Census Tract 4013.03","COUNTYFP":"005"}},
{"type":"Feature","geometry":{"type":"Polygon","coordinates":[[[-67.1619,18.41655],[-67.15845,18.41415],[-67.16064,18.41277],[-67.16217,18.40989],[-67.15946,18.41034],[-67.15636,18.41249],[-67.15777,18.41068],[-67.15693,18.41095],[-67.15702,18.40985],[-67.15868,18.40987],[-67.15933,18.40808],[-67.15712,18.40763],[-67.1576,18.40329],[-67.15589,18.40201],[-67.15508,18.39957],[-67.15358,18.39936],[-67.15252,18.41649],[-67.1535,18.41642],[-67.15267,18.41733],[-67.15265,18.42359],[-67.15185,18.42984],[-67.15286,18.42926],[-67.1534,18.43003],[-67.15873,18.4312],[-67.1588,18.42281],[-67.1619,18.41655]]]},"properties":{"TRACTCE":"401500","GEOID":"72005401500","NAME":"4015","NAMELSAD":"Census Tract 4015","COUNTYFP":"005"}},
{"type":"Feature","geometry":{"type":"Polygon","coordinates":[[[-66.98969,17.93546],[-66.99962,17.91585],[-66.99962,17.8839],[-66.99682,17.88407],[-66.97692,17.87873],[-66.96783,17.8788],[-66.96233,17.87726],[-66.95402,17.8765],[-66.94197,17.87744],[-66.93833,17.87847],[-66.921,17.87518],[-66.9129,17.87699],[-66.90273,17.88192],[-66.8975,17.88521],[-66.89056,17.89371],[-66.88145,17.8913],[-66.872,17.89141],[-66.8572,17.89401],[-66.84702,17.89706],[-66.84327,17.89895],[-66.83993,17.89899],[-66.85728,17.94812],[-66.85888,17.94349],[-66.87077,17.93941],[-66.87462,17.93685],[-66.87686,17.93761],[-66.87996,17.94391],[-66.88353,17.94675],[-66.88798,17.94658],[-66.89556,17.94484],[-66.90736,17.94437],[-66.91957,17.94029],[-66.91956,17.93797],[-66.91618,17.9344],[-66.91745,17.92813],[-66.91963,17.92565],[-66.92175,17.92479],[-66.92835,17.92437],[-66.94447,17.9293],[-66.95259,17.92923],[-66.95912,17.92741],[-66.96141,17.92959],[-66.96185,17.93567],[-66.96278,17.93678],[-66.96818,17.94135],[-66.98317,17.94831],[-66.98969,17.93546]],[[-66.97429,17.93011],[-66.97351,17.93134],[-66.97168,17.93171],[-66.97031,17.93016],[-66.97043,17.92837],[-66.97258,17.92779],[-66.97429,17.93011]]]},"properties":{"TRACTCE":"990000","GEOID":"72055990000","NAME":"9900","NAMELSAD":"Census Tract 9900","COUNTYFP":"055"}},
{"type":"Feature","geometry":{"type":"Polygon","coordinates":[[[-66.91396,17.97454],[-66.91404,17.9732],[-66.91512,17.97252],[-66.91761,17.97299],[-66.92071,17.97236],[-66.92181,17.96925],[-66.9219,17.96529],[-66.92106,17.96415],[-66.91731,17.96249],[-66.9104,17.96189],[-66.90821,17.96355],[-66.90839,17.96876],[-66.90774,17.96902],[-66.90758,17.97147],[-66.9039,17.97113],[-66.90396,17.97898],[-66.91149,17.97623],[-66.91396,17.97454]]]},"properties":{"TRACTCE":"961300","GEOID":"72055961300","NAME":"9613","NAMELSAD":"Census Tract 9613","COUNTYFP":"055"}},
{"type":"Feature","geometry":{"type":"Polygon","coordinates":[[[-66.92259,18.0273],[-66.92271,18.022],[-66.92163,18.01943],[-66.92242,18.01551],[-66.91848,18.01286],[-66.91116,18.00536],[-66.91102,17.99248],[-66.90781,17.99165],[-66.90449,17.99251],[-66.89952,17.99577],[-66.89356,17.99823],[-66.88205,18.00184],[-66.88074,18.00317],[-66.87717,18.0014],[-66.8724,18.00128],[-66.86892,18.00321],[-66.86604,18.0032],[-66.8689,18.0071],[-66.87526,18.01131],[-66.87509,18.01416],[-66.87594,18.01481],[-66.87794,18.01627],[-66.88025,18.01591],[-66.88235,18.01676],[-66.88166,18.01774],[-66.88219,18.02036],[-66.88392,18.01952],[-66.88554,18.0199],[-66.88483,18.0251],[-66.89041,18.02365],[-66.89376,18.02566],[-66.89513,18.02333],[-66.90073,18.02455],[-66.901,18.0263],[-66.90511,18.0266],[-66.90673,18.02484],[-66.91093,18.02395],[-66.91733,18.02726],[-66.92259,18.0273]]]},"properties":{"TRACTCE":"960900","GEOID":"72055960900","NAME":"9609","NAMELSAD":"Census Tract 9609","COUNTYFP":"055"}},
{"type":"Feature","geometry":{"type":"Polygon","coordinates":[[[-66.96231,17.99051],[-66.94666,17.97497],[-66.93519,17.97273],[-66.92943,17.97452],[-66.91744,17.97338],[-66.91396,17.97454],[-66.91149,17.97623],[-66.90396,17.97898],[-66.90166,17.98231],[-66.90757,17.9831],[-66.90781,17.99165],[-66.91102,17.99248],[-66.91116,18.00536],[-66.91848,18.01286],[-66.92242,18.01551],[-66.92163,18.01943],[-66.92271,18.022],[-66.92259,18.0273],[-66.92435,18.02742],[-66.92556,18.02874],[-66.93081,18.03058],[-66.9342,18.03059],[-66.93636,18.02949],[-66.93858,18.03006],[-66.94721,18.03351],[-66.95312,18.03375],[-66.9588,18.03245],[-66.96231,17.99051]]]},"properties":{"TRACTCE":"961000","GEOID":"72055961000","NAME":"9610","NAMELSAD":"Census Tract 9610","COUNTYFP":"055"}},
{"type":"Feature","geometry":{"type":"Polygon","coordinates":[[[-66.9104,17.96189],[-66.9078,17.95312],[-66.90736,17.94437],[-66.89556,17.94484],[-66.88798,17.94658],[-66.88353,17.94675],[-66.87996,17.94391],[-66.87686,17.93761],[-66.87462,17.93685],[-66.87077,17.93941],[-66.85888,17.94349],[-66.85728,17.94812],[-66.85738,17.9484],[-66.85823,17.95082],[-66.86322,17.96529],[-66.86379,17.98823],[-66.86289,17.99179],[-66.86299,17.99662],[-66.86604,18.0032],[-66.86892,18.00321],[-66.8724,18.00128],[-66.87717,18.0014],[-66.88074,18.00317],[-66.88205,18.00184],[-66.89356,17.99823],[-66.89952,17.99577],[-66.90449,17.99251],[-66.90781,17.99165],[-66.90757,17.9831],[-66.90166,17.98231],[-66.90396,17.97898],[-66.9039,17.97113],[-66.90276,17.96852],[-66.90421,17.96374],[-66.90821,17.96355],[-66.9104,17.96189]]]},"properties":{"TRACTCE":"961100","GEOID":"72055961100","NAME":"9611","NAMELSAD":"Census Tract 9611","COUNTYFP":"055"}},
{"type":"Feature","geometry":{"type":"Polygon","coordinates":[[[-66.9039,17.97113],[-66.90758,17.97147],[-66.90774,17.96902],[-66.90839,17.96876],[-66.90821,17.96355],[-66.90421,17.96374],[-66.90276,17.96852],[-66.9039,17.97113]]]},"properties":{"TRACTCE":"961200","GEOID":"72055961200","NAME":"9612","NAMELSAD":"Census Tract 9612","COUNTYFP":"055"}},
{"type":"Feature","geometry":{"type":"Polygon","coordinates":[[[-66.76296,17.99802],[-66.75934,17.99781],[-66.76769,17.99477],[-66.76581,17.99217],[-66.76241,17.99173],[-66.75965,17.99021],[-66.7602,17.98747],[-66.7632,17.98756],[-66.76551,17.98663],[-66.76692,17.98487],[-66.76781,17.98088],[-66.76661,17.97723],[-66.76416,17.97761],[-66.76198,17.97366],[-66.76004,17.97276],[-66.75473,17.97223],[-66.75424,17.97086],[-66.75903,17.96754],[-66.75903,17.96543],[-66.75483,17.9623],[-66.75023,17.96055],[-66.74752,17.96086],[-66.74424,17.96617],[-66.74413,17.96945],[-66.74045,17.97157],[-66.74095,17.97581],[-66.74413,17.97751],[-66.74976,17.97888],[-66.74886,17.9819],[-66.74597,17.98556],[-66.74452,17.98477],[-66.7453,17.98344],[-66.74485,17.98],[-66.74006,17.97692],[-66.7331,17.97941],[-66.72981,17.98736],[-66.72541,17.98826],[-66.71922,17.98635],[-66.71666,17.98339],[-66.72017,17.98445],[-66.72201,17.98307],[-66.72324,17.97735],[-66.72079,17.97533],[-66.7268,17.97168],[-66.73126,17.97613],[-66.737,17.97358],[-66.73845,17.96569],[-66.73295,17.96251],[-66.72953,17.96428],[-66.72729,17.96819],[-66.72744,17.97126],[-66.71163,17.97643],[-66.71155,17.9777],[-66.70756,17.97726],[-66.69988,17.97451],[-66.6991,17.97765],[-66.6981,17.98162],[-66.6932,17.98333],[-66.69178,17.98501],[-66.69196,17.98684],[-66.68837,17.98881],[-66.68677,17.99149],[-66.68731,17.9929],[-66.68937,17.99432],[-66.68782,17.99841],[-66.68944,18.00009],[-66.69002,18.00374],[-66.68786,18.00963],[-66.68818,18.01336],[-66.68634,18.01697],[-66.68942,18.02984],[-66.69517,18.0197],[-66.69834,18.01859],[-66.70158,18.01199],[-66.70333,18.01092],[-66.70458,18.00855],[-66.71622,18.0075],[-66.71798,18.0066],[-66.72395,18.00855],[-66.72893,18.00913],[-66.72926,18.01639],[-66.73183,18.01944],[-66.7317,18.02352],[-66.72766,18.03462],[-66.72593,18.03668],[-66.72055,18.03812],[-66.7205,18.04108],[-66.7236,18.03985],[-66.73275,18.04351],[-66.7364,18.04375],[-66.73628,18.04254],[-66.73829,18.04113],[-66.73908,18.03939],[-66.7382,18.03696],[-66.74178,18.03077],[-66.73613,18.02355],[-66.73292,18.01737],[-66.73464,18.01413],[-66.73765,18.01332],[-66.73957,18.01414],[-66.74188,18.01357],[-66.74892,18.01033],[-66.75161,18.00627],[-66.75121,18.00498],[-66.75216,18.00193],[-66.75431,17.99906],[-66.76296,17.99802]]]},"properties":{"TRACTCE":"730800","GEOID":"72111730800","NAME":"7308","NAMELSAD":"Census Tract 7308","COUNTYFP":"111"}},
{"type":"Feature","geometry":{"type":"Polygon","coordinates":[[[-66.10834,18.44248],[-66.10828,18.4389],[-66.10755,18.42726],[-66.10422,18.42416],[-66.10198,18.42674],[-66.101,18.42533],[-66.09877,18.42666],[-66.09951,18.42818],[-66.09834,18.42887],[-66.09829,18.42777],[-66.09422,18.42631],[-66.08272,18.43913],[-66.08527,18.44116],[-66.08941,18.4429],[-66.10834,18.44248]]]},"properties":{"TRACTCE":"980104","GEOID":"72127980104","NAME":"9801.04","NAMELSAD":"Census Tract 9801.04","COUNTYFP":"127"}},
{"type":"Feature","geometry":{"type":"Polygon","coordinates":[[[-66.03072,18.38904],[-66.03641,18.38702],[-66.03708,18.38435],[-66.03484,18.38435],[-66.03418,18.38336],[-66.03324,18.38421],[-66.03223,18.38359],[-66.03232,18.38156],[-66.02934,18.38028],[-66.02859,18.38168],[-66.02672,18.38211],[-66.03072,18.38904]]]},"properties":{"TRACTCE":"009112","GEOID":"72127009112","NAME":"91.12","NAMELSAD":"Census Tract 91.12","COUNTYFP":"127"}},
{"type":"Feature","geometry":{"type":"Polygon","coordinates":[[[-66.04309,18.39663],[-66.04407,18.39441],[-66.04126,18.3904],[-66.04224,18.38731],[-66.04082,18.38569],[-66.03708,18.38435],[-66.03641,18.38702],[-66.03072,18.38904],[-66.03113,18.39177],[-66.0313,18.39499],[-66.03558,18.39462],[-66.03561,18.39541],[-66.04091,18.39569],[-66.04079,18.39631],[-66.04309,18.39663]]]},"properties":{"TRACTCE":"009121","GEOID":"72127009121","NAME":"91.21","NAMELSAD":"Census Tract 91.21","COUNTYFP":"127"}},
{"type":"Feature","geometry":{"type":"Polygon","coordinates":[[[-66.032,18.37326],[-66.0347,18.37369],[-66.03375,18.3759],[-66.03527,18.37688],[-66.03641,18.37517],[-66.03593,18.37727],[-66.03755,18.37586],[-66.03904,18.37717],[-66.03769,18.37665],[-66.03685,18.37782],[-66.04142,18.3792],[-66.0415,18.37641],[-66.03977,18.37159],[-66.03535,18.36968],[-66.03467,18.36979],[-66.032,18.37326]]]},"properties":{"TRACTCE":"009123","GEOID":"72127009123","NAME":"91.23","NAMELSAD":"Census Tract 91.23","COUNTYFP":"127"}},
{"type":"Feature","geometry":{"type":"Polygon","coordinates":[[[-66.06502,18.40216],[-66.06618,18.40215],[-66.06829,18.39448],[-66.06609,18.39176],[-66.06497,18.39142],[-66.06564,18.3929],[-66.06469,18.39354],[-66.06496,18.39548],[-66.06289,18.40158],[-66.06502,18.40216]]]},"properties":{"TRACTCE":"008603","GEOID":"72127008603","NAME":"86.03","NAMELSAD":"Census Tract 86.03","COUNTYFP":"127"}},
{"type":"Feature","geometry":{"type":"Polygon","coordinates":[[[-66.05243,18.3961],[-66.05149,18.39436],[-66.04875,18.39301],[-66.049,18.39061],[-66.04787,18.39008],[-66.04929,18.38928],[-66.0493,18.38749],[-66.05172,18.38743],[-66.05064,18.38667],[-66.04709,18.3865],[-66.04626,18.3851],[-66.0447,18.38563],[-66.04452,18.38674],[-66.04224,18.38731],[-66.04126,18.3904],[-66.04407,18.39441],[-66.04309,18.39663],[-66.04338,18.39763],[-66.04941,18.39769],[-66.04989,18.39551],[-66.05243,18.3961]]]},"properties":{"TRACTCE":"009300","GEOID":"72127009300","NAME":"93","NAMELSAD":"Census Tract 93","COUNTYFP":"127"}},
{"type":"Feature","geometry":{"type":"Polygon","coordinates":[[[-66.06815,18.3826],[-66.07354,18.37512],[-66.08117,18.36722],[-66.08034,18.36694],[-66.07716,18.36743],[-66.06994,18.37087],[-66.06667,18.37191],[-66.06578,18.37603],[-66.06434,18.37801],[-66.06341,18.37794],[-66.06248,18.38161],[-66.06479,18.38353],[-66.06557,18.38252],[-66.06654,18.3832],[-66.06743,18.38205],[-66.06815,18.3826]]]},"properties":{"TRACTCE":"009602","GEOID":"72127009602","NAME":"96.02","NAMELSAD":"Census Tract 96.02","COUNTYFP":"127"}},
{"type":"Feature","geometry":{"type":"Polygon","coordinates":[[[-65.9879,18.05483],[-65.98877,18.05345],[-65.98727,18.05054],[-65.9897,18.05073],[-65.98924,18.04949],[-65.99047,18.04995],[-65.99045,18.0489],[-65.99471,18.04717],[-65.9952,18.0455],[-65.99605,18.04556],[-65.99815,18.04243],[-65.99988,18.04161],[-65.99887,18.04104],[-65.99887,18.03971],[-65.99572,18.04111],[-65.99638,18.03879],[-65.99877,18.03758],[-66.00187,18.03809],[-66.00277,18.03685],[-66.00404,18.03765],[-66.00872,18.03461],[-66.01226,18.02518],[-66.01632,18.0248],[-66.01865,18.02203],[-66.01993,18.02166],[-66.02131,18.01881],[-66.02017,18.01839],[-66.01865,18.02028],[-66.01825,18.01745],[-66.02181,18.01348],[-66.0288,18.01646],[-66.02917,18.01233],[-66.03106,18.00785],[-66.02959,18.00549],[-66.03207,18.00518],[-66.03845,18.00065],[-66.03772,17.99843],[-66.03518,17.99852],[-66.03479,17.9974],[-66.03315,17.9976],[-66.03114,17.99611],[-66.02797,17.99449],[-66.02397,17.9903],[-66.02366,17.98514],[-66.01841,17.9759],[-66.01416,17.96674],[-66.01106,17.96701],[-66.01611,17.97919],[-66.0161,17.98106],[-66.01267,17.98654],[-66.01448,17.98828],[-66.01462,17.99254],[-66.0158,17.9951],[-66.0134,17.99661],[-66.00938,17.99675],[-66.01014,17.99828],[-66.00224,18.00619],[-65.99985,18.00999],[-65.99634,18.01265],[-65.99507,18.015],[-65.99271,18.01505],[-65.9918,18.01721],[-65.99226,18.01862],[-65.99044,18.0226],[-65.99408,18.02854],[-65.99236,18.02955],[-65.99154,18.03321],[-65.98454,18.03306],[-65.9819,18.03484],[-65.98004,18.0385],[-65.98019,18.04044],[-65.98238,18.04041],[-65.98221,18.04127],[-65.98558,18.04521],[-65.98519,18.05046],[-65.9879,18.05483]]]},"properties":{"TRACTCE":"290200","GEOID":"72109290200","NAME":"2902","NAMELSAD":"Census Tract 2902","COUNTYFP":"109"}},
{"type":"Feature","geometry":{"type":"Polygon","coordinates":[[[-65.9819,18.03484],[-65.98454,18.03306],[-65.99154,18.03321],[-65.99236,18.02955],[-65.99408,18.02854],[-65.99044,18.0226],[-65.99226,18.01862],[-65.9918,18.01721],[-65.99271,18.01505],[-65.99046,18.01077],[-65.99238,18.00601],[-65.99183,18.00455],[-65.99014,18.00421],[-65.98792,18.00522],[-65.98182,18.00429],[-65.9792,18.00301],[-65.97791,17.99885],[-65.97884,17.99462],[-65.98219,17.99069],[-65.98027,17.98732],[-65.98191,17.97848],[-65.98537,17.97879],[-65.98659,17.97537],[-65.98312,17.97344],[-65.98541,17.97191],[-65.98606,17.97032],[-65.98697,17.96096],[-65.95725,17.95913],[-65.93295,17.96068],[-65.91012,17.96772],[-65.90272,17.97255],[-65.90693,17.97751],[-65.90927,17.98028],[-65.9124,17.97827],[-65.91576,17.9847],[-65.91775,17.98578],[-65.92049,17.98507],[-65.92226,17.98606],[-65.92615,17.986],[-65.92904,17.98907],[-65.93149,17.9892],[-65.93792,17.99204],[-65.94312,17.99253],[-65.94276,17.99342],[-65.94407,17.9946],[-65.94463,17.99691],[-65.94589,17.99759],[-65.9482,18.0016],[-65.94876,18.00459],[-65.95337,18.00685],[-65.95524,18.01703],[-65.95272,18.01938],[-65.9534,18.02051],[-65.95299,18.02345],[-65.95883,18.02624],[-65.95959,18.02813],[-65.96296,18.02899],[-65.96613,18.02798],[-65.96748,18.02554],[-65.97163,18.02422],[-65.97442,18.02784],[-65.97565,18.03286],[-65.97833,18.03228],[-65.9819,18.03484]]]},"properties":{"TRACTCE":"290400","GEOID":"72109290400","NAME":"2904","NAMELSAD":"Census Tract 2904","COUNTYFP":"109"}},
{"type":"Feature","geometry":{"type":"Polygon","coordinates":[[[-66.05315,18.10729],[-66.05512,18.10543],[-66.05801,18.10429],[-66.06141,18.09978],[-66.06051,18.09875],[-66.06009,18.0904],[-66.06255,18.08806],[-66.06817,18.07883],[-66.07017,18.07971],[-66.07509,18.07552],[-66.08088,18.07435],[-66.08105,18.07306],[-66.07915,18.07061],[-66.08,18.06905],[-66.07927,18.06834],[-66.07949,18.06621],[-66.08161,18.06331],[-66.08427,18.06277],[-66.08527,18.06339],[-66.08782,18.06124],[-66.0894,18.05626],[-66.0876,18.05042],[-66.08554,18.04835],[-66.08739,18.04326],[-66.08516,18.03992],[-66.08615,18.03731],[-66.08568,18.03587],[-66.08301,18.03434],[-66.08226,18.03296],[-66.07943,18.03385],[-66.07704,18.03704],[-66.07119,18.03708],[-66.05766,18.04047],[-66.05418,18.03761],[-66.04833,18.03577],[-66.04666,18.03194],[-66.04368,18.02945],[-66.04331,18.02519],[-66.04408,18.02282],[-66.04266,18.02206],[-66.04188,18.01709],[-66.04565,18.01112],[-66.04693,18.0091],[-66.04463,18.0065],[-66.03978,18.00421],[-66.03845,18.00065],[-66.03207,18.00518],[-66.02959,18.00549],[-66.03106,18.00785],[-66.02917,18.01233],[-66.0288,18.01646],[-66.02181,18.01348],[-66.01825,18.01745],[-66.01865,18.02028],[-66.02017,18.01839],[-66.02131,18.01881],[-66.01993,18.02166],[-66.01865,18.02203],[-66.01632,18.0248],[-66.01226,18.02518],[-66.00872,18.03461],[-66.00404,18.03765],[-66.00277,18.03685],[-66.00187,18.03809],[-65.99877,18.03758],[-65.99638,18.03879],[-65.99572,18.04111],[-65.99887,18.03971],[-65.99887,18.04104],[-65.99988,18.04161],[-65.99815,18.04243],[-65.99605,18.04556],[-65.9952,18.0455],[-65.99471,18.04717],[-65.99045,18.0489],[-65.99047,18.04995],[-65.98924,18.04949],[-65.9897,18.05073],[-65.98727,18.05054],[-65.98877,18.05345],[-65.9879,18.05483],[-65.98912,18.05692],[-65.98852,18.05894],[-65.99074,18.05949],[-65.99231,18.06143],[-65.99386,18.0599],[-65.99936,18.0599],[-66.00327,18.06213],[-66.00752,18.06631],[-66.01027,18.06743],[-66.01057,18.07173],[-66.00861,18.07374],[-66.00969,18.07381],[-66.01024,18.07557],[-66.01397,18.07696],[-66.014,18.07864],[-66.01817,18.08146],[-66.01944,18.08372],[-66.01805,18.08714],[-66.01678,18.08761],[-66.01638,18.09174],[-66.01366,18.09284],[-66.01272,18.09446],[-66.01285,18.09642],[-66.01578,18.09705],[-66.0192,18.10103],[-66.01923,18.10244],[-66.02317,18.10335],[-66.02804,18.10145],[-66.03282,18.10173],[-66.03337,18.10248],[-66.0375,18.10309],[-66.03848,18.10409],[-66.04204,18.10384],[-66.05179,18.10988],[-66.05321,18.10953],[-66.05315,18.10729]]]},"properties":{"TRACTCE":"290100","GEOID":"72109290100","NAME":"2901","NAMELSAD":"Census Tract 2901","COUNTYFP":"109"}},
{"type":"Feature","geometry":{"type":"Polygon","coordinates":[[[-66.01106,17.96701],[-66.01416,17.96674],[-65.98755,17.90892],[-65.98092,17.91403],[-65.97288,17.92325],[-65.9587,17.92116],[-65.94461,17.92057],[-65.92175,17.92261],[-65.89932,17.92799],[-65.87793,17.93763],[-65.8733,17.93795],[-65.90272,17.97255],[-65.91012,17.96772],[-65.93295,17.96068],[-65.95725,17.95913],[-65.98697,17.96096],[-65.99405,17.96296],[-65.99961,17.96597],[-66.01106,17.96701]]]},"properties":{"TRACTCE":"990000","GEOID":"72109990000","NAME":"9900","NAMELSAD":"Census Tract 9900","COUNTYFP":"109"}},
{"type":"Feature","geometry":{"type":"Polygon","coordinates":[[[-65.99271,18.01505],[-65.99507,18.015],[-65.99634,18.01265],[-65.99985,18.00999],[-66.00224,18.00619],[-66.01014,17.99828],[-66.00938,17.99675],[-66.0134,17.99661],[-66.0158,17.9951],[-66.01462,17.99254],[-66.01448,17.98828],[-66.01267,17.98654],[-66.0161,17.98106],[-66.01611,17.97919],[-66.01106,17.96701],[-65.99961,17.96597],[-65.99405,17.96296],[-65.98697,17.96096],[-65.98606,17.97032],[-65.98541,17.97191],[-65.98312,17.97344],[-65.98659,17.97537],[-65.98537,17.97879],[-65.98191,17.97848],[-65.98027,17.98732],[-65.98219,17.99069],[-65.97884,17.99462],[-65.97791,17.99885],[-65.9792,18.00301],[-65.98182,18.00429],[-65.98792,18.00522],[-65.99014,18.00421],[-65.99183,18.00455],[-65.99238,18.00601],[-65.99046,18.01077],[-65.99271,18.01505]]]},"properties":{"TRACTCE":"290300","GEOID":"72109290300","NAME":"2903","NAMELSAD":"Census Tract 2903","COUNTYFP":"109"}},
{"type":"Feature","geometry":{"type":"Polygon","coordinates":[[[-66.43872,18.4895],[-66.43949,18.46225],[-66.41374,18.46041],[-66.41067,18.45722],[-66.40869,18.45654],[-66.40803,18.45503],[-66.40725,18.45099],[-66.40616,18.45003],[-66.4038,18.45178],[-66.40169,18.45163],[-66.39586,18.47565],[-66.39294,18.47852],[-66.38885,18.4787],[-66.38717,18.4796],[-66.38588,18.48095],[-66.38588,18.48291],[-66.38242,18.48244],[-66.37851,18.48406],[-66.37707,18.48582],[-66.37913,18.48622],[-66.3783,18.48918],[-66.37855,18.49486],[-66.38351,18.49512],[-66.39497,18.49869],[-66.39562,18.49343],[-66.39829,18.49371],[-66.39679,18.4927],[-66.39937,18.49056],[-66.39978,18.48086],[-66.40517,18.48112],[-66.40955,18.4801],[-66.4097,18.47784],[-66.41847,18.47759],[-66.41848,18.48123],[-66.42015,18.48143],[-66.42039,18.48372],[-66.41802,18.48612],[-66.41556,18.49865],[-66.41718,18.49851],[-66.42257,18.49303],[-66.42576,18.4918],[-66.4387,18.48993],[-66.43872,18.4895]]]},"properties":{"TRACTCE":"560204","GEOID":"72145560204","NAME":"5602.04","NAMELSAD":"Census Tract 5602.04","COUNTYFP":"145"}},
{"type":"Feature","geometry":{"type":"Polygon","coordinates":[[[-66.03811,18.41188],[-66.03969,18.41027],[-66.03901,18.40829],[-66.03624,18.40838],[-66.03056,18.40893],[-66.02779,18.41392],[-66.02577,18.42129],[-66.02993,18.41748],[-66.03087,18.41768],[-66.02991,18.41612],[-66.03055,18.41454],[-66.03165,18.41493],[-66.03262,18.41248],[-66.03688,18.41409],[-66.03811,18.41188]]]},"properties":{"TRACTCE":"004900","GEOID":"72127004900","NAME":"49","NAMELSAD":"Census Tract 49","COUNTYFP":"127"}},
{"type":"Feature","geometry":{"type":"Polygon","coordinates":[[[-66.09527,18.38675],[-66.09798,18.38656],[-66.09956,18.38529],[-66.10101,18.38198],[-66.10086,18.37982],[-66.09835,18.37945],[-66.09461,18.37705],[-66.0935,18.38051],[-66.09546,18.38235],[-66.09527,18.38675]]]},"properties":{"TRACTCE":"008002","GEOID":"72127008002","NAME":"80.02","NAMELSAD":"Census Tract 80.02","COUNTYFP":"127"}},
{"type":"Feature","geometry":{"type":"Polygon","coordinates":[[[-66.05202,18.38419],[-66.05224,18.38291],[-66.05123,18.38139],[-66.04502,18.37609],[-66.0423,18.37663],[-66.04227,18.37441],[-66.04075,18.37216],[-66.03977,18.37159],[-66.0415,18.37641],[-66.04142,18.3792],[-66.03685,18.37782],[-66.03769,18.37665],[-66.03904,18.37717],[-66.03755,18.37586],[-66.03593,18.37727],[-66.03641,18.37517],[-66.03527,18.37688],[-66.03375,18.3759],[-66.0347,18.37369],[-66.032,18.37326],[-66.02529,18.3798],[-66.02672,18.38211],[-66.02859,18.38168],[-66.02934,18.38028],[-66.03232,18.38156],[-66.03223,18.38359],[-66.03324,18.38421],[-66.03418,18.38336],[-66.03484,18.38435],[-66.03708,18.38435],[-66.03711,18.38264],[-66.03516,18.3809],[-66.0356,18.37972],[-66.04091,18.38237],[-66.04343,18.38238],[-66.04418,18.38346],[-66.04589,18.38275],[-66.04696,18.38424],[-66.05202,18.38419]]]},"properties":{"TRACTCE":"009122","GEOID":"72127009122","NAME":"91.22","NAMELSAD":"Census Tract 91.22","COUNTYFP":"127"}},
{"type":"Feature","geometry":{"type":"Polygon","coordinates":[[[-66.05541,18.39468],[-66.05601,18.39242],[-66.05359,18.3899],[-66.05202,18.38419],[-66.04696,18.38424],[-66.04589,18.38275],[-66.04418,18.38346],[-66.04343,18.38238],[-66.04091,18.38237],[-66.0356,18.37972],[-66.03516,18.3809],[-66.03711,18.38264],[-66.03708,18.38435],[-66.04082,18.38569],[-66.04224,18.38731],[-66.04452,18.38674],[-66.0447,18.38563],[-66.04626,18.3851],[-66.04709,18.3865],[-66.05064,18.38667],[-66.05172,18.38743],[-66.0493,18.38749],[-66.04929,18.38928],[-66.04787,18.39008],[-66.049,18.39061],[-66.04875,18.39301],[-66.05149,18.39436],[-66.05243,18.3961],[-66.05323,18.39666],[-66.05541,18.39468]]]},"properties":{"TRACTCE":"009400","GEOID":"72127009400","NAME":"94","NAMELSAD":"Census Tract 94","COUNTYFP":"127"}},
{"type":"Feature","geometry":{"type":"Polygon","coordinates":[[[-66.12899,18.5244],[-66.12907,18.48083],[-66.1182,18.47387],[-66.11387,18.47213],[-66.10669,18.47063],[-66.09613,18.46948],[-66.09462,18.47024],[-66.09028,18.47153],[-66.08013,18.46511],[-66.07505,18.46232],[-66.06891,18.46178],[-66.05892,18.46166],[-66.0511,18.46232],[-66.04459,18.46709],[-66.0343,18.45824],[-66.03397,18.51427],[-66.04112,18.51665],[-66.05142,18.51804],[-66.07486,18.51762],[-66.08968,18.51992],[-66.10765,18.51921],[-66.11568,18.52159],[-66.11975,18.52135],[-66.12899,18.5244]]]},"properties":{"TRACTCE":"990000","GEOID":"72127990000","NAME":"9900","NAMELSAD":"Census Tract 9900","COUNTYFP":"127"}},
{"type":"Feature","geometry":{"type":"Polygon","coordinates":[[[-66.11847,18.46913],[-66.11827,18.46846],[-66.11619,18.4686],[-66.11559,18.46638],[-66.1119,18.46729],[-66.11387,18.47213],[-66.1182,18.47387],[-66.11847,18.46913]]]},"properties":{"TRACTCE":"000400","GEOID":"72127000400","NAME":"4","NAMELSAD":"Census Tract 4","COUNTYFP":"127"}},
{"type":"Feature","geometry":{"type":"Polygon","coordinates":[[[-66.04986,18.44033],[-66.05136,18.43625],[-66.04606,18.43503],[-66.04511,18.43752],[-66.04567,18.43799],[-66.04949,18.44014],[-66.04986,18.44033]]]},"properties":{"TRACTCE":"003300","GEOID":"72127003300","NAME":"33","NAMELSAD":"Census Tract 33","COUNTYFP":"127"}},
{"type":"Feature","geometry":{"type":"Polygon","coordinates":[[[-66.04567,18.43799],[-66.04511,18.43752],[-66.04606,18.43503],[-66.04502,18.43486],[-66.04327,18.43501],[-66.04199,18.43772],[-66.04048,18.4363],[-66.03978,18.43711],[-66.03699,18.43635],[-66.0345,18.43679],[-66.03372,18.43437],[-66.032,18.43405],[-66.03335,18.43741],[-66.03919,18.44082],[-66.04281,18.44026],[-66.04384,18.44118],[-66.04457,18.4399],[-66.04567,18.43799]]]},"properties":{"TRACTCE":"003400","GEOID":"72127003400","NAME":"34","NAMELSAD":"Census Tract 34","COUNTYFP":"127"}},
{"type":"Feature","geometry":{"type":"Polygon","coordinates":[[[-66.05399,18.44249],[-66.05521,18.43764],[-66.05192,18.43651],[-66.05136,18.43625],[-66.04986,18.44033],[-66.05399,18.44249]]]},"properties":{"TRACTCE":"003200","GEOID":"72127003200","NAME":"32","NAMELSAD":"Census Tract 32","COUNTYFP":"127"}},
{"type":"Feature","geometry":{"type":"Polygon","coordinates":[[[-66.12933,18.17622],[-66.12852,18.17513],[-66.12758,18.17541],[-66.12759,18.17409],[-66.12468,18.17368],[-66.12141,18.17107],[-66.11798,18.16999],[-66.11405,18.17109],[-66.1069,18.17062],[-66.1051,18.17154],[-66.10172,18.18306],[-66.10684,18.19494],[-66.10847,18.19105],[-66.10722,18.18847],[-66.10925,18.18401],[-66.11095,18.18547],[-66.11176,18.18453],[-66.11274,18.18574],[-66.1142,18.18541],[-66.11491,18.18611],[-66.11925,18.18442],[-66.12047,18.18473],[-66.12099,18.17287],[-66.12933,18.17622]]]},"properties":{"TRACTCE":"240102","GEOID":"72041240102","NAME":"2401.02","NAMELSAD":"Census Tract 2401.02","COUNTYFP":"041"}},
{"type":"Feature","geometry":{"type":"Polygon","coordinates":[[[-66.14132,18.1977],[-66.1384,18.1946],[-66.13797,18.19263],[-66.14115,18.18738],[-66.14301,18.18618],[-66.14254,18.18296],[-66.13883,18.18108],[-66.13472,18.18138],[-66.13335,18.18012],[-66.13299,18.17837],[-66.12983,18.17761],[-66.12933,18.17622],[-66.12099,18.17287],[-66.12047,18.18473],[-66.11925,18.18442],[-66.11491,18.18611],[-66.1142,18.18541],[-66.11274,18.18574],[-66.11176,18.18453],[-66.11095,18.18547],[-66.10925,18.18401],[-66.10722,18.18847],[-66.10847,18.19105],[-66.10684,18.19494],[-66.10937,18.20093],[-66.11777,18.20995],[-66.12461,18.20791],[-66.12808,18.20517],[-66.13035,18.20186],[-66.13408,18.2003],[-66.13507,18.1987],[-66.13731,18.19763],[-66.14132,18.1977]]]},"properties":{"TRACTCE":"240101","GEOID":"72041240101","NAME":"2401.01","NAMELSAD":"Census Tract 2401.01","COUNTYFP":"041"}},
{"type":"Feature","geometry":{"type":"Polygon","coordinates":[[[-66.00289,18.23656],[-66.0031,18.2332],[-65.99994,18.23194],[-65.99745,18.22605],[-65.99726,18.22476],[-65.98989,18.22183],[-65.99367,18.22073],[-65.99079,18.22081],[-65.98976,18.21962],[-65.98693,18.22072],[-65.98444,18.22026],[-65.98337,18.22133],[-65.98195,18.22057],[-65.98061,18.22232],[-65.98128,18.22316],[-65.98042,18.22607],[-65.97183,18.2291],[-65.96667,18.22866],[-65.96513,18.22943],[-65.96128,18.22938],[-65.95604,18.22849],[-65.95102,18.22929],[-65.948,18.22987],[-65.95028,18.23081],[-65.94891,18.23352],[-65.94788,18.23325],[-65.94771,18.23169],[-65.94559,18.23262],[-65.94531,18.23373],[-65.94359,18.23169],[-65.94153,18.23225],[-65.93947,18.23412],[-65.94112,18.23525],[-65.94148,18.23753],[-65.94247,18.23686],[-65.94274,18.23908],[-65.94565,18.23996],[-65.94613,18.24125],[-65.94804,18.24137],[-65.94936,18.24386],[-65.94601,18.24427],[-65.94542,18.2465],[-65.96271,18.25006],[-65.97217,18.24904],[-65.97578,18.2496],[-65.97938,18.24974],[-65.98529,18.24818],[-65.99377,18.24673],[-66.00091,18.24432],[-66.00042,18.24247],[-66.00241,18.24008],[-66.00289,18.23656]]]},"properties":{"TRACTCE":"210504","GEOID":"72063210504","NAME":"2105.04","NAMELSAD":"Census Tract 2105.04","COUNTYFP":"063"}},
{"type":"Feature","geometry":{"type":"Polygon","coordinates":[[[-66.00868,18.27191],[-66.00764,18.27079],[-66.00251,18.26913],[-65.99961,18.26929],[-65.99624,18.26638],[-65.99345,18.26529],[-65.99166,18.26555],[-65.98585,18.262],[-65.98424,18.26205],[-65.98409,18.26297],[-65.98572,18.26647],[-65.98383,18.2663],[-65.98298,18.26783],[-65.98071,18.26615],[-65.98046,18.26247],[-65.9789,18.26127],[-65.97304,18.26577],[-65.97188,18.26583],[-65.97309,18.26034],[-65.97263,18.25898],[-65.9687,18.26644],[-65.96517,18.26789],[-65.96467,18.27401],[-65.96815,18.27774],[-65.96731,18.28029],[-65.96851,18.28371],[-65.96795,18.28462],[-65.96925,18.28673],[-65.97665,18.28767],[-65.97871,18.28969],[-65.98082,18.29023],[-65.98945,18.29053],[-65.99482,18.29291],[-65.99459,18.29035],[-65.99575,18.28989],[-65.99366,18.28714],[-65.99509,18.28637],[-65.99533,18.28428],[-65.99354,18.28432],[-65.99229,18.28325],[-65.99215,18.28037],[-65.99356,18.28166],[-65.99578,18.28078],[-66.00036,18.27633],[-66.00226,18.27553],[-66.0042,18.27652],[-66.00575,18.27536],[-66.00803,18.27682],[-66.00868,18.27191]]]},"properties":{"TRACTCE":"210201","GEOID":"72063210201","NAME":"2102.01","NAMELSAD":"Census Tract 2102.01","COUNTYFP":"063"}},
{"type":"Feature","geometry":{"type":"Polygon","coordinates":[[[-66.82595,18.45451],[-66.82555,18.45084],[-66.82699,18.44979],[-66.826,18.44856],[-66.82671,18.44779],[-66.82479,18.4469],[-66.82623,18.44361],[-66.82573,18.43833],[-66.82798,18.43747],[-66.82894,18.43545],[-66.82689,18.43316],[-66.82598,18.43093],[-66.8263,18.428],[-66.82392,18.42467],[-66.82498,18.42041],[-66.82424,18.41824],[-66.82065,18.41632],[-66.82099,18.41477],[-66.81873,18.41539],[-66.81717,18.41841],[-66.80561,18.4204],[-66.79525,18.42666],[-66.78849,18.42845],[-66.78142,18.42922],[-66.77005,18.43391],[-66.77062,18.43675],[-66.76832,18.44396],[-66.76728,18.46165],[-66.76826,18.46173],[-66.76917,18.46906],[-66.77119,18.46802],[-66.77387,18.46854],[-66.77796,18.46757],[-66.78422,18.46926],[-66.78571,18.46636],[-66.79081,18.46633],[-66.79307,18.46488],[-66.79316,18.46112],[-66.79339,18.45706],[-66.79131,18.45539],[-66.78965,18.4523],[-66.79227,18.45131],[-66.79923,18.45082],[-66.81391,18.45203],[-66.81562,18.45102],[-66.81815,18.45236],[-66.82152,18.45208],[-66.82595,18.45451]]]},"properties":{"TRACTCE":"310400","GEOID":"72065310400","NAME":"3104","NAMELSAD":"Census Tract 3104","COUNTYFP":"065"}},
{"type":"Feature","geometry":{"type":"Polygon","coordinates":[[[-66.82099,18.41477],[-66.82364,18.41247],[-66.82121,18.40544],[-66.81966,18.40424],[-66.81731,18.40421],[-66.81676,18.39826],[-66.81786,18.39553],[-66.8167,18.39251],[-66.81397,18.39022],[-66.81158,18.39115],[-66.81096,18.38944],[-66.8084,18.387],[-66.80496,18.3888],[-66.80352,18.39094],[-66.80189,18.39051],[-66.79941,18.39203],[-66.798,18.39186],[-66.79619,18.39135],[-66.79516,18.38931],[-66.79193,18.38954],[-66.79028,18.38653],[-66.78928,18.38631],[-66.78857,18.3874],[-66.78651,18.38718],[-66.78276,18.38521],[-66.78205,18.38771],[-66.77936,18.38844],[-66.77988,18.38972],[-66.77904,18.3918],[-66.76984,18.39209],[-66.76772,18.39463],[-66.77014,18.40803],[-66.7678,18.41579],[-66.76811,18.42065],[-66.76788,18.42737],[-66.76898,18.43244],[-66.77005,18.43391],[-66.78142,18.42922],[-66.78849,18.42845],[-66.79525,18.42666],[-66.80561,18.4204],[-66.81717,18.41841],[-66.81873,18.41539],[-66.82099,18.41477]]]},"properties":{"TRACTCE":"310500","GEOID":"72065310500","NAME":"3105","NAMELSAD":"Census Tract 3105","COUNTYFP":"065"}},
{"type":"Feature","geometry":{"type":"Polygon","coordinates":[[[-66.82408,18.34328],[-66.82604,18.32337],[-66.77028,18.32074],[-66.7702,18.32494],[-66.76903,18.37357],[-66.76711,18.39183],[-66.76772,18.39463],[-66.76984,18.39209],[-66.77904,18.3918],[-66.77988,18.38972],[-66.77936,18.38844],[-66.78205,18.38771],[-66.78276,18.38521],[-66.78651,18.38718],[-66.78857,18.3874],[-66.78928,18.38631],[-66.79028,18.38653],[-66.79193,18.38954],[-66.79516,18.38931],[-66.79619,18.39135],[-66.798,18.39186],[-66.79941,18.39203],[-66.80189,18.39051],[-66.80352,18.39094],[-66.80496,18.3888],[-66.8084,18.387],[-66.81096,18.38944],[-66.81158,18.39115],[-66.81397,18.39022],[-66.8106,18.38703],[-66.81236,18.38464],[-66.81451,18.3759],[-66.81434,18.3708],[-66.81587,18.36404],[-66.81801,18.36177],[-66.82007,18.36131],[-66.81962,18.35977],[-66.8212,18.35713],[-66.81891,18.35298],[-66.82408,18.34328]]]},"properties":{"TRACTCE":"310600","GEOID":"72065310600","NAME":"3106","NAMELSAD":"Census Tract 3106","COUNTYFP":"065"}},
{"type":"Feature","geometry":{"type":"Polygon","coordinates":[[[-66.83254,18.46367],[-66.83298,18.46275],[-66.83053,18.45928],[-66.831,18.45869],[-66.82631,18.45752],[-66.82576,18.45639],[-66.82666,18.45567],[-66.82541,18.45522],[-66.82595,18.45451],[-66.82152,18.45208],[-66.81815,18.45236],[-66.81562,18.45102],[-66.81391,18.45203],[-66.79923,18.45082],[-66.79227,18.45131],[-66.78965,18.4523],[-66.79131,18.45539],[-66.79339,18.45706],[-66.79316,18.46112],[-66.79975,18.46193],[-66.79943,18.46764],[-66.80337,18.46792],[-66.80475,18.47344],[-66.80723,18.47734],[-66.80882,18.47798],[-66.80891,18.47918],[-66.80777,18.48008],[-66.81065,18.48807],[-66.82311,18.48339],[-66.81862,18.47775],[-66.81855,18.47694],[-66.82043,18.47649],[-66.82024,18.47276],[-66.82284,18.472],[-66.82446,18.46942],[-66.82555,18.46941],[-66.82691,18.46792],[-66.82942,18.46813],[-66.83115,18.46785],[-66.83034,18.46732],[-66.83035,18.46478],[-66.83254,18.46367]]]},"properties":{"TRACTCE":"310300","GEOID":"72065310300","NAME":"3103","NAMELSAD":"Census Tract 3103","COUNTYFP":"065"}},
{"type":"Feature","geometry":{"type":"Polygon","coordinates":[[[-66.83669,18.54021],[-66.83659,18.49126],[-66.82936,18.49121],[-66.82367,18.49374],[-66.82045,18.49382],[-66.8193,18.49464],[-66.81081,18.49453],[-66.80484,18.49597],[-66.79568,18.49638],[-66.7826,18.49424],[-66.76457,18.48832],[-66.76457,18.48955],[-66.76469,18.53833],[-66.77044,18.54003],[-66.78602,18.54238],[-66.80422,18.54378],[-66.82296,18.5431],[-66.83669,18.54021]]]},"properties":{"TRACTCE":"990016","GEOID":"72065990016","NAME":"9900.16","NAMELSAD":"Census Tract 9900.16","COUNTYFP":"065"}},
{"type":"Feature","geometry":{"type":"Polygon","coordinates":[[[-66.90112,18.43494],[-66.90137,18.41768],[-66.89929,18.39739],[-66.89756,18.39815],[-66.89788,18.39674],[-66.8963,18.39489],[-66.89242,18.39312],[-66.89025,18.38787],[-66.88586,18.3847],[-66.88346,18.38469],[-66.88115,18.38309],[-66.88009,18.38153],[-66.88069,18.37855],[-66.8798,18.37732],[-66.87883,18.37913],[-66.87452,18.3818],[-66.87225,18.38141],[-66.8717,18.38246],[-66.86251,18.38656],[-66.85788,18.38518],[-66.85584,18.3879],[-66.85334,18.3838],[-66.84878,18.3822],[-66.84721,18.38039],[-66.84517,18.38024],[-66.84382,18.3781],[-66.84093,18.3777],[-66.83898,18.37275],[-66.83774,18.37223],[-66.835,18.3681],[-66.83299,18.36719],[-66.83276,18.37052],[-66.82664,18.37546],[-66.82108,18.37477],[-66.81918,18.37868],[-66.81754,18.37911],[-66.81572,18.3842],[-66.81236,18.38464],[-66.8106,18.38703],[-66.81397,18.39022],[-66.8167,18.39251],[-66.81786,18.39553],[-66.81676,18.39826],[-66.81731,18.40421],[-66.81966,18.40424],[-66.82121,18.40544],[-66.82364,18.41247],[-66.82099,18.41477],[-66.82065,18.41632],[-66.82424,18.41824],[-66.82498,18.42041],[-66.82392,18.42467],[-66.8263,18.428],[-66.82598,18.43093],[-66.82689,18.43316],[-66.82756,18.43341],[-66.82704,18.43241],[-66.82799,18.43076],[-66.83094,18.43134],[-66.83488,18.43073],[-66.83505,18.43391],[-66.83596,18.43524],[-66.84149,18.43566],[-66.84292,18.43688],[-66.84266,18.43847],[-66.84473,18.43782],[-66.8462,18.43958],[-66.84765,18.43898],[-66.84888,18.43186],[-66.85465,18.4331],[-66.85632,18.4291],[-66.85626,18.42603],[-66.86053,18.4274],[-66.86134,18.42678],[-66.87064,18.42628],[-66.87101,18.42474],[-66.87314,18.42451],[-66.87525,18.42036],[-66.87921,18.41949],[-66.88061,18.42005],[-66.88136,18.42183],[-66.88837,18.4224],[-66.88676,18.42662],[-66.89207,18.42772],[-66.89236,18.43072],[-66.89416,18.43462],[-66.90112,18.43494]]]},"properties":{"TRACTCE":"320500","GEOID":"72027320500","NAME":"3205","NAMELSAD":"Census Tract 3205","COUNTYFP":"027"}},
{"type":"Feature","geometry":{"type":"Polygon","coordinates":[[[-66.90118,18.45925],[-66.90094,18.45055],[-66.90112,18.43494],[-66.89416,18.43462],[-66.89236,18.43072],[-66.89207,18.42772],[-66.88676,18.42662],[-66.88837,18.4224],[-66.88136,18.42183],[-66.88061,18.42005],[-66.87921,18.41949],[-66.87525,18.42036],[-66.87314,18.42451],[-66.87101,18.42474],[-66.87064,18.42628],[-66.86134,18.42678],[-66.86053,18.4274],[-66.85626,18.42603],[-66.85632,18.4291],[-66.85465,18.4331],[-66.85448,18.43445],[-66.85314,18.43508],[-66.85447,18.43713],[-66.85416,18.44338],[-66.85915,18.44353],[-66.85798,18.46066],[-66.85422,18.4639],[-66.85376,18.47174],[-66.85176,18.47338],[-66.85307,18.47759],[-66.85415,18.47576],[-66.85755,18.47331],[-66.86138,18.47436],[-66.86572,18.47433],[-66.87456,18.4722],[-66.88405,18.46753],[-66.89353,18.4613],[-66.90118,18.45925]]]},"properties":{"TRACTCE":"320300","GEOID":"72027320300","NAME":"3203","NAMELSAD":"Census Tract 3203","COUNTYFP":"027"}},
{"type":"Feature","geometry":{"type":"Polygon","coordinates":[[[-66.85715,18.49512],[-66.85859,18.48919],[-66.85468,18.48742],[-66.85454,18.48299],[-66.85194,18.48303],[-66.85274,18.47854],[-66.84944,18.48095],[-66.83759,18.48088],[-66.83866,18.48377],[-66.83693,18.48422],[-66.83565,18.48654],[-66.83664,18.4876],[-66.83659,18.49103],[-66.84846,18.4941],[-66.85715,18.49512]]]},"properties":{"TRACTCE":"320100","GEOID":"72027320100","NAME":"3201","NAMELSAD":"Census Tract 3201","COUNTYFP":"027"}},
{"type":"Feature","geometry":{"type":"Polygon","coordinates":[[[-65.88269,18.04988],[-65.88486,18.04856],[-65.88703,18.04386],[-65.88626,18.04396],[-65.88502,18.0421],[-65.88572,18.04027],[-65.88527,18.03815],[-65.8825,18.03999],[-65.88059,18.04007],[-65.88011,18.04126],[-65.87934,18.04044],[-65.87203,18.03968],[-65.87038,18.0412],[-65.86934,18.04493],[-65.87146,18.04475],[-65.87955,18.0469],[-65.88269,18.04988]]]},"properties":{"TRACTCE":"951100","GEOID":"72151951100","NAME":"9511","NAMELSAD":"Census Tract 9511","COUNTYFP":"151"}},
{"type":"Feature","geometry":{"type":"Polygon","coordinates":[[[-66.09462,18.47024],[-66.09208,18.47055],[-66.09202,18.46753],[-66.09349,18.46443],[-66.08905,18.46268],[-66.08839,18.46424],[-66.08761,18.46415],[-66.08774,18.46571],[-66.08572,18.46433],[-66.0849,18.46483],[-66.08461,18.46303],[-66.08341,18.46219],[-66.08013,18.46511],[-66.09028,18.47153],[-66.09462,18.47024]]]},"properties":{"TRACTCE":"980105","GEOID":"72127980105","NAME":"9801.05","NAMELSAD":"Census Tract 9801.05","COUNTYFP":"127"}},
{"type":"Feature","geometry":{"type":"Polygon","coordinates":[[[-66.08272,18.43913],[-66.09422,18.42631],[-66.09829,18.42777],[-66.09834,18.42887],[-66.09951,18.42818],[-66.09877,18.42666],[-66.101,18.42533],[-66.10198,18.42674],[-66.10422,18.42416],[-66.09941,18.41935],[-66.09868,18.41797],[-66.09528,18.41856],[-66.09014,18.41777],[-66.08912,18.41578],[-66.08617,18.41648],[-66.08522,18.4139],[-66.08152,18.41485],[-66.07828,18.41638],[-66.08034,18.41842],[-66.08175,18.42133],[-66.08062,18.42275],[-66.07816,18.42551],[-66.07865,18.4259],[-66.07693,18.42879],[-66.07699,18.43265],[-66.08114,18.43852],[-66.08272,18.43913]]]},"properties":{"TRACTCE":"007004","GEOID":"72127007004","NAME":"70.04","NAMELSAD":"Census Tract 70.04","COUNTYFP":"127"}},
{"type":"Feature","geometry":{"type":"Polygon","coordinates":[[[-66.04735,18.42926],[-66.04593,18.42859],[-66.04283,18.4291],[-66.04169,18.42826],[-66.04066,18.42987],[-66.03858,18.42943],[-66.03676,18.43119],[-66.03808,18.43194],[-66.04405,18.43203],[-66.04735,18.42926]]]},"properties":{"TRACTCE":"003502","GEOID":"72127003502","NAME":"35.02","NAMELSAD":"Census Tract 35.02","COUNTYFP":"127"}},
{"type":"Feature","geometry":{"type":"Polygon","coordinates":[[[-67.11312,18.15994],[-67.11504,18.15943],[-67.11541,18.15823],[-67.11869,18.15796],[-67.12082,18.15596],[-67.12318,18.15661],[-67.12289,18.15743],[-67.12386,18.15803],[-67.126,18.15842],[-67.12798,18.15714],[-67.12923,18.15814],[-67.13199,18.15523],[-67.13272,18.15547],[-67.13704,18.15197],[-67.13865,18.15364],[-67.14095,18.15316],[-67.14144,18.15465],[-67.14312,18.15569],[-67.14489,18.15428],[-67.14464,18.1536],[-67.14074,18.15257],[-67.13999,18.15123],[-67.13811,18.15068],[-67.13384,18.14733],[-67.1327,18.14803],[-67.13075,18.14746],[-67.12994,18.14554],[-67.12619,18.14344],[-67.12369,18.14364],[-67.1233,18.1458],[-67.12252,18.14594],[-67.12105,18.14266],[-67.12284,18.14063],[-67.12094,18.13733],[-67.11951,18.13639],[-67.11851,18.13772],[-67.11933,18.13856],[-67.11593,18.14058],[-67.11539,18.1416],[-67.11671,18.14182],[-67.1145,18.14319],[-67.11435,18.14454],[-67.11222,18.14311],[-67.11111,18.14427],[-67.10994,18.14405],[-67.10937,18.14606],[-67.11077,18.14674],[-67.10894,18.14746],[-67.10953,18.14819],[-67.10891,18.14939],[-67.11011,18.15016],[-67.11044,18.15158],[-67.11559,18.15252],[-67.11651,18.15573],[-67.11098,18.15569],[-67.11124,18.1598],[-67.11312,18.15994]]]},"properties":{"TRACTCE":"820102","GEOID":"72067820102","NAME":"8201.02","NAMELSAD":"Census Tract 8201.02","COUNTYFP":"067"}},
{"type":"Feature","geometry":{"type":"Polygon","coordinates":[[[-67.11124,18.1598],[-67.11098,18.15569],[-67.11651,18.15573],[-67.11559,18.15252],[-67.11044,18.15158],[-67.11011,18.15016],[-67.10891,18.14939],[-67.10953,18.14819],[-67.10894,18.14746],[-67.11077,18.14674],[-67.10937,18.14606],[-67.10994,18.14405],[-67.11111,18.14427],[-67.11222,18.14311],[-67.11435,18.14454],[-67.1145,18.14319],[-67.11671,18.14182],[-67.11539,18.1416],[-67.11593,18.14058],[-67.11933,18.13856],[-67.11851,18.13772],[-67.11951,18.13639],[-67.11823,18.13447],[-67.11147,18.13272],[-67.09376,18.1246],[-67.09212,18.12537],[-67.09073,18.12615],[-67.09266,18.12767],[-67.09089,18.13163],[-67.09414,18.13476],[-67.09273,18.13736],[-67.09391,18.14231],[-67.09101,18.1422],[-67.09253,18.14618],[-67.09144,18.14788],[-67.08932,18.14896],[-67.08716,18.14853],[-67.088,18.14591],[-67.08585,18.14437],[-67.08402,18.14819],[-67.08466,18.14943],[-67.08636,18.14983],[-67.08723,18.14951],[-67.08948,18.15146],[-67.09291,18.15215],[-67.09435,18.1553],[-67.09687,18.1564],[-67.09813,18.15872],[-67.10083,18.15673],[-67.1038,18.15802],[-67.10534,18.15728],[-67.10869,18.15991],[-67.11124,18.1598]]]},"properties":{"TRACTCE":"820101","GEOID":"72067820101","NAME":"8201.01","NAMELSAD":"Census Tract 8201.01","COUNTYFP":"067"}},
{"type":"Feature","geometry":{"type":"Polygon","coordinates":[[[-66.56662,18.29855],[-66.56957,18.30025],[-66.57334,18.30032],[-66.57374,18.2962],[-66.57452,18.29569],[-66.57336,18.29493],[-66.57332,18.29084],[-66.57512,18.2917],[-66.57448,18.28864],[-66.5781,18.28424],[-66.58088,18.28478],[-66.5873,18.28406],[-66.59001,18.28282],[-66.59036,18.28395],[-66.59209,18.28296],[-66.59283,18.28387],[-66.59402,18.2832],[-66.5949,18.28471],[-66.59575,18.28334],[-66.59646,18.28434],[-66.59747,18.2841],[-66.59867,18.28195],[-66.59615,18.28268],[-66.59582,18.28183],[-66.59806,18.27925],[-66.59637,18.27891],[-66.59529,18.27691],[-66.59689,18.27457],[-66.59645,18.27079],[-66.59852,18.26964],[-66.59891,18.26647],[-66.60137,18.26472],[-66.5978,18.26155],[-66.59737,18.26024],[-66.60035,18.25623],[-66.60047,18.25514],[-66.59927,18.25393],[-66.59963,18.25203],[-66.60228,18.25137],[-66.60319,18.24857],[-66.60497,18.24669],[-66.60389,18.24633],[-66.60634,18.23813],[-66.60916,18.24088],[-66.61261,18.24186],[-66.61345,18.24375],[-66.61541,18.24493],[-66.61611,18.24736],[-66.61735,18.24746],[-66.61952,18.24942],[-66.62505,18.24707],[-66.62556,18.23547],[-66.62651,18.23351],[-66.62888,18.23614],[-66.62995,18.23462],[-66.6291,18.23241],[-66.6267,18.2301],[-66.62816,18.22622],[-66.62832,18.22271],[-66.62958,18.22118],[-66.62849,18.21461],[-66.62885,18.2119],[-66.62711,18.21138],[-66.62718,18.20915],[-66.62614,18.207],[-66.62834,18.20536],[-66.62915,18.20272],[-66.62653,18.20208],[-66.62169,18.20404],[-66.62001,18.20831],[-66.61592,18.21126],[-66.61528,18.21346],[-66.61608,18.21666],[-66.6134,18.21951],[-66.61319,18.22218],[-66.61212,18.22201],[-66.61222,18.22327],[-66.61066,18.22266],[-66.60934,18.22362],[-66.60707,18.22324],[-66.60576,18.22203],[-66.60456,18.22224],[-66.60425,18.22638],[-66.60598,18.22656],[-66.60681,18.23032],[-66.60833,18.23263],[-66.60543,18.23328],[-66.60341,18.23207],[-66.60313,18.23288],[-66.60021,18.23227],[-66.59776,18.23309],[-66.59756,18.23155],[-66.59298,18.23044],[-66.59005,18.23453],[-66.58829,18.23146],[-66.58936,18.22897],[-66.58829,18.22785],[-66.58873,18.22489],[-66.58615,18.22645],[-66.58442,18.22443],[-66.58648,18.22375],[-66.58803,18.22091],[-66.58731,18.21875],[-66.58537,18.21796],[-66.58491,18.21662],[-66.57966,18.21439],[-66.57867,18.21526],[-66.57926,18.21605],[-66.5779,18.21512],[-66.57765,18.21004],[-66.57616,18.20907],[-66.57104,18.20831],[-66.57116,18.2036],[-66.56884,18.2],[-66.56316,18.20109],[-66.56,18.20282],[-66.55793,18.20166],[-66.55695,18.20328],[-66.55397,18.20462],[-66.55246,18.20354],[-66.54942,18.20439],[-66.54406,18.20313],[-66.54226,18.20405],[-66.53811,18.20374],[-66.53643,18.20629],[-66.53854,18.21398],[-66.54211,18.21518],[-66.54553,18.22074],[-66.54888,18.22057],[-66.55523,18.23733],[-66.56238,18.24041],[-66.56446,18.24265],[-66.56416,18.24405],[-66.56257,18.24493],[-66.5631,18.24706],[-66.56226,18.2464],[-66.561,18.24751],[-66.56296,18.24979],[-66.56177,18.25085],[-66.56223,18.25369],[-66.55837,18.25312],[-66.55724,18.25406],[-66.55611,18.25353],[-66.55559,18.25442],[-66.55844,18.25734],[-66.56003,18.25725],[-66.55998,18.25867],[-66.55897,18.25889],[-66.56043,18.26146],[-66.55749,18.26293],[-66.55804,18.26458],[-66.55614,18.26458],[-66.5596,18.2688],[-66.55841,18.26972],[-66.55573,18.26904],[-66.55627,18.27185],[-66.55797,18.27171],[-66.55815,18.27645],[-66.5547,18.28158],[-66.56131,18.28427],[-66.56309,18.28799],[-66.56184,18.28825],[-66.56145,18.28987],[-66.56213,18.2909],[-66.56092,18.29354],[-66.564,18.29476],[-66.56654,18.29704],[-66.56662,18.29855]]]},"properties":{"TRACTCE":"956304","GEOID":"72073956304","NAME":"9563.04","NAMELSAD":"Census Tract 9563.04","COUNTYFP":"073"}},
{"type":"Feature","geometry":{"type":"Polygon","coordinates":[[[-66.58803,18.22091],[-66.58648,18.22375],[-66.58442,18.22443],[-66.58615,18.22645],[-66.58873,18.22489],[-66.58829,18.22785],[-66.58936,18.22897],[-66.58829,18.23146],[-66.59005,18.23453],[-66.59298,18.23044],[-66.59756,18.23155],[-66.59776,18.23309],[-66.60021,18.23227],[-66.60313,18.23288],[-66.60341,18.23207],[-66.60543,18.23328],[-66.60833,18.23263],[-66.60681,18.23032],[-66.60598,18.22656],[-66.60425,18.22638],[-66.60456,18.22224],[-66.60576,18.22203],[-66.60707,18.22324],[-66.60934,18.22362],[-66.61066,18.22266],[-66.61222,18.22327],[-66.61212,18.22201],[-66.61319,18.22218],[-66.6134,18.21951],[-66.61083,18.21821],[-66.60793,18.21438],[-66.60341,18.21531],[-66.59881,18.21366],[-66.59458,18.21723],[-66.59033,18.21831],[-66.58803,18.22091]]]},"properties":{"TRACTCE":"956305","GEOID":"72073956305","NAME":"9563.05","NAMELSAD":"Census Tract 9563.05","COUNTYFP":"073"}},
{"type":"Feature","geometry":{"type":"Polygon","coordinates":[[[-66.16007,18.42551],[-66.16187,18.42632],[-66.16199,18.42793],[-66.16505,18.42909],[-66.16552,18.43007],[-66.16394,18.41925],[-66.16197,18.41536],[-66.15897,18.40946],[-66.16024,18.40544],[-66.15712,18.40517],[-66.1554,18.40701],[-66.15445,18.40995],[-66.15742,18.42171],[-66.15854,18.42156],[-66.16007,18.42551]]]},"properties":{"TRACTCE":"031031","GEOID":"72021031031","NAME":"310.31","NAMELSAD":"Census Tract 310.31","COUNTYFP":"021"}},
{"type":"Feature","geometry":{"type":"Polygon","coordinates":[[[-66.95675,18.49219],[-66.95773,18.48718],[-66.95586,18.48456],[-66.95136,18.48875],[-66.94716,18.48894],[-66.94484,18.48797],[-66.93571,18.47584],[-66.93348,18.46975],[-66.92258,18.45961],[-66.92037,18.45888],[-66.91558,18.45377],[-66.91122,18.45164],[-66.90094,18.45055],[-66.90118,18.45925],[-66.90152,18.48694],[-66.91445,18.48918],[-66.9183,18.48901],[-66.93115,18.49268],[-66.94349,18.49462],[-66.94825,18.4946],[-66.95675,18.49219]]]},"properties":{"TRACTCE":"330100","GEOID":"72115330100","NAME":"3301","NAMELSAD":"Census Tract 3301","COUNTYFP":"115"}},
{"type":"Feature","geometry":{"type":"Polygon","coordinates":[[[-67.13757,18.24604],[-67.14675,18.2474],[-67.14319,18.23934],[-67.14366,18.23573],[-67.14136,18.23428],[-67.14013,18.23157],[-67.14051,18.22972],[-67.14386,18.22985],[-67.14523,18.23113],[-67.14876,18.22996],[-67.14874,18.23131],[-67.15054,18.23087],[-67.15188,18.22492],[-67.1555,18.22303],[-67.15509,18.21979],[-67.1549,18.21962],[-67.14618,18.21172],[-67.14462,18.21163],[-67.14096,18.21401],[-67.14111,18.21709],[-67.14026,18.21818],[-67.14065,18.22337],[-67.13688,18.22858],[-67.1323,18.2311],[-67.13157,18.23361],[-67.1326,18.23483],[-67.13211,18.23682],[-67.13339,18.2396],[-67.13363,18.24342],[-67.13757,18.24604]]]},"properties":{"TRACTCE":"081501","GEOID":"72097081501","NAME":"815.01","NAMELSAD":"Census Tract 815.01","COUNTYFP":"097"}},
{"type":"Feature","geometry":{"type":"Polygon","coordinates":[[[-67.15765,18.1562],[-67.15177,18.15371],[-67.15041,18.15413],[-67.14732,18.15516],[-67.14489,18.15428],[-67.14312,18.15569],[-67.14144,18.15465],[-67.14095,18.15316],[-67.13865,18.15364],[-67.13704,18.15197],[-67.13272,18.15547],[-67.13199,18.15523],[-67.12923,18.15814],[-67.12798,18.15714],[-67.126,18.15842],[-67.12386,18.15803],[-67.12289,18.15743],[-67.12318,18.15661],[-67.12082,18.15596],[-67.11869,18.15796],[-67.11541,18.15823],[-67.11504,18.15943],[-67.11312,18.15994],[-67.11313,18.17045],[-67.11591,18.16777],[-67.1212,18.16762],[-67.13137,18.17876],[-67.13177,18.18057],[-67.13383,18.18066],[-67.13411,18.17927],[-67.1386,18.18152],[-67.13873,18.17983],[-67.1373,18.17804],[-67.13651,18.17057],[-67.13447,18.16895],[-67.13246,18.16886],[-67.13271,18.16764],[-67.13993,18.16437],[-67.14068,18.1647],[-67.14182,18.16298],[-67.14347,18.16284],[-67.14509,18.16145],[-67.14608,18.16256],[-67.14815,18.16289],[-67.1489,18.16043],[-67.15015,18.1605],[-67.15163,18.15885],[-67.15765,18.1562]]]},"properties":{"TRACTCE":"082012","GEOID":"72097082012","NAME":"820.12","NAMELSAD":"Census Tract 820.12","COUNTYFP":"097"}},
{"type":"Feature","geometry":{"type":"Polygon","coordinates":[[[-66.10952,18.40727],[-66.109,18.40424],[-66.10687,18.40418],[-66.10596,18.40197],[-66.10134,18.40202],[-66.09858,18.40111],[-66.10289,18.40753],[-66.09799,18.41007],[-66.09981,18.41201],[-66.0998,18.41381],[-66.09785,18.41601],[-66.09868,18.41797],[-66.09941,18.41935],[-66.1082,18.40793],[-66.10952,18.40727]]]},"properties":{"TRACTCE":"040302","GEOID":"72061040302","NAME":"403.02","NAMELSAD":"Census Tract 403.02","COUNTYFP":"061"}},
{"type":"Feature","geometry":{"type":"Polygon","coordinates":[[[-66.12407,18.3991],[-66.12641,18.39593],[-66.12581,18.39461],[-66.12123,18.38475],[-66.117,18.38473],[-66.11793,18.38959],[-66.11727,18.394],[-66.11449,18.39369],[-66.1146,18.39128],[-66.11392,18.39125],[-66.1131,18.39176],[-66.11328,18.39391],[-66.10861,18.39876],[-66.10849,18.39888],[-66.109,18.40219],[-66.1106,18.40238],[-66.11282,18.40008],[-66.11601,18.40065],[-66.11736,18.40264],[-66.12119,18.3997],[-66.12407,18.3991]]]},"properties":{"TRACTCE":"040304","GEOID":"72061040304","NAME":"403.04","NAMELSAD":"Census Tract 403.04","COUNTYFP":"061"}},
{"type":"Feature","geometry":{"type":"Polygon","coordinates":[[[-66.27359,18.45673],[-66.29033,18.4548],[-66.28585,18.45319],[-66.28605,18.45223],[-66.2902,18.44988],[-66.29046,18.44894],[-66.28956,18.44873],[-66.29025,18.44623],[-66.28789,18.44488],[-66.28449,18.44062],[-66.2847,18.43892],[-66.27571,18.43587],[-66.26573,18.43454],[-66.265,18.42932],[-66.26284,18.42892],[-66.26121,18.43093],[-66.25991,18.4302],[-66.25759,18.43115],[-66.25821,18.43604],[-66.25745,18.43786],[-66.25507,18.43948],[-66.25544,18.44059],[-66.25918,18.44257],[-66.25723,18.44646],[-66.25892,18.44824],[-66.26102,18.44867],[-66.26126,18.45432],[-66.26781,18.45641],[-66.27359,18.45673]]]},"properties":{"TRACTCE":"540401","GEOID":"72051540401","NAME":"5404.01","NAMELSAD":"Census Tract 5404.01","COUNTYFP":"051"}},
{"type":"Feature","geometry":{"type":"Polygon","coordinates":[[[-65.89975,18.37487],[-65.90229,18.36604],[-65.90253,18.36308],[-65.90182,18.3617],[-65.90091,18.36096],[-65.89825,18.36095],[-65.89703,18.3619],[-65.89077,18.36228],[-65.88719,18.36103],[-65.88497,18.36138],[-65.8836,18.3597],[-65.88236,18.35964],[-65.88322,18.36114],[-65.88087,18.36446],[-65.88083,18.37324],[-65.87934,18.37433],[-65.88099,18.37733],[-65.88096,18.37894],[-65.88506,18.37923],[-65.88913,18.37938],[-65.89239,18.37841],[-65.89975,18.37487]]]},"properties":{"TRACTCE":"100503","GEOID":"72029100503","NAME":"1005.03","NAMELSAD":"Census Tract 1005.03","COUNTYFP":"029"}},
{"type":"Feature","geometry":{"type":"Polygon","coordinates":[[[-66.31545,18.47048],[-66.31742,18.45107],[-66.31031,18.45114],[-66.3071,18.4507],[-66.30727,18.45016],[-66.29469,18.44883],[-66.29025,18.44623],[-66.28956,18.44873],[-66.29046,18.44894],[-66.2902,18.44988],[-66.28605,18.45223],[-66.28585,18.45319],[-66.29033,18.4548],[-66.27359,18.45673],[-66.27285,18.46175],[-66.2717,18.46305],[-66.27712,18.46664],[-66.28724,18.46533],[-66.29456,18.46594],[-66.29699,18.46706],[-66.31545,18.47048]]]},"properties":{"TRACTCE":"540402","GEOID":"72051540402","NAME":"5404.02","NAMELSAD":"Census Tract 5404.02","COUNTYFP":"051"}},
{"type":"Feature","geometry":{"type":"Polygon","coordinates":[[[-66.13821,18.4628],[-66.13635,18.45887],[-66.1288,18.45419],[-66.1271,18.45213],[-66.12844,18.44968],[-66.13021,18.44892],[-66.13137,18.44956],[-66.13106,18.45232],[-66.13567,18.45379],[-66.13819,18.45622],[-66.13742,18.45339],[-66.13626,18.45085],[-66.13198,18.44592],[-66.1283,18.44407],[-66.12345,18.44311],[-66.11933,18.44319],[-66.11455,18.44532],[-66.1117,18.44554],[-66.10959,18.44387],[-66.11128,18.44208],[-66.11185,18.43995],[-66.10828,18.4389],[-66.10834,18.44248],[-66.10845,18.44535],[-66.1097,18.4472],[-66.11836,18.45493],[-66.12381,18.4608],[-66.12455,18.46155],[-66.1294,18.46563],[-66.1351,18.4638],[-66.13821,18.4628]]]},"properties":{"TRACTCE":"990201","GEOID":"72033990201","NAME":"9902.01","NAMELSAD":"Census Tract 9902.01","COUNTYFP":"033"}},
{"type":"Feature","geometry":{"type":"Polygon","coordinates":[[[-66.22858,18.36337],[-66.23106,18.36324],[-66.23115,18.36262],[-66.22586,18.35884],[-66.22467,18.35391],[-66.22824,18.35119],[-66.22477,18.35121],[-66.22278,18.35018],[-66.2207,18.35076],[-66.21837,18.34957],[-66.21669,18.35079],[-66.21884,18.3521],[-66.21786,18.35634],[-66.21984,18.35985],[-66.21926,18.36134],[-66.21773,18.36082],[-66.21422,18.36189],[-66.20838,18.36377],[-66.20967,18.36725],[-66.21226,18.36924],[-66.21219,18.37282],[-66.21518,18.3716],[-66.21708,18.36791],[-66.22452,18.36652],[-66.22643,18.36588],[-66.22858,18.36337]]]},"properties":{"TRACTCE":"510502","GEOID":"72135510502","NAME":"5105.02","NAMELSAD":"Census Tract 5105.02","COUNTYFP":"135"}},
{"type":"Feature","geometry":{"type":"Polygon","coordinates":[[[-66.24941,18.38322],[-66.249,18.3796],[-66.24751,18.37672],[-66.24498,18.37628],[-66.24681,18.37516],[-66.2453,18.37116],[-66.24249,18.372],[-66.24406,18.37213],[-66.24301,18.37281],[-66.23864,18.37326],[-66.23564,18.37257],[-66.2315,18.36899],[-66.23059,18.36488],[-66.2297,18.36416],[-66.23064,18.36347],[-66.22858,18.36337],[-66.22643,18.36588],[-66.22452,18.36652],[-66.22444,18.37093],[-66.22167,18.37586],[-66.22181,18.37994],[-66.22083,18.38203],[-66.21879,18.38406],[-66.21606,18.38317],[-66.21579,18.38439],[-66.21737,18.38429],[-66.21708,18.38585],[-66.21439,18.38939],[-66.21293,18.39452],[-66.22106,18.39721],[-66.23395,18.40148],[-66.23729,18.39917],[-66.2449,18.39496],[-66.2434,18.38782],[-66.2467,18.38354],[-66.24941,18.38322]]]},"properties":{"TRACTCE":"510200","GEOID":"72135510200","NAME":"5102","NAMELSAD":"Census Tract 5102","COUNTYFP":"135"}},
{"type":"Feature","geometry":{"type":"Polygon","coordinates":[[[-66.14786,18.43038],[-66.14985,18.42956],[-66.14709,18.42298],[-66.13549,18.4231],[-66.13567,18.42201],[-66.13158,18.42466],[-66.13121,18.42504],[-66.13698,18.43032],[-66.1381,18.43481],[-66.14172,18.43465],[-66.14199,18.4366],[-66.14694,18.43596],[-66.14516,18.43141],[-66.14786,18.43038]]]},"properties":{"TRACTCE":"020428","GEOID":"72033020428","NAME":"204.28","NAMELSAD":"Census Tract 204.28","COUNTYFP":"033"}},
{"type":"Feature","geometry":{"type":"Polygon","coordinates":[[[-65.66892,18.36417],[-65.67952,18.34639],[-65.6792,18.34361],[-65.67799,18.34271],[-65.67901,18.33932],[-65.68042,18.33892],[-65.68066,18.33623],[-65.68318,18.33202],[-65.68592,18.32999],[-65.68417,18.32375],[-65.67601,18.32435],[-65.67351,18.32719],[-65.66906,18.3219],[-65.66643,18.32361],[-65.66604,18.32493],[-65.66026,18.32626],[-65.66238,18.32877],[-65.66055,18.33038],[-65.66142,18.33127],[-65.65895,18.33389],[-65.65636,18.33842],[-65.66049,18.34081],[-65.66085,18.3467],[-65.66204,18.35015],[-65.66038,18.35045],[-65.66,18.35563],[-65.66119,18.35795],[-65.66049,18.35921],[-65.65954,18.35841],[-65.65837,18.35919],[-65.65904,18.36091],[-65.65612,18.3644],[-65.65742,18.36982],[-65.66378,18.36663],[-65.66834,18.3659],[-65.66892,18.36417]]]},"properties":{"TRACTCE":"150200","GEOID":"72053150200","NAME":"1502","NAMELSAD":"Census Tract 1502","COUNTYFP":"053"}},
{"type":"Feature","geometry":{"type":"Polygon","coordinates":[[[-65.65636,18.33842],[-65.65895,18.33389],[-65.65462,18.33035],[-65.6529,18.32768],[-65.65237,18.32884],[-65.65085,18.32835],[-65.64664,18.32991],[-65.6452,18.33593],[-65.6425,18.33875],[-65.6506,18.34188],[-65.65686,18.34202],[-65.65636,18.33842]]]},"properties":{"TRACTCE":"150301","GEOID":"72053150301","NAME":"1503.01","NAMELSAD":"Census Tract 1503.01","COUNTYFP":"053"}},
{"type":"Feature","geometry":{"type":"Polygon","coordinates":[[[-65.6506,18.34188],[-65.65085,18.3432],[-65.65185,18.34348],[-65.65169,18.34606],[-65.65343,18.34829],[-65.65039,18.34918],[-65.65132,18.35181],[-65.65443,18.35433],[-65.6583,18.34892],[-65.65686,18.34202],[-65.6506,18.34188]]]},"properties":{"TRACTCE":"150102","GEOID":"72053150102","NAME":"1501.02","NAMELSAD":"Census Tract 1501.02","COUNTYFP":"053"}},
{"type":"Feature","geometry":{"type":"Polygon","coordinates":[[[-65.68417,18.32375],[-65.68185,18.31592],[-65.68233,18.30946],[-65.68066,18.30811],[-65.6797,18.30843],[-65.68007,18.3062],[-65.67916,18.30705],[-65.67946,18.30852],[-65.67762,18.30949],[-65.67695,18.31204],[-65.66918,18.31391],[-65.66245,18.31113],[-65.66044,18.31126],[-65.65858,18.31285],[-65.6555,18.31276],[-65.65376,18.31666],[-65.65189,18.3178],[-65.65554,18.32417],[-65.65841,18.32421],[-65.66026,18.32626],[-65.66604,18.32493],[-65.66643,18.32361],[-65.66906,18.3219],[-65.67351,18.32719],[-65.67601,18.32435],[-65.68417,18.32375]]]},"properties":{"TRACTCE":"150500","GEOID":"72053150500","NAME":"1505","NAMELSAD":"Census Tract 1505","COUNTYFP":"053"}},
{"type":"Feature","geometry":{"type":"Polygon","coordinates":[[[-65.6425,18.33875],[-65.6452,18.33593],[-65.64664,18.32991],[-65.64525,18.32751],[-65.64487,18.32445],[-65.64337,18.32381],[-65.64191,18.32483],[-65.64238,18.32592],[-65.63825,18.32754],[-65.63381,18.3266],[-65.63071,18.33096],[-65.62975,18.33066],[-65.62994,18.32899],[-65.62868,18.32812],[-65.6246,18.32812],[-65.6246,18.34693],[-65.63341,18.3468],[-65.63331,18.34594],[-65.63358,18.34679],[-65.6366,18.34676],[-65.63672,18.34473],[-65.6425,18.33875]]]},"properties":{"TRACTCE":"150400","GEOID":"72053150400","NAME":"1504","NAMELSAD":"Census Tract 1504","COUNTYFP":"053"}},
{"type":"Feature","geometry":{"type":"Polygon","coordinates":[[[-66.29119,17.98457],[-66.29601,17.98165],[-66.2986,17.97626],[-66.30134,17.97546],[-66.30087,17.97415],[-66.29382,17.97495],[-66.28912,17.97424],[-66.28799,17.97958],[-66.29096,17.98186],[-66.29016,17.98358],[-66.29119,17.98457]]]},"properties":{"TRACTCE":"953000","GEOID":"72123953000","NAME":"9530","NAMELSAD":"Census Tract 9530","COUNTYFP":"123"}},
{"type":"Feature","geometry":{"type":"Polygon","coordinates":[[[-66.28974,17.98636],[-66.29329,17.98698],[-66.29777,17.98489],[-66.29945,17.983],[-66.30144,17.97761],[-66.3041,17.97655],[-66.30432,17.97304],[-66.30595,17.97061],[-66.30428,17.96968],[-66.30072,17.9698],[-66.30087,17.97415],[-66.30134,17.97546],[-66.2986,17.97626],[-66.29601,17.98165],[-66.29119,17.98457],[-66.28974,17.98636]]]},"properties":{"TRACTCE":"953100","GEOID":"72123953100","NAME":"9531","NAMELSAD":"Census Tract 9531","COUNTYFP":"123"}},
{"type":"Feature","geometry":{"type":"Polygon","coordinates":[[[-66.30679,17.95368],[-66.30702,17.95172],[-66.31193,17.94237],[-66.31784,17.93913],[-66.32167,17.93469],[-66.32608,17.93192],[-66.32816,17.92843],[-66.32458,17.92463],[-66.31942,17.92455],[-66.31501,17.93311],[-66.30519,17.93319],[-66.29679,17.93049],[-66.2868,17.92923],[-66.27619,17.92396],[-66.26832,17.92293],[-66.26458,17.92],[-66.25193,17.91327],[-66.24918,17.91082],[-66.21533,17.91132],[-66.21798,17.91458],[-66.22536,17.9254],[-66.21841,17.93503],[-66.22268,17.94266],[-66.22203,17.94469],[-66.2188,17.94774],[-66.22221,17.95238],[-66.22038,17.95559],[-66.22069,17.95686],[-66.22692,17.9643],[-66.2334,17.96688],[-66.23995,17.96711],[-66.24616,17.96484],[-66.24962,17.96237],[-66.25415,17.96246],[-66.25429,17.96153],[-66.2656,17.96268],[-66.26566,17.96458],[-66.2606,17.96541],[-66.26059,17.96804],[-66.28912,17.97424],[-66.29382,17.97495],[-66.30087,17.97415],[-66.30072,17.9698],[-66.30175,17.96315],[-66.29554,17.95926],[-66.29481,17.95803],[-66.30679,17.95368]]]},"properties":{"TRACTCE":"953200","GEOID":"72123953200","NAME":"9532","NAMELSAD":"Census Tract 9532","COUNTYFP":"123"}},
{"type":"Feature","geometry":{"type":"Polygon","coordinates":[[[-66.66004,17.98272],[-66.66064,17.98226],[-66.65904,17.97887],[-66.6593,17.97688],[-66.65994,17.97474],[-66.66276,17.97277],[-66.66317,17.96982],[-66.66181,17.96451],[-66.6605,17.94509],[-66.63775,17.94668],[-66.63823,17.98302],[-66.63613,17.98539],[-66.6369,17.99147],[-66.63495,17.99478],[-66.63569,17.99802],[-66.63672,17.99815],[-66.64404,18.00683],[-66.64457,18.00595],[-66.6413,18.00225],[-66.64241,18.00286],[-66.64373,18.00113],[-66.64478,18.00158],[-66.64603,17.99917],[-66.64447,17.99843],[-66.64499,17.99766],[-66.64758,17.99888],[-66.64832,17.99667],[-66.64908,17.99671],[-66.6506,17.99377],[-66.64696,17.99237],[-66.6503,17.99245],[-66.6479,17.98853],[-66.65597,17.98532],[-66.66004,17.98272]]]},"properties":{"TRACTCE":"073010","GEOID":"72113073010","NAME":"730.10","NAMELSAD":"Census Tract 730.10","COUNTYFP":"113"}},
{"type":"Feature","geometry":{"type":"Polygon","coordinates":[[[-66.66593,18.00542],[-66.66661,18.0022],[-66.66529,17.99944],[-66.66269,17.99704],[-66.65867,17.99653],[-66.65348,17.99225],[-66.6503,17.99245],[-66.64696,17.99237],[-66.6506,17.99377],[-66.64908,17.99671],[-66.64832,17.99667],[-66.64758,17.99888],[-66.64499,17.99766],[-66.64447,17.99843],[-66.64603,17.99917],[-66.64478,18.00158],[-66.64373,18.00113],[-66.64241,18.00286],[-66.6413,18.00225],[-66.64457,18.00595],[-66.64677,18.00702],[-66.64987,18.00508],[-66.65504,18.00665],[-66.65945,18.00455],[-66.66527,18.00468],[-66.66593,18.00542]]]},"properties":{"TRACTCE":"073009","GEOID":"72113073009","NAME":"730.09","NAMELSAD":"Census Tract 730.09","COUNTYFP":"113"}},
{"type":"Feature","geometry":{"type":"Polygon","coordinates":[[[-66.06123,18.23005],[-66.06076,18.22788],[-66.06277,18.22484],[-66.06209,18.2237],[-66.06431,18.22176],[-66.06554,18.21693],[-66.06642,18.21716],[-66.0675,18.21603],[-66.06858,18.21689],[-66.0687,18.21583],[-66.07103,18.21634],[-66.07181,18.21547],[-66.07274,18.21612],[-66.07419,18.21527],[-66.07537,18.21196],[-66.07691,18.21236],[-66.07831,18.21121],[-66.08279,18.21083],[-66.08557,18.20886],[-66.08044,18.20759],[-66.08097,18.20435],[-66.08034,18.2036],[-66.07919,18.20421],[-66.07914,18.20327],[-66.07815,18.20288],[-66.07636,18.20422],[-66.07318,18.20469],[-66.07265,18.20872],[-66.06807,18.21146],[-66.06442,18.21266],[-66.0615,18.21125],[-66.05768,18.21202],[-66.05851,18.2147],[-66.06008,18.21928],[-66.0582,18.22126],[-66.0602,18.22242],[-66.05704,18.22562],[-66.05412,18.22854],[-66.05346,18.22816],[-66.05213,18.23061],[-66.04974,18.23105],[-66.05639,18.23345],[-66.0597,18.23113],[-66.05843,18.23022],[-66.06123,18.23005]]]},"properties":{"TRACTCE":"202402","GEOID":"72025202402","NAME":"2024.02","NAMELSAD":"Census Tract 2024.02","COUNTYFP":"025"}},
{"type":"Feature","geometry":{"type":"Polygon","coordinates":[[[-66.01896,18.22031],[-66.01707,18.21098],[-66.01574,18.20918],[-66.0123,18.20793],[-66.01147,18.20039],[-66.0094,18.19621],[-66.00886,18.1971],[-66.00885,18.19571],[-66.00567,18.19588],[-66.0038,18.19498],[-66.00504,18.1964],[-66.0054,18.19863],[-66.00719,18.19931],[-66.00663,18.20272],[-66.00961,18.20551],[-66.01037,18.20737],[-66.00456,18.21354],[-66.00546,18.21464],[-66.00302,18.21785],[-66.00324,18.2186],[-66.01077,18.22107],[-66.01345,18.22485],[-66.01529,18.22482],[-66.01577,18.22232],[-66.01721,18.22233],[-66.01896,18.22031]]]},"properties":{"TRACTCE":"202601","GEOID":"72025202601","NAME":"2026.01","NAMELSAD":"Census Tract 2026.01","COUNTYFP":"025"}},
{"type":"Feature","geometry":{"type":"Polygon","coordinates":[[[-66.02363,18.2368],[-66.02977,18.23464],[-66.02935,18.23392],[-66.02764,18.2343],[-66.02263,18.23265],[-66.02143,18.23512],[-66.02363,18.2368]]]},"properties":{"TRACTCE":"200900","GEOID":"72025200900","NAME":"2009","NAMELSAD":"Census Tract 2009","COUNTYFP":"025"}},
{"type":"Feature","geometry":{"type":"Polygon","coordinates":[[[-66.06561,18.13153],[-66.06113,18.12301],[-66.06026,18.11859],[-66.06076,18.11632],[-66.05838,18.11598],[-66.05638,18.11408],[-66.05255,18.11307],[-66.05,18.11526],[-66.0444,18.115],[-66.04288,18.11406],[-66.03999,18.11691],[-66.03849,18.11707],[-66.03553,18.11932],[-66.0351,18.12194],[-66.03283,18.12509],[-66.03205,18.13166],[-66.0259,18.13393],[-66.02457,18.13528],[-66.02385,18.13644],[-66.02515,18.13881],[-66.01961,18.14551],[-66.0215,18.14861],[-66.02301,18.15354],[-66.01998,18.1587],[-66.02226,18.16604],[-66.0201,18.16769],[-66.01954,18.17092],[-66.017,18.17264],[-66.01683,18.17633],[-66.01966,18.18136],[-66.02225,18.18245],[-66.0252,18.18603],[-66.02759,18.18661],[-66.02991,18.18525],[-66.03181,18.18682],[-66.03301,18.18695],[-66.03571,18.19008],[-66.03728,18.19074],[-66.04039,18.18934],[-66.04348,18.18942],[-66.04381,18.18833],[-66.04995,18.18526],[-66.04169,18.17643],[-66.04356,18.16745],[-66.03963,18.16225],[-66.04036,18.15912],[-66.03965,18.15568],[-66.04548,18.15177],[-66.04481,18.15053],[-66.04904,18.15006],[-66.04892,18.14844],[-66.05141,18.14796],[-66.05252,18.14595],[-66.05032,18.14017],[-66.05188,18.13948],[-66.05298,18.13469],[-66.0584,18.13579],[-66.05993,18.13335],[-66.06222,18.13334],[-66.0637,18.13178],[-66.06561,18.13153]]]},"properties":{"TRACTCE":"202702","GEOID":"72025202702","NAME":"2027.02","NAMELSAD":"Census Tract 2027.02","COUNTYFP":"025"}},
{"type":"Feature","geometry":{"type":"Polygon","coordinates":[[[-66.07135,18.14989],[-66.06576,18.14793],[-66.06638,18.14602],[-66.06949,18.1424],[-66.06893,18.14025],[-66.06959,18.13752],[-66.06748,18.13217],[-66.06561,18.13153],[-66.0637,18.13178],[-66.06222,18.13334],[-66.05993,18.13335],[-66.0584,18.13579],[-66.05298,18.13469],[-66.05188,18.13948],[-66.05032,18.14017],[-66.05252,18.14595],[-66.05141,18.14796],[-66.04892,18.14844],[-66.04904,18.15006],[-66.04481,18.15053],[-66.04548,18.15177],[-66.03965,18.15568],[-66.04036,18.15912],[-66.03963,18.16225],[-66.04356,18.16745],[-66.04169,18.17643],[-66.04995,18.18526],[-66.05753,18.18796],[-66.0588,18.18016],[-66.05785,18.17108],[-66.06121,18.1696],[-66.06423,18.1659],[-66.06387,18.16471],[-66.06609,18.1612],[-66.06615,18.15975],[-66.06772,18.15896],[-66.06732,18.15798],[-66.06853,18.15673],[-66.0679,18.1562],[-66.07135,18.14989]]]},"properties":{"TRACTCE":"202701","GEOID":"72025202701","NAME":"2027.01","NAMELSAD":"Census Tract 2027.01","COUNTYFP":"025"}},
{"type":"Feature","geometry":{"type":"Polygon","coordinates":[[[-66.03716,18.25935],[-66.03535,18.24037],[-66.02935,18.24097],[-66.02749,18.24624],[-66.02341,18.25102],[-66.03043,18.25665],[-66.03716,18.25935]]]},"properties":{"TRACTCE":"200500","GEOID":"72025200500","NAME":"2005","NAMELSAD":"Census Tract 2005","COUNTYFP":"025"}},
{"type":"Feature","geometry":{"type":"Polygon","coordinates":[[[-66.03716,18.25935],[-66.03862,18.26432],[-66.04271,18.25735],[-66.04247,18.24488],[-66.04232,18.24097],[-66.04223,18.23829],[-66.03871,18.23604],[-66.03764,18.24],[-66.03535,18.24037],[-66.03716,18.25935]]]},"properties":{"TRACTCE":"200400","GEOID":"72025200400","NAME":"2004","NAMELSAD":"Census Tract 2004","COUNTYFP":"025"}},
{"type":"Feature","geometry":{"type":"Polygon","coordinates":[[[-66.07476,18.2676],[-66.0572,18.27061],[-66.0413,18.27401],[-66.04387,18.28666],[-66.04625,18.29017],[-66.04976,18.29316],[-66.051,18.29276],[-66.05294,18.29456],[-66.05593,18.29442],[-66.05666,18.29538],[-66.05838,18.29561],[-66.06213,18.29419],[-66.06386,18.29521],[-66.06382,18.29222],[-66.06691,18.29151],[-66.06671,18.29032],[-66.06563,18.29003],[-66.06972,18.28818],[-66.07476,18.2676]]]},"properties":{"TRACTCE":"200200","GEOID":"72025200200","NAME":"2002","NAMELSAD":"Census Tract 2002","COUNTYFP":"025"}},
{"type":"Feature","geometry":{"type":"Polygon","coordinates":[[[-66.05851,18.2147],[-66.05768,18.21202],[-66.05165,18.21426],[-66.04835,18.21629],[-66.04585,18.22422],[-66.04686,18.22449],[-66.04776,18.22158],[-66.05023,18.22209],[-66.05221,18.21959],[-66.05163,18.21809],[-66.05527,18.21559],[-66.05851,18.2147]]]},"properties":{"TRACTCE":"202200","GEOID":"72025202200","NAME":"2022","NAMELSAD":"Census Tract 2022","COUNTYFP":"025"}},
{"type":"Feature","geometry":{"type":"Polygon","coordinates":[[[-66.0572,18.27061],[-66.05268,18.26388],[-66.04977,18.25512],[-66.04521,18.2497],[-66.04247,18.24488],[-66.04271,18.25735],[-66.03862,18.26432],[-66.03716,18.25935],[-66.03043,18.25665],[-66.02341,18.25102],[-66.0134,18.24773],[-66.01072,18.25088],[-66.0144,18.26387],[-66.01397,18.26471],[-66.00714,18.26693],[-66.01001,18.26943],[-66.00919,18.2715],[-66.00873,18.27283],[-66.01336,18.27144],[-66.01439,18.27016],[-66.02178,18.27073],[-66.02546,18.27214],[-66.02594,18.27418],[-66.02682,18.27453],[-66.02598,18.27558],[-66.03665,18.27516],[-66.0413,18.27401],[-66.0572,18.27061]]]},"properties":{"TRACTCE":"200302","GEOID":"72025200302","NAME":"2003.02","NAMELSAD":"Census Tract 2003.02","COUNTYFP":"025"}},
{"type":"Feature","geometry":{"type":"Polygon","coordinates":[[[-66.06972,18.28818],[-66.06563,18.29003],[-66.06671,18.29032],[-66.06691,18.29151],[-66.06382,18.29222],[-66.06386,18.29521],[-66.06213,18.29419],[-66.05838,18.29561],[-66.05666,18.29538],[-66.05593,18.29442],[-66.05294,18.29456],[-66.051,18.29276],[-66.04976,18.29316],[-66.04625,18.29017],[-66.04387,18.28666],[-66.0413,18.27401],[-66.03665,18.27516],[-66.02598,18.27558],[-66.02682,18.27453],[-66.02594,18.27418],[-66.02546,18.27214],[-66.02178,18.27073],[-66.01439,18.27016],[-66.01336,18.27144],[-66.00873,18.27283],[-66.00919,18.2715],[-66.00868,18.27191],[-66.00803,18.27682],[-66.00844,18.27828],[-66.017,18.28121],[-66.01767,18.2847],[-66.02102,18.28597],[-66.02603,18.28639],[-66.02989,18.29037],[-66.02742,18.29707],[-66.02759,18.29797],[-66.03072,18.29978],[-66.03057,18.30118],[-66.02946,18.30298],[-66.02718,18.30407],[-66.0237,18.30334],[-66.02175,18.30503],[-66.02478,18.30902],[-66.02707,18.3102],[-66.03012,18.3099],[-66.03186,18.30886],[-66.03548,18.30958],[-66.0384,18.31165],[-66.04086,18.31143],[-66.04153,18.31234],[-66.04484,18.31149],[-66.04692,18.30941],[-66.04783,18.30689],[-66.04703,18.30425],[-66.04794,18.30264],[-66.04534,18.29942],[-66.04775,18.29792],[-66.04919,18.29834],[-66.05294,18.30379],[-66.05353,18.30294],[-66.0565,18.30453],[-66.05725,18.30237],[-66.05958,18.30359],[-66.05984,18.30192],[-66.06237,18.30305],[-66.06276,18.30251],[-66.06598,18.30426],[-66.0661,18.30332],[-66.06972,18.28818]]]},"properties":{"TRACTCE":"200100","GEOID":"72025200100","NAME":"2001","NAMELSAD":"Census Tract 2001","COUNTYFP":"025"}},
{"type":"Feature","geometry":{"type":"Polygon","coordinates":[[[-67.1529,18.09934],[-67.1492,18.09486],[-67.15016,18.08841],[-67.14847,18.08829],[-67.14724,18.08413],[-67.14625,18.08409],[-67.14667,18.08292],[-67.14555,18.08267],[-67.14455,18.08065],[-67.14321,18.07558],[-67.13868,18.07663],[-67.13826,18.07868],[-67.13415,18.08029],[-67.13057,18.08446],[-67.13223,18.08861],[-67.13391,18.08897],[-67.13529,18.08826],[-67.1358,18.08916],[-67.13461,18.08997],[-67.13425,18.09222],[-67.1297,18.09921],[-67.13304,18.10359],[-67.13746,18.10673],[-67.13986,18.10449],[-67.14612,18.10419],[-67.14786,18.10174],[-67.1529,18.09934]]]},"properties":{"TRACTCE":"830400","GEOID":"72023830400","NAME":"8304","NAMELSAD":"Census Tract 8304","COUNTYFP":"023"}},
{"type":"Feature","geometry":{"type":"Polygon","coordinates":[[[-67.15913,18.07973],[-67.16146,18.0766],[-67.16564,18.07314],[-67.16467,18.06939],[-67.16241,18.06744],[-67.16002,18.06884],[-67.15898,18.06679],[-67.15262,18.06607],[-67.14873,18.0676],[-67.14773,18.06849],[-67.14793,18.0702],[-67.14667,18.07288],[-67.14805,18.07735],[-67.14958,18.07806],[-67.14972,18.08196],[-67.14884,18.08197],[-67.14724,18.08413],[-67.14847,18.08829],[-67.15016,18.08841],[-67.1492,18.09486],[-67.1529,18.09934],[-67.15395,18.1007],[-67.15767,18.09995],[-67.15671,18.09683],[-67.16063,18.09649],[-67.16089,18.09151],[-67.16188,18.08694],[-67.16278,18.08652],[-67.16224,18.08496],[-67.16072,18.08431],[-67.15913,18.07973]]]},"properties":{"TRACTCE":"830300","GEOID":"72023830300","NAME":"8303","NAMELSAD":"Census Tract 8303","COUNTYFP":"023"}},
{"type":"Feature","geometry":{"type":"Polygon","coordinates":[[[-67.20139,18.06657],[-67.20563,18.05772],[-67.20415,18.05112],[-67.20445,18.04785],[-67.21377,18.03966],[-67.2151,18.03692],[-67.21471,18.03427],[-67.21107,18.03066],[-67.18559,18.02443],[-67.18032,18.02234],[-67.17588,18.02874],[-67.17662,18.03165],[-67.1754,18.03301],[-67.17449,18.03834],[-67.17256,18.04196],[-67.16409,18.03997],[-67.16318,18.04224],[-67.15996,18.04566],[-67.15708,18.04355],[-67.15532,18.04531],[-67.15373,18.04476],[-67.15401,18.04363],[-67.15292,18.04357],[-67.15244,18.04512],[-67.14814,18.04845],[-67.14987,18.05673],[-67.15256,18.06332],[-67.15262,18.06607],[-67.15898,18.06679],[-67.16002,18.06884],[-67.16241,18.06744],[-67.16467,18.06939],[-67.16564,18.07314],[-67.16146,18.0766],[-67.15913,18.07973],[-67.18224,18.07573],[-67.18227,18.07059],[-67.18055,18.07108],[-67.18038,18.06946],[-67.18426,18.06889],[-67.18464,18.06782],[-67.18664,18.06734],[-67.1886,18.06513],[-67.19067,18.06507],[-67.19125,18.06428],[-67.1967,18.06652],[-67.20139,18.06657]]]},"properties":{"TRACTCE":"830502","GEOID":"72023830502","NAME":"8305.02","NAMELSAD":"Census Tract 8305.02","COUNTYFP":"023"}},
{"type":"Feature","geometry":{"type":"Polygon","coordinates":[[[-66.12123,18.38475],[-66.13608,18.38394],[-66.13519,18.3827],[-66.12216,18.37629],[-66.12143,18.37803],[-66.11836,18.37925],[-66.12123,18.38475]]]},"properties":{"TRACTCE":"030104","GEOID":"72021030104","NAME":"301.04","NAMELSAD":"Census Tract 301.04","COUNTYFP":"021"}},
{"type":"Feature","geometry":{"type":"Polygon","coordinates":[[[-67.22566,18.19615],[-67.23003,18.19029],[-67.23273,18.18464],[-67.2359,18.1757],[-67.23725,18.16765],[-67.23583,18.15689],[-67.2362,18.15222],[-67.23859,18.14491],[-67.23891,18.13858],[-67.23736,18.13149],[-67.23544,18.12749],[-67.23537,18.12015],[-67.23856,18.11635],[-67.24631,18.11326],[-67.24962,18.1102],[-67.25338,18.10465],[-67.2574,18.09575],[-67.26017,18.0848],[-67.2606,18.07521],[-67.25888,18.06667],[-67.25536,18.05767],[-67.25934,18.04924],[-67.26133,18.0387],[-67.26142,18.02549],[-67.25992,18.01313],[-67.26489,17.99802],[-67.26749,17.98307],[-67.2659,17.96048],[-67.26664,17.94982],[-67.26413,17.93679],[-67.25865,17.92524],[-67.24962,17.91404],[-67.24537,17.9115],[-67.24104,17.91037],[-67.23543,17.90165],[-67.22909,17.896],[-67.21705,17.8883],[-67.20603,17.88403],[-67.1891,17.88144],[-67.17038,17.88362],[-67.16283,17.8861],[-67.15617,17.88972],[-67.14854,17.89492],[-67.14279,17.90057],[-67.12991,17.89715],[-67.10864,17.89541],[-67.10989,17.94235],[-67.10994,17.94396],[-67.12489,17.94578],[-67.12786,17.94544],[-67.13079,17.94681],[-67.13254,17.94646],[-67.13781,17.94988],[-67.14023,17.94979],[-67.1414,17.95082],[-67.14901,17.95184],[-67.15093,17.95116],[-67.15311,17.95184],[-67.16313,17.95159],[-67.18374,17.9384],[-67.18266,17.93438],[-67.18372,17.93089],[-67.19065,17.93304],[-67.19463,17.93284],[-67.19835,17.93852],[-67.19769,17.94216],[-67.20003,17.94591],[-67.20413,17.94933],[-67.20705,17.94967],[-67.21115,17.94694],[-67.21333,17.9488],[-67.21553,17.94846],[-67.21633,17.94954],[-67.2152,17.95432],[-67.21813,17.96456],[-67.21682,17.97333],[-67.21637,17.97638],[-67.21934,17.98833],[-67.21876,17.99072],[-67.21385,17.99803],[-67.2086,18.00193],[-67.17916,18.01292],[-67.17827,18.01829],[-67.17902,18.02098],[-67.18032,18.02234],[-67.18559,18.02443],[-67.21107,18.03066],[-67.21471,18.03427],[-67.2151,18.03692],[-67.21377,18.03966],[-67.20445,18.04785],[-67.20415,18.05112],[-67.20563,18.05772],[-67.20139,18.06657],[-67.20206,18.07306],[-67.20422,18.07869],[-67.20433,18.08113],[-67.20233,18.09528],[-67.18906,18.10759],[-67.18844,18.11269],[-67.19024,18.11805],[-67.18914,18.12711],[-67.19233,18.13668],[-67.1926,18.1407],[-67.18474,18.14884],[-67.18399,18.15183],[-67.18437,18.15515],[-67.18731,18.16344],[-67.18688,18.16654],[-67.18363,18.16998],[-67.18498,18.17083],[-67.22566,18.19615]]]},"properties":{"TRACTCE":"990000","GEOID":"72023990000","NAME":"9900","NAMELSAD":"Census Tract 9900","COUNTYFP":"023"}},
{"type":"Feature","geometry":{"type":"Polygon","coordinates":[[[-66.00866,18.37257],[-66.01404,18.37124],[-66.01522,18.37018],[-66.00488,18.36208],[-66.00346,18.35855],[-66.00348,18.35761],[-65.99526,18.35765],[-65.99362,18.35929],[-65.98924,18.36059],[-65.98439,18.35839],[-65.98205,18.35849],[-65.98964,18.36584],[-65.98985,18.37057],[-65.9915,18.37237],[-65.99152,18.37664],[-65.99471,18.37315],[-65.99794,18.37192],[-65.99998,18.37222],[-66.00215,18.37127],[-66.00322,18.37209],[-66.00527,18.37097],[-66.00866,18.37257]]]},"properties":{"TRACTCE":"060104","GEOID":"72139060104","NAME":"601.04","NAMELSAD":"Census Tract 601.04","COUNTYFP":"139"}},
{"type":"Feature","geometry":{"type":"Polygon","coordinates":[[[-66.00348,18.35761],[-66.00347,18.35615],[-66.00497,18.3551],[-66.00538,18.35052],[-66.00256,18.34893],[-66.00083,18.3454],[-66.00147,18.34382],[-66.00377,18.34203],[-65.99961,18.3413],[-65.99749,18.34194],[-65.99899,18.34573],[-65.99798,18.34597],[-65.998,18.34828],[-65.99686,18.34942],[-65.99579,18.34935],[-65.99501,18.35152],[-65.99141,18.34919],[-65.98878,18.34899],[-65.98562,18.35472],[-65.98603,18.35737],[-65.98477,18.35688],[-65.98439,18.35839],[-65.98924,18.36059],[-65.99362,18.35929],[-65.99526,18.35765],[-66.00348,18.35761]]]},"properties":{"TRACTCE":"060404","GEOID":"72139060404","NAME":"604.04","NAMELSAD":"Census Tract 604.04","COUNTYFP":"139"}},
{"type":"Feature","geometry":{"type":"Polygon","coordinates":[[[-66.00377,18.34203],[-66.00901,18.33483],[-66.01388,18.33492],[-66.01538,18.33289],[-66.01595,18.32663],[-66.0124,18.32295],[-66.01266,18.32104],[-66.01642,18.318],[-66.01966,18.3186],[-66.02141,18.31782],[-66.02071,18.31434],[-66.01586,18.31045],[-66.01648,18.30873],[-66.00774,18.30422],[-66.00607,18.3056],[-66.0028,18.3064],[-66.00276,18.30755],[-66.00271,18.30853],[-66.0012,18.30932],[-66.00286,18.31204],[-66.00212,18.31491],[-66.00316,18.31528],[-66.00275,18.31876],[-66.00361,18.31952],[-66.00263,18.32026],[-66.00347,18.32275],[-66.00255,18.32402],[-66.00393,18.32487],[-66.00219,18.32592],[-66.00077,18.32541],[-66.00034,18.32662],[-65.99793,18.32612],[-65.998,18.32697],[-65.99601,18.32802],[-65.99633,18.32969],[-65.99481,18.32926],[-65.99525,18.33041],[-65.99425,18.33196],[-65.99164,18.33221],[-65.98825,18.33503],[-65.99013,18.33706],[-65.98913,18.33782],[-65.99598,18.34039],[-65.99749,18.34194],[-65.99961,18.3413],[-66.00377,18.34203]]]},"properties":{"TRACTCE":"060401","GEOID":"72139060401","NAME":"604.01","NAMELSAD":"Census Tract 604.01","COUNTYFP":"139"}},
{"type":"Feature","geometry":{"type":"Polygon","coordinates":[[[-66.00273,18.37918],[-66.00755,18.37696],[-66.00866,18.37257],[-66.00527,18.37097],[-66.00322,18.37209],[-66.00215,18.37127],[-65.99998,18.37222],[-65.99794,18.37192],[-65.99471,18.37315],[-65.99152,18.37664],[-65.9915,18.377],[-65.99588,18.37759],[-65.99956,18.38006],[-66.00273,18.37918]]]},"properties":{"TRACTCE":"060103","GEOID":"72139060103","NAME":"601.03","NAMELSAD":"Census Tract 601.03","COUNTYFP":"139"}},
{"type":"Feature","geometry":{"type":"Polygon","coordinates":[[[-66.71442,18.17139],[-66.71601,18.17109],[-66.71732,18.16966],[-66.7199,18.16966],[-66.72196,18.16641],[-66.72337,18.1657],[-66.72312,18.16342],[-66.72727,18.16247],[-66.72628,18.16192],[-66.72545,18.15854],[-66.72124,18.15664],[-66.7198,18.15873],[-66.71765,18.15778],[-66.71911,18.16106],[-66.72037,18.16144],[-66.71813,18.16187],[-66.71564,18.16394],[-66.71177,18.16525],[-66.70998,18.16715],[-66.70648,18.16863],[-66.70717,18.16998],[-66.71169,18.16865],[-66.71269,18.16977],[-66.7109,18.17058],[-66.71442,18.17139]]]},"properties":{"TRACTCE":"956700","GEOID":"72001956700","NAME":"9567","NAMELSAD":"Census Tract 9567","COUNTYFP":"001"}},
{"type":"Feature","geometry":{"type":"Polygon","coordinates":[[[-66.83326,18.22802],[-66.83226,18.2277],[-66.832,18.22592],[-66.82938,18.22315],[-66.82914,18.22107],[-66.82979,18.21999],[-66.83262,18.22144],[-66.8346,18.21956],[-66.83498,18.21819],[-66.83376,18.21652],[-66.8342,18.21495],[-66.833,18.21541],[-66.83287,18.21486],[-66.83526,18.20998],[-66.83637,18.21015],[-66.83495,18.20747],[-66.83409,18.2028],[-66.83479,18.19851],[-66.83273,18.19567],[-66.83358,18.19426],[-66.83724,18.19271],[-66.8357,18.18933],[-66.8363,18.18578],[-66.83408,18.18415],[-66.83491,18.18377],[-66.83489,18.1826],[-66.83268,18.18189],[-66.83179,18.1798],[-66.82764,18.17842],[-66.82684,18.17669],[-66.82763,18.17471],[-66.8248,18.17375],[-66.82733,18.17124],[-66.82636,18.16921],[-66.82396,18.16753],[-66.82628,18.16022],[-66.82214,18.15635],[-66.82103,18.15282],[-66.81809,18.15051],[-66.81701,18.15058],[-66.81606,18.15258],[-66.81729,18.15566],[-66.81692,18.15796],[-66.81437,18.16206],[-66.81244,18.17606],[-66.81321,18.17702],[-66.80652,18.17771],[-66.79713,18.18031],[-66.78965,18.18617],[-66.78461,18.18818],[-66.78085,18.18915],[-66.77926,18.18901],[-66.77781,18.18767],[-66.77556,18.18844],[-66.77635,18.19048],[-66.77447,18.19496],[-66.77442,18.19806],[-66.77647,18.19992],[-66.77727,18.20539],[-66.77948,18.20653],[-66.77749,18.2081],[-66.77855,18.21001],[-66.78486,18.21307],[-66.78587,18.21458],[-66.78491,18.22422],[-66.78257,18.22511],[-66.78061,18.22893],[-66.78252,18.22992],[-66.78055,18.23606],[-66.78175,18.23777],[-66.782,18.24369],[-66.78861,18.2476],[-66.7897,18.24918],[-66.7913,18.24769],[-66.79285,18.2475],[-66.79442,18.24988],[-66.79497,18.24915],[-66.79412,18.24717],[-66.79508,18.2466],[-66.7947,18.24468],[-66.79547,18.24378],[-66.7948,18.24304],[-66.79596,18.24252],[-66.79626,18.24364],[-66.79899,18.24367],[-66.80069,18.24119],[-66.80073,18.24022],[-66.79918,18.24007],[-66.80034,18.23811],[-66.79952,18.23727],[-66.80017,18.23539],[-66.79873,18.23015],[-66.79999,18.22818],[-66.8034,18.22741],[-66.80811,18.22821],[-66.80974,18.22948],[-66.81182,18.2288],[-66.81467,18.23032],[-66.81727,18.23034],[-66.8231,18.23233],[-66.82914,18.2318],[-66.83326,18.22802]]]},"properties":{"TRACTCE":"956400","GEOID":"72001956400","NAME":"9564","NAMELSAD":"Census Tract 9564","COUNTYFP":"001"}},
{"type":"Feature","geometry":{"type":"Polygon","coordinates":[[[-66.78461,18.18818],[-66.78965,18.18617],[-66.79713,18.18031],[-66.80652,18.17771],[-66.81321,18.17702],[-66.81244,18.17606],[-66.81437,18.16206],[-66.81692,18.15796],[-66.81729,18.15566],[-66.81606,18.15258],[-66.81701,18.15058],[-66.80406,18.14806],[-66.80373,18.14085],[-66.79987,18.13804],[-66.79758,18.13353],[-66.7966,18.13305],[-66.79474,18.13425],[-66.79343,18.13355],[-66.79155,18.13468],[-66.78863,18.13446],[-66.78414,18.13873],[-66.78199,18.13627],[-66.77474,18.13295],[-66.77362,18.13399],[-66.76912,18.13502],[-66.76628,18.13477],[-66.76505,18.13279],[-66.75906,18.12896],[-66.75504,18.12018],[-66.75417,18.12071],[-66.75454,18.12265],[-66.75296,18.12464],[-66.75283,18.12747],[-66.75072,18.12991],[-66.74926,18.12992],[-66.74784,18.13118],[-66.74599,18.13573],[-66.74162,18.13851],[-66.73454,18.14014],[-66.73175,18.1386],[-66.73157,18.13704],[-66.73004,18.1363],[-66.7286,18.13778],[-66.72708,18.13776],[-66.72761,18.13844],[-66.7268,18.14139],[-66.72529,18.13915],[-66.7244,18.14037],[-66.72473,18.14144],[-66.72367,18.14096],[-66.72351,18.14207],[-66.72287,18.14159],[-66.722,18.14222],[-66.72037,18.14625],[-66.72257,18.14559],[-66.72175,18.14744],[-66.72316,18.15052],[-66.72194,18.15232],[-66.72339,18.15445],[-66.72177,18.15422],[-66.72087,18.15505],[-66.72124,18.15664],[-66.72545,18.15854],[-66.72544,18.15673],[-66.72914,18.15324],[-66.73025,18.15093],[-66.73056,18.16804],[-66.73128,18.16925],[-66.7329,18.17024],[-66.736,18.17572],[-66.73634,18.17929],[-66.7374,18.17842],[-66.73867,18.17882],[-66.74063,18.18112],[-66.74188,18.18143],[-66.74272,18.18036],[-66.74987,18.17882],[-66.75122,18.17746],[-66.75265,18.17737],[-66.75515,18.17179],[-66.75662,18.17579],[-66.75912,18.17771],[-66.7613,18.17817],[-66.76318,18.18028],[-66.76331,18.18371],[-66.76909,18.18404],[-66.77686,18.18213],[-66.78395,18.18299],[-66.78461,18.18818]]]},"properties":{"TRACTCE":"956500","GEOID":"72001956500","NAME":"9565","NAMELSAD":"Census Tract 9565","COUNTYFP":"001"}},
{"type":"Feature","geometry":{"type":"Polygon","coordinates":[[[-66.17441,18.37802],[-66.17501,18.37543],[-66.17351,18.37454],[-66.1742,18.37174],[-66.17351,18.37134],[-66.17246,18.37238],[-66.17103,18.37144],[-66.17014,18.37329],[-66.16764,18.37339],[-66.16756,18.37427],[-66.16857,18.37909],[-66.17132,18.38372],[-66.17358,18.38102],[-66.17441,18.37802]]]},"properties":{"TRACTCE":"031402","GEOID":"72021031402","NAME":"314.02","NAMELSAD":"Census Tract 314.02","COUNTYFP":"021"}},
{"type":"Feature","geometry":{"type":"Polygon","coordinates":[[[-66.16851,18.17302],[-66.17363,18.17287],[-66.17428,18.17059],[-66.17839,18.16824],[-66.18266,18.16794],[-66.18293,18.16481],[-66.18206,18.16374],[-66.18264,18.16283],[-66.18182,18.16297],[-66.18099,18.16172],[-66.1768,18.16224],[-66.17679,18.16083],[-66.17869,18.15887],[-66.17018,18.15526],[-66.16888,18.15378],[-66.16682,18.15383],[-66.16369,18.15069],[-66.16333,18.14821],[-66.16418,18.14614],[-66.16586,18.14499],[-66.16564,18.14415],[-66.16859,18.13952],[-66.16845,18.13349],[-66.16636,18.13418],[-66.16608,18.13702],[-66.16279,18.13838],[-66.16276,18.13958],[-66.16477,18.14442],[-66.1631,18.14581],[-66.16004,18.14664],[-66.1568,18.14497],[-66.15667,18.14162],[-66.15166,18.14127],[-66.15058,18.14237],[-66.14958,18.13885],[-66.14249,18.13724],[-66.13932,18.13741],[-66.13868,18.1391],[-66.13924,18.13996],[-66.13769,18.14227],[-66.14345,18.14933],[-66.14366,18.15202],[-66.14276,18.1534],[-66.1449,18.15465],[-66.14463,18.1559],[-66.14559,18.15649],[-66.14949,18.15541],[-66.15265,18.15618],[-66.15814,18.15663],[-66.15799,18.15784],[-66.16227,18.16539],[-66.16156,18.17008],[-66.16507,18.17217],[-66.16851,18.17302]]]},"properties":{"TRACTCE":"240602","GEOID":"72041240602","NAME":"2406.02","NAMELSAD":"Census Tract 2406.02","COUNTYFP":"041"}},
{"type":"Feature","geometry":{"type":"Polygon","coordinates":[[[-66.16913,18.22429],[-66.17119,18.2234],[-66.1713,18.22157],[-66.16968,18.21766],[-66.17038,18.2163],[-66.17475,18.21544],[-66.17876,18.21256],[-66.18173,18.20803],[-66.18443,18.20717],[-66.18481,18.20446],[-66.18248,18.2023],[-66.18413,18.20215],[-66.18551,18.20087],[-66.19049,18.20111],[-66.19205,18.2],[-66.19355,18.20012],[-66.19209,18.19915],[-66.19072,18.20023],[-66.18735,18.19863],[-66.18157,18.18555],[-66.17794,18.18379],[-66.1746,18.18382],[-66.17406,18.18018],[-66.17035,18.17918],[-66.16807,18.17496],[-66.16289,18.17706],[-66.16148,18.17675],[-66.16143,18.18272],[-66.15763,18.18864],[-66.15743,18.19143],[-66.15535,18.19258],[-66.14989,18.19352],[-66.14528,18.20055],[-66.14146,18.2017],[-66.13937,18.20544],[-66.13864,18.20693],[-66.13891,18.21023],[-66.14027,18.21085],[-66.14268,18.21005],[-66.14425,18.21336],[-66.14683,18.21349],[-66.1455,18.21715],[-66.14646,18.21799],[-66.14615,18.22046],[-66.14553,18.22197],[-66.14444,18.22134],[-66.14361,18.22281],[-66.14589,18.2239],[-66.14413,18.22413],[-66.14359,18.22502],[-66.14488,18.22608],[-66.14394,18.22811],[-66.14612,18.23037],[-66.14978,18.2255],[-66.15033,18.22345],[-66.15171,18.22346],[-66.1518,18.22225],[-66.1555,18.2212],[-66.16203,18.22041],[-66.16521,18.22347],[-66.16913,18.22429]]]},"properties":{"TRACTCE":"240202","GEOID":"72041240202","NAME":"2402.02","NAMELSAD":"Census Tract 2402.02","COUNTYFP":"041"}},
{"type":"Feature","geometry":{"type":"Polygon","coordinates":[[[-66.24046,18.18479],[-66.24288,18.183],[-66.24273,18.18025],[-66.24051,18.18018],[-66.23712,18.17818],[-66.23228,18.17304],[-66.22856,18.1708],[-66.22612,18.16646],[-66.224,18.16627],[-66.22402,18.16098],[-66.22564,18.16006],[-66.22792,18.16013],[-66.22893,18.15904],[-66.22407,18.1541],[-66.22788,18.15165],[-66.22581,18.14946],[-66.2169,18.14774],[-66.21646,18.14612],[-66.21786,18.145],[-66.21948,18.14516],[-66.22043,18.14317],[-66.2169,18.14322],[-66.21408,18.14417],[-66.21218,18.14351],[-66.20839,18.13784],[-66.20529,18.13749],[-66.20401,18.13876],[-66.20291,18.14605],[-66.20134,18.14689],[-66.19943,18.14532],[-66.20142,18.14103],[-66.20084,18.13833],[-66.19718,18.13658],[-66.19577,18.13759],[-66.19359,18.1411],[-66.1883,18.13705],[-66.18389,18.13805],[-66.18259,18.13931],[-66.18346,18.14374],[-66.18209,18.14463],[-66.17772,18.13922],[-66.17676,18.13581],[-66.17507,18.13375],[-66.16863,18.13349],[-66.16845,18.13349],[-66.16859,18.13952],[-66.16564,18.14415],[-66.16586,18.14499],[-66.16418,18.14614],[-66.16333,18.14821],[-66.16369,18.15069],[-66.16682,18.15383],[-66.16888,18.15378],[-66.17018,18.15526],[-66.17869,18.15887],[-66.17679,18.16083],[-66.1768,18.16224],[-66.18099,18.16172],[-66.18182,18.16297],[-66.18264,18.16283],[-66.18373,18.1617],[-66.18722,18.16089],[-66.1906,18.16184],[-66.19396,18.16006],[-66.19896,18.16103],[-66.20092,18.16015],[-66.20392,18.16215],[-66.20519,18.16765],[-66.20838,18.16796],[-66.21,18.16913],[-66.20957,18.17115],[-66.21236,18.17157],[-66.21386,18.17286],[-66.22312,18.1759],[-66.22407,18.17436],[-66.23008,18.18092],[-66.23075,18.1844],[-66.24046,18.18479]]]},"properties":{"TRACTCE":"240601","GEOID":"72041240601","NAME":"2406.01","NAMELSAD":"Census Tract 2406.01","COUNTYFP":"041"}},
{"type":"Feature","geometry":{"type":"Polygon","coordinates":[[[-66.15098,18.17638],[-66.15076,18.17372],[-66.15298,18.17112],[-66.1494,18.16871],[-66.14879,18.16559],[-66.15178,18.16296],[-66.15265,18.15618],[-66.14949,18.15541],[-66.14559,18.15649],[-66.14463,18.1559],[-66.1449,18.15465],[-66.14276,18.1534],[-66.14366,18.15202],[-66.14345,18.14933],[-66.13769,18.14227],[-66.13924,18.13996],[-66.13868,18.1391],[-66.13932,18.13741],[-66.13757,18.1339],[-66.13188,18.13258],[-66.13167,18.13608],[-66.13039,18.13657],[-66.13094,18.13875],[-66.1296,18.13858],[-66.12962,18.14091],[-66.13127,18.14142],[-66.13112,18.14327],[-66.13387,18.14558],[-66.13284,18.14897],[-66.13481,18.15401],[-66.13166,18.1655],[-66.1287,18.17016],[-66.12841,18.17375],[-66.12759,18.17409],[-66.12758,18.17541],[-66.12852,18.17513],[-66.12933,18.17622],[-66.13367,18.17558],[-66.13657,18.17749],[-66.14214,18.17576],[-66.15098,18.17638]]]},"properties":{"TRACTCE":"240401","GEOID":"72041240401","NAME":"2404.01","NAMELSAD":"Census Tract 2404.01","COUNTYFP":"041"}},
{"type":"Feature","geometry":{"type":"Polygon","coordinates":[[[-66.19355,18.20012],[-66.19697,18.19792],[-66.20001,18.19718],[-66.2071,18.19693],[-66.21344,18.18581],[-66.21388,18.18359],[-66.21203,18.18208],[-66.2122,18.1789],[-66.21318,18.17744],[-66.21129,18.17543],[-66.21127,18.17363],[-66.21386,18.17286],[-66.21236,18.17157],[-66.20957,18.17115],[-66.21,18.16913],[-66.20838,18.16796],[-66.20519,18.16765],[-66.20392,18.16215],[-66.20092,18.16015],[-66.19896,18.16103],[-66.19396,18.16006],[-66.1906,18.16184],[-66.18722,18.16089],[-66.18373,18.1617],[-66.18264,18.16283],[-66.18206,18.16374],[-66.18293,18.16481],[-66.18266,18.16794],[-66.17839,18.16824],[-66.17428,18.17059],[-66.17363,18.17287],[-66.16851,18.17302],[-66.16807,18.17496],[-66.17035,18.17918],[-66.17406,18.18018],[-66.1746,18.18382],[-66.17794,18.18379],[-66.18157,18.18555],[-66.18735,18.19863],[-66.19072,18.20023],[-66.19209,18.19915],[-66.19355,18.20012]]]},"properties":{"TRACTCE":"240201","GEOID":"72041240201","NAME":"2402.01","NAMELSAD":"Census Tract 2402.01","COUNTYFP":"041"}},
{"type":"Feature","geometry":{"type":"Polygon","coordinates":[[[-66.16807,18.17496],[-66.16851,18.17302],[-66.16507,18.17217],[-66.16156,18.17008],[-66.16227,18.16539],[-66.15799,18.15784],[-66.15814,18.15663],[-66.15265,18.15618],[-66.15178,18.16296],[-66.14879,18.16559],[-66.1494,18.16871],[-66.15298,18.17112],[-66.15076,18.17372],[-66.15098,18.17638],[-66.15315,18.1779],[-66.15655,18.17764],[-66.15957,18.17622],[-66.16148,18.17675],[-66.16289,18.17706],[-66.16807,18.17496]]]},"properties":{"TRACTCE":"240500","GEOID":"72041240500","NAME":"2405","NAMELSAD":"Census Tract 2405","COUNTYFP":"041"}},
{"type":"Feature","geometry":{"type":"Polygon","coordinates":[[[-66.16148,18.17675],[-66.15957,18.17622],[-66.15655,18.17764],[-66.15315,18.1779],[-66.15098,18.17638],[-66.14214,18.17576],[-66.13657,18.17749],[-66.13367,18.17558],[-66.12933,18.17622],[-66.12983,18.17761],[-66.13299,18.17837],[-66.13335,18.18012],[-66.13472,18.18138],[-66.13883,18.18108],[-66.14254,18.18296],[-66.14301,18.18618],[-66.14115,18.18738],[-66.13797,18.19263],[-66.1384,18.1946],[-66.14132,18.1977],[-66.13849,18.20144],[-66.13903,18.20466],[-66.13937,18.20544],[-66.14146,18.2017],[-66.14528,18.20055],[-66.14989,18.19352],[-66.15535,18.19258],[-66.15743,18.19143],[-66.15763,18.18864],[-66.16143,18.18272],[-66.16148,18.17675]]]},"properties":{"TRACTCE":"240300","GEOID":"72041240300","NAME":"2403","NAMELSAD":"Census Tract 2403","COUNTYFP":"041"}},
{"type":"Feature","geometry":{"type":"Polygon","coordinates":[[[-66.05877,18.38585],[-66.05877,18.38385],[-66.05665,18.38269],[-66.05515,18.37903],[-66.05301,18.3687],[-66.05237,18.36745],[-66.05385,18.36531],[-66.05378,18.36247],[-66.04894,18.36357],[-66.04843,18.36628],[-66.0439,18.37044],[-66.04308,18.3699],[-66.04245,18.37047],[-66.04209,18.37159],[-66.0437,18.37334],[-66.0431,18.37445],[-66.04075,18.37216],[-66.04227,18.37441],[-66.0423,18.37663],[-66.04502,18.37609],[-66.05123,18.38139],[-66.05253,18.3806],[-66.05348,18.3829],[-66.0566,18.38376],[-66.05877,18.38585]]]},"properties":{"TRACTCE":"010022","GEOID":"72127010022","NAME":"100.22","NAMELSAD":"Census Tract 100.22","COUNTYFP":"127"}},
{"type":"Feature","geometry":{"type":"Polygon","coordinates":[[[-66.11159,18.46644],[-66.11252,18.46492],[-66.10386,18.4659],[-66.09817,18.46527],[-66.09828,18.46466],[-66.09687,18.46445],[-66.09755,18.4602],[-66.08629,18.45902],[-66.08341,18.46219],[-66.08461,18.46303],[-66.0849,18.46483],[-66.08572,18.46433],[-66.08774,18.46571],[-66.08761,18.46415],[-66.08839,18.46424],[-66.08905,18.46268],[-66.09349,18.46443],[-66.09202,18.46753],[-66.09208,18.47055],[-66.09462,18.47024],[-66.09613,18.46948],[-66.10669,18.47063],[-66.10715,18.4671],[-66.11159,18.46644]]]},"properties":{"TRACTCE":"000700","GEOID":"72127000700","NAME":"7","NAMELSAD":"Census Tract 7","COUNTYFP":"127"}},
{"type":"Feature","geometry":{"type":"Polygon","coordinates":[[[-66.12381,18.4608],[-66.11836,18.45493],[-66.10573,18.4611],[-66.09755,18.4602],[-66.09687,18.46445],[-66.09828,18.46466],[-66.09817,18.46527],[-66.10386,18.4659],[-66.11252,18.46492],[-66.12087,18.46261],[-66.12381,18.4608]]]},"properties":{"TRACTCE":"000600","GEOID":"72127000600","NAME":"6","NAMELSAD":"Census Tract 6","COUNTYFP":"127"}},
{"type":"Feature","geometry":{"type":"Polygon","coordinates":[[[-66.08629,18.45902],[-66.08625,18.45871],[-66.08019,18.45666],[-66.07807,18.45493],[-66.07047,18.45202],[-66.07118,18.45273],[-66.06946,18.45267],[-66.06914,18.45521],[-66.07165,18.45602],[-66.07066,18.45734],[-66.06893,18.45687],[-66.06891,18.46178],[-66.07505,18.46232],[-66.08013,18.46511],[-66.08341,18.46219],[-66.08629,18.45902]]]},"properties":{"TRACTCE":"000900","GEOID":"72127000900","NAME":"9","NAMELSAD":"Census Tract 9","COUNTYFP":"127"}},
{"type":"Feature","geometry":{"type":"Polygon","coordinates":[[[-66.85307,18.47759],[-66.85176,18.47338],[-66.85376,18.47174],[-66.85422,18.4639],[-66.83254,18.46367],[-66.83035,18.46478],[-66.83034,18.46732],[-66.83115,18.46785],[-66.82942,18.46813],[-66.8306,18.4698],[-66.829,18.47067],[-66.83016,18.47157],[-66.82901,18.4728],[-66.83082,18.47223],[-66.83172,18.47292],[-66.83226,18.47224],[-66.83296,18.47367],[-66.83504,18.47365],[-66.83546,18.4761],[-66.83464,18.47714],[-66.83539,18.47814],[-66.83423,18.47903],[-66.83759,18.48088],[-66.84944,18.48095],[-66.85274,18.47854],[-66.85307,18.47759]]]},"properties":{"TRACTCE":"320401","GEOID":"72027320401","NAME":"3204.01","NAMELSAD":"Census Tract 3204.01","COUNTYFP":"027"}},
{"type":"Feature","geometry":{"type":"Polygon","coordinates":[[[-66.0982,18.34964],[-66.09745,18.34914],[-66.09806,18.34487],[-66.09967,18.34263],[-66.09841,18.3409],[-66.09606,18.34005],[-66.09631,18.33787],[-66.0952,18.3395],[-66.09491,18.33752],[-66.0926,18.33767],[-66.08967,18.33512],[-66.08804,18.33504],[-66.08676,18.33304],[-66.08675,18.33191],[-66.08847,18.33041],[-66.0874,18.32814],[-66.08909,18.32284],[-66.08764,18.3212],[-66.08854,18.3198],[-66.08796,18.31791],[-66.08635,18.31765],[-66.08509,18.31632],[-66.08471,18.31259],[-66.08267,18.30937],[-66.0824,18.30679],[-66.08323,18.30508],[-66.08552,18.30399],[-66.0847,18.30258],[-66.08515,18.30051],[-66.08218,18.30011],[-66.08048,18.29729],[-66.0769,18.29652],[-66.07297,18.29776],[-66.07227,18.29904],[-66.0661,18.30332],[-66.06598,18.30426],[-66.06276,18.30251],[-66.06237,18.30305],[-66.06275,18.30912],[-66.06165,18.31299],[-66.06393,18.31184],[-66.06574,18.31379],[-66.06742,18.31367],[-66.06876,18.3191],[-66.0746,18.32264],[-66.07578,18.3263],[-66.08009,18.32893],[-66.07966,18.33126],[-66.07775,18.33365],[-66.07854,18.33507],[-66.0782,18.33869],[-66.08098,18.33656],[-66.08153,18.33504],[-66.08463,18.33754],[-66.08446,18.34117],[-66.08634,18.34255],[-66.0882,18.34246],[-66.08901,18.34408],[-66.09,18.34429],[-66.09049,18.35017],[-66.09248,18.35319],[-66.09418,18.35381],[-66.09437,18.35499],[-66.09558,18.35555],[-66.0964,18.3547],[-66.09794,18.3559],[-66.09632,18.35357],[-66.09824,18.35084],[-66.0982,18.34964]]]},"properties":{"TRACTCE":"010200","GEOID":"72127010200","NAME":"102","NAMELSAD":"Census Tract 102","COUNTYFP":"127"}},
{"type":"Feature","geometry":{"type":"Polygon","coordinates":[[[-66.06609,18.39176],[-66.06619,18.39021],[-66.06797,18.38808],[-66.06756,18.38556],[-66.0695,18.38343],[-66.06815,18.3826],[-66.06743,18.38205],[-66.06654,18.3832],[-66.06557,18.38252],[-66.06479,18.38353],[-66.06248,18.38161],[-66.06341,18.37794],[-66.0626,18.37808],[-66.06062,18.3759],[-66.0591,18.37618],[-66.05933,18.3791],[-66.06026,18.379],[-66.05957,18.38035],[-66.0606,18.38155],[-66.05812,18.38252],[-66.05877,18.38385],[-66.05877,18.38585],[-66.05983,18.38686],[-66.05849,18.38705],[-66.05833,18.38802],[-66.06051,18.38913],[-66.05795,18.3908],[-66.05747,18.39231],[-66.05859,18.39308],[-66.06148,18.39142],[-66.06497,18.39142],[-66.06609,18.39176]]]},"properties":{"TRACTCE":"009601","GEOID":"72127009601","NAME":"96.01","NAMELSAD":"Census Tract 96.01","COUNTYFP":"127"}},
{"type":"Feature","geometry":{"type":"Polygon","coordinates":[[[-66.09437,18.35499],[-66.09418,18.35381],[-66.09248,18.35319],[-66.09049,18.35017],[-66.09,18.34429],[-66.08901,18.34408],[-66.0882,18.34246],[-66.08634,18.34255],[-66.08446,18.34117],[-66.08463,18.33754],[-66.08153,18.33504],[-66.08098,18.33656],[-66.0782,18.33869],[-66.07978,18.34175],[-66.07885,18.34499],[-66.07843,18.34674],[-66.0801,18.35046],[-66.08242,18.35304],[-66.08411,18.35328],[-66.08474,18.35497],[-66.0859,18.35539],[-66.08518,18.35743],[-66.08731,18.35861],[-66.08952,18.35949],[-66.08835,18.35714],[-66.08979,18.35616],[-66.09237,18.35663],[-66.09437,18.35499]]]},"properties":{"TRACTCE":"009902","GEOID":"72127009902","NAME":"99.02","NAMELSAD":"Census Tract 99.02","COUNTYFP":"127"}},
{"type":"Feature","geometry":{"type":"Polygon","coordinates":[[[-66.08862,18.39488],[-66.09266,18.39158],[-66.09269,18.39073],[-66.08478,18.39065],[-66.08573,18.39302],[-66.08822,18.39499],[-66.08862,18.39488]]]},"properties":{"TRACTCE":"008201","GEOID":"72127008201","NAME":"82.01","NAMELSAD":"Census Tract 82.01","COUNTYFP":"127"}},
{"type":"Feature","geometry":{"type":"Polygon","coordinates":[[[-66.05066,18.41422],[-66.05066,18.41349],[-66.04893,18.41362],[-66.04914,18.4125],[-66.04345,18.41148],[-66.04314,18.41624],[-66.04433,18.42251],[-66.04562,18.42149],[-66.0478,18.41699],[-66.04947,18.41731],[-66.05001,18.4143],[-66.05066,18.41422]]]},"properties":{"TRACTCE":"006101","GEOID":"72127006101","NAME":"61.01","NAMELSAD":"Census Tract 61.01","COUNTYFP":"127"}},
{"type":"Feature","geometry":{"type":"Polygon","coordinates":[[[-66.05639,18.40331],[-66.05636,18.40213],[-66.05561,18.39763],[-66.05323,18.39666],[-66.05217,18.40148],[-66.05205,18.40294],[-66.05639,18.40331]]]},"properties":{"TRACTCE":"008700","GEOID":"72127008700","NAME":"87","NAMELSAD":"Census Tract 87","COUNTYFP":"127"}},
{"type":"Feature","geometry":{"type":"Polygon","coordinates":[[[-66.05976,18.45459],[-66.06088,18.45169],[-66.056,18.45109],[-66.05276,18.45027],[-66.0511,18.46232],[-66.05892,18.46166],[-66.05976,18.45459]]]},"properties":{"TRACTCE":"001100","GEOID":"72127001100","NAME":"11","NAMELSAD":"Census Tract 11","COUNTYFP":"127"}},
{"type":"Feature","geometry":{"type":"Polygon","coordinates":[[[-66.03639,18.41575],[-66.03688,18.41409],[-66.03262,18.41248],[-66.03165,18.41493],[-66.03055,18.41454],[-66.02991,18.41612],[-66.03087,18.41768],[-66.03219,18.41796],[-66.03363,18.41424],[-66.03639,18.41575]]]},"properties":{"TRACTCE":"004800","GEOID":"72127004800","NAME":"48","NAMELSAD":"Census Tract 48","COUNTYFP":"127"}},
{"type":"Feature","geometry":{"type":"Polygon","coordinates":[[[-66.05257,18.43433],[-66.05258,18.43429],[-66.04416,18.43235],[-66.04502,18.43486],[-66.04606,18.43503],[-66.05136,18.43625],[-66.05192,18.43651],[-66.05257,18.43433]]]},"properties":{"TRACTCE":"003600","GEOID":"72127003600","NAME":"36","NAMELSAD":"Census Tract 36","COUNTYFP":"127"}},
{"type":"Feature","geometry":{"type":"Polygon","coordinates":[[[-66.90481,18.20819],[-66.89796,18.18774],[-66.86767,18.18731],[-66.86561,18.18566],[-66.86399,18.18675],[-66.86382,18.18445],[-66.86272,18.18408],[-66.86446,18.18194],[-66.8626,18.18141],[-66.86257,18.17831],[-66.86028,18.17561],[-66.86083,18.17485],[-66.86251,18.17535],[-66.86267,18.17336],[-66.85881,18.17359],[-66.8577,18.17185],[-66.85641,18.17237],[-66.85574,18.17147],[-66.85422,18.17183],[-66.85076,18.17036],[-66.84666,18.17147],[-66.83676,18.17055],[-66.83097,18.17104],[-66.82856,18.17034],[-66.82733,18.17124],[-66.8248,18.17375],[-66.82763,18.17471],[-66.82684,18.17669],[-66.82764,18.17842],[-66.83179,18.1798],[-66.83268,18.18189],[-66.83489,18.1826],[-66.83491,18.18377],[-66.83408,18.18415],[-66.8363,18.18578],[-66.8357,18.18933],[-66.83724,18.19271],[-66.83358,18.19426],[-66.83273,18.19567],[-66.83479,18.19851],[-66.83409,18.2028],[-66.83495,18.20747],[-66.83637,18.21015],[-66.83526,18.20998],[-66.83287,18.21486],[-66.833,18.21541],[-66.8342,18.21495],[-66.83376,18.21652],[-66.83498,18.21819],[-66.8346,18.21956],[-66.83262,18.22144],[-66.82979,18.21999],[-66.82914,18.22107],[-66.82938,18.22315],[-66.832,18.22592],[-66.83226,18.2277],[-66.83326,18.22802],[-66.83593,18.22927],[-66.83989,18.22771],[-66.84392,18.22771],[-66.84569,18.22872],[-66.84604,18.23182],[-66.85209,18.23101],[-66.86746,18.216],[-66.87382,18.21819],[-66.87375,18.21671],[-66.87262,18.21619],[-66.87357,18.2137],[-66.87143,18.21255],[-66.87167,18.21172],[-66.87454,18.21102],[-66.87799,18.21551],[-66.87954,18.21561],[-66.88019,18.21497],[-66.87844,18.21167],[-66.88015,18.21074],[-66.88166,18.21259],[-66.88292,18.21118],[-66.87924,18.20897],[-66.87928,18.20627],[-66.88246,18.20538],[-66.88873,18.20651],[-66.88772,18.20499],[-66.8904,18.204],[-66.89094,18.20247],[-66.89329,18.20301],[-66.89573,18.20161],[-66.89725,18.20347],[-66.89858,18.20297],[-66.89935,18.20372],[-66.8998,18.20674],[-66.90193,18.20813],[-66.90481,18.20819]]]},"properties":{"TRACTCE":"958400","GEOID":"72081958400","NAME":"9584","NAMELSAD":"Census Tract 9584","COUNTYFP":"081"}},
{"type":"Feature","geometry":{"type":"Polygon","coordinates":[[[-66.05333,18.44514],[-66.04814,18.44365],[-66.04578,18.44275],[-66.04405,18.44678],[-66.04509,18.44684],[-66.05205,18.44737],[-66.0528,18.44742],[-66.05333,18.44514]]]},"properties":{"TRACTCE":"002800","GEOID":"72127002800","NAME":"28","NAMELSAD":"Census Tract 28","COUNTYFP":"127"}},
{"type":"Feature","geometry":{"type":"Polygon","coordinates":[[[-66.87699,18.28963],[-66.87823,18.28719],[-66.87991,18.28598],[-66.87796,18.28468],[-66.87863,18.28358],[-66.87797,18.28173],[-66.87626,18.28072],[-66.87614,18.27844],[-66.87354,18.27478],[-66.87167,18.26836],[-66.87044,18.26718],[-66.86777,18.26584],[-66.8647,18.2664],[-66.86289,18.26564],[-66.86116,18.26578],[-66.86042,18.2668],[-66.85985,18.26408],[-66.85464,18.26339],[-66.85477,18.2611],[-66.85339,18.25955],[-66.85018,18.25885],[-66.84762,18.25496],[-66.84674,18.25169],[-66.84238,18.24866],[-66.84047,18.24426],[-66.83815,18.24277],[-66.83665,18.24331],[-66.83108,18.24261],[-66.82829,18.23936],[-66.82757,18.23539],[-66.82584,18.23558],[-66.82295,18.23314],[-66.8231,18.23233],[-66.81727,18.23034],[-66.81756,18.23542],[-66.82298,18.23906],[-66.82418,18.24335],[-66.82571,18.24429],[-66.82721,18.2441],[-66.82635,18.24927],[-66.82669,18.25312],[-66.82557,18.25364],[-66.82756,18.26016],[-66.82476,18.26323],[-66.82616,18.26444],[-66.82522,18.26677],[-66.82694,18.26721],[-66.82882,18.2693],[-66.82684,18.27319],[-66.8277,18.27586],[-66.82692,18.27602],[-66.82715,18.27764],[-66.83048,18.27775],[-66.83112,18.27674],[-66.83268,18.27698],[-66.83244,18.27769],[-66.83403,18.27936],[-66.83783,18.28015],[-66.84176,18.28313],[-66.84291,18.28509],[-66.84428,18.28506],[-66.84738,18.28868],[-66.84874,18.2882],[-66.84947,18.28682],[-66.8543,18.28709],[-66.8536,18.28896],[-66.85705,18.28967],[-66.85746,18.29228],[-66.86288,18.29461],[-66.86605,18.29415],[-66.87158,18.29659],[-66.87135,18.29518],[-66.86782,18.29252],[-66.86797,18.28995],[-66.87133,18.2894],[-66.87186,18.28846],[-66.87699,18.28963]]]},"properties":{"TRACTCE":"958200","GEOID":"72081958200","NAME":"9582","NAMELSAD":"Census Tract 9582","COUNTYFP":"081"}},
{"type":"Feature","geometry":{"type":"Polygon","coordinates":[[[-66.87158,18.29659],[-66.87622,18.29932],[-66.87976,18.29872],[-66.88462,18.2917],[-66.88708,18.29023],[-66.8898,18.29002],[-66.88946,18.28872],[-66.88788,18.28844],[-66.88829,18.28596],[-66.88649,18.28549],[-66.88497,18.2865],[-66.88111,18.28668],[-66.8802,18.28772],[-66.88082,18.28851],[-66.87811,18.28996],[-66.87699,18.28963],[-66.87186,18.28846],[-66.87133,18.2894],[-66.86797,18.28995],[-66.86782,18.29252],[-66.87135,18.29518],[-66.87158,18.29659]]]},"properties":{"TRACTCE":"958100","GEOID":"72081958100","NAME":"9581","NAMELSAD":"Census Tract 9581","COUNTYFP":"081"}},
{"type":"Feature","geometry":{"type":"Polygon","coordinates":[[[-66.90473,18.32161],[-66.90557,18.31598],[-66.90997,18.30281],[-66.91026,18.29675],[-66.90955,18.2931],[-66.9103,18.2824],[-66.90882,18.28184],[-66.90579,18.28306],[-66.90222,18.28278],[-66.90088,18.28394],[-66.89949,18.27886],[-66.89637,18.27485],[-66.89274,18.27406],[-66.8911,18.27237],[-66.88847,18.27131],[-66.88733,18.27161],[-66.88699,18.26825],[-66.89019,18.26415],[-66.89066,18.26218],[-66.89145,18.26243],[-66.89419,18.2588],[-66.89309,18.25662],[-66.88798,18.25346],[-66.88647,18.25441],[-66.88503,18.25387],[-66.88329,18.25458],[-66.88419,18.25517],[-66.88285,18.25721],[-66.88077,18.25709],[-66.88011,18.25839],[-66.87845,18.25764],[-66.87678,18.25998],[-66.87493,18.26002],[-66.8751,18.26183],[-66.87256,18.26565],[-66.87139,18.26494],[-66.87069,18.26544],[-66.87044,18.26718],[-66.87167,18.26836],[-66.87354,18.27478],[-66.87614,18.27844],[-66.87626,18.28072],[-66.87797,18.28173],[-66.87863,18.28358],[-66.87796,18.28468],[-66.87991,18.28598],[-66.87823,18.28719],[-66.87699,18.28963],[-66.87811,18.28996],[-66.88082,18.28851],[-66.8802,18.28772],[-66.88111,18.28668],[-66.88497,18.2865],[-66.88649,18.28549],[-66.88829,18.28596],[-66.88845,18.28422],[-66.8932,18.28375],[-66.89274,18.28568],[-66.89493,18.2866],[-66.89573,18.28792],[-66.89423,18.28915],[-66.89383,18.29071],[-66.89223,18.29109],[-66.89497,18.29466],[-66.89332,18.29665],[-66.89508,18.29961],[-66.89341,18.30048],[-66.89223,18.30323],[-66.89452,18.30804],[-66.89368,18.30852],[-66.89282,18.30776],[-66.89136,18.30996],[-66.89014,18.3093],[-66.88896,18.30973],[-66.88707,18.30791],[-66.88591,18.30968],[-66.88781,18.31286],[-66.89462,18.31461],[-66.89747,18.31738],[-66.90473,18.32161]]]},"properties":{"TRACTCE":"957900","GEOID":"72081957900","NAME":"9579","NAMELSAD":"Census Tract 9579","COUNTYFP":"081"}},
{"type":"Feature","geometry":{"type":"Polygon","coordinates":[[[-66.89641,18.3489],[-66.90473,18.32161],[-66.89747,18.31738],[-66.89462,18.31461],[-66.88781,18.31286],[-66.88591,18.30968],[-66.88285,18.30922],[-66.87344,18.30343],[-66.87713,18.30848],[-66.87696,18.3105],[-66.87517,18.31362],[-66.87072,18.31149],[-66.86942,18.30968],[-66.86949,18.30789],[-66.86622,18.31043],[-66.8637,18.3103],[-66.86304,18.3145],[-66.85929,18.31526],[-66.85676,18.31788],[-66.85526,18.31782],[-66.85353,18.3191],[-66.85327,18.32277],[-66.85054,18.32765],[-66.85047,18.33078],[-66.84849,18.33486],[-66.84971,18.33721],[-66.85011,18.34426],[-66.85526,18.34426],[-66.85592,18.34517],[-66.85775,18.34531],[-66.85849,18.34662],[-66.86126,18.34594],[-66.86149,18.34718],[-66.86367,18.34874],[-66.86444,18.35514],[-66.86298,18.356],[-66.87688,18.35677],[-66.87724,18.35801],[-66.88063,18.3605],[-66.88086,18.363],[-66.88233,18.36469],[-66.88507,18.36595],[-66.88551,18.36709],[-66.89099,18.36815],[-66.89331,18.36712],[-66.89187,18.36535],[-66.89641,18.3489]]]},"properties":{"TRACTCE":"957800","GEOID":"72081957800","NAME":"9578","NAMELSAD":"Census Tract 9578","COUNTYFP":"081"}},
{"type":"Feature","geometry":{"type":"Polygon","coordinates":[[[-66.90724,18.25309],[-66.90563,18.25192],[-66.90761,18.24762],[-66.90702,18.24595],[-66.91075,18.23953],[-66.91286,18.23301],[-66.90481,18.20819],[-66.90193,18.20813],[-66.8998,18.20674],[-66.89935,18.20372],[-66.89858,18.20297],[-66.89725,18.20347],[-66.89573,18.20161],[-66.89329,18.20301],[-66.89094,18.20247],[-66.8904,18.204],[-66.88772,18.20499],[-66.88873,18.20651],[-66.88246,18.20538],[-66.87928,18.20627],[-66.87924,18.20897],[-66.88292,18.21118],[-66.88166,18.21259],[-66.88015,18.21074],[-66.87844,18.21167],[-66.88019,18.21497],[-66.87954,18.21561],[-66.87799,18.21551],[-66.87454,18.21102],[-66.87167,18.21172],[-66.87143,18.21255],[-66.87357,18.2137],[-66.87262,18.21619],[-66.87375,18.21671],[-66.87382,18.21819],[-66.86746,18.216],[-66.85209,18.23101],[-66.84604,18.23182],[-66.84569,18.22872],[-66.84392,18.22771],[-66.83989,18.22771],[-66.83593,18.22927],[-66.83326,18.22802],[-66.82914,18.2318],[-66.8231,18.23233],[-66.82295,18.23314],[-66.82584,18.23558],[-66.82757,18.23539],[-66.82829,18.23936],[-66.83108,18.24261],[-66.83665,18.24331],[-66.83815,18.24277],[-66.84047,18.24426],[-66.84238,18.24866],[-66.84674,18.25169],[-66.84762,18.25496],[-66.85018,18.25885],[-66.85339,18.25955],[-66.85477,18.2611],[-66.85464,18.26339],[-66.85985,18.26408],[-66.86042,18.2668],[-66.86116,18.26578],[-66.86289,18.26564],[-66.8647,18.2664],[-66.86777,18.26584],[-66.87044,18.26718],[-66.87069,18.26544],[-66.87139,18.26494],[-66.87256,18.26565],[-66.8751,18.26183],[-66.87493,18.26002],[-66.87678,18.25998],[-66.87845,18.25764],[-66.88011,18.25839],[-66.88077,18.25709],[-66.88285,18.25721],[-66.88419,18.25517],[-66.88329,18.25458],[-66.88503,18.25387],[-66.88647,18.25441],[-66.88798,18.25346],[-66.89309,18.25662],[-66.89419,18.2588],[-66.89145,18.26243],[-66.89066,18.26218],[-66.89019,18.26415],[-66.88699,18.26825],[-66.88733,18.27161],[-66.88847,18.27131],[-66.8911,18.27237],[-66.89274,18.27406],[-66.89637,18.27485],[-66.89949,18.27886],[-66.90088,18.28394],[-66.90222,18.28278],[-66.90579,18.28306],[-66.90882,18.28184],[-66.9103,18.2824],[-66.91059,18.2782],[-66.90798,18.27319],[-66.90901,18.26627],[-66.90688,18.26311],[-66.90825,18.26018],[-66.90872,18.25468],[-66.90844,18.25314],[-66.90724,18.25309]]]},"properties":{"TRACTCE":"958300","GEOID":"72081958300","NAME":"9583","NAMELSAD":"Census Tract 9583","COUNTYFP":"081"}},
{"type":"Feature","geometry":{"type":"Polygon","coordinates":[[[-66.86298,18.356],[-66.86444,18.35514],[-66.86367,18.34874],[-66.86149,18.34718],[-66.86126,18.34594],[-66.85849,18.34662],[-66.85775,18.34531],[-66.85592,18.34517],[-66.85526,18.34426],[-66.85011,18.34426],[-66.84971,18.33721],[-66.84849,18.33486],[-66.85047,18.33078],[-66.85054,18.32765],[-66.85327,18.32277],[-66.85353,18.3191],[-66.85526,18.31782],[-66.85676,18.31788],[-66.85929,18.31526],[-66.86304,18.3145],[-66.8637,18.3103],[-66.86622,18.31043],[-66.86949,18.30789],[-66.86942,18.30968],[-66.87072,18.31149],[-66.87517,18.31362],[-66.87696,18.3105],[-66.87713,18.30848],[-66.87344,18.30343],[-66.87098,18.29948],[-66.87158,18.29659],[-66.86605,18.29415],[-66.86288,18.29461],[-66.85746,18.29228],[-66.85705,18.28967],[-66.8536,18.28896],[-66.8543,18.28709],[-66.84947,18.28682],[-66.84874,18.2882],[-66.84738,18.28868],[-66.84428,18.28506],[-66.84291,18.28509],[-66.84176,18.28313],[-66.83783,18.28015],[-66.83403,18.27936],[-66.83244,18.27769],[-66.83268,18.27698],[-66.83112,18.27674],[-66.83048,18.27775],[-66.83087,18.28039],[-66.82863,18.28273],[-66.82986,18.28311],[-66.82862,18.28461],[-66.83121,18.28518],[-66.82987,18.28541],[-66.82969,18.2876],[-66.82624,18.29104],[-66.82612,18.29354],[-66.82473,18.29555],[-66.82651,18.2954],[-66.82489,18.29865],[-66.82589,18.29835],[-66.8267,18.30099],[-66.82618,18.30245],[-66.82347,18.3035],[-66.8247,18.30472],[-66.82519,18.30777],[-66.82433,18.31056],[-66.82701,18.31233],[-66.82744,18.31447],[-66.82342,18.31825],[-66.82604,18.32337],[-66.82408,18.34328],[-66.82891,18.34457],[-66.83788,18.34884],[-66.84645,18.35116],[-66.84846,18.35368],[-66.85088,18.35373],[-66.85474,18.35534],[-66.86298,18.356]]]},"properties":{"TRACTCE":"957700","GEOID":"72081957700","NAME":"9577","NAMELSAD":"Census Tract 9577","COUNTYFP":"081"}},
{"type":"Feature","geometry":{"type":"Polygon","coordinates":[[[-66.26017,18.30179],[-66.25683,18.29607],[-66.25774,18.29431],[-66.25716,18.29062],[-66.25514,18.28659],[-66.25549,18.28446],[-66.25701,18.28424],[-66.25581,18.28196],[-66.25742,18.28011],[-66.25624,18.2782],[-66.25886,18.27647],[-66.25755,18.27188],[-66.26116,18.27063],[-66.26256,18.26861],[-66.26028,18.26394],[-66.26023,18.26239],[-66.26191,18.26132],[-66.26119,18.26001],[-66.26147,18.25542],[-66.25876,18.25468],[-66.25667,18.25222],[-66.25683,18.24871],[-66.25793,18.24767],[-66.25713,18.24746],[-66.25502,18.24764],[-66.25154,18.25006],[-66.24817,18.24825],[-66.2454,18.24911],[-66.24333,18.2511],[-66.242,18.25472],[-66.23867,18.25393],[-66.23262,18.25511],[-66.22809,18.25403],[-66.22789,18.2576],[-66.22882,18.25869],[-66.22913,18.26261],[-66.22711,18.26237],[-66.22508,18.26449],[-66.22274,18.26505],[-66.22229,18.26811],[-66.22,18.2706],[-66.21911,18.27425],[-66.21328,18.27541],[-66.21088,18.27503],[-66.20987,18.2771],[-66.20613,18.27666],[-66.20651,18.27966],[-66.20925,18.28487],[-66.2087,18.28718],[-66.21148,18.29173],[-66.20864,18.29541],[-66.2088,18.29698],[-66.21011,18.29816],[-66.21031,18.30302],[-66.21121,18.30355],[-66.21091,18.30163],[-66.21251,18.29524],[-66.21166,18.29037],[-66.21005,18.28818],[-66.21254,18.28892],[-66.216,18.28858],[-66.21655,18.2903],[-66.21978,18.29055],[-66.22025,18.29207],[-66.22283,18.29329],[-66.22635,18.29215],[-66.22642,18.29453],[-66.22852,18.29939],[-66.22883,18.29849],[-66.23525,18.2977],[-66.23601,18.29828],[-66.23542,18.30046],[-66.23929,18.29947],[-66.24406,18.2998],[-66.24646,18.29904],[-66.24869,18.30104],[-66.25212,18.30076],[-66.2529,18.29882],[-66.25432,18.30182],[-66.25707,18.3038],[-66.25651,18.30477],[-66.25777,18.30687],[-66.25916,18.30721],[-66.26017,18.30179]]]},"properties":{"TRACTCE":"520400","GEOID":"72105520400","NAME":"5204","NAMELSAD":"Census Tract 5204","COUNTYFP":"105"}},
{"type":"Feature","geometry":{"type":"Polygon","coordinates":[[[-65.70829,18.37836],[-65.71149,18.38226],[-65.71301,18.38614],[-65.71631,18.38794],[-65.71797,18.3919],[-65.72105,18.393],[-65.72704,18.39223],[-65.73094,18.39275],[-65.73141,18.38972],[-65.73406,18.38563],[-65.73353,18.38226],[-65.73191,18.38128],[-65.72575,18.38179],[-65.72261,18.38048],[-65.72026,18.37841],[-65.72074,18.37773],[-65.71928,18.37493],[-65.72222,18.37078],[-65.71968,18.36872],[-65.71719,18.37168],[-65.71613,18.37172],[-65.7137,18.36879],[-65.71121,18.36972],[-65.70987,18.37204],[-65.71237,18.37362],[-65.71256,18.3747],[-65.70829,18.37836]]]},"properties":{"TRACTCE":"140201","GEOID":"72089140201","NAME":"1402.01","NAMELSAD":"Census Tract 1402.01","COUNTYFP":"089"}},
{"type":"Feature","geometry":{"type":"Polygon","coordinates":[[[-65.74858,18.38707],[-65.74208,18.38319],[-65.73406,18.38563],[-65.73141,18.38972],[-65.73094,18.39275],[-65.72704,18.39223],[-65.72105,18.393],[-65.71797,18.3919],[-65.71631,18.38794],[-65.71301,18.38614],[-65.71149,18.38226],[-65.70829,18.37836],[-65.70492,18.37414],[-65.69772,18.37113],[-65.67562,18.37043],[-65.67146,18.36492],[-65.66892,18.36417],[-65.66834,18.3659],[-65.64608,18.44222],[-65.65319,18.4356],[-65.65791,18.42891],[-65.66208,18.42813],[-65.66635,18.42617],[-65.67861,18.41853],[-65.68151,18.42221],[-65.69138,18.43074],[-65.6991,18.4347],[-65.70981,18.43843],[-65.71382,18.44402],[-65.74858,18.38707]]]},"properties":{"TRACTCE":"990001","GEOID":"72089990001","NAME":"9900.01","NAMELSAD":"Census Tract 9900.01","COUNTYFP":"089"}},
{"type":"Feature","geometry":{"type":"Polygon","coordinates":[[[-66.25415,18.39238],[-66.25344,18.39162],[-66.25319,18.38509],[-66.25469,18.38179],[-66.25515,18.378],[-66.25263,18.37874],[-66.25233,18.38224],[-66.24941,18.38322],[-66.2467,18.38354],[-66.2434,18.38782],[-66.2449,18.39496],[-66.24687,18.39593],[-66.25097,18.39553],[-66.25255,18.39419],[-66.25415,18.39238]]]},"properties":{"TRACTCE":"510300","GEOID":"72135510300","NAME":"5103","NAMELSAD":"Census Tract 5103","COUNTYFP":"135"}},
{"type":"Feature","geometry":{"type":"Polygon","coordinates":[[[-66.03817,18.22522],[-66.03842,18.22474],[-66.03227,18.22319],[-66.03065,18.22431],[-66.02989,18.22392],[-66.02799,18.22621],[-66.03056,18.22837],[-66.0344,18.23134],[-66.03571,18.22805],[-66.03643,18.22841],[-66.03817,18.22522]]]},"properties":{"TRACTCE":"201600","GEOID":"72025201600","NAME":"2016","NAMELSAD":"Census Tract 2016","COUNTYFP":"025"}},
{"type":"Feature","geometry":{"type":"Polygon","coordinates":[[[-66.02935,18.23392],[-66.03098,18.23014],[-66.02957,18.22963],[-66.03056,18.22837],[-66.02799,18.22621],[-66.0206,18.23034],[-66.02,18.2314],[-66.02263,18.23265],[-66.02764,18.2343],[-66.02935,18.23392]]]},"properties":{"TRACTCE":"201700","GEOID":"72025201700","NAME":"2017","NAMELSAD":"Census Tract 2017","COUNTYFP":"025"}},
{"type":"Feature","geometry":{"type":"Polygon","coordinates":[[[-66.04974,18.23105],[-66.05213,18.23061],[-66.05346,18.22816],[-66.04686,18.22449],[-66.04585,18.22422],[-66.04514,18.22639],[-66.0433,18.23402],[-66.04223,18.23829],[-66.04676,18.23599],[-66.04762,18.23092],[-66.04974,18.23105]]]},"properties":{"TRACTCE":"201300","GEOID":"72025201300","NAME":"2013","NAMELSAD":"Census Tract 2013","COUNTYFP":"025"}},
{"type":"Feature","geometry":{"type":"Polygon","coordinates":[[[-66.04585,18.22422],[-66.04835,18.21629],[-66.04119,18.21965],[-66.03842,18.22474],[-66.03817,18.22522],[-66.04021,18.22657],[-66.04138,18.22501],[-66.04435,18.2257],[-66.04478,18.22497],[-66.04514,18.22639],[-66.04585,18.22422]]]},"properties":{"TRACTCE":"201500","GEOID":"72025201500","NAME":"2015","NAMELSAD":"Census Tract 2015","COUNTYFP":"025"}},
{"type":"Feature","geometry":{"type":"Polygon","coordinates":[[[-66.52823,18.13237],[-66.5277,18.13135],[-66.52674,18.13084],[-66.52613,18.13107],[-66.52537,18.12798],[-66.52447,18.12855],[-66.52353,18.12723],[-66.5221,18.12841],[-66.52239,18.12971],[-66.51967,18.13077],[-66.52038,18.12938],[-66.51841,18.12783],[-66.51886,18.12676],[-66.51741,18.12669],[-66.51812,18.12592],[-66.51772,18.12317],[-66.51526,18.12256],[-66.51421,18.12112],[-66.51485,18.12015],[-66.513,18.1199],[-66.50876,18.11656],[-66.50633,18.11321],[-66.50598,18.11021],[-66.50514,18.10971],[-66.50541,18.11348],[-66.50334,18.11658],[-66.501,18.1229],[-66.49819,18.12476],[-66.49438,18.12496],[-66.49376,18.12597],[-66.49716,18.12663],[-66.49924,18.12544],[-66.50096,18.12799],[-66.49486,18.132],[-66.49667,18.13404],[-66.49565,18.13675],[-66.49734,18.13713],[-66.49772,18.14376],[-66.50054,18.15079],[-66.49915,18.15275],[-66.49823,18.15884],[-66.4973,18.15955],[-66.49728,18.16287],[-66.49781,18.16242],[-66.49886,18.16397],[-66.50146,18.16407],[-66.50179,18.16481],[-66.50568,18.16349],[-66.50796,18.16099],[-66.51067,18.15978],[-66.51346,18.15568],[-66.51629,18.15431],[-66.51907,18.15445],[-66.52194,18.15207],[-66.52183,18.14954],[-66.5234,18.14457],[-66.52695,18.14052],[-66.52642,18.13688],[-66.52797,18.13509],[-66.52823,18.13237]]]},"properties":{"TRACTCE":"720504","GEOID":"72149720504","NAME":"7205.04","NAMELSAD":"Census Tract 7205.04","COUNTYFP":"149"}},
{"type":"Feature","geometry":{"type":"Polygon","coordinates":[[[-65.91935,18.34656],[-65.91971,18.34487],[-65.91724,18.34479],[-65.91617,18.3428],[-65.91448,18.3448],[-65.91367,18.34466],[-65.91322,18.34316],[-65.9112,18.34383],[-65.91005,18.34553],[-65.908,18.34365],[-65.90016,18.34461],[-65.89713,18.34603],[-65.89649,18.34533],[-65.8947,18.34556],[-65.88971,18.34718],[-65.88004,18.34603],[-65.87944,18.3465],[-65.88006,18.34815],[-65.87935,18.34827],[-65.8783,18.34809],[-65.87665,18.34595],[-65.87512,18.34563],[-65.8744,18.35157],[-65.87505,18.35156],[-65.87587,18.35649],[-65.87468,18.359],[-65.87678,18.36162],[-65.87666,18.36314],[-65.87362,18.36583],[-65.87395,18.36751],[-65.87287,18.36947],[-65.87416,18.37306],[-65.87264,18.37415],[-65.87318,18.37467],[-65.87256,18.37543],[-65.87205,18.37496],[-65.86827,18.37621],[-65.86745,18.3782],[-65.87273,18.37846],[-65.8765,18.37868],[-65.88096,18.37894],[-65.88099,18.37733],[-65.87934,18.37433],[-65.88083,18.37324],[-65.88087,18.36446],[-65.88322,18.36114],[-65.88236,18.35964],[-65.8836,18.3597],[-65.88497,18.36138],[-65.88719,18.36103],[-65.89077,18.36228],[-65.89703,18.3619],[-65.89825,18.36095],[-65.90091,18.36096],[-65.90182,18.3617],[-65.90253,18.36308],[-65.90229,18.36604],[-65.89975,18.37487],[-65.9071,18.37637],[-65.91085,18.37621],[-65.90859,18.37357],[-65.91011,18.36874],[-65.9121,18.36953],[-65.9171,18.36776],[-65.91763,18.36338],[-65.91864,18.36162],[-65.91625,18.36003],[-65.91783,18.35819],[-65.91579,18.35296],[-65.9175,18.35014],[-65.91606,18.34981],[-65.91563,18.34885],[-65.91649,18.34757],[-65.91935,18.34656]]]},"properties":{"TRACTCE":"100504","GEOID":"72029100504","NAME":"1005.04","NAMELSAD":"Census Tract 1005.04","COUNTYFP":"029"}},
{"type":"Feature","geometry":{"type":"Polygon","coordinates":[[[-65.90968,18.40106],[-65.90975,18.40097],[-65.90502,18.39748],[-65.9051,18.39541],[-65.90602,18.39535],[-65.90483,18.3941],[-65.90265,18.39395],[-65.90361,18.39329],[-65.90244,18.3899],[-65.90315,18.38887],[-65.89983,18.38695],[-65.89802,18.38377],[-65.8958,18.38339],[-65.89627,18.38181],[-65.89403,18.38122],[-65.89439,18.3819],[-65.8935,18.382],[-65.89289,18.38079],[-65.89163,18.38064],[-65.89239,18.37841],[-65.88913,18.37938],[-65.88506,18.37923],[-65.88619,18.38387],[-65.88791,18.39423],[-65.89091,18.3945],[-65.89071,18.39628],[-65.88837,18.39821],[-65.8913,18.41157],[-65.89993,18.41368],[-65.90968,18.40106]]]},"properties":{"TRACTCE":"100104","GEOID":"72029100104","NAME":"1001.04","NAMELSAD":"Census Tract 1001.04","COUNTYFP":"029"}},
{"type":"Feature","geometry":{"type":"Polygon","coordinates":[[[-65.90929,18.32792],[-65.90862,18.323],[-65.90511,18.32307],[-65.90314,18.32066],[-65.9039,18.31676],[-65.90178,18.31616],[-65.9041,18.31537],[-65.90341,18.31426],[-65.90207,18.3154],[-65.89758,18.3145],[-65.89498,18.31542],[-65.89268,18.31293],[-65.88901,18.31248],[-65.88885,18.31633],[-65.88995,18.31928],[-65.8889,18.32197],[-65.88954,18.3253],[-65.88905,18.33674],[-65.89196,18.3428],[-65.89553,18.34496],[-65.89681,18.34468],[-65.89713,18.34603],[-65.90016,18.34461],[-65.908,18.34365],[-65.90935,18.34063],[-65.90624,18.33735],[-65.90678,18.33304],[-65.90583,18.33171],[-65.90929,18.32792]]]},"properties":{"TRACTCE":"100602","GEOID":"72029100602","NAME":"1006.02","NAMELSAD":"Census Tract 1006.02","COUNTYFP":"029"}},
{"type":"Feature","geometry":{"type":"Polygon","coordinates":[[[-65.89713,18.34603],[-65.89681,18.34468],[-65.89553,18.34496],[-65.89196,18.3428],[-65.88905,18.33674],[-65.88954,18.3253],[-65.8889,18.32197],[-65.88995,18.31928],[-65.88885,18.31633],[-65.88901,18.31248],[-65.88942,18.30851],[-65.88739,18.30215],[-65.88837,18.29831],[-65.88684,18.29527],[-65.8856,18.2945],[-65.88502,18.29119],[-65.88246,18.29092],[-65.87957,18.28933],[-65.87637,18.29071],[-65.87666,18.29267],[-65.86824,18.29386],[-65.86688,18.29582],[-65.86699,18.29707],[-65.86521,18.29777],[-65.8637,18.30226],[-65.86259,18.30325],[-65.86472,18.30666],[-65.86393,18.30752],[-65.86407,18.30943],[-65.8687,18.30932],[-65.86986,18.31245],[-65.86966,18.31715],[-65.86538,18.31717],[-65.86276,18.32149],[-65.867,18.33235],[-65.87266,18.33488],[-65.87317,18.33723],[-65.8717,18.33977],[-65.8723,18.34065],[-65.87382,18.34063],[-65.87253,18.34388],[-65.87512,18.34563],[-65.87665,18.34595],[-65.8783,18.34809],[-65.87935,18.34827],[-65.88006,18.34815],[-65.87944,18.3465],[-65.88004,18.34603],[-65.88971,18.34718],[-65.8947,18.34556],[-65.89649,18.34533],[-65.89713,18.34603]]]},"properties":{"TRACTCE":"100601","GEOID":"72029100601","NAME":"1006.01","NAMELSAD":"Census Tract 1006.01","COUNTYFP":"029"}},
{"type":"Feature","geometry":{"type":"Polygon","coordinates":[[[-65.88619,18.38387],[-65.88284,18.38519],[-65.88337,18.38649],[-65.87906,18.38906],[-65.87912,18.39267],[-65.88791,18.39423],[-65.88619,18.38387]]]},"properties":{"TRACTCE":"100103","GEOID":"72029100103","NAME":"1001.03","NAMELSAD":"Census Tract 1001.03","COUNTYFP":"029"}},
{"type":"Feature","geometry":{"type":"Polygon","coordinates":[[[-66.08527,18.44116],[-66.08272,18.43913],[-66.08114,18.43852],[-66.0776,18.43846],[-66.07618,18.44016],[-66.07625,18.44217],[-66.07694,18.44243],[-66.08061,18.44151],[-66.08094,18.44423],[-66.08209,18.44535],[-66.08527,18.44116]]]},"properties":{"TRACTCE":"980300","GEOID":"72127980300","NAME":"9803","NAMELSAD":"Census Tract 9803","COUNTYFP":"127"}},
{"type":"Feature","geometry":{"type":"Polygon","coordinates":[[[-66.31935,18.4096],[-66.32052,18.4065],[-66.31909,18.40197],[-66.31809,18.4008],[-66.31817,18.39894],[-66.3143,18.39785],[-66.31412,18.38953],[-66.31097,18.38843],[-66.31061,18.38428],[-66.31412,18.38088],[-66.31154,18.38081],[-66.30718,18.38311],[-66.3066,18.38427],[-66.30366,18.38408],[-66.30388,18.41064],[-66.3087,18.41364],[-66.31102,18.41409],[-66.31295,18.41392],[-66.31172,18.4113],[-66.31389,18.40991],[-66.31564,18.40926],[-66.31935,18.4096]]]},"properties":{"TRACTCE":"550602","GEOID":"72143550602","NAME":"5506.02","NAMELSAD":"Census Tract 5506.02","COUNTYFP":"143"}},
{"type":"Feature","geometry":{"type":"Polygon","coordinates":[[[-66.19705,18.37686],[-66.19499,18.3762],[-66.19559,18.37405],[-66.19741,18.37451],[-66.19756,18.37397],[-66.19528,18.37339],[-66.19228,18.37302],[-66.19178,18.37125],[-66.18973,18.37216],[-66.19139,18.37326],[-66.19,18.37529],[-66.18784,18.37393],[-66.18661,18.37556],[-66.18746,18.37756],[-66.1892,18.3786],[-66.18844,18.37964],[-66.19151,18.38054],[-66.19317,18.3803],[-66.19705,18.37686]]]},"properties":{"TRACTCE":"031114","GEOID":"72021031114","NAME":"311.14","NAMELSAD":"Census Tract 311.14","COUNTYFP":"021"}},
{"type":"Feature","geometry":{"type":"Polygon","coordinates":[[[-66.1997,18.35471],[-66.19892,18.35363],[-66.19589,18.35335],[-66.19519,18.35156],[-66.1942,18.35273],[-66.19356,18.35032],[-66.19418,18.34774],[-66.19112,18.34664],[-66.19068,18.3455],[-66.18831,18.34908],[-66.18957,18.35505],[-66.19041,18.35939],[-66.18852,18.36469],[-66.1901,18.3651],[-66.19165,18.36184],[-66.19238,18.36195],[-66.19419,18.35933],[-66.19623,18.35859],[-66.1997,18.35471]]]},"properties":{"TRACTCE":"031121","GEOID":"72021031121","NAME":"311.21","NAMELSAD":"Census Tract 311.21","COUNTYFP":"021"}},
{"type":"Feature","geometry":{"type":"Polygon","coordinates":[[[-66.19812,18.36635],[-66.19729,18.3602],[-66.1997,18.35471],[-66.19623,18.35859],[-66.19419,18.35933],[-66.19238,18.36195],[-66.19165,18.36184],[-66.1901,18.3651],[-66.19629,18.36642],[-66.19528,18.37339],[-66.19756,18.37397],[-66.19741,18.37451],[-66.19559,18.37405],[-66.19499,18.3762],[-66.19705,18.37686],[-66.19777,18.37673],[-66.19957,18.36962],[-66.19812,18.36635]]]},"properties":{"TRACTCE":"031113","GEOID":"72021031113","NAME":"311.13","NAMELSAD":"Census Tract 311.13","COUNTYFP":"021"}},
{"type":"Feature","geometry":{"type":"Polygon","coordinates":[[[-66.40151,18.33025],[-66.40679,18.32906],[-66.40671,18.33111],[-66.41014,18.33545],[-66.41615,18.33618],[-66.41272,18.33126],[-66.40919,18.32832],[-66.41126,18.32762],[-66.4118,18.32822],[-66.41457,18.32827],[-66.41366,18.32742],[-66.41206,18.32792],[-66.40941,18.32512],[-66.40817,18.32128],[-66.40722,18.32111],[-66.40462,18.32009],[-66.39996,18.32194],[-66.3983,18.32094],[-66.3982,18.31902],[-66.39534,18.31756],[-66.39169,18.31766],[-66.39013,18.3185],[-66.39096,18.31971],[-66.39472,18.32061],[-66.39653,18.32321],[-66.39962,18.32469],[-66.40005,18.32568],[-66.40238,18.32537],[-66.40151,18.33025]]]},"properties":{"TRACTCE":"955500","GEOID":"72101955500","NAME":"9555","NAMELSAD":"Census Tract 9555","COUNTYFP":"101"}},
{"type":"Feature","geometry":{"type":"Polygon","coordinates":[[[-66.45433,18.32547],[-66.45454,18.31304],[-66.45335,18.30989],[-66.45606,18.30457],[-66.45486,18.30032],[-66.45703,18.30008],[-66.45825,18.30345],[-66.46126,18.30108],[-66.46137,18.29933],[-66.45862,18.29729],[-66.45978,18.29509],[-66.45822,18.29175],[-66.46128,18.28862],[-66.46278,18.28424],[-66.46455,18.28431],[-66.46489,18.28351],[-66.46445,18.28269],[-66.46224,18.28239],[-66.46104,18.28044],[-66.46054,18.27757],[-66.46261,18.27489],[-66.46063,18.27314],[-66.46217,18.27219],[-66.45915,18.26895],[-66.45978,18.26434],[-66.45498,18.26306],[-66.45863,18.25989],[-66.45796,18.25824],[-66.4557,18.25773],[-66.45206,18.25611],[-66.44661,18.25719],[-66.44591,18.25814],[-66.44428,18.25757],[-66.44192,18.25912],[-66.4408,18.2579],[-66.4396,18.25852],[-66.43895,18.25636],[-66.438,18.25585],[-66.42914,18.26064],[-66.42745,18.26067],[-66.40943,18.26331],[-66.39821,18.26893],[-66.3928,18.27333],[-66.39096,18.27339],[-66.38872,18.27683],[-66.3849,18.28644],[-66.38403,18.2908],[-66.37771,18.29398],[-66.37913,18.29446],[-66.37968,18.29652],[-66.38225,18.29648],[-66.38257,18.29488],[-66.38535,18.29441],[-66.38917,18.29237],[-66.39078,18.29054],[-66.39051,18.28895],[-66.39368,18.28549],[-66.3953,18.28011],[-66.39679,18.28019],[-66.40108,18.28464],[-66.40469,18.28465],[-66.40448,18.28635],[-66.40669,18.28771],[-66.40634,18.28936],[-66.40887,18.29088],[-66.40979,18.2925],[-66.4119,18.29306],[-66.40895,18.29591],[-66.40972,18.29806],[-66.40927,18.29918],[-66.41078,18.3006],[-66.40831,18.30033],[-66.40839,18.30114],[-66.40681,18.30179],[-66.40698,18.30268],[-66.40833,18.30293],[-66.40854,18.30466],[-66.41051,18.30562],[-66.4096,18.30587],[-66.40871,18.31062],[-66.40738,18.31052],[-66.40754,18.31339],[-66.40855,18.31483],[-66.40729,18.31494],[-66.40609,18.31814],[-66.40722,18.32111],[-66.40817,18.32128],[-66.40941,18.32512],[-66.41206,18.32792],[-66.41366,18.32742],[-66.41457,18.32827],[-66.4118,18.32822],[-66.41126,18.32762],[-66.40919,18.32832],[-66.41272,18.33126],[-66.41615,18.33618],[-66.41761,18.33553],[-66.41907,18.33599],[-66.41816,18.33737],[-66.41868,18.33799],[-66.42146,18.33763],[-66.42332,18.33524],[-66.42701,18.33633],[-66.4292,18.33225],[-66.43036,18.33181],[-66.43042,18.32987],[-66.43546,18.33044],[-66.44171,18.32466],[-66.44513,18.32575],[-66.45024,18.32537],[-66.45235,18.32784],[-66.45426,18.3281],[-66.45433,18.32547]]]},"properties":{"TRACTCE":"955401","GEOID":"72101955401","NAME":"9554.01","NAMELSAD":"Census Tract 9554.01","COUNTYFP":"101"}},
{"type":"Feature","geometry":{"type":"Polygon","coordinates":[[[-67.18498,18.17083],[-67.18363,18.16998],[-67.17348,18.16297],[-67.17133,18.1593],[-67.16617,18.15838],[-67.1669,18.15561],[-67.16381,18.15485],[-67.16192,18.15236],[-67.15973,18.15323],[-67.15765,18.1562],[-67.15163,18.15885],[-67.15015,18.1605],[-67.1489,18.16043],[-67.14815,18.16289],[-67.14608,18.16256],[-67.14509,18.16145],[-67.14347,18.16284],[-67.14182,18.16298],[-67.14068,18.1647],[-67.13993,18.16437],[-67.13271,18.16764],[-67.13246,18.16886],[-67.13447,18.16895],[-67.13651,18.17057],[-67.14061,18.17108],[-67.14245,18.17388],[-67.15101,18.17332],[-67.15043,18.17131],[-67.15621,18.17259],[-67.15852,18.17502],[-67.15888,18.17774],[-67.16118,18.17868],[-67.1607,18.18181],[-67.16146,18.18409],[-67.15998,18.18751],[-67.16324,18.19227],[-67.17258,18.18533],[-67.18498,18.17083]]]},"properties":{"TRACTCE":"082001","GEOID":"72097082001","NAME":"820.01","NAMELSAD":"Census Tract 820.01","COUNTYFP":"097"}},
{"type":"Feature","geometry":{"type":"Polygon","coordinates":[[[-65.82966,18.42241],[-65.8286,18.4212],[-65.82583,18.41005],[-65.82651,18.40668],[-65.82311,18.39945],[-65.82242,18.39613],[-65.82489,18.39172],[-65.83024,18.38801],[-65.83183,18.38411],[-65.83272,18.38392],[-65.83281,18.38003],[-65.83567,18.37898],[-65.83989,18.3788],[-65.83674,18.37787],[-65.82433,18.37544],[-65.81961,18.3747],[-65.82369,18.37652],[-65.82406,18.3797],[-65.82146,18.38243],[-65.82048,18.38523],[-65.81678,18.38742],[-65.81657,18.39142],[-65.81333,18.39118],[-65.81046,18.39515],[-65.81073,18.39744],[-65.8138,18.40285],[-65.80792,18.40445],[-65.80348,18.41071],[-65.80341,18.41283],[-65.80832,18.41216],[-65.81596,18.41296],[-65.8198,18.42061],[-65.82012,18.42529],[-65.82102,18.42422],[-65.82678,18.42782],[-65.82855,18.42327],[-65.82966,18.42241]]]},"properties":{"TRACTCE":"130200","GEOID":"72119130200","NAME":"1302","NAMELSAD":"Census Tract 1302","COUNTYFP":"119"}},
{"type":"Feature","geometry":{"type":"Polygon","coordinates":[[[-65.867,18.33235],[-65.86276,18.32149],[-65.86538,18.31717],[-65.86966,18.31715],[-65.86986,18.31245],[-65.8687,18.30932],[-65.86407,18.30943],[-65.86393,18.30752],[-65.86472,18.30666],[-65.86259,18.30325],[-65.8637,18.30226],[-65.86521,18.29777],[-65.86699,18.29707],[-65.86688,18.29582],[-65.86824,18.29386],[-65.86217,18.29339],[-65.85917,18.28891],[-65.8572,18.28811],[-65.85578,18.28621],[-65.84945,18.28232],[-65.84629,18.28163],[-65.84579,18.27882],[-65.84202,18.27909],[-65.84162,18.27726],[-65.83891,18.27693],[-65.83639,18.27525],[-65.83172,18.27174],[-65.82885,18.27216],[-65.82717,18.27334],[-65.82422,18.27305],[-65.82195,18.27407],[-65.81963,18.27909],[-65.81357,18.28555],[-65.81386,18.28673],[-65.81142,18.29014],[-65.80736,18.28937],[-65.80544,18.28805],[-65.80268,18.29041],[-65.80048,18.28989],[-65.7992,18.28992],[-65.79922,18.2929],[-65.80201,18.2937],[-65.80317,18.29513],[-65.80306,18.29664],[-65.80654,18.29783],[-65.8081,18.29997],[-65.81098,18.30106],[-65.81175,18.30001],[-65.8133,18.30235],[-65.81458,18.30204],[-65.8195,18.30382],[-65.82193,18.30614],[-65.82207,18.30781],[-65.82099,18.30923],[-65.82248,18.31065],[-65.82222,18.31253],[-65.82522,18.32045],[-65.82303,18.32811],[-65.82725,18.33175],[-65.82531,18.33475],[-65.82801,18.33733],[-65.82921,18.33977],[-65.82889,18.34103],[-65.82578,18.34085],[-65.82586,18.34341],[-65.82473,18.34444],[-65.8253,18.34623],[-65.8233,18.3465],[-65.82425,18.34854],[-65.82433,18.35251],[-65.8223,18.35245],[-65.82193,18.35417],[-65.81913,18.35362],[-65.81755,18.35754],[-65.81579,18.3563],[-65.81235,18.35924],[-65.81246,18.36151],[-65.81585,18.36589],[-65.81599,18.37117],[-65.81961,18.3747],[-65.82433,18.37544],[-65.82444,18.37382],[-65.82699,18.37382],[-65.82745,18.37186],[-65.82967,18.37234],[-65.83024,18.37108],[-65.83212,18.37092],[-65.83324,18.3699],[-65.83198,18.36703],[-65.83466,18.36308],[-65.83269,18.36305],[-65.83298,18.36111],[-65.83181,18.35951],[-65.83525,18.35861],[-65.83686,18.35644],[-65.83653,18.35431],[-65.8338,18.35199],[-65.83661,18.34718],[-65.83576,18.3457],[-65.83779,18.34301],[-65.84363,18.34285],[-65.84796,18.3364],[-65.84841,18.33461],[-65.84687,18.33125],[-65.84785,18.32961],[-65.84671,18.32721],[-65.84558,18.32671],[-65.85277,18.32483],[-65.85785,18.33125],[-65.85872,18.33022],[-65.86319,18.33115],[-65.86693,18.33304],[-65.867,18.33235]]]},"properties":{"TRACTCE":"130701","GEOID":"72119130701","NAME":"1307.01","NAMELSAD":"Census Tract 1307.01","COUNTYFP":"119"}},
{"type":"Feature","geometry":{"type":"Polygon","coordinates":[[[-66.19892,18.35363],[-66.19847,18.35139],[-66.20052,18.34693],[-66.19955,18.33989],[-66.19575,18.34299],[-66.19168,18.34436],[-66.19068,18.3455],[-66.19112,18.34664],[-66.19418,18.34774],[-66.19356,18.35032],[-66.1942,18.35273],[-66.19519,18.35156],[-66.19589,18.35335],[-66.19892,18.35363]]]},"properties":{"TRACTCE":"031123","GEOID":"72021031123","NAME":"311.23","NAMELSAD":"Census Tract 311.23","COUNTYFP":"021"}},
{"type":"Feature","geometry":{"type":"Polygon","coordinates":[[[-66.15383,18.37872],[-66.1568,18.37292],[-66.15478,18.37064],[-66.15307,18.37151],[-66.14966,18.36795],[-66.14923,18.3701],[-66.14672,18.37213],[-66.15043,18.37636],[-66.15328,18.37829],[-66.15383,18.37872]]]},"properties":{"TRACTCE":"031651","GEOID":"72021031651","NAME":"316.51","NAMELSAD":"Census Tract 316.51","COUNTYFP":"021"}},
{"type":"Feature","geometry":{"type":"Polygon","coordinates":[[[-66.16832,18.36587],[-66.16876,18.36446],[-66.16753,18.35635],[-66.16618,18.35617],[-66.16155,18.3561],[-66.15997,18.35472],[-66.15762,18.35429],[-66.15414,18.35391],[-66.15103,18.35513],[-66.14975,18.35648],[-66.15029,18.35758],[-66.15285,18.35893],[-66.15364,18.35826],[-66.15449,18.35874],[-66.155,18.3621],[-66.15878,18.36169],[-66.16083,18.36161],[-66.16543,18.36482],[-66.16832,18.36587]]]},"properties":{"TRACTCE":"031702","GEOID":"72021031702","NAME":"317.02","NAMELSAD":"Census Tract 317.02","COUNTYFP":"021"}},
{"type":"Feature","geometry":{"type":"Polygon","coordinates":[[[-66.62998,17.99613],[-66.62814,17.99156],[-66.62906,17.98263],[-66.62895,17.94572],[-66.62276,17.94527],[-66.62343,17.96421],[-66.62402,17.98101],[-66.62223,17.98376],[-66.62286,17.98445],[-66.62233,17.98572],[-66.62554,17.98957],[-66.62435,17.99161],[-66.6186,17.99054],[-66.61672,17.99257],[-66.61677,17.99358],[-66.61439,17.9933],[-66.61399,17.996],[-66.61444,17.99599],[-66.61963,17.99587],[-66.62998,17.99613]]]},"properties":{"TRACTCE":"071601","GEOID":"72113071601","NAME":"716.01","NAMELSAD":"Census Tract 716.01","COUNTYFP":"113"}},
{"type":"Feature","geometry":{"type":"Polygon","coordinates":[[[-67.04494,18.03525],[-67.05167,18.03686],[-67.04977,18.02782],[-67.0492,18.00657],[-67.04675,18.00216],[-67.04198,17.9992],[-67.04416,17.985],[-67.04265,17.98262],[-67.0382,17.98189],[-67.0324,17.97927],[-67.02539,17.97813],[-67.02128,17.97893],[-67.0175,17.97698],[-67.01783,17.97477],[-67.01595,17.97017],[-67.02353,17.94956],[-66.99962,17.94029],[-66.99465,17.93908],[-66.98969,17.93546],[-66.98317,17.94831],[-66.96231,17.99051],[-66.9588,18.03245],[-66.95927,18.03215],[-66.95931,18.03504],[-66.96037,18.03652],[-66.96567,18.03676],[-66.96836,18.03855],[-66.9711,18.03441],[-66.97937,18.03495],[-66.97975,18.03213],[-66.97813,18.02815],[-66.97858,18.02742],[-66.98737,18.02905],[-66.99435,18.02836],[-67.01157,18.02451],[-67.02531,18.02564],[-67.02454,18.03125],[-67.02632,18.03291],[-67.03115,18.03331],[-67.03346,18.03516],[-67.04048,18.03633],[-67.04124,18.03457],[-67.04494,18.03525]]]},"properties":{"TRACTCE":"850101","GEOID":"72079850101","NAME":"8501.01","NAMELSAD":"Census Tract 8501.01","COUNTYFP":"079"}},
{"type":"Feature","geometry":{"type":"Polygon","coordinates":[[[-67.11551,18.03397],[-67.11522,18.03216],[-67.11587,18.0316],[-67.11494,18.03048],[-67.11409,18.03107],[-67.11337,18.03029],[-67.11398,18.02988],[-67.11353,18.02432],[-67.11013,18.01587],[-67.1104,18.01303],[-67.11125,18.01254],[-67.10968,18.00946],[-67.10937,17.98134],[-67.11,17.97939],[-67.10884,17.97756],[-67.10363,17.97639],[-67.10228,17.97503],[-67.10727,17.96404],[-67.10647,17.95724],[-67.10779,17.95168],[-67.10973,17.94832],[-67.10994,17.94396],[-67.10989,17.94235],[-67.10475,17.94215],[-67.09305,17.94735],[-67.08818,17.94769],[-67.08585,17.95],[-67.08368,17.95549],[-67.08236,17.95585],[-67.08005,17.95569],[-67.07886,17.95436],[-67.06182,17.95483],[-67.05246,17.95125],[-67.03407,17.95125],[-67.02353,17.94956],[-67.01595,17.97017],[-67.01783,17.97477],[-67.0175,17.97698],[-67.02128,17.97893],[-67.02539,17.97813],[-67.0324,17.97927],[-67.0382,17.98189],[-67.04265,17.98262],[-67.04416,17.985],[-67.04198,17.9992],[-67.04675,18.00216],[-67.0492,18.00657],[-67.04977,18.02782],[-67.05167,18.03686],[-67.05665,18.03888],[-67.0574,18.04051],[-67.06348,18.03723],[-67.06385,18.03814],[-67.06655,18.03702],[-67.06673,18.03851],[-67.06948,18.03628],[-67.07392,18.03675],[-67.07489,18.03174],[-67.07661,18.03165],[-67.07718,18.03833],[-67.0838,18.03576],[-67.09211,18.03945],[-67.09761,18.03948],[-67.10196,18.03708],[-67.104,18.03838],[-67.10792,18.03898],[-67.10869,18.03824],[-67.11003,18.03994],[-67.11092,18.0396],[-67.11332,18.03768],[-67.11551,18.03397]]]},"properties":{"TRACTCE":"850400","GEOID":"72079850400","NAME":"8504","NAMELSAD":"Census Tract 8504","COUNTYFP":"079"}},
{"type":"Feature","geometry":{"type":"Polygon","coordinates":[[[-67.10904,18.05609],[-67.11063,18.0512],[-67.11413,18.04649],[-67.11366,18.04305],[-67.1123,18.04271],[-67.11092,18.0396],[-67.11003,18.03994],[-67.10869,18.03824],[-67.10792,18.03898],[-67.104,18.03838],[-67.10196,18.03708],[-67.09761,18.03948],[-67.09211,18.03945],[-67.0838,18.03576],[-67.07718,18.03833],[-67.07661,18.03165],[-67.07489,18.03174],[-67.07392,18.03675],[-67.07359,18.04033],[-67.07468,18.04141],[-67.07131,18.04481],[-67.07157,18.05102],[-67.06997,18.05044],[-67.06564,18.05093],[-67.06514,18.05346],[-67.06218,18.05507],[-67.05967,18.05148],[-67.05997,18.05455],[-67.05727,18.05609],[-67.05626,18.0577],[-67.05388,18.05795],[-67.0532,18.06362],[-67.05661,18.06309],[-67.06444,18.06471],[-67.06531,18.06392],[-67.06829,18.0664],[-67.07352,18.06261],[-67.07757,18.06339],[-67.07913,18.06287],[-67.08004,18.06133],[-67.08196,18.06171],[-67.08487,18.05908],[-67.08824,18.0613],[-67.09258,18.06031],[-67.09552,18.06082],[-67.09923,18.05888],[-67.10089,18.0596],[-67.10186,18.05797],[-67.10383,18.05703],[-67.10904,18.05609]]]},"properties":{"TRACTCE":"850300","GEOID":"72079850300","NAME":"8503","NAMELSAD":"Census Tract 8503","COUNTYFP":"079"}},
{"type":"Feature","geometry":{"type":"Polygon","coordinates":[[[-67.05388,18.05795],[-67.0578,18.0548],[-67.05809,18.05298],[-67.05608,18.05238],[-67.05482,18.04974],[-67.05382,18.0502],[-67.0526,18.04932],[-67.04821,18.04876],[-67.04707,18.04753],[-67.04511,18.04207],[-67.04582,18.04149],[-67.04532,18.03817],[-67.04457,18.03768],[-67.04494,18.03525],[-67.04124,18.03457],[-67.04048,18.03633],[-67.03346,18.03516],[-67.03115,18.03331],[-67.02632,18.03291],[-67.02454,18.03125],[-67.02531,18.02564],[-67.01157,18.02451],[-66.99435,18.02836],[-66.98737,18.02905],[-66.97858,18.02742],[-66.97813,18.02815],[-66.97975,18.03213],[-66.97937,18.03495],[-66.9711,18.03441],[-66.96836,18.03855],[-66.98267,18.0412],[-66.98209,18.04282],[-66.98324,18.04644],[-66.98233,18.04784],[-66.98355,18.05023],[-66.98334,18.05252],[-66.99054,18.0542],[-66.99249,18.05241],[-66.99527,18.05256],[-66.99569,18.05352],[-66.9973,18.05344],[-66.99878,18.0547],[-67.00213,18.05512],[-67.00774,18.06021],[-67.00965,18.05894],[-67.01159,18.05901],[-67.01294,18.05758],[-67.01505,18.05772],[-67.01605,18.05859],[-67.02681,18.06096],[-67.02717,18.05879],[-67.03509,18.05848],[-67.03619,18.05782],[-67.03939,18.05969],[-67.0431,18.06164],[-67.04919,18.06293],[-67.05247,18.0649],[-67.0532,18.06362],[-67.05388,18.05795]]]},"properties":{"TRACTCE":"850102","GEOID":"72079850102","NAME":"8501.02","NAMELSAD":"Census Tract 8501.02","COUNTYFP":"079"}},
{"type":"Feature","geometry":{"type":"Polygon","coordinates":[[[-66.63495,17.99478],[-66.6369,17.99147],[-66.63613,17.98539],[-66.63823,17.98302],[-66.63775,17.94668],[-66.62895,17.94572],[-66.62906,17.98263],[-66.62814,17.99156],[-66.62998,17.99613],[-66.63361,17.99617],[-66.63495,17.99478]]]},"properties":{"TRACTCE":"071602","GEOID":"72113071602","NAME":"716.02","NAMELSAD":"Census Tract 716.02","COUNTYFP":"113"}},
{"type":"Feature","geometry":{"type":"Polygon","coordinates":[[[-66.63249,18.01078],[-66.63273,18.00695],[-66.62647,18.00692],[-66.62717,18.00595],[-66.62067,18.00703],[-66.62078,18.0102],[-66.62565,18.01039],[-66.63249,18.01078]]]},"properties":{"TRACTCE":"071300","GEOID":"72113071300","NAME":"713","NAMELSAD":"Census Tract 713","COUNTYFP":"113"}},
{"type":"Feature","geometry":{"type":"Polygon","coordinates":[[[-66.62717,18.00595],[-66.62848,18.00409],[-66.62694,18.00338],[-66.61961,18.0035],[-66.61963,17.99587],[-66.61444,17.99599],[-66.61311,18.00354],[-66.61278,18.00544],[-66.61432,18.00591],[-66.61431,18.00682],[-66.62067,18.00703],[-66.62717,18.00595]]]},"properties":{"TRACTCE":"071700","GEOID":"72113071700","NAME":"717","NAMELSAD":"Census Tract 717","COUNTYFP":"113"}},
{"type":"Feature","geometry":{"type":"Polygon","coordinates":[[[-66.6351,18.01095],[-66.63447,18.00705],[-66.63769,18.00648],[-66.63842,18.00386],[-66.63707,18.00303],[-66.63587,18.00377],[-66.6361,18.00243],[-66.63485,18.00329],[-66.63498,18.00209],[-66.63375,18.00276],[-66.63438,18.00131],[-66.63239,18.00008],[-66.62848,18.00409],[-66.62717,18.00595],[-66.62647,18.00692],[-66.63273,18.00695],[-66.63249,18.01078],[-66.6351,18.01095]]]},"properties":{"TRACTCE":"071401","GEOID":"72113071401","NAME":"714.01","NAMELSAD":"Census Tract 714.01","COUNTYFP":"113"}},
{"type":"Feature","geometry":{"type":"Polygon","coordinates":[[[-66.65071,18.01837],[-66.65109,18.01667],[-66.64876,18.01471],[-66.64829,18.01026],[-66.64675,18.00943],[-66.64404,18.00683],[-66.63672,17.99815],[-66.63569,17.99802],[-66.63495,17.99478],[-66.63361,17.99617],[-66.63239,18.00008],[-66.63438,18.00131],[-66.63375,18.00276],[-66.63498,18.00209],[-66.63485,18.00329],[-66.6361,18.00243],[-66.63587,18.00377],[-66.63707,18.00303],[-66.63842,18.00386],[-66.63769,18.00648],[-66.63447,18.00705],[-66.6351,18.01095],[-66.64331,18.01188],[-66.64663,18.01381],[-66.65071,18.01837]]]},"properties":{"TRACTCE":"071402","GEOID":"72113071402","NAME":"714.02","NAMELSAD":"Census Tract 714.02","COUNTYFP":"113"}},
{"type":"Feature","geometry":{"type":"Polygon","coordinates":[[[-67.10989,17.94235],[-67.10864,17.89541],[-67.10471,17.89569],[-67.09542,17.89398],[-67.0867,17.89494],[-67.07813,17.89291],[-67.05805,17.89198],[-67.05113,17.88879],[-67.044,17.88716],[-67.03119,17.88715],[-67.02354,17.88493],[-67.01706,17.88421],[-67.00602,17.8858],[-66.99962,17.8839],[-66.99962,17.91585],[-66.98969,17.93546],[-66.99465,17.93908],[-66.99962,17.94029],[-67.02353,17.94956],[-67.03407,17.95125],[-67.05246,17.95125],[-67.06182,17.95483],[-67.07886,17.95436],[-67.08005,17.95569],[-67.08236,17.95585],[-67.08368,17.95549],[-67.08585,17.95],[-67.08818,17.94769],[-67.09305,17.94735],[-67.10475,17.94215],[-67.10989,17.94235]]]},"properties":{"TRACTCE":"991100","GEOID":"72079991100","NAME":"9911","NAMELSAD":"Census Tract 9911","COUNTYFP":"079"}},
{"type":"Feature","geometry":{"type":"Polygon","coordinates":[[[-67.05388,18.05795],[-67.05626,18.0577],[-67.05727,18.05609],[-67.05997,18.05455],[-67.05967,18.05148],[-67.06218,18.05507],[-67.06514,18.05346],[-67.06564,18.05093],[-67.06997,18.05044],[-67.07157,18.05102],[-67.07131,18.04481],[-67.07468,18.04141],[-67.07359,18.04033],[-67.07392,18.03675],[-67.06948,18.03628],[-67.06673,18.03851],[-67.06655,18.03702],[-67.06385,18.03814],[-67.06348,18.03723],[-67.0574,18.04051],[-67.05665,18.03888],[-67.05167,18.03686],[-67.04494,18.03525],[-67.04457,18.03768],[-67.04532,18.03817],[-67.04582,18.04149],[-67.04511,18.04207],[-67.04707,18.04753],[-67.04821,18.04876],[-67.0526,18.04932],[-67.05382,18.0502],[-67.05482,18.04974],[-67.05608,18.05238],[-67.05809,18.05298],[-67.0578,18.0548],[-67.05388,18.05795]]]},"properties":{"TRACTCE":"850200","GEOID":"72079850200","NAME":"8502","NAMELSAD":"Census Tract 8502","COUNTYFP":"079"}},
{"type":"Feature","geometry":{"type":"Polygon","coordinates":[[[-66.23649,18.3102],[-66.23333,18.30951],[-66.23199,18.30696],[-66.23329,18.30645],[-66.23324,18.30769],[-66.23409,18.30723],[-66.23611,18.3081],[-66.23865,18.30703],[-66.2391,18.30598],[-66.23776,18.30449],[-66.23938,18.30395],[-66.24113,18.30158],[-66.24249,18.30164],[-66.23907,18.30149],[-66.23929,18.29947],[-66.23542,18.30046],[-66.23601,18.29828],[-66.23525,18.2977],[-66.22883,18.29849],[-66.22852,18.29939],[-66.22642,18.29453],[-66.22635,18.29215],[-66.22283,18.29329],[-66.22025,18.29207],[-66.21978,18.29055],[-66.21655,18.2903],[-66.216,18.28858],[-66.21254,18.28892],[-66.21005,18.28818],[-66.21166,18.29037],[-66.21251,18.29524],[-66.21091,18.30163],[-66.21121,18.30355],[-66.21354,18.30628],[-66.21036,18.30745],[-66.20591,18.30692],[-66.20473,18.31604],[-66.20749,18.32368],[-66.21177,18.32355],[-66.21326,18.32431],[-66.2137,18.32701],[-66.21542,18.32963],[-66.21562,18.33266],[-66.21693,18.33414],[-66.22076,18.33334],[-66.23204,18.32413],[-66.235,18.32099],[-66.2346,18.31852],[-66.23613,18.31755],[-66.23624,18.31588],[-66.23788,18.31537],[-66.23815,18.31348],[-66.23649,18.3102]]]},"properties":{"TRACTCE":"520100","GEOID":"72105520100","NAME":"5201","NAMELSAD":"Census Tract 5201","COUNTYFP":"105"}},
{"type":"Feature","geometry":{"type":"Polygon","coordinates":[[[-66.23649,18.3102],[-66.24219,18.31151],[-66.24353,18.31038],[-66.24488,18.31043],[-66.2479,18.3125],[-66.25777,18.30687],[-66.25651,18.30477],[-66.25707,18.3038],[-66.25432,18.30182],[-66.2529,18.29882],[-66.25212,18.30076],[-66.24869,18.30104],[-66.24646,18.29904],[-66.24406,18.2998],[-66.23929,18.29947],[-66.23907,18.30149],[-66.24249,18.30164],[-66.24113,18.30158],[-66.23938,18.30395],[-66.23776,18.30449],[-66.2391,18.30598],[-66.23865,18.30703],[-66.23611,18.3081],[-66.23409,18.30723],[-66.23324,18.30769],[-66.23329,18.30645],[-66.23199,18.30696],[-66.23333,18.30951],[-66.23649,18.3102]]]},"properties":{"TRACTCE":"520300","GEOID":"72105520300","NAME":"5203","NAMELSAD":"Census Tract 5203","COUNTYFP":"105"}},
{"type":"Feature","geometry":{"type":"Polygon","coordinates":[[[-66.3133,18.24932],[-66.31401,18.24851],[-66.3111,18.24779],[-66.31068,18.24506],[-66.30848,18.24469],[-66.30707,18.24148],[-66.30649,18.24097],[-66.30531,18.24158],[-66.30164,18.24474],[-66.29801,18.2457],[-66.29516,18.24542],[-66.29362,18.24649],[-66.2877,18.24463],[-66.27866,18.24375],[-66.26647,18.24527],[-66.26594,18.24692],[-66.26276,18.24635],[-66.25793,18.24767],[-66.25683,18.24871],[-66.25667,18.25222],[-66.25876,18.25468],[-66.26147,18.25542],[-66.26119,18.26001],[-66.26191,18.26132],[-66.26023,18.26239],[-66.26028,18.26394],[-66.26256,18.26861],[-66.26116,18.27063],[-66.25755,18.27188],[-66.25886,18.27647],[-66.25624,18.2782],[-66.25742,18.28011],[-66.25581,18.28196],[-66.25701,18.28424],[-66.25549,18.28446],[-66.25514,18.28659],[-66.25716,18.29062],[-66.25774,18.29431],[-66.25683,18.29607],[-66.26017,18.30179],[-66.26875,18.30629],[-66.27489,18.30592],[-66.27863,18.3043],[-66.28532,18.30377],[-66.28747,18.28755],[-66.28723,18.28369],[-66.28909,18.27628],[-66.28727,18.27169],[-66.29609,18.25755],[-66.30307,18.25454],[-66.30599,18.25486],[-66.30606,18.25254],[-66.3075,18.25253],[-66.30865,18.25117],[-66.31008,18.25134],[-66.3133,18.24932]]]},"properties":{"TRACTCE":"520500","GEOID":"72105520500","NAME":"5205","NAMELSAD":"Census Tract 5205","COUNTYFP":"105"}},
{"type":"Feature","geometry":{"type":"Polygon","coordinates":[[[-66.27808,18.32998],[-66.28319,18.31469],[-66.28347,18.308],[-66.28532,18.30377],[-66.27863,18.3043],[-66.27489,18.30592],[-66.26875,18.30629],[-66.26017,18.30179],[-66.25916,18.30721],[-66.25777,18.30687],[-66.2479,18.3125],[-66.24488,18.31043],[-66.24353,18.31038],[-66.24219,18.31151],[-66.23649,18.3102],[-66.23815,18.31348],[-66.23788,18.31537],[-66.23624,18.31588],[-66.23613,18.31755],[-66.2346,18.31852],[-66.235,18.32099],[-66.23204,18.32413],[-66.23301,18.32455],[-66.2378,18.33297],[-66.24064,18.33323],[-66.24262,18.33073],[-66.24589,18.33128],[-66.24694,18.32797],[-66.24884,18.32583],[-66.2518,18.32765],[-66.2537,18.33016],[-66.25851,18.33191],[-66.25947,18.33088],[-66.26167,18.3311],[-66.26349,18.32975],[-66.26666,18.33012],[-66.27107,18.32855],[-66.27524,18.33109],[-66.27808,18.32998]]]},"properties":{"TRACTCE":"520200","GEOID":"72105520200","NAME":"5202","NAMELSAD":"Census Tract 5202","COUNTYFP":"105"}},
{"type":"Feature","geometry":{"type":"Polygon","coordinates":[[[-66.71524,17.91268],[-66.7134,17.91285],[-66.71007,17.90952],[-66.69333,17.90099],[-66.68207,17.89711],[-66.67706,17.89676],[-66.66924,17.89759],[-66.65935,17.90136],[-66.6491,17.90656],[-66.64167,17.91197],[-66.6219,17.91359],[-66.61427,17.91531],[-66.60199,17.91021],[-66.59167,17.90872],[-66.58262,17.90983],[-66.57407,17.91314],[-66.58105,17.90219],[-66.58402,17.89501],[-66.58574,17.8885],[-66.58691,17.87644],[-66.58531,17.86832],[-66.58308,17.86216],[-66.57659,17.85185],[-66.5713,17.84548],[-66.5642,17.8401],[-66.5568,17.83625],[-66.54856,17.83325],[-66.53817,17.83168],[-66.53094,17.83151],[-66.52265,17.83282],[-66.51331,17.83542],[-66.49961,17.84156],[-66.49961,17.8749],[-66.53868,17.87457],[-66.54278,17.87559],[-66.54805,17.88685],[-66.54805,17.88958],[-66.51857,17.91681],[-66.53032,17.92746],[-66.54971,17.94194],[-66.54536,17.95445],[-66.57892,17.94907],[-66.60002,17.94724],[-66.60333,17.94695],[-66.62276,17.94527],[-66.62895,17.94572],[-66.63775,17.94668],[-66.6605,17.94509],[-66.68343,17.94509],[-66.70278,17.95229],[-66.70534,17.95254],[-66.71524,17.91268]]]},"properties":{"TRACTCE":"993000","GEOID":"72113993000","NAME":"9930","NAMELSAD":"Census Tract 9930","COUNTYFP":"113"}},
{"type":"Feature","geometry":{"type":"Polygon","coordinates":[[[-66.17454,18.29387],[-66.17487,18.29012],[-66.17269,18.27832],[-66.17104,18.27928],[-66.16782,18.27771],[-66.16647,18.27959],[-66.16219,18.28086],[-66.16151,18.28264],[-66.16079,18.28185],[-66.16039,18.28274],[-66.15867,18.28305],[-66.14386,18.27959],[-66.1417,18.28236],[-66.14343,18.28251],[-66.14403,18.28357],[-66.14025,18.28537],[-66.14149,18.2901],[-66.14098,18.2943],[-66.13903,18.29513],[-66.13817,18.29773],[-66.13849,18.29977],[-66.14118,18.30135],[-66.13992,18.30736],[-66.14159,18.30878],[-66.14137,18.31076],[-66.1397,18.31185],[-66.13355,18.31244],[-66.13235,18.31357],[-66.13363,18.31281],[-66.1377,18.31399],[-66.14307,18.31217],[-66.14544,18.30688],[-66.15501,18.30373],[-66.15855,18.30013],[-66.16988,18.30119],[-66.17248,18.29798],[-66.1728,18.2959],[-66.17478,18.29587],[-66.17454,18.29387]]]},"properties":{"TRACTCE":"032000","GEOID":"72021032000","NAME":"320","NAMELSAD":"Census Tract 320","COUNTYFP":"021"}},
{"type":"Feature","geometry":{"type":"Polygon","coordinates":[[[-66.15915,18.38239],[-66.16183,18.37713],[-66.15981,18.37648],[-66.15909,18.37711],[-66.15727,18.37523],[-66.15822,18.37453],[-66.15753,18.37374],[-66.1568,18.37292],[-66.15383,18.37872],[-66.15727,18.38298],[-66.15901,18.38243],[-66.15915,18.38239]]]},"properties":{"TRACTCE":"031641","GEOID":"72021031641","NAME":"316.41","NAMELSAD":"Census Tract 316.41","COUNTYFP":"021"}},
{"type":"Feature","geometry":{"type":"Polygon","coordinates":[[[-66.20473,18.31604],[-66.20591,18.30692],[-66.21036,18.30745],[-66.21354,18.30628],[-66.21121,18.30355],[-66.21031,18.30302],[-66.20602,18.30261],[-66.20509,18.29896],[-66.204,18.29827],[-66.20175,18.29958],[-66.20022,18.29862],[-66.19885,18.29899],[-66.19831,18.29779],[-66.19761,18.29859],[-66.19584,18.29776],[-66.19496,18.29641],[-66.19573,18.29479],[-66.19421,18.2948],[-66.19283,18.29236],[-66.19192,18.29356],[-66.19049,18.29246],[-66.18775,18.29342],[-66.18656,18.29415],[-66.18623,18.29656],[-66.18412,18.29728],[-66.18291,18.29659],[-66.1831,18.29485],[-66.18139,18.29352],[-66.17454,18.29387],[-66.17478,18.29587],[-66.1728,18.2959],[-66.17248,18.29798],[-66.16988,18.30119],[-66.17544,18.30501],[-66.17911,18.3097],[-66.17933,18.31223],[-66.18504,18.31251],[-66.18663,18.31325],[-66.18858,18.31634],[-66.19044,18.31681],[-66.19425,18.31642],[-66.19815,18.31734],[-66.20401,18.31591],[-66.20473,18.31604]]]},"properties":{"TRACTCE":"032200","GEOID":"72021032200","NAME":"322","NAMELSAD":"Census Tract 322","COUNTYFP":"021"}},
{"type":"Feature","geometry":{"type":"Polygon","coordinates":[[[-66.7181,18.17966],[-66.72204,18.17801],[-66.72146,18.17535],[-66.72278,18.17356],[-66.72409,18.17334],[-66.72481,18.17129],[-66.72973,18.17035],[-66.73128,18.16925],[-66.73056,18.16804],[-66.73025,18.15093],[-66.72914,18.15324],[-66.72544,18.15673],[-66.72545,18.15854],[-66.72628,18.16192],[-66.72727,18.16247],[-66.72312,18.16342],[-66.72337,18.1657],[-66.72196,18.16641],[-66.7199,18.16966],[-66.71732,18.16966],[-66.71601,18.17109],[-66.71442,18.17139],[-66.71574,18.17221],[-66.71547,18.17554],[-66.7181,18.17966]]]},"properties":{"TRACTCE":"956600","GEOID":"72001956600","NAME":"9566","NAMELSAD":"Census Tract 9566","COUNTYFP":"001"}},
{"type":"Feature","geometry":{"type":"Polygon","coordinates":[[[-66.75504,18.12018],[-66.74962,18.11366],[-66.74603,18.11602],[-66.74437,18.11583],[-66.74271,18.11704],[-66.7395,18.11759],[-66.73874,18.11601],[-66.7366,18.11589],[-66.73162,18.11193],[-66.72734,18.11304],[-66.72518,18.11679],[-66.7258,18.11919],[-66.72512,18.12128],[-66.71767,18.12834],[-66.71716,18.13152],[-66.71359,18.13211],[-66.71299,18.13028],[-66.7102,18.12773],[-66.70916,18.12913],[-66.70489,18.1297],[-66.70275,18.12874],[-66.7003,18.13093],[-66.69407,18.13053],[-66.69069,18.12963],[-66.68957,18.13087],[-66.68633,18.13182],[-66.68105,18.12958],[-66.67695,18.12998],[-66.67658,18.13289],[-66.67465,18.13572],[-66.67415,18.13898],[-66.67228,18.14281],[-66.67223,18.14578],[-66.67275,18.14763],[-66.67047,18.15078],[-66.67049,18.15283],[-66.67194,18.15323],[-66.67562,18.15074],[-66.67699,18.15096],[-66.67719,18.15289],[-66.67556,18.15455],[-66.67707,18.15711],[-66.67692,18.16008],[-66.67055,18.16378],[-66.67024,18.16564],[-66.67177,18.16673],[-66.67123,18.16752],[-66.66782,18.16812],[-66.66707,18.17088],[-66.66481,18.17262],[-66.6647,18.17547],[-66.66821,18.17639],[-66.67296,18.18195],[-66.67606,18.18292],[-66.68132,18.18692],[-66.68194,18.18998],[-66.68451,18.19349],[-66.68507,18.19707],[-66.68266,18.19849],[-66.6813,18.20045],[-66.68116,18.20352],[-66.6866,18.20921],[-66.68609,18.20769],[-66.69131,18.20489],[-66.6926,18.2027],[-66.69504,18.20365],[-66.70199,18.20307],[-66.70208,18.19944],[-66.69967,18.19808],[-66.70556,18.19644],[-66.70624,18.19459],[-66.70769,18.19465],[-66.70788,18.19171],[-66.70922,18.1899],[-66.70924,18.18854],[-66.70831,18.18804],[-66.70948,18.18428],[-66.7134,18.1813],[-66.7181,18.17966],[-66.71547,18.17554],[-66.71574,18.17221],[-66.71442,18.17139],[-66.7109,18.17058],[-66.71269,18.16977],[-66.71169,18.16865],[-66.70717,18.16998],[-66.70648,18.16863],[-66.70998,18.16715],[-66.71177,18.16525],[-66.71564,18.16394],[-66.71813,18.16187],[-66.72037,18.16144],[-66.71911,18.16106],[-66.71765,18.15778],[-66.7198,18.15873],[-66.72124,18.15664],[-66.72087,18.15505],[-66.72177,18.15422],[-66.72339,18.15445],[-66.72194,18.15232],[-66.72316,18.15052],[-66.72175,18.14744],[-66.72257,18.14559],[-66.72037,18.14625],[-66.722,18.14222],[-66.72287,18.14159],[-66.72351,18.14207],[-66.72367,18.14096],[-66.72473,18.14144],[-66.7244,18.14037],[-66.72529,18.13915],[-66.7268,18.14139],[-66.72761,18.13844],[-66.72708,18.13776],[-66.7286,18.13778],[-66.73004,18.1363],[-66.73157,18.13704],[-66.73175,18.1386],[-66.73454,18.14014],[-66.74162,18.13851],[-66.74599,18.13573],[-66.74784,18.13118],[-66.74926,18.12992],[-66.75072,18.12991],[-66.75283,18.12747],[-66.75296,18.12464],[-66.75454,18.12265],[-66.75417,18.12071],[-66.75504,18.12018]]]},"properties":{"TRACTCE":"956800","GEOID":"72001956800","NAME":"9568","NAMELSAD":"Census Tract 9568","COUNTYFP":"001"}},
{"type":"Feature","geometry":{"type":"Polygon","coordinates":[[[-65.95315,18.38636],[-65.95603,18.38144],[-65.95595,18.37815],[-65.95348,18.37609],[-65.95161,18.37579],[-65.95239,18.37768],[-65.95165,18.38146],[-65.94817,18.38439],[-65.9463,18.38396],[-65.94601,18.38158],[-65.93991,18.38129],[-65.93375,18.38212],[-65.92371,18.38585],[-65.9289,18.38702],[-65.92882,18.3911],[-65.93044,18.39198],[-65.93104,18.39417],[-65.93279,18.39564],[-65.93505,18.39567],[-65.94103,18.39792],[-65.94592,18.40109],[-65.94798,18.39743],[-65.95098,18.39742],[-65.95167,18.39581],[-65.95315,18.38636]]]},"properties":{"TRACTCE":"050841","GEOID":"72031050841","NAME":"508.41","NAMELSAD":"Census Tract 508.41","COUNTYFP":"031"}},
{"type":"Feature","geometry":{"type":"Polygon","coordinates":[[[-65.99404,18.42082],[-65.99268,18.41514],[-65.99214,18.41289],[-65.98993,18.41338],[-65.98813,18.40848],[-65.98634,18.4096],[-65.98699,18.41072],[-65.9857,18.4098],[-65.98445,18.41038],[-65.98648,18.4165],[-65.98834,18.42213],[-65.99404,18.42082]]]},"properties":{"TRACTCE":"050311","GEOID":"72031050311","NAME":"503.11","NAMELSAD":"Census Tract 503.11","COUNTYFP":"031"}},
{"type":"Feature","geometry":{"type":"Polygon","coordinates":[[[-66.17633,18.43164],[-66.17947,18.42835],[-66.17744,18.42734],[-66.17833,18.42625],[-66.17636,18.42282],[-66.17756,18.4193],[-66.17265,18.42105],[-66.17256,18.42267],[-66.16972,18.4257],[-66.16936,18.42811],[-66.17074,18.42926],[-66.16954,18.43071],[-66.17071,18.43153],[-66.17633,18.43164]]]},"properties":{"TRACTCE":"121200","GEOID":"72137121200","NAME":"1212","NAMELSAD":"Census Tract 1212","COUNTYFP":"137"}},
{"type":"Feature","geometry":{"type":"Polygon","coordinates":[[[-66.2602,18.40955],[-66.25746,18.40509],[-66.25828,18.40354],[-66.25735,18.39751],[-66.25255,18.39419],[-66.25097,18.39553],[-66.24687,18.39593],[-66.2449,18.39496],[-66.23729,18.39917],[-66.23959,18.40386],[-66.24493,18.40599],[-66.24293,18.41008],[-66.24666,18.41111],[-66.25003,18.41096],[-66.2602,18.40955]]]},"properties":{"TRACTCE":"122100","GEOID":"72137122100","NAME":"1221","NAMELSAD":"Census Tract 1221","COUNTYFP":"137"}},
{"type":"Feature","geometry":{"type":"Polygon","coordinates":[[[-66.2461,18.41821],[-66.2468,18.41677],[-66.24931,18.41571],[-66.25063,18.41356],[-66.25003,18.41096],[-66.24666,18.41111],[-66.24042,18.41163],[-66.23388,18.41058],[-66.22413,18.40475],[-66.21925,18.40387],[-66.21419,18.40316],[-66.20769,18.40426],[-66.19688,18.40537],[-66.19775,18.40782],[-66.19636,18.40987],[-66.19829,18.4137],[-66.19477,18.4175],[-66.19492,18.4177],[-66.19603,18.41952],[-66.21183,18.41359],[-66.22133,18.4117],[-66.2291,18.41369],[-66.23383,18.41768],[-66.23635,18.41868],[-66.2461,18.41821]]]},"properties":{"TRACTCE":"121802","GEOID":"72137121802","NAME":"1218.02","NAMELSAD":"Census Tract 1218.02","COUNTYFP":"137"}},
{"type":"Feature","geometry":{"type":"Polygon","coordinates":[[[-66.58247,18.03324],[-66.58562,18.03215],[-66.58831,18.02493],[-66.58973,18.02342],[-66.5956,18.0197],[-66.59637,18.01865],[-66.59629,18.01584],[-66.59273,18.01294],[-66.5935,18.01048],[-66.59263,18.00904],[-66.59277,18.00595],[-66.59257,18.00595],[-66.59014,18.00731],[-66.58982,18.00983],[-66.58713,18.01179],[-66.58454,18.01246],[-66.5858,18.01445],[-66.58519,18.01504],[-66.58458,18.01456],[-66.58152,18.01774],[-66.57968,18.01754],[-66.58024,18.01454],[-66.57623,18.01407],[-66.56919,18.01572],[-66.56634,18.01931],[-66.56375,18.01967],[-66.57145,18.02932],[-66.58247,18.03324]]]},"properties":{"TRACTCE":"072201","GEOID":"72113072201","NAME":"722.01","NAMELSAD":"Census Tract 722.01","COUNTYFP":"113"}},
{"type":"Feature","geometry":{"type":"Polygon","coordinates":[[[-66.61399,17.996],[-66.61439,17.9933],[-66.61677,17.99358],[-66.61672,17.99257],[-66.6186,17.99054],[-66.62435,17.99161],[-66.62554,17.98957],[-66.62233,17.98572],[-66.62286,17.98445],[-66.62223,17.98376],[-66.62402,17.98101],[-66.62343,17.96421],[-66.61738,17.96563],[-66.61563,17.96726],[-66.61545,17.96898],[-66.61194,17.97044],[-66.61011,17.98419],[-66.60873,17.98759],[-66.60469,17.99332],[-66.60494,17.99622],[-66.61399,17.996]]]},"properties":{"TRACTCE":"072101","GEOID":"72113072101","NAME":"721.01","NAMELSAD":"Census Tract 721.01","COUNTYFP":"113"}},
{"type":"Feature","geometry":{"type":"Polygon","coordinates":[[[-66.62343,17.96421],[-66.62276,17.94527],[-66.60333,17.94695],[-66.59865,17.97313],[-66.59772,17.98561],[-66.5964,17.99064],[-66.5987,17.99475],[-66.60146,17.99717],[-66.60494,17.99622],[-66.60469,17.99332],[-66.60873,17.98759],[-66.61011,17.98419],[-66.61194,17.97044],[-66.61545,17.96898],[-66.61563,17.96726],[-66.61738,17.96563],[-66.62343,17.96421]]]},"properties":{"TRACTCE":"072102","GEOID":"72113072102","NAME":"721.02","NAMELSAD":"Census Tract 721.02","COUNTYFP":"113"}},
{"type":"Feature","geometry":{"type":"Polygon","coordinates":[[[-66.20769,18.40426],[-66.20613,18.40024],[-66.20361,18.40048],[-66.20372,18.39732],[-66.2016,18.39661],[-66.20261,18.3952],[-66.20101,18.39436],[-66.19851,18.39021],[-66.19698,18.38929],[-66.19709,18.39077],[-66.19552,18.39127],[-66.19708,18.39392],[-66.19535,18.39673],[-66.19762,18.40376],[-66.19688,18.40537],[-66.20769,18.40426]]]},"properties":{"TRACTCE":"121900","GEOID":"72137121900","NAME":"1219","NAMELSAD":"Census Tract 1219","COUNTYFP":"137"}},
{"type":"Feature","geometry":{"type":"Polygon","coordinates":[[[-66.17185,18.38747],[-66.17336,18.3857],[-66.17641,18.38677],[-66.1767,18.38567],[-66.17132,18.38372],[-66.16825,18.38736],[-66.16506,18.3911],[-66.16669,18.39241],[-66.17129,18.38704],[-66.17185,18.38747]]]},"properties":{"TRACTCE":"030800","GEOID":"72021030800","NAME":"308","NAMELSAD":"Census Tract 308","COUNTYFP":"021"}},
{"type":"Feature","geometry":{"type":"Polygon","coordinates":[[[-66.16639,18.33391],[-66.16626,18.33255],[-66.16429,18.33155],[-66.15901,18.33178],[-66.1525,18.32997],[-66.15101,18.331],[-66.15095,18.3352],[-66.14907,18.33789],[-66.1444,18.33968],[-66.14525,18.34251],[-66.14461,18.34353],[-66.14675,18.34654],[-66.14623,18.34929],[-66.1401,18.35368],[-66.1434,18.35766],[-66.14779,18.35866],[-66.15029,18.35758],[-66.14975,18.35648],[-66.15103,18.35513],[-66.15414,18.35391],[-66.15762,18.35429],[-66.15848,18.34798],[-66.15756,18.34596],[-66.15933,18.34134],[-66.16086,18.34121],[-66.16277,18.33929],[-66.16371,18.33969],[-66.1631,18.3371],[-66.16372,18.33505],[-66.16469,18.33403],[-66.16639,18.33391]]]},"properties":{"TRACTCE":"031704","GEOID":"72021031704","NAME":"317.04","NAMELSAD":"Census Tract 317.04","COUNTYFP":"021"}},
{"type":"Feature","geometry":{"type":"Polygon","coordinates":[[[-66.15095,18.3352],[-66.14912,18.33219],[-66.15003,18.32999],[-66.14973,18.32718],[-66.14712,18.32294],[-66.15511,18.31701],[-66.15368,18.3115],[-66.15501,18.30373],[-66.14544,18.30688],[-66.14307,18.31217],[-66.1377,18.31399],[-66.13363,18.31281],[-66.13235,18.31357],[-66.13562,18.3147],[-66.1392,18.31764],[-66.14129,18.32021],[-66.14182,18.32253],[-66.14057,18.32675],[-66.14147,18.32915],[-66.14003,18.33008],[-66.13886,18.33243],[-66.13647,18.33352],[-66.13381,18.33468],[-66.13354,18.33555],[-66.13596,18.33621],[-66.13484,18.34168],[-66.13705,18.34153],[-66.13789,18.34232],[-66.13752,18.34393],[-66.13611,18.34505],[-66.136,18.34918],[-66.13927,18.35546],[-66.14193,18.35759],[-66.1434,18.35766],[-66.1401,18.35368],[-66.14623,18.34929],[-66.14675,18.34654],[-66.14461,18.34353],[-66.14525,18.34251],[-66.1444,18.33968],[-66.14907,18.33789],[-66.15095,18.3352]]]},"properties":{"TRACTCE":"031800","GEOID":"72021031800","NAME":"318","NAMELSAD":"Census Tract 318","COUNTYFP":"021"}},
{"type":"Feature","geometry":{"type":"Polygon","coordinates":[[[-66.155,18.3621],[-66.15449,18.35874],[-66.15364,18.35826],[-66.15285,18.35893],[-66.15029,18.35758],[-66.14779,18.35866],[-66.1434,18.35766],[-66.14193,18.35759],[-66.14125,18.36266],[-66.14049,18.36313],[-66.13913,18.36183],[-66.1382,18.36295],[-66.13765,18.37334],[-66.1348,18.37313],[-66.13452,18.37458],[-66.13752,18.37774],[-66.13731,18.37991],[-66.13519,18.3827],[-66.13608,18.38394],[-66.13866,18.38297],[-66.14309,18.38328],[-66.14382,18.37707],[-66.14672,18.37653],[-66.14605,18.37522],[-66.14672,18.37213],[-66.14923,18.3701],[-66.14966,18.36795],[-66.15068,18.36475],[-66.15016,18.36357],[-66.155,18.3621]]]},"properties":{"TRACTCE":"031701","GEOID":"72021031701","NAME":"317.01","NAMELSAD":"Census Tract 317.01","COUNTYFP":"021"}},
{"type":"Feature","geometry":{"type":"Polygon","coordinates":[[[-66.19528,18.37339],[-66.19629,18.36642],[-66.1901,18.3651],[-66.18852,18.36469],[-66.18791,18.36599],[-66.18591,18.36884],[-66.18978,18.37105],[-66.18784,18.37393],[-66.19,18.37529],[-66.19139,18.37326],[-66.18973,18.37216],[-66.19178,18.37125],[-66.19228,18.37302],[-66.19528,18.37339]]]},"properties":{"TRACTCE":"031122","GEOID":"72021031122","NAME":"311.22","NAMELSAD":"Census Tract 311.22","COUNTYFP":"021"}},
{"type":"Feature","geometry":{"type":"Polygon","coordinates":[[[-65.98261,18.37143],[-65.9869,18.37167],[-65.98765,18.37338],[-65.98911,18.37244],[-65.98985,18.37057],[-65.98964,18.36584],[-65.98205,18.35849],[-65.97756,18.36201],[-65.97465,18.36322],[-65.9694,18.36062],[-65.96619,18.36049],[-65.96344,18.36628],[-65.96439,18.36974],[-65.96481,18.36886],[-65.96753,18.37219],[-65.97147,18.37248],[-65.97682,18.37236],[-65.98185,18.37037],[-65.98261,18.37143]]]},"properties":{"TRACTCE":"050504","GEOID":"72031050504","NAME":"505.04","NAMELSAD":"Census Tract 505.04","COUNTYFP":"031"}},
{"type":"Feature","geometry":{"type":"Polygon","coordinates":[[[-65.87587,18.35649],[-65.87505,18.35156],[-65.8744,18.35157],[-65.87512,18.34563],[-65.87253,18.34388],[-65.87382,18.34063],[-65.8723,18.34065],[-65.8717,18.33977],[-65.87317,18.33723],[-65.87266,18.33488],[-65.867,18.33235],[-65.86693,18.33304],[-65.86319,18.33115],[-65.85872,18.33022],[-65.85785,18.33125],[-65.85927,18.33381],[-65.85797,18.33922],[-65.85637,18.34219],[-65.85388,18.3445],[-65.85375,18.34731],[-65.85217,18.34793],[-65.8646,18.34856],[-65.86489,18.34946],[-65.86216,18.35097],[-65.86271,18.35575],[-65.8695,18.35611],[-65.86932,18.35814],[-65.87238,18.35712],[-65.87253,18.35643],[-65.87587,18.35649]]]},"properties":{"TRACTCE":"130703","GEOID":"72119130703","NAME":"1307.03","NAMELSAD":"Census Tract 1307.03","COUNTYFP":"119"}},
{"type":"Feature","geometry":{"type":"Polygon","coordinates":[[[-65.85217,18.34793],[-65.85375,18.34731],[-65.85388,18.3445],[-65.85637,18.34219],[-65.85797,18.33922],[-65.85927,18.33381],[-65.85785,18.33125],[-65.85277,18.32483],[-65.84558,18.32671],[-65.84671,18.32721],[-65.84785,18.32961],[-65.84687,18.33125],[-65.84841,18.33461],[-65.84796,18.3364],[-65.84363,18.34285],[-65.83779,18.34301],[-65.83576,18.3457],[-65.83661,18.34718],[-65.8338,18.35199],[-65.83653,18.35431],[-65.83686,18.35644],[-65.83525,18.35861],[-65.83181,18.35951],[-65.83298,18.36111],[-65.83269,18.36305],[-65.83466,18.36308],[-65.83198,18.36703],[-65.83324,18.3699],[-65.83212,18.37092],[-65.83024,18.37108],[-65.82967,18.37234],[-65.82745,18.37186],[-65.82699,18.37382],[-65.82444,18.37382],[-65.82433,18.37544],[-65.83674,18.37787],[-65.83788,18.37454],[-65.83976,18.37514],[-65.84123,18.37176],[-65.84249,18.37185],[-65.84256,18.37255],[-65.843,18.37119],[-65.85188,18.3723],[-65.85125,18.37102],[-65.85334,18.3695],[-65.85247,18.36503],[-65.84901,18.36318],[-65.85022,18.36237],[-65.84962,18.36016],[-65.85099,18.35837],[-65.85043,18.3569],[-65.85261,18.35433],[-65.85217,18.34793]]]},"properties":{"TRACTCE":"130704","GEOID":"72119130704","NAME":"1307.04","NAMELSAD":"Census Tract 1307.04","COUNTYFP":"119"}},
{"type":"Feature","geometry":{"type":"Polygon","coordinates":[[[-65.96824,18.39551],[-65.97006,18.39152],[-65.97407,18.38883],[-65.95903,18.37769],[-65.95348,18.37609],[-65.95595,18.37815],[-65.95709,18.37784],[-65.95877,18.3808],[-65.95962,18.38334],[-65.95803,18.38386],[-65.9585,18.38563],[-65.95776,18.39155],[-65.96539,18.39136],[-65.96746,18.39131],[-65.96824,18.39551]]]},"properties":{"TRACTCE":"050600","GEOID":"72031050600","NAME":"506","NAMELSAD":"Census Tract 506","COUNTYFP":"031"}},
{"type":"Feature","geometry":{"type":"Polygon","coordinates":[[[-65.9585,18.38563],[-65.95803,18.38386],[-65.95962,18.38334],[-65.95877,18.3808],[-65.95709,18.37784],[-65.95595,18.37815],[-65.95603,18.38144],[-65.95315,18.38636],[-65.9585,18.38563]]]},"properties":{"TRACTCE":"050700","GEOID":"72031050700","NAME":"507","NAMELSAD":"Census Tract 507","COUNTYFP":"031"}},
{"type":"Feature","geometry":{"type":"Polygon","coordinates":[[[-65.95404,18.39639],[-65.9592,18.3959],[-65.95911,18.39389],[-65.95783,18.39375],[-65.95776,18.39155],[-65.9585,18.38563],[-65.95315,18.38636],[-65.95167,18.39581],[-65.95404,18.39639]]]},"properties":{"TRACTCE":"050803","GEOID":"72031050803","NAME":"508.03","NAMELSAD":"Census Tract 508.03","COUNTYFP":"031"}},
{"type":"Feature","geometry":{"type":"Polygon","coordinates":[[[-65.95898,18.40278],[-65.96215,18.40256],[-65.96218,18.40141],[-65.96353,18.40137],[-65.96205,18.40074],[-65.96193,18.39642],[-65.96567,18.39633],[-65.96539,18.39136],[-65.95776,18.39155],[-65.95783,18.39375],[-65.95911,18.39389],[-65.9592,18.3959],[-65.95404,18.39639],[-65.95898,18.40278]]]},"properties":{"TRACTCE":"050812","GEOID":"72031050812","NAME":"508.12","NAMELSAD":"Census Tract 508.12","COUNTYFP":"031"}},
{"type":"Feature","geometry":{"type":"Polygon","coordinates":[[[-65.96824,18.39551],[-65.96746,18.39131],[-65.96539,18.39136],[-65.96567,18.39633],[-65.96193,18.39642],[-65.96205,18.40074],[-65.96353,18.40137],[-65.96218,18.40141],[-65.96215,18.40256],[-65.95898,18.40278],[-65.95937,18.40634],[-65.96715,18.4061],[-65.96603,18.40085],[-65.967,18.39808],[-65.96824,18.39551]]]},"properties":{"TRACTCE":"050822","GEOID":"72031050822","NAME":"508.22","NAMELSAD":"Census Tract 508.22","COUNTYFP":"031"}},
{"type":"Feature","geometry":{"type":"Polygon","coordinates":[[[-65.95937,18.40634],[-65.95898,18.40278],[-65.95404,18.39639],[-65.95167,18.39581],[-65.95098,18.39742],[-65.94798,18.39743],[-65.94592,18.40109],[-65.94869,18.40204],[-65.94828,18.40299],[-65.94978,18.40719],[-65.95444,18.40578],[-65.95599,18.40644],[-65.95937,18.40634]]]},"properties":{"TRACTCE":"050831","GEOID":"72031050831","NAME":"508.31","NAMELSAD":"Census Tract 508.31","COUNTYFP":"031"}},
{"type":"Feature","geometry":{"type":"Polygon","coordinates":[[[-65.99214,18.41289],[-65.9956,18.41164],[-65.99349,18.40873],[-65.99363,18.40769],[-65.99203,18.4043],[-65.99182,18.40158],[-65.98859,18.40238],[-65.98858,18.40401],[-65.98428,18.40494],[-65.985,18.4068],[-65.98326,18.40674],[-65.98445,18.41038],[-65.9857,18.4098],[-65.98699,18.41072],[-65.98634,18.4096],[-65.98813,18.40848],[-65.98993,18.41338],[-65.99214,18.41289]]]},"properties":{"TRACTCE":"050341","GEOID":"72031050341","NAME":"503.41","NAMELSAD":"Census Tract 503.41","COUNTYFP":"031"}},
{"type":"Feature","geometry":{"type":"Polygon","coordinates":[[[-66.18784,18.37393],[-66.18978,18.37105],[-66.18591,18.36884],[-66.18791,18.36599],[-66.18618,18.36613],[-66.18126,18.37029],[-66.17952,18.37016],[-66.17607,18.37252],[-66.17501,18.37543],[-66.17441,18.37802],[-66.17642,18.37761],[-66.18042,18.37595],[-66.18578,18.37592],[-66.18661,18.37556],[-66.18784,18.37393]]]},"properties":{"TRACTCE":"031101","GEOID":"72021031101","NAME":"311.01","NAMELSAD":"Census Tract 311.01","COUNTYFP":"021"}},
{"type":"Feature","geometry":{"type":"Polygon","coordinates":[[[-66.15383,18.37872],[-66.15328,18.37829],[-66.15198,18.37972],[-66.15202,18.38223],[-66.14904,18.38155],[-66.14309,18.38328],[-66.14702,18.38879],[-66.14805,18.39103],[-66.15312,18.38216],[-66.15383,18.37872]]]},"properties":{"TRACTCE":"031621","GEOID":"72021031621","NAME":"316.21","NAMELSAD":"Census Tract 316.21","COUNTYFP":"021"}},
{"type":"Feature","geometry":{"type":"Polygon","coordinates":[[[-66.16448,18.37323],[-66.16832,18.36587],[-66.16543,18.36482],[-66.16317,18.3684],[-66.16157,18.36993],[-66.16117,18.36954],[-66.15753,18.37374],[-66.15822,18.37453],[-66.15727,18.37523],[-66.15909,18.37711],[-66.15981,18.37648],[-66.16183,18.37713],[-66.16448,18.37323]]]},"properties":{"TRACTCE":"031622","GEOID":"72021031622","NAME":"316.22","NAMELSAD":"Census Tract 316.22","COUNTYFP":"021"}},
{"type":"Feature","geometry":{"type":"Polygon","coordinates":[[[-66.15727,18.38298],[-66.15383,18.37872],[-66.15312,18.38216],[-66.14805,18.39103],[-66.15444,18.39359],[-66.15418,18.39088],[-66.15579,18.38488],[-66.15727,18.38298]]]},"properties":{"TRACTCE":"031631","GEOID":"72021031631","NAME":"316.31","NAMELSAD":"Census Tract 316.31","COUNTYFP":"021"}},
{"type":"Feature","geometry":{"type":"Polygon","coordinates":[[[-66.60549,18.02119],[-66.6062,18.02062],[-66.60634,18.01764],[-66.60225,18.01715],[-66.60219,18.01956],[-66.60118,18.0195],[-66.60112,18.02134],[-66.59951,18.0213],[-66.59954,18.02332],[-66.60064,18.02501],[-66.60549,18.02119]]]},"properties":{"TRACTCE":"070400","GEOID":"72113070400","NAME":"704","NAMELSAD":"Census Tract 704","COUNTYFP":"113"}},
{"type":"Feature","geometry":{"type":"Polygon","coordinates":[[[-66.60064,18.02501],[-66.59954,18.02332],[-66.59951,18.0213],[-66.60112,18.02134],[-66.60118,18.0195],[-66.60219,18.01956],[-66.60225,18.01715],[-66.59988,18.01698],[-66.60019,18.01535],[-66.59729,18.01625],[-66.59629,18.01584],[-66.59637,18.01865],[-66.5956,18.0197],[-66.58973,18.02342],[-66.58831,18.02493],[-66.58562,18.03215],[-66.58247,18.03324],[-66.58253,18.03914],[-66.59593,18.02877],[-66.60064,18.02501]]]},"properties":{"TRACTCE":"070502","GEOID":"72113070502","NAME":"705.02","NAMELSAD":"Census Tract 705.02","COUNTYFP":"113"}},
{"type":"Feature","geometry":{"type":"Polygon","coordinates":[[[-66.60699,18.01727],[-66.60757,18.01254],[-66.60077,18.01235],[-66.60099,18.00735],[-66.59728,18.00606],[-66.59277,18.00595],[-66.59263,18.00904],[-66.5935,18.01048],[-66.59273,18.01294],[-66.59629,18.01584],[-66.59729,18.01625],[-66.60019,18.01535],[-66.59988,18.01698],[-66.60225,18.01715],[-66.60634,18.01764],[-66.60699,18.01727]]]},"properties":{"TRACTCE":"070503","GEOID":"72113070503","NAME":"705.03","NAMELSAD":"Census Tract 705.03","COUNTYFP":"113"}},
{"type":"Feature","geometry":{"type":"Polygon","coordinates":[[[-66.61055,18.03795],[-66.60952,18.03681],[-66.61016,18.03357],[-66.61306,18.0333],[-66.6146,18.03187],[-66.61373,18.02815],[-66.61012,18.02549],[-66.60916,18.026],[-66.60946,18.03287],[-66.6072,18.03365],[-66.60577,18.03073],[-66.6034,18.03599],[-66.60071,18.03764],[-66.59759,18.03784],[-66.59702,18.03982],[-66.59939,18.04183],[-66.60318,18.04084],[-66.60522,18.04054],[-66.60811,18.04188],[-66.61024,18.03972],[-66.61055,18.03795]]]},"properties":{"TRACTCE":"070513","GEOID":"72113070513","NAME":"705.13","NAMELSAD":"Census Tract 705.13","COUNTYFP":"113"}},
{"type":"Feature","geometry":{"type":"Polygon","coordinates":[[[-66.60577,18.03073],[-66.6072,18.03365],[-66.60946,18.03287],[-66.60916,18.026],[-66.61012,18.02549],[-66.6096,18.02141],[-66.60711,18.01943],[-66.60699,18.01727],[-66.60634,18.01764],[-66.6062,18.02062],[-66.60549,18.02119],[-66.60731,18.02276],[-66.60455,18.0256],[-66.60643,18.02795],[-66.6045,18.02948],[-66.60577,18.03073]]]},"properties":{"TRACTCE":"070514","GEOID":"72113070514","NAME":"705.14","NAMELSAD":"Census Tract 705.14","COUNTYFP":"113"}},
{"type":"Feature","geometry":{"type":"Polygon","coordinates":[[[-66.60577,18.03073],[-66.6045,18.02948],[-66.60643,18.02795],[-66.60455,18.0256],[-66.60731,18.02276],[-66.60549,18.02119],[-66.60064,18.02501],[-66.59593,18.02877],[-66.6034,18.03599],[-66.60577,18.03073]]]},"properties":{"TRACTCE":"070522","GEOID":"72113070522","NAME":"705.22","NAMELSAD":"Census Tract 705.22","COUNTYFP":"113"}},
{"type":"Feature","geometry":{"type":"Polygon","coordinates":[[[-66.62007,18.01813],[-66.62145,18.01846],[-66.62164,18.01637],[-66.62297,18.01614],[-66.62284,18.01524],[-66.62254,18.01328],[-66.62061,18.01366],[-66.61619,18.01453],[-66.61638,18.01535],[-66.61526,18.01557],[-66.6158,18.01829],[-66.61603,18.01946],[-66.61904,18.01977],[-66.61875,18.01843],[-66.62007,18.01813]]]},"properties":{"TRACTCE":"070800","GEOID":"72113070800","NAME":"708","NAMELSAD":"Census Tract 708","COUNTYFP":"113"}},
{"type":"Feature","geometry":{"type":"Polygon","coordinates":[[[-66.58253,18.03914],[-66.58247,18.03324],[-66.57145,18.02932],[-66.56375,18.01967],[-66.56184,18.01934],[-66.54909,18.02482],[-66.54073,18.02292],[-66.5389,18.02551],[-66.54246,18.03246],[-66.53832,18.03735],[-66.53734,18.04129],[-66.54207,18.04549],[-66.54297,18.05043],[-66.54424,18.05153],[-66.54483,18.05008],[-66.55311,18.05322],[-66.55761,18.06003],[-66.56097,18.06134],[-66.55873,18.05663],[-66.56119,18.05652],[-66.5626,18.05038],[-66.55993,18.0495],[-66.55789,18.04748],[-66.57967,18.04087],[-66.58227,18.03935],[-66.58253,18.03914]]]},"properties":{"TRACTCE":"072400","GEOID":"72113072400","NAME":"724","NAMELSAD":"Census Tract 724","COUNTYFP":"113"}},
{"type":"Feature","geometry":{"type":"Polygon","coordinates":[[[-66.69988,17.97451],[-66.70534,17.95254],[-66.70278,17.95229],[-66.68343,17.94509],[-66.6605,17.94509],[-66.66181,17.96451],[-66.66317,17.96982],[-66.66276,17.97277],[-66.65994,17.97474],[-66.6593,17.97688],[-66.65904,17.97887],[-66.66064,17.98226],[-66.66004,17.98272],[-66.6633,17.98549],[-66.66043,17.9885],[-66.66489,17.99239],[-66.66269,17.99704],[-66.66529,17.99944],[-66.66661,18.0022],[-66.66593,18.00542],[-66.66663,18.00805],[-66.66876,18.00995],[-66.66769,18.01025],[-66.66804,18.01337],[-66.67135,18.01596],[-66.67119,18.01682],[-66.67278,18.01694],[-66.67237,18.01751],[-66.67505,18.01908],[-66.67583,18.01876],[-66.67643,18.0198],[-66.67571,18.02348],[-66.6778,18.02921],[-66.67744,18.0346],[-66.67849,18.03663],[-66.67589,18.03874],[-66.67907,18.03944],[-66.67876,18.04223],[-66.67974,18.03982],[-66.67888,18.03832],[-66.68539,18.03721],[-66.68704,18.03218],[-66.68941,18.03211],[-66.68882,18.03058],[-66.68942,18.02984],[-66.68634,18.01697],[-66.68818,18.01336],[-66.68786,18.00963],[-66.69002,18.00374],[-66.68944,18.00009],[-66.68782,17.99841],[-66.68937,17.99432],[-66.68731,17.9929],[-66.68147,17.99248],[-66.67445,17.98821],[-66.67182,17.98807],[-66.66891,17.98608],[-66.66627,17.98159],[-66.66278,17.98056],[-66.67133,17.97504],[-66.6778,17.97416],[-66.6873,17.97454],[-66.6991,17.97765],[-66.69988,17.97451]]]},"properties":{"TRACTCE":"073002","GEOID":"72113073002","NAME":"730.02","NAMELSAD":"Census Tract 730.02","COUNTYFP":"113"}},
{"type":"Feature","geometry":{"type":"Polygon","coordinates":[[[-66.62284,18.01524],[-66.6263,18.01416],[-66.62565,18.01039],[-66.62078,18.0102],[-66.62061,18.01366],[-66.62254,18.01328],[-66.62284,18.01524]]]},"properties":{"TRACTCE":"071000","GEOID":"72113071000","NAME":"710","NAMELSAD":"Census Tract 710","COUNTYFP":"113"}},
{"type":"Feature","geometry":{"type":"Polygon","coordinates":[[[-66.6158,18.01829],[-66.61526,18.01557],[-66.60699,18.01727],[-66.60711,18.01943],[-66.6096,18.02141],[-66.61012,18.02549],[-66.61373,18.02815],[-66.61387,18.0279],[-66.61248,18.02684],[-66.61205,18.02085],[-66.61409,18.02114],[-66.61411,18.02009],[-66.61549,18.01988],[-66.61518,18.01835],[-66.6158,18.01829]]]},"properties":{"TRACTCE":"070300","GEOID":"72113070300","NAME":"703","NAMELSAD":"Census Tract 703","COUNTYFP":"113"}},
{"type":"Feature","geometry":{"type":"Polygon","coordinates":[[[-66.63024,18.04453],[-66.6306,18.04141],[-66.62625,18.03575],[-66.62259,18.03542],[-66.61794,18.03683],[-66.61914,18.03812],[-66.61055,18.03795],[-66.61024,18.03972],[-66.60811,18.04188],[-66.60522,18.04054],[-66.60318,18.04084],[-66.60265,18.04274],[-66.60517,18.04741],[-66.60601,18.05107],[-66.60541,18.05407],[-66.60654,18.05594],[-66.60132,18.05898],[-66.60433,18.05927],[-66.60874,18.06142],[-66.60844,18.06381],[-66.60627,18.06645],[-66.60882,18.06905],[-66.60898,18.07159],[-66.61037,18.07326],[-66.60915,18.07453],[-66.60898,18.07651],[-66.61011,18.07813],[-66.61194,18.07867],[-66.61443,18.08095],[-66.61553,18.08414],[-66.61733,18.08379],[-66.61679,18.08711],[-66.61512,18.0881],[-66.615,18.09048],[-66.61408,18.09102],[-66.61464,18.09194],[-66.614,18.09408],[-66.62076,18.09152],[-66.62346,18.09283],[-66.624,18.09432],[-66.62504,18.09413],[-66.62451,18.09517],[-66.62525,18.09577],[-66.62422,18.09621],[-66.62497,18.09745],[-66.61986,18.10651],[-66.61967,18.10884],[-66.61711,18.11109],[-66.61627,18.111],[-66.61571,18.10961],[-66.61664,18.11245],[-66.61951,18.11489],[-66.62343,18.1152],[-66.62629,18.11807],[-66.62993,18.11671],[-66.62812,18.11518],[-66.62669,18.1025],[-66.62862,18.09843],[-66.62852,18.09571],[-66.63062,18.08723],[-66.62651,18.0809],[-66.62601,18.07915],[-66.62667,18.0785],[-66.62449,18.07423],[-66.62554,18.07259],[-66.62506,18.06671],[-66.62647,18.06425],[-66.62644,18.06053],[-66.62512,18.05903],[-66.62486,18.05617],[-66.62147,18.0525],[-66.6199,18.05209],[-66.61778,18.0489],[-66.61821,18.04629],[-66.62415,18.04201],[-66.62834,18.04272],[-66.63024,18.04453]]]},"properties":{"TRACTCE":"072704","GEOID":"72113072704","NAME":"727.04","NAMELSAD":"Census Tract 727.04","COUNTYFP":"113"}},
{"type":"Feature","geometry":{"type":"Polygon","coordinates":[[[-66.66269,17.99704],[-66.66489,17.99239],[-66.66043,17.9885],[-66.6633,17.98549],[-66.66004,17.98272],[-66.65597,17.98532],[-66.6479,17.98853],[-66.6503,17.99245],[-66.65348,17.99225],[-66.65867,17.99653],[-66.66269,17.99704]]]},"properties":{"TRACTCE":"073006","GEOID":"72113073006","NAME":"730.06","NAMELSAD":"Census Tract 730.06","COUNTYFP":"113"}},
{"type":"Feature","geometry":{"type":"Polygon","coordinates":[[[-66.62922,18.03064],[-66.62961,18.02841],[-66.62859,18.02303],[-66.63187,18.0199],[-66.63448,18.01281],[-66.63235,18.0128],[-66.63214,18.01579],[-66.6309,18.01795],[-66.62763,18.01685],[-66.62798,18.01842],[-66.62458,18.01749],[-66.62341,18.0188],[-66.62388,18.02026],[-66.62623,18.02198],[-66.62579,18.02476],[-66.62271,18.02309],[-66.62101,18.02316],[-66.61955,18.0215],[-66.62059,18.02071],[-66.62007,18.01813],[-66.61875,18.01843],[-66.61904,18.01977],[-66.61603,18.01946],[-66.6158,18.01829],[-66.61518,18.01835],[-66.61549,18.01988],[-66.61411,18.02009],[-66.61409,18.02114],[-66.61205,18.02085],[-66.61248,18.02684],[-66.61387,18.0279],[-66.61512,18.02975],[-66.61541,18.02785],[-66.62513,18.03058],[-66.62559,18.0291],[-66.62922,18.03064]]]},"properties":{"TRACTCE":"070202","GEOID":"72113070202","NAME":"702.02","NAMELSAD":"Census Tract 702.02","COUNTYFP":"113"}},
{"type":"Feature","geometry":{"type":"Polygon","coordinates":[[[-66.58111,18.07188],[-66.57967,18.06635],[-66.58339,18.06779],[-66.58512,18.06757],[-66.58524,18.0664],[-66.58316,18.06304],[-66.58614,18.0614],[-66.58604,18.0596],[-66.58289,18.05774],[-66.58336,18.05413],[-66.5814,18.05063],[-66.58453,18.04595],[-66.58534,18.04257],[-66.58227,18.03935],[-66.57967,18.04087],[-66.55789,18.04748],[-66.55993,18.0495],[-66.5626,18.05038],[-66.56119,18.05652],[-66.55873,18.05663],[-66.56097,18.06134],[-66.55761,18.06003],[-66.55311,18.05322],[-66.54483,18.05008],[-66.54424,18.05153],[-66.54609,18.05369],[-66.54387,18.05768],[-66.5442,18.05976],[-66.5463,18.063],[-66.54526,18.06875],[-66.55022,18.07573],[-66.55046,18.08039],[-66.55551,18.08456],[-66.55541,18.08626],[-66.55336,18.08809],[-66.55356,18.09034],[-66.55228,18.09265],[-66.54959,18.0943],[-66.54907,18.09684],[-66.55114,18.1023],[-66.5546,18.10624],[-66.55577,18.11564],[-66.55767,18.1141],[-66.56677,18.11398],[-66.56835,18.11308],[-66.57108,18.113],[-66.57365,18.11063],[-66.57874,18.11278],[-66.58178,18.11116],[-66.582,18.10874],[-66.58026,18.10517],[-66.57149,18.09845],[-66.57083,18.09638],[-66.56865,18.09454],[-66.57253,18.0903],[-66.57124,18.08256],[-66.57309,18.07729],[-66.57111,18.07423],[-66.57181,18.07208],[-66.57459,18.07006],[-66.57822,18.07039],[-66.58111,18.07188]]]},"properties":{"TRACTCE":"072500","GEOID":"72113072500","NAME":"725","NAMELSAD":"Census Tract 725","COUNTYFP":"113"}},
{"type":"Feature","geometry":{"type":"Polygon","coordinates":[[[-66.67049,18.15283],[-66.67047,18.15078],[-66.67275,18.14763],[-66.67223,18.14578],[-66.6596,18.14108],[-66.65899,18.13677],[-66.66196,18.13039],[-66.65679,18.12397],[-66.65575,18.12137],[-66.65622,18.11808],[-66.6584,18.11506],[-66.65703,18.10805],[-66.65359,18.10305],[-66.65115,18.09288],[-66.64863,18.09133],[-66.64669,18.08833],[-66.64688,18.0852],[-66.64488,18.08147],[-66.64672,18.07877],[-66.64636,18.07534],[-66.64563,18.07261],[-66.64315,18.07071],[-66.64042,18.06433],[-66.64056,18.06128],[-66.6387,18.05801],[-66.6383,18.05352],[-66.63441,18.0485],[-66.63358,18.04547],[-66.63024,18.04453],[-66.62834,18.04272],[-66.62415,18.04201],[-66.61821,18.04629],[-66.61778,18.0489],[-66.6199,18.05209],[-66.62147,18.0525],[-66.62486,18.05617],[-66.62512,18.05903],[-66.62644,18.06053],[-66.62647,18.06425],[-66.62506,18.06671],[-66.62554,18.07259],[-66.62449,18.07423],[-66.62667,18.0785],[-66.62601,18.07915],[-66.62651,18.0809],[-66.63062,18.08723],[-66.62852,18.09571],[-66.62862,18.09843],[-66.62669,18.1025],[-66.62812,18.11518],[-66.62993,18.11671],[-66.62629,18.11807],[-66.62343,18.1152],[-66.61951,18.11489],[-66.61664,18.11245],[-66.61571,18.10961],[-66.61553,18.1071],[-66.61382,18.10431],[-66.61206,18.1033],[-66.61091,18.10421],[-66.60724,18.10358],[-66.60448,18.10007],[-66.60246,18.09896],[-66.60175,18.09748],[-66.60194,18.09131],[-66.59789,18.08541],[-66.59544,18.08327],[-66.589,18.08128],[-66.58111,18.07188],[-66.57822,18.07039],[-66.57459,18.07006],[-66.57181,18.07208],[-66.57111,18.07423],[-66.57309,18.07729],[-66.57124,18.08256],[-66.57253,18.0903],[-66.56865,18.09454],[-66.57083,18.09638],[-66.57149,18.09845],[-66.58026,18.10517],[-66.582,18.10874],[-66.58178,18.11116],[-66.57874,18.11278],[-66.57365,18.11063],[-66.57108,18.113],[-66.56835,18.11308],[-66.56677,18.11398],[-66.55767,18.1141],[-66.55577,18.11564],[-66.55787,18.11502],[-66.56171,18.11545],[-66.56238,18.11782],[-66.56196,18.12264],[-66.56445,18.12551],[-66.56541,18.12982],[-66.56352,18.13103],[-66.56267,18.133],[-66.56295,18.13736],[-66.5645,18.13863],[-66.56322,18.14359],[-66.55339,18.14911],[-66.55246,18.15075],[-66.55278,18.15228],[-66.55986,18.15386],[-66.56142,18.15507],[-66.5613,18.15759],[-66.56667,18.15888],[-66.56801,18.16221],[-66.57205,18.16391],[-66.57232,18.16606],[-66.57411,18.16812],[-66.57639,18.16751],[-66.57775,18.16817],[-66.58005,18.16732],[-66.58103,18.16813],[-66.58457,18.16839],[-66.58616,18.16945],[-66.58869,18.16961],[-66.58955,18.17195],[-66.591,18.17248],[-66.5941,18.1705],[-66.59618,18.1714],[-66.5976,18.1711],[-66.59878,18.16994],[-66.5991,18.16741],[-66.60104,18.16544],[-66.60437,18.16626],[-66.6079,18.16413],[-66.60892,18.16195],[-66.61155,18.1611],[-66.61302,18.15898],[-66.6154,18.15894],[-66.61774,18.15774],[-66.62108,18.15789],[-66.62354,18.15647],[-66.62585,18.15702],[-66.62709,18.15857],[-66.62869,18.15863],[-66.63031,18.15503],[-66.63214,18.15342],[-66.63095,18.15125],[-66.63206,18.14966],[-66.63272,18.15056],[-66.6381,18.15254],[-66.63979,18.15474],[-66.6426,18.1545],[-66.64313,18.15675],[-66.64947,18.15886],[-66.65354,18.15907],[-66.65686,18.15651],[-66.66125,18.15645],[-66.66423,18.15358],[-66.66957,18.15227],[-66.67049,18.15283]]]},"properties":{"TRACTCE":"072600","GEOID":"72113072600","NAME":"726","NAMELSAD":"Census Tract 726","COUNTYFP":"113"}},
{"type":"Feature","geometry":{"type":"Polygon","coordinates":[[[-66.65146,18.03986],[-66.65131,18.03638],[-66.64761,18.03159],[-66.64749,18.02247],[-66.64831,18.01995],[-66.64663,18.01381],[-66.64331,18.01188],[-66.6351,18.01095],[-66.63249,18.01078],[-66.62565,18.01039],[-66.6263,18.01416],[-66.63173,18.01378],[-66.63235,18.0128],[-66.63448,18.01281],[-66.63187,18.0199],[-66.62859,18.02303],[-66.62961,18.02841],[-66.62922,18.03064],[-66.62625,18.03575],[-66.62737,18.03586],[-66.62957,18.03261],[-66.63292,18.03229],[-66.63749,18.03436],[-66.64159,18.03417],[-66.64234,18.03654],[-66.64407,18.03816],[-66.65146,18.03986]]]},"properties":{"TRACTCE":"070100","GEOID":"72113070100","NAME":"701","NAMELSAD":"Census Tract 701","COUNTYFP":"113"}},
{"type":"Feature","geometry":{"type":"Polygon","coordinates":[[[-66.68082,18.06952],[-66.68231,18.06629],[-66.68452,18.06478],[-66.68529,18.05812],[-66.68776,18.05301],[-66.68551,18.04733],[-66.68945,18.04026],[-66.68941,18.03211],[-66.68704,18.03218],[-66.68539,18.03721],[-66.67888,18.03832],[-66.67974,18.03982],[-66.67876,18.04223],[-66.67907,18.03944],[-66.67589,18.03874],[-66.66919,18.04416],[-66.65669,18.04684],[-66.65253,18.04776],[-66.65107,18.04958],[-66.65114,18.05084],[-66.65506,18.06492],[-66.65988,18.07809],[-66.66016,18.08385],[-66.66474,18.09259],[-66.66651,18.10322],[-66.66783,18.10444],[-66.67006,18.11016],[-66.67277,18.11169],[-66.67706,18.11592],[-66.68437,18.11578],[-66.68457,18.11203],[-66.67925,18.10456],[-66.67804,18.10029],[-66.67922,18.09789],[-66.67937,18.09466],[-66.67683,18.09106],[-66.67832,18.08832],[-66.67839,18.08476],[-66.6803,18.08233],[-66.67939,18.08112],[-66.68078,18.07527],[-66.67933,18.07241],[-66.68082,18.06952]]]},"properties":{"TRACTCE":"073001","GEOID":"72113073001","NAME":"730.01","NAMELSAD":"Census Tract 730.01","COUNTYFP":"113"}},
{"type":"Feature","geometry":{"type":"MultiPolygon","coordinates":[[[[-66.51857,17.91681],[-66.54805,17.88958],[-66.54805,17.88685],[-66.54278,17.87559],[-66.53868,17.87457],[-66.49961,17.8749],[-66.49961,17.89892],[-66.51857,17.91681]]],[[[-66.56184,18.01934],[-66.56973,18.00889],[-66.57493,18.00946],[-66.57602,18.00727],[-66.58214,18.0056],[-66.58796,17.99186],[-66.59094,17.98806],[-66.5892,17.96892],[-66.60002,17.94724],[-66.57892,17.94907],[-66.54536,17.95445],[-66.54104,17.96688],[-66.5386,17.9739],[-66.54074,17.97518],[-66.53923,17.97684],[-66.53733,17.97694],[-66.53961,17.97844],[-66.54069,17.98033],[-66.53848,17.98168],[-66.53952,17.98391],[-66.53903,17.98609],[-66.54046,17.98676],[-66.53988,17.98865],[-66.54166,17.99027],[-66.5416,17.99161],[-66.53993,17.99408],[-66.53584,17.9926],[-66.53651,17.99588],[-66.53571,17.99668],[-66.53649,17.99755],[-66.53332,17.99802],[-66.53235,17.99873],[-66.53266,17.99979],[-66.53069,18.0011],[-66.53042,18.00308],[-66.53299,18.00446],[-66.53352,18.00698],[-66.53488,18.0076],[-66.53534,18.01102],[-66.53713,18.0129],[-66.5358,18.01679],[-66.5384,18.02269],[-66.54073,18.02292],[-66.54909,18.02482],[-66.56184,18.01934]]]]},"properties":{"TRACTCE":"072300","GEOID":"72113072300","NAME":"723","NAMELSAD":"Census Tract 723","COUNTYFP":"113"}},
{"type":"Feature","geometry":{"type":"Polygon","coordinates":[[[-66.61571,18.10961],[-66.61627,18.111],[-66.61711,18.11109],[-66.61967,18.10884],[-66.61986,18.10651],[-66.62497,18.09745],[-66.62422,18.09621],[-66.62525,18.09577],[-66.62451,18.09517],[-66.62504,18.09413],[-66.624,18.09432],[-66.62346,18.09283],[-66.62076,18.09152],[-66.614,18.09408],[-66.61464,18.09194],[-66.61408,18.09102],[-66.615,18.09048],[-66.61512,18.0881],[-66.61679,18.08711],[-66.61733,18.08379],[-66.61553,18.08414],[-66.61443,18.08095],[-66.61194,18.07867],[-66.61011,18.07813],[-66.60898,18.07651],[-66.60915,18.07453],[-66.61037,18.07326],[-66.60898,18.07159],[-66.60882,18.06905],[-66.60627,18.06645],[-66.60844,18.06381],[-66.60874,18.06142],[-66.60433,18.05927],[-66.60132,18.05898],[-66.60654,18.05594],[-66.60541,18.05407],[-66.60601,18.05107],[-66.60517,18.04741],[-66.60265,18.04274],[-66.60318,18.04084],[-66.59939,18.04183],[-66.59277,18.04561],[-66.59067,18.04281],[-66.58969,18.03784],[-66.58682,18.03958],[-66.5862,18.04491],[-66.58453,18.04595],[-66.5814,18.05063],[-66.58336,18.05413],[-66.58289,18.05774],[-66.58604,18.0596],[-66.58614,18.0614],[-66.58316,18.06304],[-66.58524,18.0664],[-66.58512,18.06757],[-66.58339,18.06779],[-66.57967,18.06635],[-66.58111,18.07188],[-66.589,18.08128],[-66.59544,18.08327],[-66.59789,18.08541],[-66.60194,18.09131],[-66.60175,18.09748],[-66.60246,18.09896],[-66.60448,18.10007],[-66.60724,18.10358],[-66.61091,18.10421],[-66.61206,18.1033],[-66.61382,18.10431],[-66.61553,18.1071],[-66.61571,18.10961]]]},"properties":{"TRACTCE":"072703","GEOID":"72113072703","NAME":"727.03","NAMELSAD":"Census Tract 727.03","COUNTYFP":"113"}},
{"type":"Feature","geometry":{"type":"Polygon","coordinates":[[[-66.67589,18.03874],[-66.67849,18.03663],[-66.67744,18.0346],[-66.6778,18.02921],[-66.67571,18.02348],[-66.67643,18.0198],[-66.67583,18.01876],[-66.67505,18.01908],[-66.67237,18.01751],[-66.67278,18.01694],[-66.67119,18.01682],[-66.67135,18.01596],[-66.66804,18.01337],[-66.66769,18.01025],[-66.66876,18.00995],[-66.66663,18.00805],[-66.66593,18.00542],[-66.66527,18.00468],[-66.65945,18.00455],[-66.65504,18.00665],[-66.64987,18.00508],[-66.64677,18.00702],[-66.64457,18.00595],[-66.64404,18.00683],[-66.64675,18.00943],[-66.64964,18.00844],[-66.65482,18.0131],[-66.65699,18.01364],[-66.65956,18.01964],[-66.6629,18.0246],[-66.65966,18.02417],[-66.65801,18.02575],[-66.65915,18.03142],[-66.66185,18.03463],[-66.66271,18.03343],[-66.66492,18.03417],[-66.66975,18.0341],[-66.66933,18.03614],[-66.67135,18.03518],[-66.6723,18.03556],[-66.67589,18.03874]]]},"properties":{"TRACTCE":"073003","GEOID":"72113073003","NAME":"730.03","NAMELSAD":"Census Tract 730.03","COUNTYFP":"113"}},
{"type":"Feature","geometry":{"type":"Polygon","coordinates":[[[-66.69407,18.13053],[-66.69228,18.12585],[-66.68871,18.12429],[-66.68823,18.12249],[-66.68447,18.11859],[-66.68437,18.11578],[-66.67706,18.11592],[-66.67277,18.11169],[-66.67006,18.11016],[-66.66783,18.10444],[-66.66651,18.10322],[-66.66474,18.09259],[-66.66016,18.08385],[-66.65988,18.07809],[-66.65506,18.06492],[-66.65114,18.05084],[-66.65107,18.04958],[-66.65253,18.04776],[-66.65669,18.04684],[-66.65301,18.04419],[-66.65146,18.03986],[-66.64407,18.03816],[-66.64234,18.03654],[-66.64159,18.03417],[-66.63749,18.03436],[-66.63292,18.03229],[-66.62957,18.03261],[-66.62737,18.03586],[-66.62625,18.03575],[-66.6306,18.04141],[-66.63024,18.04453],[-66.63358,18.04547],[-66.63441,18.0485],[-66.6383,18.05352],[-66.6387,18.05801],[-66.64056,18.06128],[-66.64042,18.06433],[-66.64315,18.07071],[-66.64563,18.07261],[-66.64636,18.07534],[-66.64672,18.07877],[-66.64488,18.08147],[-66.64688,18.0852],[-66.64669,18.08833],[-66.64863,18.09133],[-66.65115,18.09288],[-66.65359,18.10305],[-66.65703,18.10805],[-66.6584,18.11506],[-66.65622,18.11808],[-66.65575,18.12137],[-66.65679,18.12397],[-66.66196,18.13039],[-66.65899,18.13677],[-66.6596,18.14108],[-66.67223,18.14578],[-66.67228,18.14281],[-66.67415,18.13898],[-66.67465,18.13572],[-66.67658,18.13289],[-66.67695,18.12998],[-66.68105,18.12958],[-66.68633,18.13182],[-66.68957,18.13087],[-66.69069,18.12963],[-66.69407,18.13053]]]},"properties":{"TRACTCE":"072900","GEOID":"72113072900","NAME":"729","NAMELSAD":"Census Tract 729","COUNTYFP":"113"}},
{"type":"Feature","geometry":{"type":"Polygon","coordinates":[[[-67.21682,17.97333],[-67.21813,17.96456],[-67.2152,17.95432],[-67.21633,17.94954],[-67.21553,17.94846],[-67.21333,17.9488],[-67.21115,17.94694],[-67.20705,17.94967],[-67.20413,17.94933],[-67.20003,17.94591],[-67.19769,17.94216],[-67.19835,17.93852],[-67.19463,17.93284],[-67.19065,17.93304],[-67.18372,17.93089],[-67.18266,17.93438],[-67.18374,17.9384],[-67.16313,17.95159],[-67.15311,17.95184],[-67.15093,17.95116],[-67.15089,17.95519],[-67.15012,17.95614],[-67.15157,17.95696],[-67.15716,17.95619],[-67.1616,17.96245],[-67.16316,17.96352],[-67.167,17.96419],[-67.17042,17.96797],[-67.17522,17.97124],[-67.18019,17.9686],[-67.1901,17.96677],[-67.19523,17.96458],[-67.19675,17.96069],[-67.20007,17.95821],[-67.19753,17.95321],[-67.19363,17.94914],[-67.19285,17.94481],[-67.19472,17.94983],[-67.19705,17.95191],[-67.20046,17.95314],[-67.20081,17.95418],[-67.19967,17.9565],[-67.20231,17.95681],[-67.20225,17.95917],[-67.20033,17.96023],[-67.19978,17.96594],[-67.19991,17.97001],[-67.20209,17.9729],[-67.20274,17.97607],[-67.20865,17.9757],[-67.21003,17.97391],[-67.21232,17.97515],[-67.212,17.97339],[-67.21682,17.97333]]]},"properties":{"TRACTCE":"980000","GEOID":"72023980000","NAME":"9800","NAMELSAD":"Census Tract 9800","COUNTYFP":"023"}},
{"type":"Feature","geometry":{"type":"Polygon","coordinates":[[[-66.94666,17.97497],[-66.9383,17.96782],[-66.93785,17.96537],[-66.93179,17.96486],[-66.9316,17.96626],[-66.93064,17.96659],[-66.92609,17.96466],[-66.9219,17.96529],[-66.92181,17.96925],[-66.92071,17.97236],[-66.91761,17.97299],[-66.91512,17.97252],[-66.91404,17.9732],[-66.91396,17.97454],[-66.91744,17.97338],[-66.92943,17.97452],[-66.93519,17.97273],[-66.94666,17.97497]]]},"properties":{"TRACTCE":"961400","GEOID":"72055961400","NAME":"9614","NAMELSAD":"Census Tract 9614","COUNTYFP":"055"}},
{"type":"Feature","geometry":{"type":"Polygon","coordinates":[[[-66.43949,18.46225],[-66.43959,18.45867],[-66.43721,18.45866],[-66.43767,18.4549],[-66.4292,18.45422],[-66.42122,18.44455],[-66.41757,18.44762],[-66.41198,18.44977],[-66.41195,18.45351],[-66.41095,18.45473],[-66.40803,18.45503],[-66.40869,18.45654],[-66.41067,18.45722],[-66.41374,18.46041],[-66.43949,18.46225]]]},"properties":{"TRACTCE":"560401","GEOID":"72145560401","NAME":"5604.01","NAMELSAD":"Census Tract 5604.01","COUNTYFP":"145"}},
{"type":"Feature","geometry":{"type":"Polygon","coordinates":[[[-66.1381,18.43481],[-66.13698,18.43032],[-66.1317,18.43539],[-66.12865,18.43778],[-66.12532,18.43906],[-66.12505,18.43915],[-66.12923,18.44058],[-66.12939,18.43964],[-66.13094,18.43906],[-66.13105,18.43961],[-66.13343,18.43924],[-66.1321,18.43717],[-66.13599,18.43513],[-66.13724,18.4331],[-66.1381,18.43481]]]},"properties":{"TRACTCE":"020302","GEOID":"72033020302","NAME":"203.02","NAMELSAD":"Census Tract 203.02","COUNTYFP":"033"}},
{"type":"Feature","geometry":{"type":"Polygon","coordinates":[[[-66.3314,18.41204],[-66.33508,18.41027],[-66.34011,18.40946],[-66.34022,18.4068],[-66.3431,18.40093],[-66.34263,18.39747],[-66.34091,18.39685],[-66.34123,18.39479],[-66.33932,18.39219],[-66.33765,18.38693],[-66.33767,18.38536],[-66.34086,18.38407],[-66.34289,18.37769],[-66.3406,18.37602],[-66.33997,18.37437],[-66.34052,18.37334],[-66.33915,18.37269],[-66.33877,18.37146],[-66.33768,18.37182],[-66.33744,18.36983],[-66.33847,18.36937],[-66.33346,18.36796],[-66.3331,18.36648],[-66.32971,18.36758],[-66.32951,18.36607],[-66.32612,18.36598],[-66.32389,18.3669],[-66.32249,18.36436],[-66.32143,18.36593],[-66.31878,18.36739],[-66.31907,18.37184],[-66.31781,18.37275],[-66.31412,18.38088],[-66.31061,18.38428],[-66.31097,18.38843],[-66.31412,18.38953],[-66.3143,18.39785],[-66.31817,18.39894],[-66.31809,18.4008],[-66.31909,18.40197],[-66.31997,18.40323],[-66.32637,18.40358],[-66.32691,18.40652],[-66.32779,18.40585],[-66.32972,18.40961],[-66.3314,18.40957],[-66.3314,18.41204]]]},"properties":{"TRACTCE":"550601","GEOID":"72143550601","NAME":"5506.01","NAMELSAD":"Census Tract 5506.01","COUNTYFP":"143"}},
{"type":"Feature","geometry":{"type":"Polygon","coordinates":[[[-66.36428,18.38982],[-66.36636,18.38515],[-66.36978,18.38169],[-66.37208,18.37301],[-66.37324,18.37194],[-66.37238,18.36774],[-66.37402,18.36381],[-66.37268,18.36056],[-66.37308,18.35792],[-66.37606,18.35494],[-66.37636,18.34994],[-66.37813,18.34755],[-66.37706,18.34425],[-66.37472,18.34419],[-66.37429,18.34263],[-66.37173,18.34049],[-66.37055,18.33715],[-66.36527,18.33323],[-66.36066,18.33296],[-66.35949,18.33076],[-66.35832,18.33072],[-66.35732,18.33581],[-66.35728,18.34395],[-66.35475,18.34693],[-66.34883,18.35013],[-66.34967,18.35235],[-66.35475,18.35513],[-66.35523,18.3596],[-66.35446,18.36105],[-66.35027,18.36121],[-66.34322,18.35779],[-66.34098,18.35763],[-66.34103,18.36256],[-66.33912,18.36715],[-66.33811,18.36805],[-66.33678,18.36744],[-66.33602,18.36814],[-66.33346,18.36796],[-66.33847,18.36937],[-66.33744,18.36983],[-66.33768,18.37182],[-66.33877,18.37146],[-66.33915,18.37269],[-66.34052,18.37334],[-66.33997,18.37437],[-66.3406,18.37602],[-66.34289,18.37769],[-66.34086,18.38407],[-66.33767,18.38536],[-66.33765,18.38693],[-66.33932,18.39219],[-66.34123,18.39479],[-66.34091,18.39685],[-66.34263,18.39747],[-66.3431,18.40093],[-66.34022,18.4068],[-66.34011,18.40946],[-66.33508,18.41027],[-66.3314,18.41204],[-66.33668,18.41541],[-66.33782,18.41926],[-66.34193,18.42339],[-66.34379,18.42202],[-66.34569,18.42294],[-66.3462,18.4219],[-66.34861,18.42583],[-66.34844,18.42662],[-66.34705,18.42691],[-66.34769,18.4294],[-66.35096,18.42641],[-66.3543,18.42555],[-66.3589,18.42103],[-66.36019,18.40697],[-66.36428,18.38982]]]},"properties":{"TRACTCE":"550300","GEOID":"72143550300","NAME":"5503","NAMELSAD":"Census Tract 5503","COUNTYFP":"143"}},
{"type":"Feature","geometry":{"type":"Polygon","coordinates":[[[-66.35318,18.43047],[-66.35144,18.42982],[-66.35078,18.43087],[-66.34937,18.42914],[-66.34808,18.43022],[-66.34769,18.4294],[-66.34705,18.42691],[-66.34844,18.42662],[-66.34861,18.42583],[-66.3462,18.4219],[-66.34569,18.42294],[-66.34379,18.42202],[-66.34193,18.42339],[-66.34238,18.42394],[-66.34094,18.42513],[-66.33446,18.41753],[-66.32393,18.41844],[-66.32294,18.42319],[-66.31228,18.42225],[-66.31236,18.4238],[-66.31044,18.42409],[-66.30924,18.42593],[-66.30153,18.42748],[-66.30193,18.43374],[-66.30851,18.43385],[-66.31408,18.44264],[-66.32328,18.44346],[-66.32627,18.44252],[-66.3273,18.44451],[-66.32969,18.44557],[-66.33216,18.44402],[-66.33256,18.43969],[-66.33744,18.44333],[-66.34229,18.44914],[-66.3457,18.45397],[-66.34845,18.45144],[-66.34834,18.44771],[-66.35064,18.44282],[-66.35318,18.43047]]]},"properties":{"TRACTCE":"550200","GEOID":"72143550200","NAME":"5502","NAMELSAD":"Census Tract 5502","COUNTYFP":"143"}},
{"type":"Feature","geometry":{"type":"Polygon","coordinates":[[[-65.99651,18.40877],[-65.99658,18.4058],[-65.99768,18.4051],[-65.99606,18.40266],[-65.99774,18.40112],[-65.99554,18.39802],[-65.99143,18.39848],[-65.99143,18.39863],[-65.99182,18.40158],[-65.99203,18.4043],[-65.99363,18.40769],[-65.99651,18.40877]]]},"properties":{"TRACTCE":"005300","GEOID":"72127005300","NAME":"53","NAMELSAD":"Census Tract 53","COUNTYFP":"127"}},
{"type":"Feature","geometry":{"type":"Polygon","coordinates":[[[-66.17405,18.1024],[-66.18085,18.10001],[-66.18152,18.09882],[-66.17869,18.09742],[-66.18028,18.09598],[-66.17874,18.09521],[-66.17848,18.09411],[-66.17702,18.09402],[-66.17678,18.09078],[-66.18126,18.09155],[-66.18502,18.08405],[-66.18709,18.08502],[-66.18893,18.0914],[-66.18884,18.09597],[-66.19523,18.09474],[-66.19757,18.09219],[-66.19711,18.08679],[-66.19988,18.08324],[-66.20182,18.07883],[-66.20456,18.07687],[-66.21167,18.07453],[-66.20607,18.06765],[-66.20175,18.06764],[-66.20096,18.06399],[-66.20149,18.05806],[-66.20502,18.05436],[-66.205,18.05092],[-66.20204,18.04611],[-66.19604,18.04915],[-66.18372,18.05075],[-66.17798,18.05349],[-66.17333,18.05329],[-66.17232,18.054],[-66.17035,18.05142],[-66.1672,18.05173],[-66.16614,18.05006],[-66.15795,18.04896],[-66.15574,18.04342],[-66.14397,18.04136],[-66.14256,18.03821],[-66.14051,18.03768],[-66.13899,18.03692],[-66.13777,18.03778],[-66.13519,18.03734],[-66.13368,18.03857],[-66.12856,18.03917],[-66.12959,18.04313],[-66.12797,18.04576],[-66.12776,18.04843],[-66.12373,18.05446],[-66.12295,18.05694],[-66.12322,18.05993],[-66.12179,18.0609],[-66.12202,18.06192],[-66.1207,18.06173],[-66.11981,18.06275],[-66.12029,18.06385],[-66.12111,18.06354],[-66.12178,18.06772],[-66.12071,18.07017],[-66.12224,18.07092],[-66.12136,18.07282],[-66.12344,18.07437],[-66.12508,18.07436],[-66.12611,18.07634],[-66.12602,18.0778],[-66.12484,18.07731],[-66.12404,18.07808],[-66.12371,18.08111],[-66.12461,18.08269],[-66.12611,18.08249],[-66.12903,18.08864],[-66.12803,18.09264],[-66.12963,18.09329],[-66.12905,18.09458],[-66.12999,18.09596],[-66.1322,18.09584],[-66.13295,18.09426],[-66.13448,18.09342],[-66.13571,18.09425],[-66.13792,18.09345],[-66.14029,18.0944],[-66.141,18.09007],[-66.14227,18.08907],[-66.14131,18.08774],[-66.1385,18.08706],[-66.13783,18.08567],[-66.13829,18.08322],[-66.13991,18.08042],[-66.14282,18.07902],[-66.14437,18.07506],[-66.14547,18.0764],[-66.1489,18.07743],[-66.1512,18.07629],[-66.15484,18.07957],[-66.15471,18.08056],[-66.15734,18.08328],[-66.15646,18.08379],[-66.15752,18.08557],[-66.15412,18.08641],[-66.1522,18.08874],[-66.15171,18.09352],[-66.14988,18.09434],[-66.14896,18.09584],[-66.14901,18.09874],[-66.14696,18.10035],[-66.14748,18.10245],[-66.14632,18.10712],[-66.14706,18.10934],[-66.14802,18.10919],[-66.14849,18.11014],[-66.14711,18.1117],[-66.14615,18.11126],[-66.1451,18.1148],[-66.14574,18.11608],[-66.15485,18.10944],[-66.15888,18.10701],[-66.16545,18.10373],[-66.17022,18.10378],[-66.17405,18.1024]]]},"properties":{"TRACTCE":"260902","GEOID":"72035260902","NAME":"2609.02","NAMELSAD":"Census Tract 2609.02","COUNTYFP":"035"}},
{"type":"Feature","geometry":{"type":"Polygon","coordinates":[[[-66.14574,18.11608],[-66.1451,18.1148],[-66.14615,18.11126],[-66.14711,18.1117],[-66.14849,18.11014],[-66.14802,18.10919],[-66.14706,18.10934],[-66.14632,18.10712],[-66.14748,18.10245],[-66.14696,18.10035],[-66.14901,18.09874],[-66.14896,18.09584],[-66.14988,18.09434],[-66.15171,18.09352],[-66.1522,18.08874],[-66.15412,18.08641],[-66.15752,18.08557],[-66.15646,18.08379],[-66.15734,18.08328],[-66.15471,18.08056],[-66.15484,18.07957],[-66.1512,18.07629],[-66.1489,18.07743],[-66.14547,18.0764],[-66.14437,18.07506],[-66.14282,18.07902],[-66.13991,18.08042],[-66.13829,18.08322],[-66.13783,18.08567],[-66.1385,18.08706],[-66.14131,18.08774],[-66.14227,18.08907],[-66.141,18.09007],[-66.14029,18.0944],[-66.13792,18.09345],[-66.13571,18.09425],[-66.13448,18.09342],[-66.13295,18.09426],[-66.1322,18.09584],[-66.12999,18.09596],[-66.12905,18.09458],[-66.12963,18.09329],[-66.12803,18.09264],[-66.12805,18.09422],[-66.12619,18.09714],[-66.12213,18.09378],[-66.11631,18.0922],[-66.11271,18.09016],[-66.11246,18.09293],[-66.10902,18.09893],[-66.11063,18.09884],[-66.11073,18.1005],[-66.11422,18.10276],[-66.11434,18.10547],[-66.11299,18.10646],[-66.1136,18.10784],[-66.11714,18.10836],[-66.11744,18.1067],[-66.11874,18.10684],[-66.12069,18.11004],[-66.12015,18.11311],[-66.12384,18.11403],[-66.1223,18.11925],[-66.12404,18.12384],[-66.12599,18.12254],[-66.1278,18.12272],[-66.13087,18.12111],[-66.13179,18.12151],[-66.13193,18.12278],[-66.131,18.12302],[-66.12868,18.1268],[-66.12702,18.1277],[-66.1291,18.13251],[-66.13675,18.12408],[-66.13752,18.12325],[-66.14574,18.11608]]]},"properties":{"TRACTCE":"260901","GEOID":"72035260901","NAME":"2609.01","NAMELSAD":"Census Tract 2609.01","COUNTYFP":"035"}},
{"type":"Feature","geometry":{"type":"Polygon","coordinates":[[[-65.98838,18.18684],[-65.98902,18.18565],[-65.98863,18.18194],[-65.98585,18.17651],[-65.98491,18.17709],[-65.98162,18.1757],[-65.98166,18.1743],[-65.97985,18.17357],[-65.97994,18.17167],[-65.97721,18.17116],[-65.98294,18.17072],[-65.98256,18.16971],[-65.9856,18.16872],[-65.98566,18.16804],[-65.98432,18.16807],[-65.98499,18.16581],[-65.98716,18.16529],[-65.98844,18.16543],[-65.99156,18.16795],[-65.99153,18.16592],[-65.99375,18.16425],[-65.99366,18.16245],[-65.99146,18.15922],[-65.99678,18.15855],[-66.00117,18.1592],[-66.00946,18.15733],[-66.01305,18.15536],[-66.01528,18.153],[-66.01467,18.1545],[-66.01875,18.1501],[-66.02103,18.15014],[-66.0215,18.14861],[-66.01961,18.14551],[-66.01664,18.14623],[-66.01288,18.14757],[-66.01084,18.14923],[-66.00799,18.1461],[-65.99954,18.14566],[-65.99647,18.1473],[-65.98923,18.14916],[-65.98341,18.15548],[-65.98041,18.1549],[-65.97976,18.15791],[-65.97604,18.16047],[-65.97581,18.16406],[-65.97717,18.16862],[-65.9745,18.16988],[-65.97415,18.17361],[-65.96965,18.17347],[-65.96705,18.17095],[-65.96275,18.17422],[-65.96126,18.17563],[-65.96311,18.17858],[-65.96117,18.18358],[-65.9645,18.18257],[-65.9663,18.18332],[-65.9695,18.18493],[-65.97602,18.18319],[-65.97863,18.18452],[-65.98025,18.18747],[-65.98215,18.18702],[-65.9856,18.18772],[-65.98838,18.18684]]]},"properties":{"TRACTCE":"220502","GEOID":"72129220502","NAME":"2205.02","NAMELSAD":"Census Tract 2205.02","COUNTYFP":"129"}},
{"type":"Feature","geometry":{"type":"Polygon","coordinates":[[[-66.01683,18.17633],[-66.017,18.17264],[-66.01954,18.17092],[-66.0201,18.16769],[-66.02226,18.16604],[-66.01998,18.1587],[-66.02301,18.15354],[-66.0215,18.14861],[-66.02103,18.15014],[-66.01875,18.1501],[-66.01467,18.1545],[-66.01528,18.153],[-66.01305,18.15536],[-66.00946,18.15733],[-66.00117,18.1592],[-65.99678,18.15855],[-65.99146,18.15922],[-65.99366,18.16245],[-65.99375,18.16425],[-65.99153,18.16592],[-65.99156,18.16795],[-65.98844,18.16543],[-65.98716,18.16529],[-65.98499,18.16581],[-65.98432,18.16807],[-65.98566,18.16804],[-65.9856,18.16872],[-65.98256,18.16971],[-65.98294,18.17072],[-65.97721,18.17116],[-65.97994,18.17167],[-65.97985,18.17357],[-65.98166,18.1743],[-65.98162,18.1757],[-65.98491,18.17709],[-65.98585,18.17651],[-65.98863,18.18194],[-65.98902,18.18565],[-65.98838,18.18684],[-65.99066,18.18668],[-65.99301,18.18231],[-65.99508,18.18197],[-65.99721,18.18023],[-66.0011,18.18329],[-66.00294,18.18343],[-66.00385,18.1856],[-66.00586,18.18647],[-66.01132,18.18606],[-66.01195,18.18268],[-66.01336,18.18193],[-66.01198,18.17876],[-66.01259,18.17682],[-66.01683,18.17633]]]},"properties":{"TRACTCE":"220501","GEOID":"72129220501","NAME":"2205.01","NAMELSAD":"Census Tract 2205.01","COUNTYFP":"129"}},
{"type":"Feature","geometry":{"type":"Polygon","coordinates":[[[-67.14724,18.08413],[-67.14884,18.08197],[-67.14972,18.08196],[-67.14958,18.07806],[-67.14805,18.07735],[-67.14667,18.07288],[-67.14793,18.0702],[-67.14773,18.06849],[-67.14873,18.0676],[-67.14771,18.06452],[-67.1452,18.06314],[-67.1405,18.06656],[-67.13648,18.06608],[-67.13593,18.06706],[-67.13141,18.06909],[-67.1292,18.0683],[-67.12654,18.06856],[-67.12415,18.06719],[-67.12119,18.07069],[-67.12149,18.07199],[-67.11788,18.07498],[-67.11238,18.07124],[-67.10917,18.07034],[-67.10717,18.07181],[-67.10617,18.07096],[-67.10641,18.06932],[-67.10322,18.06829],[-67.10082,18.06915],[-67.09869,18.07154],[-67.10043,18.07238],[-67.10159,18.07451],[-67.10557,18.07386],[-67.10604,18.07449],[-67.1055,18.07575],[-67.10612,18.07969],[-67.1047,18.0817],[-67.10586,18.08401],[-67.10477,18.08539],[-67.10516,18.08866],[-67.10313,18.09204],[-67.10317,18.09297],[-67.10433,18.09331],[-67.10404,18.0988],[-67.10271,18.09956],[-67.10303,18.10431],[-67.09938,18.10574],[-67.10049,18.1064],[-67.10283,18.10509],[-67.10475,18.106],[-67.10563,18.1055],[-67.11601,18.11138],[-67.11951,18.11186],[-67.1288,18.10204],[-67.1297,18.09921],[-67.13425,18.09222],[-67.13461,18.08997],[-67.1358,18.08916],[-67.13529,18.08826],[-67.13391,18.08897],[-67.13223,18.08861],[-67.13057,18.08446],[-67.13415,18.08029],[-67.13826,18.07868],[-67.13868,18.07663],[-67.14321,18.07558],[-67.14455,18.08065],[-67.14555,18.08267],[-67.14667,18.08292],[-67.14625,18.08409],[-67.14724,18.08413]]]},"properties":{"TRACTCE":"830102","GEOID":"72023830102","NAME":"8301.02","NAMELSAD":"Census Tract 8301.02","COUNTYFP":"023"}},
{"type":"Feature","geometry":{"type":"Polygon","coordinates":[[[-67.15262,18.06607],[-67.15256,18.06332],[-67.14987,18.05673],[-67.14814,18.04845],[-67.14689,18.04459],[-67.1444,18.04283],[-67.14487,18.04184],[-67.14364,18.04088],[-67.14223,18.03653],[-67.13965,18.03523],[-67.13652,18.03485],[-67.13528,18.03609],[-67.127,18.03813],[-67.12449,18.03537],[-67.12038,18.0334],[-67.11703,18.03252],[-67.11551,18.03397],[-67.11332,18.03768],[-67.11092,18.0396],[-67.1123,18.04271],[-67.11366,18.04305],[-67.11413,18.04649],[-67.11063,18.0512],[-67.10904,18.05609],[-67.10765,18.05995],[-67.10632,18.06062],[-67.10709,18.06201],[-67.10459,18.06325],[-67.10295,18.06594],[-67.09912,18.06736],[-67.09869,18.07154],[-67.10082,18.06915],[-67.10322,18.06829],[-67.10641,18.06932],[-67.10617,18.07096],[-67.10717,18.07181],[-67.10917,18.07034],[-67.11238,18.07124],[-67.11788,18.07498],[-67.12149,18.07199],[-67.12119,18.07069],[-67.12415,18.06719],[-67.12654,18.06856],[-67.1292,18.0683],[-67.13141,18.06909],[-67.13593,18.06706],[-67.13648,18.06608],[-67.1405,18.06656],[-67.1452,18.06314],[-67.14771,18.06452],[-67.14873,18.0676],[-67.15262,18.06607]]]},"properties":{"TRACTCE":"830101","GEOID":"72023830101","NAME":"8301.01","NAMELSAD":"Census Tract 8301.01","COUNTYFP":"023"}},
{"type":"Feature","geometry":{"type":"Polygon","coordinates":[[[-66.01664,18.14623],[-66.01539,18.14348],[-66.00994,18.13901],[-66.00983,18.13598],[-66.00807,18.13479],[-66.00652,18.13543],[-66.00195,18.13428],[-65.99938,18.13194],[-65.99531,18.1303],[-65.99374,18.12781],[-65.9902,18.12734],[-65.98864,18.12606],[-65.98716,18.12149],[-65.98568,18.12221],[-65.98498,18.12429],[-65.98201,18.12332],[-65.98207,18.12594],[-65.9774,18.12569],[-65.97005,18.12344],[-65.96845,18.12377],[-65.96518,18.12023],[-65.96467,18.11742],[-65.96154,18.11675],[-65.96005,18.12259],[-65.95666,18.12484],[-65.95777,18.12573],[-65.96009,18.12569],[-65.96068,18.12772],[-65.96242,18.12805],[-65.9629,18.12992],[-65.9614,18.13087],[-65.96372,18.13276],[-65.96389,18.13394],[-65.96286,18.13355],[-65.96113,18.13659],[-65.96288,18.13749],[-65.96401,18.13988],[-65.96298,18.13969],[-65.96211,18.14178],[-65.96068,18.14218],[-65.96274,18.14413],[-65.96254,18.14558],[-65.95931,18.14712],[-65.95768,18.14934],[-65.9555,18.1538],[-65.95759,18.15431],[-65.95933,18.15863],[-65.96304,18.15936],[-65.96712,18.16234],[-65.96943,18.1624],[-65.96909,18.16568],[-65.96609,18.16634],[-65.96652,18.16933],[-65.9642,18.16938],[-65.96425,18.17143],[-65.96275,18.17422],[-65.96705,18.17095],[-65.96965,18.17347],[-65.97415,18.17361],[-65.9745,18.16988],[-65.97717,18.16862],[-65.97581,18.16406],[-65.97604,18.16047],[-65.97976,18.15791],[-65.98041,18.1549],[-65.98341,18.15548],[-65.98923,18.14916],[-65.99647,18.1473],[-65.99954,18.14566],[-66.00799,18.1461],[-66.01084,18.14923],[-66.01288,18.14757],[-66.01664,18.14623]]]},"properties":{"TRACTCE":"220600","GEOID":"72129220600","NAME":"2206","NAMELSAD":"Census Tract 2206","COUNTYFP":"129"}},
{"type":"Feature","geometry":{"type":"Polygon","coordinates":[[[-66.03113,18.39177],[-66.03072,18.38904],[-66.02672,18.38211],[-66.02733,18.38466],[-66.02582,18.38508],[-66.02683,18.38622],[-66.02629,18.38829],[-66.02415,18.38825],[-66.02494,18.39],[-66.02197,18.38998],[-66.02004,18.39234],[-66.01685,18.39303],[-66.01386,18.39261],[-66.01381,18.39326],[-66.01386,18.39698],[-66.01979,18.39682],[-66.02638,18.39596],[-66.02563,18.39342],[-66.02641,18.39231],[-66.03113,18.39177]]]},"properties":{"TRACTCE":"005500","GEOID":"72127005500","NAME":"55","NAMELSAD":"Census Tract 55","COUNTYFP":"127"}},
{"type":"Feature","geometry":{"type":"Polygon","coordinates":[[[-65.98439,18.35839],[-65.98477,18.35688],[-65.98603,18.35737],[-65.98562,18.35472],[-65.98878,18.34899],[-65.99141,18.34919],[-65.99501,18.35152],[-65.99579,18.34935],[-65.99686,18.34942],[-65.998,18.34828],[-65.99798,18.34597],[-65.99899,18.34573],[-65.99749,18.34194],[-65.99598,18.34039],[-65.98913,18.33782],[-65.98657,18.33608],[-65.98095,18.33669],[-65.97335,18.33369],[-65.97191,18.33216],[-65.9687,18.33141],[-65.96706,18.3299],[-65.96815,18.33286],[-65.96983,18.33409],[-65.96903,18.33736],[-65.96698,18.33976],[-65.96975,18.34043],[-65.96971,18.34341],[-65.97278,18.34416],[-65.97417,18.3484],[-65.97541,18.34931],[-65.97557,18.3527],[-65.98083,18.35368],[-65.98205,18.35849],[-65.98439,18.35839]]]},"properties":{"TRACTCE":"060403","GEOID":"72139060403","NAME":"604.03","NAMELSAD":"Census Tract 604.03","COUNTYFP":"139"}},
{"type":"Feature","geometry":{"type":"Polygon","coordinates":[[[-66.49552,18.42866],[-66.49661,18.42664],[-66.49206,18.4233],[-66.49023,18.42095],[-66.48867,18.42061],[-66.48808,18.42154],[-66.49012,18.42305],[-66.4896,18.42387],[-66.48781,18.42303],[-66.48577,18.42459],[-66.48734,18.42524],[-66.48777,18.42697],[-66.48476,18.42801],[-66.48494,18.43256],[-66.48783,18.43227],[-66.49344,18.42973],[-66.49552,18.42866]]]},"properties":{"TRACTCE":"570300","GEOID":"72091570300","NAME":"5703","NAMELSAD":"Census Tract 5703","COUNTYFP":"091"}},
{"type":"Feature","geometry":{"type":"Polygon","coordinates":[[[-66.48494,18.43256],[-66.48476,18.42801],[-66.48777,18.42697],[-66.48734,18.42524],[-66.48577,18.42459],[-66.47476,18.42438],[-66.47565,18.43284],[-66.47844,18.43221],[-66.48494,18.43256]]]},"properties":{"TRACTCE":"570400","GEOID":"72091570400","NAME":"5704","NAMELSAD":"Census Tract 5704","COUNTYFP":"091"}},
{"type":"Feature","geometry":{"type":"Polygon","coordinates":[[[-66.47565,18.43284],[-66.47476,18.42438],[-66.44042,18.42966],[-66.44018,18.43924],[-66.45001,18.43953],[-66.47565,18.43284]]]},"properties":{"TRACTCE":"570500","GEOID":"72091570500","NAME":"5705","NAMELSAD":"Census Tract 5705","COUNTYFP":"091"}},
{"type":"Feature","geometry":{"type":"Polygon","coordinates":[[[-66.49177,18.41346],[-66.49117,18.41122],[-66.48429,18.41693],[-66.4806,18.41819],[-66.47605,18.42166],[-66.47476,18.42438],[-66.48577,18.42459],[-66.48781,18.42303],[-66.4896,18.42387],[-66.49012,18.42305],[-66.48808,18.42154],[-66.48867,18.42061],[-66.49023,18.42095],[-66.49177,18.41346]]]},"properties":{"TRACTCE":"570600","GEOID":"72091570600","NAME":"5706","NAMELSAD":"Census Tract 5706","COUNTYFP":"091"}},
{"type":"Feature","geometry":{"type":"Polygon","coordinates":[[[-66.93354,18.41878],[-66.93487,18.41554],[-66.93659,18.41489],[-66.9396,18.41085],[-66.94423,18.40981],[-66.94588,18.40851],[-66.94608,18.40696],[-66.94771,18.40588],[-66.94813,18.40302],[-66.94721,18.40148],[-66.9426,18.39945],[-66.93505,18.40074],[-66.93103,18.39854],[-66.92584,18.39784],[-66.9232,18.3984],[-66.92188,18.39655],[-66.92202,18.3932],[-66.92344,18.38822],[-66.92296,18.3845],[-66.92168,18.38361],[-66.92039,18.37956],[-66.91439,18.37562],[-66.91223,18.37582],[-66.91001,18.37435],[-66.90787,18.37202],[-66.90501,18.3665],[-66.90144,18.36561],[-66.90044,18.3669],[-66.89893,18.36612],[-66.90104,18.38522],[-66.89929,18.39739],[-66.90137,18.41768],[-66.90112,18.43494],[-66.90094,18.45055],[-66.91122,18.45164],[-66.91558,18.45377],[-66.92037,18.45888],[-66.92258,18.45961],[-66.92468,18.45831],[-66.9268,18.4547],[-66.92825,18.45476],[-66.92915,18.45596],[-66.93431,18.45611],[-66.93256,18.44838],[-66.92944,18.44493],[-66.93011,18.43973],[-66.9294,18.4348],[-66.92549,18.42782],[-66.92525,18.42504],[-66.92589,18.42066],[-66.93354,18.41878]]]},"properties":{"TRACTCE":"330400","GEOID":"72115330400","NAME":"3304","NAMELSAD":"Census Tract 3304","COUNTYFP":"115"}},
{"type":"Feature","geometry":{"type":"Polygon","coordinates":[[[-66.96361,18.45832],[-66.96355,18.45542],[-66.96692,18.45567],[-66.96853,18.45484],[-66.96689,18.45002],[-66.96377,18.45026],[-66.96153,18.44666],[-66.95956,18.44675],[-66.95882,18.44525],[-66.9592,18.44199],[-66.95827,18.44045],[-66.95596,18.43992],[-66.95203,18.43731],[-66.94773,18.43771],[-66.94404,18.43019],[-66.94316,18.42345],[-66.93875,18.41919],[-66.93539,18.41832],[-66.93354,18.41878],[-66.92589,18.42066],[-66.92525,18.42504],[-66.92549,18.42782],[-66.9294,18.4348],[-66.93011,18.43973],[-66.92944,18.44493],[-66.93256,18.44838],[-66.93431,18.45611],[-66.93746,18.46626],[-66.93918,18.46628],[-66.93986,18.46526],[-66.94371,18.46529],[-66.94652,18.46686],[-66.9514,18.4653],[-66.9529,18.46682],[-66.9568,18.46814],[-66.95611,18.46981],[-66.95887,18.47145],[-66.95947,18.47334],[-66.96093,18.47229],[-66.96261,18.47344],[-66.96346,18.47302],[-66.96329,18.47197],[-66.96005,18.47048],[-66.96105,18.46707],[-66.95907,18.46551],[-66.96296,18.46124],[-66.96361,18.45832]]]},"properties":{"TRACTCE":"330300","GEOID":"72115330300","NAME":"3303","NAMELSAD":"Census Tract 3303","COUNTYFP":"115"}},
{"type":"Feature","geometry":{"type":"Polygon","coordinates":[[[-66.95669,18.49244],[-66.95675,18.49219],[-66.94825,18.4946],[-66.94349,18.49462],[-66.93115,18.49268],[-66.9183,18.48901],[-66.91445,18.48918],[-66.90152,18.48694],[-66.90157,18.4883],[-66.90209,18.53524],[-66.9081,18.5333],[-66.93767,18.54005],[-66.94594,18.54042],[-66.95669,18.49244]]]},"properties":{"TRACTCE":"990000","GEOID":"72115990000","NAME":"9900","NAMELSAD":"Census Tract 9900","COUNTYFP":"115"}},
{"type":"Feature","geometry":{"type":"Polygon","coordinates":[[[-66.95947,18.47334],[-66.95887,18.47145],[-66.95611,18.46981],[-66.9568,18.46814],[-66.9529,18.46682],[-66.9514,18.4653],[-66.94652,18.46686],[-66.94371,18.46529],[-66.93986,18.46526],[-66.93918,18.46628],[-66.93746,18.46626],[-66.93431,18.45611],[-66.92915,18.45596],[-66.92825,18.45476],[-66.9268,18.4547],[-66.92468,18.45831],[-66.92258,18.45961],[-66.93348,18.46975],[-66.93571,18.47584],[-66.94484,18.48797],[-66.94716,18.48894],[-66.95136,18.48875],[-66.95586,18.48456],[-66.95404,18.48325],[-66.95051,18.48305],[-66.95302,18.47957],[-66.95267,18.47672],[-66.95562,18.47671],[-66.95947,18.47334]]]},"properties":{"TRACTCE":"330200","GEOID":"72115330200","NAME":"3302","NAMELSAD":"Census Tract 3302","COUNTYFP":"115"}},
{"type":"Feature","geometry":{"type":"Polygon","coordinates":[[[-66.10783,18.38256],[-66.10869,18.37257],[-66.10319,18.37204],[-66.10086,18.37982],[-66.10258,18.37968],[-66.1063,18.38258],[-66.10783,18.38256]]]},"properties":{"TRACTCE":"040432","GEOID":"72061040432","NAME":"404.32","NAMELSAD":"Census Tract 404.32","COUNTYFP":"061"}},
{"type":"Feature","geometry":{"type":"Polygon","coordinates":[[[-66.11072,18.36656],[-66.11066,18.36527],[-66.10992,18.36548],[-66.10874,18.36409],[-66.10936,18.36414],[-66.10842,18.36195],[-66.10148,18.36269],[-66.10092,18.36413],[-66.09545,18.36662],[-66.09641,18.36786],[-66.09957,18.36647],[-66.10277,18.3678],[-66.10107,18.36851],[-66.09935,18.37069],[-66.10319,18.37204],[-66.10869,18.37257],[-66.10943,18.36708],[-66.11072,18.36656]]]},"properties":{"TRACTCE":"040442","GEOID":"72061040442","NAME":"404.42","NAMELSAD":"Census Tract 404.42","COUNTYFP":"061"}},
{"type":"Feature","geometry":{"type":"Polygon","coordinates":[[[-66.09799,18.41007],[-66.10289,18.40753],[-66.09858,18.40111],[-66.09672,18.40043],[-66.09497,18.40402],[-66.09498,18.40582],[-66.09799,18.41007]]]},"properties":{"TRACTCE":"040301","GEOID":"72061040301","NAME":"403.01","NAMELSAD":"Census Tract 403.01","COUNTYFP":"061"}},
{"type":"Feature","geometry":{"type":"Polygon","coordinates":[[[-66.40722,18.32111],[-66.40609,18.31814],[-66.40729,18.31494],[-66.40855,18.31483],[-66.40754,18.31339],[-66.40738,18.31052],[-66.40871,18.31062],[-66.4096,18.30587],[-66.41051,18.30562],[-66.40854,18.30466],[-66.40833,18.30293],[-66.40698,18.30268],[-66.40681,18.30179],[-66.40839,18.30114],[-66.40831,18.30033],[-66.41078,18.3006],[-66.40927,18.29918],[-66.40972,18.29806],[-66.40895,18.29591],[-66.4119,18.29306],[-66.40979,18.2925],[-66.40887,18.29088],[-66.40634,18.28936],[-66.40669,18.28771],[-66.40448,18.28635],[-66.40469,18.28465],[-66.40108,18.28464],[-66.39679,18.28019],[-66.3953,18.28011],[-66.39368,18.28549],[-66.39051,18.28895],[-66.39078,18.29054],[-66.38917,18.29237],[-66.38535,18.29441],[-66.38257,18.29488],[-66.38225,18.29648],[-66.37968,18.29652],[-66.37913,18.29446],[-66.37771,18.29398],[-66.37567,18.29756],[-66.3759,18.30005],[-66.37892,18.30337],[-66.38115,18.30437],[-66.38105,18.30576],[-66.38301,18.30644],[-66.38384,18.30517],[-66.38856,18.30802],[-66.38895,18.30935],[-66.38777,18.31036],[-66.39021,18.31294],[-66.39442,18.31254],[-66.39387,18.31037],[-66.39688,18.31199],[-66.39574,18.31493],[-66.3982,18.31902],[-66.3983,18.32094],[-66.39996,18.32194],[-66.40462,18.32009],[-66.40722,18.32111]]]},"properties":{"TRACTCE":"955402","GEOID":"72101955402","NAME":"9554.02","NAMELSAD":"Census Tract 9554.02","COUNTYFP":"101"}},
{"type":"Feature","geometry":{"type":"Polygon","coordinates":[[[-65.96275,18.17422],[-65.96425,18.17143],[-65.9642,18.16938],[-65.96652,18.16933],[-65.96609,18.16634],[-65.96909,18.16568],[-65.96943,18.1624],[-65.96712,18.16234],[-65.96304,18.15936],[-65.95933,18.15863],[-65.95759,18.15431],[-65.9555,18.1538],[-65.95768,18.14934],[-65.95655,18.14543],[-65.95749,18.14202],[-65.95485,18.14084],[-65.95389,18.1384],[-65.95072,18.1373],[-65.94836,18.13522],[-65.94327,18.13387],[-65.94281,18.13223],[-65.93915,18.13001],[-65.93592,18.12932],[-65.93475,18.13012],[-65.92989,18.12986],[-65.92888,18.12759],[-65.92648,18.12663],[-65.92673,18.12408],[-65.92573,18.12673],[-65.92634,18.12767],[-65.92521,18.12881],[-65.9258,18.13004],[-65.92491,18.13339],[-65.92537,18.13462],[-65.92445,18.13567],[-65.92119,18.13595],[-65.92054,18.13716],[-65.92207,18.13916],[-65.92396,18.13985],[-65.92648,18.13915],[-65.92834,18.14285],[-65.92894,18.1434],[-65.9279,18.14507],[-65.9285,18.15391],[-65.93211,18.1621],[-65.93149,18.16382],[-65.93068,18.16334],[-65.92984,18.16411],[-65.93907,18.1721],[-65.94679,18.17538],[-65.95282,18.176],[-65.95406,18.18098],[-65.95702,18.17934],[-65.95578,18.1807],[-65.95882,18.18698],[-65.95852,18.19052],[-65.96117,18.18358],[-65.96311,18.17858],[-65.96126,18.17563],[-65.96275,18.17422]]]},"properties":{"TRACTCE":"220401","GEOID":"72129220401","NAME":"2204.01","NAMELSAD":"Census Tract 2204.01","COUNTYFP":"129"}},
{"type":"Feature","geometry":{"type":"Polygon","coordinates":[[[-65.96335,18.19786],[-65.96681,18.19747],[-65.97606,18.20193],[-65.97685,18.2011],[-65.97688,18.20008],[-65.97229,18.19761],[-65.97424,18.19341],[-65.96896,18.18544],[-65.9695,18.18493],[-65.9663,18.18332],[-65.96352,18.18556],[-65.96499,18.18622],[-65.9653,18.18952],[-65.96639,18.19051],[-65.96505,18.19149],[-65.9668,18.19263],[-65.96335,18.19786]]]},"properties":{"TRACTCE":"220200","GEOID":"72129220200","NAME":"2202","NAMELSAD":"Census Tract 2202","COUNTYFP":"129"}},
{"type":"Feature","geometry":{"type":"Polygon","coordinates":[[[-65.95927,18.19181],[-65.95852,18.19052],[-65.95882,18.18698],[-65.95578,18.1807],[-65.95702,18.17934],[-65.95406,18.18098],[-65.95282,18.176],[-65.94679,18.17538],[-65.93907,18.1721],[-65.92984,18.16411],[-65.93137,18.16957],[-65.93058,18.17318],[-65.93107,18.17789],[-65.92734,18.17731],[-65.92796,18.17989],[-65.9272,18.18205],[-65.92941,18.18463],[-65.92796,18.18859],[-65.92833,18.19096],[-65.92998,18.19294],[-65.9294,18.19743],[-65.93363,18.19624],[-65.93784,18.20087],[-65.9396,18.20279],[-65.94138,18.20229],[-65.94191,18.20466],[-65.94711,18.20905],[-65.94807,18.20573],[-65.94999,18.20373],[-65.95239,18.20312],[-65.95458,18.19994],[-65.95632,18.19909],[-65.95803,18.19559],[-65.95911,18.19502],[-65.95927,18.19181]]]},"properties":{"TRACTCE":"220402","GEOID":"72129220402","NAME":"2204.02","NAMELSAD":"Census Tract 2204.02","COUNTYFP":"129"}},
{"type":"Feature","geometry":{"type":"Polygon","coordinates":[[[-66.01961,18.14551],[-66.02515,18.13881],[-66.02385,18.13644],[-66.02457,18.13528],[-66.0259,18.13393],[-66.03205,18.13166],[-66.03283,18.12509],[-66.0351,18.12194],[-66.03553,18.11932],[-66.03849,18.11707],[-66.03999,18.11691],[-66.04288,18.11406],[-66.0444,18.115],[-66.05,18.11526],[-66.05255,18.11307],[-66.05116,18.11109],[-66.05179,18.10988],[-66.04204,18.10384],[-66.03848,18.10409],[-66.0375,18.10309],[-66.03337,18.10248],[-66.03282,18.10173],[-66.02804,18.10145],[-66.02317,18.10335],[-66.01923,18.10244],[-66.0192,18.10103],[-66.01578,18.09705],[-66.01285,18.09642],[-66.01272,18.09446],[-66.01366,18.09284],[-66.01638,18.09174],[-66.01678,18.08761],[-66.01805,18.08714],[-66.01944,18.08372],[-66.01817,18.08146],[-66.014,18.07864],[-66.01397,18.07696],[-66.01024,18.07557],[-66.00871,18.07631],[-66.00496,18.07597],[-66.00301,18.07907],[-65.99842,18.08325],[-65.99858,18.08406],[-65.99542,18.08484],[-65.99369,18.08966],[-65.99078,18.09013],[-65.98903,18.08893],[-65.98597,18.08981],[-65.98471,18.0885],[-65.98254,18.08997],[-65.98091,18.09352],[-65.97948,18.09296],[-65.97859,18.09483],[-65.97598,18.09431],[-65.97581,18.09286],[-65.97345,18.09093],[-65.97077,18.09109],[-65.97013,18.08988],[-65.96617,18.08926],[-65.96454,18.08711],[-65.96338,18.08777],[-65.96205,18.0865],[-65.96044,18.08878],[-65.95853,18.08916],[-65.95575,18.09177],[-65.95414,18.09169],[-65.95263,18.09296],[-65.95018,18.09304],[-65.94314,18.08932],[-65.94102,18.08942],[-65.93962,18.09176],[-65.9362,18.0921],[-65.9361,18.09395],[-65.93317,18.09339],[-65.93374,18.09537],[-65.92993,18.09769],[-65.93188,18.10074],[-65.93023,18.10071],[-65.92845,18.10202],[-65.9282,18.10527],[-65.92533,18.10548],[-65.92428,18.10676],[-65.92431,18.10811],[-65.92646,18.10901],[-65.92579,18.11195],[-65.92717,18.11622],[-65.92589,18.11784],[-65.92623,18.11996],[-65.92747,18.12201],[-65.92673,18.12408],[-65.92648,18.12663],[-65.92888,18.12759],[-65.92989,18.12986],[-65.93475,18.13012],[-65.93592,18.12932],[-65.93915,18.13001],[-65.94281,18.13223],[-65.94327,18.13387],[-65.94836,18.13522],[-65.95072,18.1373],[-65.95389,18.1384],[-65.95485,18.14084],[-65.95749,18.14202],[-65.95655,18.14543],[-65.95768,18.14934],[-65.95931,18.14712],[-65.96254,18.14558],[-65.96274,18.14413],[-65.96068,18.14218],[-65.96211,18.14178],[-65.96298,18.13969],[-65.96401,18.13988],[-65.96288,18.13749],[-65.96113,18.13659],[-65.96286,18.13355],[-65.96389,18.13394],[-65.96372,18.13276],[-65.9614,18.13087],[-65.9629,18.12992],[-65.96242,18.12805],[-65.96068,18.12772],[-65.96009,18.12569],[-65.95777,18.12573],[-65.95666,18.12484],[-65.96005,18.12259],[-65.96154,18.11675],[-65.96467,18.11742],[-65.96518,18.12023],[-65.96845,18.12377],[-65.97005,18.12344],[-65.9774,18.12569],[-65.98207,18.12594],[-65.98201,18.12332],[-65.98498,18.12429],[-65.98568,18.12221],[-65.98716,18.12149],[-65.98864,18.12606],[-65.9902,18.12734],[-65.99374,18.12781],[-65.99531,18.1303],[-65.99938,18.13194],[-66.00195,18.13428],[-66.00652,18.13543],[-66.00807,18.13479],[-66.00983,18.13598],[-66.00994,18.13901],[-66.01539,18.14348],[-66.01664,18.14623],[-66.01961,18.14551]]]},"properties":{"TRACTCE":"220700","GEOID":"72129220700","NAME":"2207","NAMELSAD":"Census Tract 2207","COUNTYFP":"129"}},
{"type":"Feature","geometry":{"type":"Polygon","coordinates":[[[-65.93792,17.99204],[-65.93149,17.9892],[-65.92904,17.98907],[-65.92615,17.986],[-65.92226,17.98606],[-65.92049,17.98507],[-65.91775,17.98578],[-65.91576,17.9847],[-65.9124,17.97827],[-65.90927,17.98028],[-65.90693,17.97751],[-65.89384,17.98563],[-65.89619,17.99011],[-65.90221,17.99707],[-65.9034,18.00097],[-65.90212,18.00244],[-65.90483,18.00446],[-65.90148,18.00826],[-65.9029,18.00973],[-65.89682,18.01046],[-65.89376,18.01414],[-65.89302,18.01378],[-65.89519,18.01047],[-65.89452,18.00483],[-65.89488,18.00374],[-65.89723,18.00438],[-65.89728,18.00334],[-65.89579,18.00143],[-65.89178,18.00136],[-65.89191,17.99936],[-65.89472,17.99714],[-65.89293,17.99262],[-65.8902,17.99355],[-65.88956,17.99323],[-65.8901,17.99224],[-65.8885,17.99205],[-65.88885,17.99062],[-65.8874,17.98931],[-65.88828,17.98505],[-65.88556,17.98349],[-65.88164,17.98481],[-65.88075,17.98759],[-65.87579,17.99273],[-65.87034,18.00226],[-65.86642,18.00297],[-65.86057,18.00183],[-65.85676,18.00198],[-65.85081,18.00575],[-65.84827,18.00838],[-65.85127,18.01262],[-65.85729,18.01695],[-65.85712,18.01877],[-65.85869,18.0211],[-65.86205,18.02187],[-65.86469,18.02574],[-65.86764,18.02605],[-65.87099,18.02505],[-65.87885,18.02066],[-65.88066,18.0207],[-65.88156,18.0211],[-65.88232,18.02418],[-65.88817,18.03015],[-65.89513,18.0322],[-65.89738,18.03403],[-65.8985,18.03387],[-65.89977,18.03213],[-65.90221,18.03401],[-65.90471,18.03411],[-65.9075,18.03592],[-65.91071,18.03481],[-65.91225,18.03308],[-65.91465,18.03425],[-65.91744,18.03427],[-65.91746,18.0319],[-65.91561,18.02766],[-65.91827,18.024],[-65.91742,18.02287],[-65.92287,18.02122],[-65.92414,18.01951],[-65.92436,18.01512],[-65.92685,18.009],[-65.92595,18.00854],[-65.92974,18.00213],[-65.93457,17.9981],[-65.93466,17.99632],[-65.93792,17.99204]]]},"properties":{"TRACTCE":"951400","GEOID":"72095951400","NAME":"9514","NAMELSAD":"Census Tract 9514","COUNTYFP":"095"}},
{"type":"Feature","geometry":{"type":"Polygon","coordinates":[[[-65.96335,18.19786],[-65.9668,18.19263],[-65.96505,18.19149],[-65.96639,18.19051],[-65.9653,18.18952],[-65.96499,18.18622],[-65.96352,18.18556],[-65.9663,18.18332],[-65.9645,18.18257],[-65.96117,18.18358],[-65.95852,18.19052],[-65.95927,18.19181],[-65.96053,18.19241],[-65.96216,18.19197],[-65.96453,18.1938],[-65.96192,18.19646],[-65.96241,18.19775],[-65.96335,18.19786]]]},"properties":{"TRACTCE":"220300","GEOID":"72129220300","NAME":"2203","NAMELSAD":"Census Tract 2203","COUNTYFP":"129"}},
{"type":"Feature","geometry":{"type":"Polygon","coordinates":[[[-66.00385,18.1856],[-66.00294,18.18343],[-66.0011,18.18329],[-65.99721,18.18023],[-65.99508,18.18197],[-65.99301,18.18231],[-65.99066,18.18668],[-65.98838,18.18684],[-65.9856,18.18772],[-65.98215,18.18702],[-65.98025,18.18747],[-65.97863,18.18452],[-65.97602,18.18319],[-65.9695,18.18493],[-65.96896,18.18544],[-65.97424,18.19341],[-65.97229,18.19761],[-65.97688,18.20008],[-65.97685,18.2011],[-65.97606,18.20193],[-65.96681,18.19747],[-65.96335,18.19786],[-65.96241,18.19775],[-65.96192,18.19646],[-65.96453,18.1938],[-65.96216,18.19197],[-65.96053,18.19241],[-65.95927,18.19181],[-65.95911,18.19502],[-65.95803,18.19559],[-65.95632,18.19909],[-65.95458,18.19994],[-65.95239,18.20312],[-65.94999,18.20373],[-65.94807,18.20573],[-65.94711,18.20905],[-65.94794,18.21307],[-65.94953,18.21348],[-65.95174,18.21592],[-65.95087,18.21874],[-65.95163,18.22054],[-65.9508,18.22215],[-65.95109,18.22527],[-65.94895,18.22726],[-65.95102,18.22929],[-65.95604,18.22849],[-65.96128,18.22938],[-65.96513,18.22943],[-65.96667,18.22866],[-65.97183,18.2291],[-65.98042,18.22607],[-65.98128,18.22316],[-65.98061,18.22232],[-65.98195,18.22057],[-65.98337,18.22133],[-65.98444,18.22026],[-65.98693,18.22072],[-65.98976,18.21962],[-65.99189,18.21179],[-65.99357,18.21052],[-65.99403,18.20841],[-65.99765,18.20699],[-66.0005,18.20199],[-66.00024,18.19765],[-65.99815,18.19531],[-65.99897,18.19376],[-65.99826,18.19244],[-65.99939,18.18876],[-66.00136,18.18865],[-66.00385,18.1856]]]},"properties":{"TRACTCE":"220100","GEOID":"72129220100","NAME":"2201","NAMELSAD":"Census Tract 2201","COUNTYFP":"129"}},
{"type":"Feature","geometry":{"type":"Polygon","coordinates":[[[-66.09816,18.22085],[-66.09728,18.21781],[-66.09897,18.21531],[-66.10114,18.20888],[-66.09839,18.20698],[-66.09249,18.20568],[-66.08981,18.20353],[-66.08659,18.20331],[-66.08402,18.2017],[-66.07871,18.20246],[-66.07815,18.20288],[-66.07914,18.20327],[-66.07919,18.20421],[-66.08034,18.2036],[-66.08097,18.20435],[-66.08044,18.20759],[-66.08557,18.20886],[-66.08279,18.21083],[-66.07831,18.21121],[-66.07691,18.21236],[-66.07537,18.21196],[-66.07419,18.21527],[-66.07274,18.21612],[-66.07181,18.21547],[-66.07103,18.21634],[-66.0687,18.21583],[-66.06858,18.21689],[-66.0675,18.21603],[-66.06642,18.21716],[-66.06554,18.21693],[-66.06431,18.22176],[-66.06209,18.2237],[-66.06277,18.22484],[-66.06076,18.22788],[-66.06123,18.23005],[-66.0653,18.22927],[-66.06829,18.22642],[-66.06885,18.22425],[-66.07057,18.22364],[-66.07579,18.22489],[-66.08405,18.22868],[-66.08631,18.22648],[-66.08866,18.22635],[-66.09042,18.22741],[-66.0927,18.22671],[-66.09372,18.22488],[-66.09589,18.22416],[-66.0969,18.22157],[-66.09816,18.22085]]]},"properties":{"TRACTCE":"202403","GEOID":"72025202403","NAME":"2024.03","NAMELSAD":"Census Tract 2024.03","COUNTYFP":"025"}},
{"type":"Feature","geometry":{"type":"Polygon","coordinates":[[[-66.09816,18.22085],[-66.10267,18.21684],[-66.10941,18.21361],[-66.11704,18.21146],[-66.11777,18.20995],[-66.10937,18.20093],[-66.10684,18.19494],[-66.10172,18.18306],[-66.09969,18.18345],[-66.09833,18.18571],[-66.09575,18.18539],[-66.09606,18.18671],[-66.09482,18.18878],[-66.09189,18.18959],[-66.0904,18.1922],[-66.08878,18.19187],[-66.08801,18.19402],[-66.08534,18.19331],[-66.0852,18.19424],[-66.08265,18.19518],[-66.08166,18.19431],[-66.07535,18.19372],[-66.07668,18.20268],[-66.07871,18.20246],[-66.08402,18.2017],[-66.08659,18.20331],[-66.08981,18.20353],[-66.09249,18.20568],[-66.09839,18.20698],[-66.10114,18.20888],[-66.09897,18.21531],[-66.09728,18.21781],[-66.09816,18.22085]]]},"properties":{"TRACTCE":"202404","GEOID":"72025202404","NAME":"2024.04","NAMELSAD":"Census Tract 2024.04","COUNTYFP":"025"}},
{"type":"Feature","geometry":{"type":"Polygon","coordinates":[[[-66.62007,18.01813],[-66.62059,18.02071],[-66.61955,18.0215],[-66.62101,18.02316],[-66.62271,18.02309],[-66.62579,18.02476],[-66.62623,18.02198],[-66.62388,18.02026],[-66.62341,18.0188],[-66.62458,18.01749],[-66.62798,18.01842],[-66.62763,18.01685],[-66.6309,18.01795],[-66.63214,18.01579],[-66.63235,18.0128],[-66.63173,18.01378],[-66.6263,18.01416],[-66.62284,18.01524],[-66.62297,18.01614],[-66.62164,18.01637],[-66.62145,18.01846],[-66.62007,18.01813]]]},"properties":{"TRACTCE":"070900","GEOID":"72113070900","NAME":"709","NAMELSAD":"Census Tract 709","COUNTYFP":"113"}},
{"type":"Feature","geometry":{"type":"Polygon","coordinates":[[[-66.62078,18.0102],[-66.62067,18.00703],[-66.61431,18.00682],[-66.61432,18.00591],[-66.61278,18.00544],[-66.61142,18.01049],[-66.60859,18.01043],[-66.60855,18.01178],[-66.60757,18.01254],[-66.60699,18.01727],[-66.61526,18.01557],[-66.61638,18.01535],[-66.61619,18.01453],[-66.62061,18.01366],[-66.62078,18.0102]]]},"properties":{"TRACTCE":"071200","GEOID":"72113071200","NAME":"712","NAMELSAD":"Census Tract 712","COUNTYFP":"113"}},
{"type":"Feature","geometry":{"type":"Polygon","coordinates":[[[-66.06006,18.3436],[-66.0583,18.33999],[-66.05859,18.33842],[-66.05966,18.33853],[-66.05825,18.33465],[-66.05926,18.33333],[-66.05758,18.33199],[-66.05843,18.33112],[-66.05824,18.32351],[-66.05919,18.3222],[-66.0609,18.32238],[-66.05937,18.32057],[-66.05961,18.31827],[-66.06111,18.31783],[-66.0607,18.3161],[-66.05897,18.31456],[-66.05153,18.31638],[-66.05072,18.31471],[-66.04484,18.31149],[-66.04153,18.31234],[-66.0407,18.31267],[-66.04096,18.31555],[-66.03729,18.31752],[-66.0355,18.31984],[-66.03645,18.32326],[-66.03536,18.3259],[-66.03596,18.32791],[-66.03494,18.33347],[-66.03685,18.33161],[-66.04045,18.33032],[-66.04151,18.32885],[-66.04401,18.32825],[-66.04328,18.3273],[-66.04411,18.32681],[-66.0452,18.32647],[-66.04822,18.32827],[-66.04691,18.3332],[-66.04547,18.33512],[-66.04933,18.33663],[-66.05136,18.34127],[-66.0487,18.34406],[-66.04883,18.3473],[-66.04583,18.34845],[-66.04815,18.35078],[-66.04812,18.35447],[-66.04962,18.3551],[-66.05118,18.35605],[-66.05381,18.35574],[-66.05646,18.35357],[-66.05604,18.35139],[-66.0537,18.34888],[-66.05425,18.34516],[-66.05682,18.34361],[-66.05743,18.34429],[-66.06006,18.3436]]]},"properties":{"TRACTCE":"010045","GEOID":"72127010045","NAME":"100.45","NAMELSAD":"Census Tract 100.45","COUNTYFP":"127"}},
{"type":"Feature","geometry":{"type":"Polygon","coordinates":[[[-66.04962,18.3551],[-66.04812,18.35447],[-66.04815,18.35078],[-66.04583,18.34845],[-66.04883,18.3473],[-66.0487,18.34406],[-66.05136,18.34127],[-66.04933,18.33663],[-66.04547,18.33512],[-66.04691,18.3332],[-66.04822,18.32827],[-66.0452,18.32647],[-66.04411,18.32681],[-66.04328,18.3273],[-66.04401,18.32825],[-66.04151,18.32885],[-66.04045,18.33032],[-66.03685,18.33161],[-66.03494,18.33347],[-66.03368,18.33589],[-66.03553,18.34437],[-66.03676,18.34546],[-66.03642,18.34824],[-66.03469,18.3514],[-66.03453,18.35393],[-66.0325,18.3557],[-66.03449,18.35684],[-66.03473,18.35871],[-66.04136,18.35664],[-66.04026,18.35472],[-66.04328,18.35246],[-66.04362,18.354],[-66.04569,18.35591],[-66.04962,18.3551]]]},"properties":{"TRACTCE":"010046","GEOID":"72127010046","NAME":"100.46","NAMELSAD":"Census Tract 100.46","COUNTYFP":"127"}},
{"type":"Feature","geometry":{"type":"Polygon","coordinates":[[[-66.21579,18.38439],[-66.21606,18.38317],[-66.21879,18.38406],[-66.22083,18.38203],[-66.22181,18.37994],[-66.22167,18.37586],[-66.22444,18.37093],[-66.22452,18.36652],[-66.21708,18.36791],[-66.21518,18.3716],[-66.21219,18.37282],[-66.20852,18.373],[-66.20665,18.37488],[-66.20813,18.37627],[-66.20847,18.38037],[-66.21257,18.38363],[-66.21579,18.38439]]]},"properties":{"TRACTCE":"510102","GEOID":"72135510102","NAME":"5101.02","NAMELSAD":"Census Tract 5101.02","COUNTYFP":"135"}},
{"type":"Feature","geometry":{"type":"Polygon","coordinates":[[[-66.21422,18.36189],[-66.20954,18.35935],[-66.20909,18.35646],[-66.20708,18.35543],[-66.20521,18.35257],[-66.20009,18.35277],[-66.19892,18.35363],[-66.1997,18.35471],[-66.19729,18.3602],[-66.19812,18.36635],[-66.20058,18.36628],[-66.2046,18.3681],[-66.2053,18.36703],[-66.20655,18.36691],[-66.20736,18.36565],[-66.20702,18.36232],[-66.20501,18.36181],[-66.20752,18.36006],[-66.20838,18.36377],[-66.21422,18.36189]]]},"properties":{"TRACTCE":"510505","GEOID":"72135510505","NAME":"5105.05","NAMELSAD":"Census Tract 5105.05","COUNTYFP":"135"}},
{"type":"Feature","geometry":{"type":"MultiPolygon","coordinates":[[[[-66.24751,18.37672],[-66.24681,18.37516],[-66.24498,18.37628],[-66.24751,18.37672]]],[[[-66.26961,18.35412],[-66.26917,18.34916],[-66.26657,18.34943],[-66.26618,18.35029],[-66.26484,18.34784],[-66.26169,18.34521],[-66.25876,18.34433],[-66.2573,18.34247],[-66.2587,18.34112],[-66.25722,18.33815],[-66.25698,18.33425],[-66.26255,18.33412],[-66.26349,18.32975],[-66.26167,18.3311],[-66.25947,18.33088],[-66.25851,18.33191],[-66.2537,18.33016],[-66.2518,18.32765],[-66.24884,18.32583],[-66.24694,18.32797],[-66.24589,18.33128],[-66.24262,18.33073],[-66.24064,18.33323],[-66.2378,18.33297],[-66.23454,18.33605],[-66.23193,18.33697],[-66.23073,18.33873],[-66.23114,18.34024],[-66.23234,18.34188],[-66.2355,18.34214],[-66.23769,18.34426],[-66.24247,18.34482],[-66.24418,18.34777],[-66.23992,18.3496],[-66.2308,18.34795],[-66.22977,18.35017],[-66.22824,18.35119],[-66.22467,18.35391],[-66.22586,18.35884],[-66.23115,18.36262],[-66.23106,18.36324],[-66.22858,18.36337],[-66.23064,18.36347],[-66.2297,18.36416],[-66.23059,18.36488],[-66.2315,18.36899],[-66.23564,18.37257],[-66.23864,18.37326],[-66.24301,18.37281],[-66.24406,18.37213],[-66.24249,18.372],[-66.2453,18.37116],[-66.24904,18.37015],[-66.25356,18.37199],[-66.25411,18.36972],[-66.25253,18.36695],[-66.25422,18.36566],[-66.25458,18.36344],[-66.2567,18.36075],[-66.25706,18.35688],[-66.25941,18.35625],[-66.26009,18.3552],[-66.26142,18.35677],[-66.26413,18.35522],[-66.26453,18.35598],[-66.26767,18.3565],[-66.26931,18.35573],[-66.26961,18.35412]]]]},"properties":{"TRACTCE":"510602","GEOID":"72135510602","NAME":"5106.02","NAMELSAD":"Census Tract 5106.02","COUNTYFP":"135"}},
{"type":"Feature","geometry":{"type":"Polygon","coordinates":[[[-66.28764,18.35152],[-66.28632,18.3458],[-66.28479,18.34572],[-66.27808,18.32998],[-66.27524,18.33109],[-66.27107,18.32855],[-66.26666,18.33012],[-66.26349,18.32975],[-66.26255,18.33412],[-66.25698,18.33425],[-66.25722,18.33815],[-66.2587,18.34112],[-66.2573,18.34247],[-66.25876,18.34433],[-66.26169,18.34521],[-66.26484,18.34784],[-66.26618,18.35029],[-66.26657,18.34943],[-66.26917,18.34916],[-66.26961,18.35412],[-66.27363,18.35384],[-66.27432,18.35553],[-66.27355,18.35658],[-66.27607,18.35895],[-66.27658,18.36099],[-66.27514,18.36203],[-66.27299,18.36164],[-66.27023,18.36526],[-66.26707,18.36672],[-66.27185,18.36527],[-66.27377,18.36255],[-66.2762,18.36428],[-66.27743,18.36166],[-66.27962,18.36075],[-66.28424,18.3534],[-66.28764,18.35152]]]},"properties":{"TRACTCE":"510702","GEOID":"72135510702","NAME":"5107.02","NAMELSAD":"Census Tract 5107.02","COUNTYFP":"135"}},
{"type":"Feature","geometry":{"type":"Polygon","coordinates":[[[-66.31412,18.38088],[-66.31781,18.37275],[-66.31907,18.37184],[-66.31878,18.36739],[-66.31257,18.36445],[-66.3079,18.36475],[-66.30693,18.3682],[-66.30522,18.37005],[-66.30348,18.36625],[-66.29409,18.35888],[-66.28764,18.35152],[-66.28424,18.3534],[-66.27962,18.36075],[-66.27743,18.36166],[-66.2762,18.36428],[-66.27377,18.36255],[-66.27185,18.36527],[-66.26707,18.36672],[-66.26769,18.37134],[-66.27055,18.37427],[-66.26969,18.3753],[-66.27023,18.37736],[-66.26924,18.37958],[-66.27234,18.38008],[-66.27315,18.38099],[-66.27309,18.38234],[-66.2716,18.38374],[-66.27318,18.38477],[-66.27609,18.38434],[-66.27707,18.38553],[-66.28249,18.38307],[-66.28644,18.38318],[-66.28712,18.38511],[-66.28824,18.38564],[-66.29389,18.38441],[-66.29836,18.38472],[-66.30145,18.38347],[-66.30366,18.38408],[-66.3066,18.38427],[-66.30718,18.38311],[-66.31154,18.38081],[-66.31412,18.38088]]]},"properties":{"TRACTCE":"510701","GEOID":"72135510701","NAME":"5107.01","NAMELSAD":"Census Tract 5107.01","COUNTYFP":"135"}},
{"type":"Feature","geometry":{"type":"Polygon","coordinates":[[[-65.8409,18.09426],[-65.84016,18.09317],[-65.8407,18.09149],[-65.83974,18.09072],[-65.83799,18.09008],[-65.83627,18.09114],[-65.83048,18.0891],[-65.83,18.08584],[-65.82844,18.08414],[-65.82271,18.08383],[-65.82157,18.0815],[-65.81846,18.08062],[-65.81816,18.08265],[-65.81421,18.08178],[-65.81398,18.08089],[-65.81182,18.08325],[-65.81081,18.08359],[-65.80968,18.08266],[-65.80883,18.08321],[-65.80585,18.08706],[-65.81211,18.08876],[-65.81222,18.09069],[-65.81454,18.0909],[-65.81564,18.09551],[-65.81431,18.10039],[-65.81492,18.10265],[-65.8115,18.10536],[-65.80978,18.10525],[-65.81006,18.10766],[-65.81176,18.10738],[-65.81471,18.10865],[-65.81697,18.10798],[-65.81934,18.11052],[-65.82218,18.11181],[-65.82108,18.10835],[-65.82592,18.1022],[-65.82816,18.10039],[-65.83617,18.09782],[-65.8409,18.09426]]]},"properties":{"TRACTCE":"180904","GEOID":"72069180904","NAME":"1809.04","NAMELSAD":"Census Tract 1809.04","COUNTYFP":"069"}},
{"type":"Feature","geometry":{"type":"Polygon","coordinates":[[[-65.80978,18.10525],[-65.8115,18.10536],[-65.81492,18.10265],[-65.81431,18.10039],[-65.81564,18.09551],[-65.81454,18.0909],[-65.81222,18.09069],[-65.81211,18.08876],[-65.80585,18.08706],[-65.80883,18.08321],[-65.80968,18.08266],[-65.81081,18.08359],[-65.81182,18.08325],[-65.81398,18.08089],[-65.80863,18.07137],[-65.80449,18.0707],[-65.80283,18.07119],[-65.79946,18.06931],[-65.79398,18.0699],[-65.7926,18.07655],[-65.79343,18.08332],[-65.79156,18.08641],[-65.78506,18.08831],[-65.78402,18.09022],[-65.7856,18.09618],[-65.79019,18.09876],[-65.80082,18.10275],[-65.80599,18.10307],[-65.80978,18.10525]]]},"properties":{"TRACTCE":"180903","GEOID":"72069180903","NAME":"1809.03","NAMELSAD":"Census Tract 1809.03","COUNTYFP":"069"}},
{"type":"Feature","geometry":{"type":"Polygon","coordinates":[[[-65.66211,18.20417],[-65.66176,18.20213],[-65.65984,18.19108],[-65.65473,18.13334],[-65.61805,18.15418],[-65.56927,18.17139],[-65.55567,18.18241],[-65.55464,18.18477],[-65.54903,18.1977],[-65.54402,18.20521],[-65.54173,18.21037],[-65.53384,18.21836],[-65.52035,18.21999],[-65.51197,18.22303],[-65.49961,18.22446],[-65.49961,18.22216],[-65.48938,18.2253],[-65.47443,18.2334],[-65.46537,18.24368],[-65.46005,18.25418],[-65.45704,18.26814],[-65.45656,18.27516],[-65.45772,18.28319],[-65.46154,18.2933],[-65.43775,18.29034],[-65.42377,18.29138],[-65.42271,18.29073],[-65.42443,18.39088],[-65.44494,18.39385],[-65.456,18.39441],[-65.46398,18.39348],[-65.46913,18.39641],[-65.4996,18.36991],[-65.51563,18.35133],[-65.51958,18.34675],[-65.53177,18.34098],[-65.6246,18.28775],[-65.63149,18.28479],[-65.6246,18.28448],[-65.6219,18.28278],[-65.62021,18.27944],[-65.62164,18.27444],[-65.6246,18.27228],[-65.62626,18.26946],[-65.6264,18.26454],[-65.6246,18.25974],[-65.61665,18.26043],[-65.6083,18.26452],[-65.60375,18.26492],[-65.59662,18.26417],[-65.58229,18.25861],[-65.57556,18.25287],[-65.57374,18.24801],[-65.5742,18.24614],[-65.57636,18.24435],[-65.58111,18.24355],[-65.58932,18.24504],[-65.59604,18.24479],[-65.59824,18.24565],[-65.60026,18.24356],[-65.60018,18.24007],[-65.58738,18.2285],[-65.59025,18.22582],[-65.59209,18.22249],[-65.59452,18.22226],[-65.59805,18.21485],[-65.59638,18.21178],[-65.59689,18.20908],[-65.59812,18.20845],[-65.6082,18.20807],[-65.61281,18.20925],[-65.61491,18.21177],[-65.61617,18.21809],[-65.62084,18.22103],[-65.6238,18.22787],[-65.62671,18.22999],[-65.62972,18.23035],[-65.63404,18.22769],[-65.63399,18.22563],[-65.63135,18.22313],[-65.62871,18.212],[-65.62434,18.20649],[-65.62961,18.19927],[-65.63398,18.19736],[-65.64337,18.19621],[-65.65281,18.19871],[-65.66211,18.20417]]]},"properties":{"TRACTCE":"990000","GEOID":"72037990000","NAME":"9900","NAMELSAD":"Census Tract 9900","COUNTYFP":"037"}},
{"type":"Feature","geometry":{"type":"Polygon","coordinates":[[[-65.8172,18.1576],[-65.81936,18.1545],[-65.81719,18.15278],[-65.81515,18.1493],[-65.81535,18.14734],[-65.8173,18.14888],[-65.81759,18.14767],[-65.81496,18.14281],[-65.80443,18.13555],[-65.77385,18.11529],[-65.77162,18.11376],[-65.77028,18.11394],[-65.76963,18.11527],[-65.76987,18.11637],[-65.77448,18.11863],[-65.77604,18.12098],[-65.77415,18.12645],[-65.76279,18.14386],[-65.76863,18.14644],[-65.76933,18.14852],[-65.77138,18.14873],[-65.77129,18.15091],[-65.776,18.15014],[-65.77923,18.15119],[-65.78022,18.15075],[-65.78251,18.14839],[-65.7893,18.14883],[-65.80396,18.14387],[-65.80065,18.15284],[-65.80381,18.15533],[-65.80664,18.15439],[-65.81018,18.15704],[-65.81175,18.15507],[-65.8172,18.1576]]]},"properties":{"TRACTCE":"180500","GEOID":"72069180500","NAME":"1805","NAMELSAD":"Census Tract 1805","COUNTYFP":"069"}},
{"type":"Feature","geometry":{"type":"Polygon","coordinates":[[[-65.83755,18.15663],[-65.83683,18.15109],[-65.83337,18.15123],[-65.83299,18.14842],[-65.82946,18.14976],[-65.82867,18.14729],[-65.82617,18.14469],[-65.81496,18.14281],[-65.81759,18.14767],[-65.8173,18.14888],[-65.81535,18.14734],[-65.81515,18.1493],[-65.81719,18.15278],[-65.81936,18.1545],[-65.82931,18.15793],[-65.83755,18.15663]]]},"properties":{"TRACTCE":"180600","GEOID":"72069180600","NAME":"1806","NAMELSAD":"Census Tract 1806","COUNTYFP":"069"}},
{"type":"Feature","geometry":{"type":"Polygon","coordinates":[[[-67.01984,18.19547],[-67.01739,18.1899],[-67.01549,18.18727],[-67.01523,18.19056],[-67.01388,18.19216],[-67.01174,18.19053],[-67.0062,18.1895],[-67.00437,18.1899],[-67.00279,18.18679],[-67.00338,18.18403],[-67.00269,18.18256],[-67.00008,18.18151],[-66.99867,18.18201],[-66.99676,18.18144],[-66.9956,18.17938],[-66.99305,18.1792],[-66.98744,18.18473],[-66.98476,18.18614],[-66.98467,18.18452],[-66.98247,18.18189],[-66.9807,18.18138],[-66.98061,18.18017],[-66.97907,18.17887],[-66.97787,18.17964],[-66.97825,18.17921],[-66.97723,18.17891],[-66.97738,18.18006],[-66.97506,18.18118],[-66.97516,18.18199],[-66.97484,18.18112],[-66.97395,18.18212],[-66.97202,18.18164],[-66.97069,18.18302],[-66.96559,18.18386],[-66.96501,18.18469],[-66.96395,18.18373],[-66.96413,18.18253],[-66.96565,18.18218],[-66.96426,18.18106],[-66.96632,18.17982],[-66.96053,18.17964],[-66.95992,18.18221],[-66.95801,18.1826],[-66.95586,18.18661],[-66.95884,18.18753],[-66.95911,18.18992],[-66.96009,18.19097],[-66.96171,18.18924],[-66.96266,18.18975],[-66.96412,18.19283],[-66.96323,18.19817],[-66.96462,18.20077],[-66.96831,18.20195],[-66.96661,18.20327],[-66.96699,18.20666],[-66.96877,18.20685],[-66.97108,18.20447],[-66.97212,18.20524],[-66.97379,18.20494],[-66.97422,18.2062],[-66.97519,18.20576],[-66.97747,18.20777],[-66.97911,18.20766],[-66.98062,18.20631],[-66.98667,18.20493],[-66.98899,18.20545],[-66.99122,18.19999],[-66.99613,18.19742],[-67.00066,18.1976],[-67.00266,18.1959],[-67.0038,18.1935],[-67.01984,18.19547]]]},"properties":{"TRACTCE":"960200","GEOID":"72093960200","NAME":"9602","NAMELSAD":"Census Tract 9602","COUNTYFP":"093"}},
{"type":"Feature","geometry":{"type":"Polygon","coordinates":[[[-67.01739,18.1899],[-67.01821,18.1879],[-67.02,18.18661],[-67.02312,18.18605],[-67.02379,18.18466],[-67.02742,18.18568],[-67.03147,18.18488],[-67.03466,18.18546],[-67.03665,18.18295],[-67.03401,18.18282],[-67.03388,18.18091],[-67.03826,18.18061],[-67.03904,18.18132],[-67.04182,18.18057],[-67.04082,18.17802],[-67.04538,18.1763],[-67.04879,18.17747],[-67.04995,18.17642],[-67.05114,18.17752],[-67.05146,18.17405],[-67.04934,18.17368],[-67.04829,18.17194],[-67.04708,18.17255],[-67.04747,18.1711],[-67.04516,18.17046],[-67.04391,18.16917],[-67.04249,18.16966],[-67.04073,18.16851],[-67.03007,18.1675],[-67.02414,18.16556],[-67.02021,18.16577],[-67.01803,18.16521],[-67.01384,18.16587],[-67.01256,18.1626],[-67.00981,18.16078],[-67.00947,18.15871],[-67.00703,18.15901],[-67.00496,18.15736],[-66.99962,18.15727],[-66.99631,18.15627],[-66.99453,18.15477],[-66.9929,18.15078],[-66.99081,18.15077],[-66.98901,18.14845],[-66.98784,18.14961],[-66.98581,18.14938],[-66.98147,18.14653],[-66.97997,18.1445],[-66.97786,18.1438],[-66.97187,18.14154],[-66.96558,18.14578],[-66.96399,18.14829],[-66.96042,18.14591],[-66.95364,18.14662],[-66.95209,18.14611],[-66.94684,18.14816],[-66.94547,18.14775],[-66.9434,18.14901],[-66.93906,18.14786],[-66.93731,18.14864],[-66.93523,18.14825],[-66.93412,18.15032],[-66.93005,18.14894],[-66.92746,18.15143],[-66.92652,18.15127],[-66.92143,18.1525],[-66.91942,18.15402],[-66.91542,18.15424],[-66.91246,18.15149],[-66.91037,18.15115],[-66.90971,18.14951],[-66.90747,18.14937],[-66.90336,18.14621],[-66.89521,18.14861],[-66.89144,18.14785],[-66.89014,18.14905],[-66.8905,18.15116],[-66.88837,18.15332],[-66.88488,18.15151],[-66.88272,18.14895],[-66.87853,18.14694],[-66.87529,18.14239],[-66.87269,18.14167],[-66.8708,18.1398],[-66.8698,18.13995],[-66.87011,18.13872],[-66.86572,18.1389],[-66.86412,18.13819],[-66.86347,18.13885],[-66.85851,18.13798],[-66.85678,18.13859],[-66.85012,18.16289],[-66.84489,18.16206],[-66.84385,18.1611],[-66.84288,18.16423],[-66.84098,18.16462],[-66.84065,18.16575],[-66.83827,18.16724],[-66.83676,18.17055],[-66.84666,18.17147],[-66.85076,18.17036],[-66.85422,18.17183],[-66.85574,18.17147],[-66.85641,18.17237],[-66.8577,18.17185],[-66.85881,18.17359],[-66.86267,18.17336],[-66.86251,18.17535],[-66.86083,18.17485],[-66.86028,18.17561],[-66.86257,18.17831],[-66.8626,18.18141],[-66.86446,18.18194],[-66.86272,18.18408],[-66.86382,18.18445],[-66.86399,18.18675],[-66.86561,18.18566],[-66.86767,18.18731],[-66.89796,18.18774],[-66.94586,18.19937],[-66.94562,18.20094],[-66.94657,18.2016],[-66.95087,18.2016],[-66.95306,18.20004],[-66.95698,18.20033],[-66.95834,18.19968],[-66.95901,18.20196],[-66.95829,18.20446],[-66.96699,18.20666],[-66.96661,18.20327],[-66.96831,18.20195],[-66.96462,18.20077],[-66.96323,18.19817],[-66.96412,18.19283],[-66.96266,18.18975],[-66.96171,18.18924],[-66.96009,18.19097],[-66.95911,18.18992],[-66.95884,18.18753],[-66.95586,18.18661],[-66.95801,18.1826],[-66.95992,18.18221],[-66.96053,18.17964],[-66.96632,18.17982],[-66.96426,18.18106],[-66.96565,18.18218],[-66.96413,18.18253],[-66.96395,18.18373],[-66.96501,18.18469],[-66.96559,18.18386],[-66.97069,18.18302],[-66.97202,18.18164],[-66.97395,18.18212],[-66.97484,18.18112],[-66.97516,18.18199],[-66.97506,18.18118],[-66.97738,18.18006],[-66.97723,18.17891],[-66.97825,18.17921],[-66.97787,18.17964],[-66.97907,18.17887],[-66.98061,18.18017],[-66.9807,18.18138],[-66.98247,18.18189],[-66.98467,18.18452],[-66.98476,18.18614],[-66.98744,18.18473],[-66.99305,18.1792],[-66.9956,18.17938],[-66.99676,18.18144],[-66.99867,18.18201],[-67.00008,18.18151],[-67.00269,18.18256],[-67.00338,18.18403],[-67.00279,18.18679],[-67.00437,18.1899],[-67.0062,18.1895],[-67.01174,18.19053],[-67.01388,18.19216],[-67.01523,18.19056],[-67.01549,18.18727],[-67.01739,18.1899]]]},"properties":{"TRACTCE":"960100","GEOID":"72093960100","NAME":"9601","NAMELSAD":"Census Tract 9601","COUNTYFP":"093"}}
]}